DrugID,DrugDBID,Name,Modality,MechanismOfAction,MaxTrialPhase,IsApproved,HasBeenWithdrawn,SMILES,MolecularWeight
D00001,ncit:C174782,CAVOSONSTAT,,inhibitor,,False,,,
D00002,iuphar.ligand:12944,NOX-6-18,,inhibitor,,False,,,
D00003,iuphar.ligand:5567,9-HYDROXYOCTADECADIENOIC ACID,,agonist,,False,,,
D00004,iuphar.ligand:11337,ONC212,,agonist,,False,,,
D00005,chembl:CHEMBL1738699,N6022,,inhibitor,,False,,,
D00006,ncit:C72626,NITREFAZOLE,,inhibitor,,True,,,
D00007,iuphar.ligand:12945,NOX-6-7,,agonist,,False,,,
D00008,ncit:C521,THERAPEUTIC GLUCOCORTICOID,,,,False,,,
D00009,iuphar.ligand:808,CCL20,,agonist,,False,,,
D00010,iuphar.ligand:12207,ACT-660602,,inhibitor,,False,,,
D00011,iuphar.ligand:769,CCL11,,inhibitor,,False,,,
D00012,rxcui:3264,DEXAMETHASONE,Anti-Inflammatory Agents,,,True,,,
D00013,iuphar.ligand:837,CXCL9,,agonist,,False,,,
D00014,iuphar.ligand:841,DURAMYCIN,,inhibitor,,False,,,
D00015,iuphar.ligand:759,CCL7,,inhibitor,,False,,,
D00016,iuphar.ligand:4358,CXCL12&ALPHA;,,agonist,,False,,,
D00017,iuphar.ligand:843,KALLSTROEMIN D,,inhibitor,,False,,,
D00018,iuphar.ligand:12584,ACT-777991,,inhibitor,,False,,,
D00019,iuphar.ligand:3660,[125I]CXCL10 (HUMAN),,agonist,,False,,,
D00020,iuphar.ligand:839,NBI-74330,,inhibitor,,False,,,
D00021,iuphar.ligand:840,DIOSCIN,,inhibitor,,False,,,
D00022,iuphar.ligand:3661,[125I]CXCL11 (HUMAN),,agonist,,False,,,
D00023,iuphar.ligand:13071,AMG487,,inhibitor,,False,,,
D00024,iuphar.ligand:770,CCL13,,agonist,,False,,,
D00025,iuphar.ligand:836,CXCL11,,agonist,,False,,,
D00026,iuphar.ligand:842,HYPOGLAUCIN A,,inhibitor,,False,,,
D00027,iuphar.ligand:758,CCL5,,agonist,,False,,,
D00028,iuphar.ligand:835,CXCL10,,agonist,,False,,,
D00029,iuphar.ligand:810,CCL19,,agonist,,False,,,
D00030,rxcui:203123,ENALAPRIL MALEATE,Small Molecule,,,True,,,
D00031,ncit:C1742,ANGIOGENESIS INHIBITOR,,,,False,,,
D00032,rxcui:60245,IMIDAPRIL,,,,True,,,
D00033,ncit:C1890,ADENOVIRUS VECTOR,,,,False,,,
D00034,rxcui:18867,BENAZEPRIL,Antihypertensive Agents,,,True,,,
D00035,rxcui:2409,CHLORTHALIDONE,small molecule,,,True,,,
D00036,rxcui:3008,CYCLOSPORINE,Small molecule,,,True,,,
D00037,rxcui:103468,HYDROCORTISONE BUTYRATE,,,,True,,,
D00038,rxcui:6782,MESTRANOL,"Contraceptives, Oral",,,True,,,
D00039,drugbank:DB05739,CYT006-ANGQB,vaccine,,,False,,,
D00040,rxcui:35208,QUINAPRIL,Small Molecule,,,True,,,
D00041,rxcui:5487,HYDROCHLOROTHIAZIDE,Antihypertensive Agents,,,True,,,
D00042,chembl:CHEMBL4297887,GSK-2586881,,cleavage,,False,,,
D00043,rxcui:1546022,LISINOPRIL ANHYDROUS,Small Molecule,,,True,,,
D00044,wikidata:Q47520887,ADRIAMYCIN,,,,False,,,
D00045,rxcui:104416,AMLODIPINE BESYLATE,Small Molecule,,,True,,,
D00046,rxcui:21102,CILAZAPRIL,Antihypertensive Agents,,,True,,,
D00047,rxcui:1191,ASPIRIN,"Anti-Inflammatory Agents, Non-Steroidal",,,True,,,
D00048,ncit:C275,ANTIOXIDANT,,,,False,,,
D00049,ncit:C571,ANTISERUM,,,,False,,,
D00050,rxcui:197,ACETYLCYSTEINE,,,,True,,,
D00051,rxcui:426,ALANINE,,agonist,,True,,,
D00052,rxcui:2464823,MODIFIED VACCINIA ANKARA-BAVARIAN NORDIC,vaccine,,,True,,,
D00053,rxcui:2567,CITRULLINE,,agonist,,True,,,
D00054,rxcui:314709,"ORNITHINE, (L)-ISOMER",,agonist,,True,,,
D00055,rxcui:997261,SIPULEUCEL-T,,binder,,True,,,
D00056,rxcui:6536,LYSINE,,agonist,,True,,,
D00057,rxcui:9671,SERINE,,agonist,,True,,,
D00058,rxcui:1091,ARGININE,,agonist,,True,,,
D00059,rxcui:4919,GLYCINE,,agonist,,True,,,
D00060,rxcui:4885,GLUTAMINE,,agonist,,True,,,
D00061,iuphar.ligand:9763,CONTELTINIB,,inhibitor,,False,,,
D00062,iuphar.ligand:9381,PF-562271,FAK Inhibitor,inhibitor,,False,,,
D00063,iuphar.ligand:9382,NVP-TAE 226,,inhibitor,,False,,,
D00064,iuphar.ligand:5923,ALOISINE,,inhibitor,,False,,,
D00065,iuphar.ligand:2885,25-HYDROXYCHOLESTEROL,,agonist,,False,,,
D00066,iuphar.ligand:13053,GSK682753A,,agonist,,False,,,
D00067,iuphar.ligand:4354,"7&BETA;, 27-DIHYDROXYCHOLESTEROL",,agonist,,False,,,
D00068,iuphar.ligand:13050,COMPOUND 32 [PMID: 38047891],,inhibitor,,False,,,
D00069,iuphar.ligand:2752,27-HYDROXYCHOLESTEROL,,agonist,,False,,,
D00070,iuphar.ligand:4352,7&BETA;-HYDROXYCHOLESTEROL,,agonist,,False,,,
D00071,iuphar.ligand:4353,"7&ALPHA;,27-DIHYDROXYCHOLESTEROL",,agonist,,False,,,
D00072,iuphar.ligand:13051,NIBR51,,agonist,,False,,,
D00073,iuphar.ligand:4355,"7&BETA;, 25-DIHYDROXYCHOLESTEROL",,agonist,,False,,,
D00074,iuphar.ligand:13052,NIBR189,,inhibitor,,False,,,
D00075,iuphar.ligand:4351,7&ALPHA;-HYDROXYCHOLESTEROL,,agonist,,False,,,
D00076,iuphar.ligand:4350,"7&ALPHA;,25-DIHYDROXYCHOLESTEROL",,agonist,,False,,,
D00077,rxcui:31765,NICOTINE POLACRILEX,Central Nervous System Stimulants,,,True,,,
D00078,ncit:C211,THERAPEUTIC CORTICOSTEROID,,,,False,,,
D00079,rxcui:4179,ETOPOSIDE,small molecule,,,True,,,
D00080,rxcui:227239,MASOPROCOL,Small molecule,,,True,,,
D00081,rxcui:4511,FOLIC ACID,,,,True,,,
D00082,rxcui:89959,PHOSPHATIDYLSERINE,,agonist,,False,,,
D00083,rxcui:6851,METHOTREXATE,Small molecule,,,True,,,
D00084,chembl:CHEMBL2108669,YTTRIUM Y 90 TACATUZUMAB TETRAXETAN,,binder,,False,,,
D00085,rxcui:6964,MIFEPRISTONE,Small Molecule,,,True,,,
D00086,ncit:C241,ANALGESIC AGENT,,,,False,,,
D00087,rxcui:142433,DOXORUBICIN HYDROCHLORIDE,Small Molecule,,,True,,,
D00088,rxcui:105694,EPOETIN ALFA,protein,,,True,,,
D00089,rxcui:34120,POLYESTRADIOL PHOSPHATE,,,,True,,,
D00090,rxcui:5781,INDOMETHACIN,Small Molecule,,,True,,,
D00091,ncit:C9506,TEGAFUR-URACIL,,,,False,,,
D00092,rxcui:1622,BLEOMYCIN,Small Molecule,,,True,,,
D00093,rxcui:3100,DACTINOMYCIN,,,,True,,,
D00094,rxcui:1251,AZACITIDINE,Antineoplastic Agents,,,True,,,
D00095,ncit:C77178,BACILLUS CALMETTE-GUERIN ANTIGEN,,,,False,,,
D00096,rxcui:1310594,POLYETHYLENE GLYCOL 4000,,,,True,,,
D00097,rxcui:9500,RUTIN,,,,True,,,
D00098,ncit:C645,METHYLNITROSOUREA,,,,False,,,
D00099,drugbank:DB05512,MM-093,,,,False,,,
D00100,rxcui:11202,VINCRISTINE,Antineoplastic Agents,,,True,,,
D00101,ncit:C318,BROXURIDINE,,,,False,,,
D00102,rxcui:53654,NEVIRAPINE,,,,True,,,
D00103,rxcui:221100,FENOFIBRATE MICRONIZED,Antilipemic Agents,,,True,,,
D00104,rxcui:253182,"INSULIN, REGULAR, HUMAN",protein,,,True,,,
D00105,rxcui:9997,SPIRONOLACTONE,Antihypertensive Agents,,,True,,,
D00106,rxcui:141366,NARATRIPTAN,Small Molecule,agonist,,True,,,
D00107,iuphar.ligand:69,"GR 125,743",,inhibitor,,False,,,
D00108,rxcui:1827,BUSPIRONE,small molecule,agonist,,True,,,
D00109,rxcui:37418,SUMATRIPTAN,Anti-migraine Agents,agonist,,True,,,
D00110,rxcui:231049,ELETRIPTAN,Small Molecule,agonist,,True,,,
D00111,rxcui:35636,RISPERIDONE,Antipsychotic Agents,inhibitor,,True,,,
D00112,iuphar.ligand:77,SB 714786,,inhibitor,,False,,,
D00113,iuphar.ligand:19,LY293284,,agonist,,False,,,
D00114,rxcui:73178,ILOPERIDONE,Small molecule,inhibitor,,True,,,
D00115,rxcui:228783,FROVATRIPTAN,Small Molecule,agonist,,True,,,
D00116,iuphar.ligand:68,P-MPPI,,inhibitor,,False,,,
D00117,ncit:C152944,ZALOSPIRONE,,agonist,,False,,,
D00118,iuphar.ligand:79,WAY-100135,,inhibitor,,False,,,
D00119,ncit:C152139,RACLOPRIDE,,inhibitor,,False,,,
D00120,iuphar.ligand:21,LY344864,,agonist,,False,,,
D00121,rxcui:82084,PROPRANOLOL HYDROCHLORIDE,Anti-Arrhythmia Agents,inhibitor,,True,,,
D00122,iuphar.ligand:18,"LY 165,163",,agonist,,False,,,
D00123,ncit:C76441,OCAPERIDONE,,agonist,,False,,,
D00124,iuphar.ligand:3218,(R)-UH 301,,agonist,,False,,,
D00125,rxcui:41996,SERTINDOLE,small molecule,inhibitor,,True,,,
D00126,iuphar.ligand:82,[3H]ROBALZOTAN,,inhibitor,,False,,,
D00127,ncit:C74108,SPIROXATRINE,,agonist,,False,,,
D00128,iuphar.ligand:24,S-14506,,agonist,,False,,,
D00129,iuphar.ligand:23,RU 24969,,agonist,,False,,,
D00130,iuphar.ligand:81,[3H]P-MPPF,,inhibitor,,False,,,
D00131,rxcui:1439834,VORTIOXETINE HYDROBROMIDE,small molecule,agonist,,True,,,
D00132,ncit:C95217,RITANSERIN,,inhibitor,,False,,,
D00133,iuphar.ligand:62,(+)-BUTACLAMOL,,inhibitor,,False,,,
D00134,iuphar.ligand:71,MPDT,,inhibitor,,False,,,
D00135,ncit:C74391,IPSAPIRONE,,agonist,,False,,,
D00136,rxcui:115698,ZIPRASIDONE,Antipsychotic Agents,agonist,,True,,,
D00137,ncit:C166815,METITEPINE,,inhibitor,,False,,,
D00138,rxcui:1043,APOMORPHINE,Antiparkinson Agents,agonist,,True,,,
D00139,iuphar.ligand:26,S-15535,,agonist,,False,,,
D00140,rxcui:8047,PERGOLIDE,small molecule,agonist,,True,,,
D00141,ncit:C76104,LYSERGIDE,,agonist,,False,,,
D00142,iuphar.ligand:65,(R)-FLUROCARAZOLOL,,inhibitor,,False,,,
D00143,rxcui:237082,RIZATRIPTAN BENZOATE,Anti-migraine Agents,agonist,,True,,,
D00144,rxcui:1665509,FLIBANSERIN,Small molecule,agonist,,True,,,
D00145,iuphar.ligand:11,CP 93129,,agonist,,False,,,
D00146,iuphar.ligand:66,(S)-FLUROCARAZOLOL,,inhibitor,,False,,,
D00147,rxcui:40003,ZOTEPINE,,inhibitor,,False,,,
D00148,iuphar.ligand:64,(-)-TERTATOLOL,,inhibitor,,False,,,
D00149,rxcui:6446,LISURIDE,small molecule,agonist,,False,,,
D00150,iuphar.ligand:6,7-METHOXY-1-NAPHTHYLPIPERAZINE,,agonist,,False,,,
D00151,rxcui:1760,BROMOCRIPTINE,Small Molecule,agonist,,True,,,
D00152,rxcui:1673265,ARIPIPRAZOLE LAUROXIL,Small Molecule,agonist,,True,,,
D00153,rxcui:1086768,VILAZODONE HYDROCHLORIDE,small molecule,agonist,,True,,,
D00154,ncit:C80760,FLESINOXAN,,agonist,,False,,,
D00155,iuphar.ligand:73,NAN 190,,inhibitor,,False,,,
D00156,iuphar.ligand:75,SB 272183,,inhibitor,,False,,,
D00157,rxcui:221153,QUETIAPINE FUMARATE,Antipsychotic Agents,agonist,,True,,,
D00158,ncit:C74143,ROBALZOTAN,,inhibitor,,False,,,
D00159,rxcui:6779,MESORIDAZINE,small molecule,inhibitor,,True,,,
D00160,rxcui:784649,ASENAPINE,Small molecule,agonist,,True,,,
D00161,iuphar.ligand:4,5-CT,,agonist,,False,,,
D00162,iuphar.ligand:3251,[3H]WAY100635,,inhibitor,,False,,,
D00163,ncit:C66558,SPIPERONE,,inhibitor,,False,,,
D00164,iuphar.ligand:8,BMY-14802,,agonist,,False,,,
D00165,rxcui:33739,PIPAMPERONE,,inhibitor,,False,,,
D00166,iuphar.ligand:3925,[3H]NLX-112,,agonist,,False,,,
D00167,rxcui:2694828,XANOMELINE,,agonist,,True,,,
D00168,iuphar.ligand:15,"L-694,247",,agonist,,False,,,
D00169,iuphar.ligand:14,GR 127935,,agonist,,False,,,
D00170,iuphar.ligand:16,"L-772,405",,agonist,,False,,,
D00171,iuphar.ligand:44,NAFADOTRIDE,,agonist,,False,,,
D00172,rxcui:47579,CABERGOLINE,small molecule,agonist,,True,,,
D00173,iuphar.ligand:13,FG-5893,,agonist,,False,,,
D00174,iuphar.ligand:70,"GR 218,231",,inhibitor,,False,,,
D00175,iuphar.ligand:10,BRL-15572,,agonist,,False,,,
D00176,iuphar.ligand:104,RS-30199,,modulator,,False,,,
D00177,iuphar.ligand:74,REC 15/3079,,inhibitor,,False,,,
D00178,iuphar.ligand:9,BMY-7378,,agonist,,False,,,
D00179,ncit:C90625,ROXINDOLE,,agonist,,False,,,
D00180,rxcui:8373,PIZOTYLINE,,inhibitor,,False,,,
D00181,rxcui:8332,PINDOLOL,Antihypertensive Agents,inhibitor,,True,,,
D00182,iuphar.ligand:31,[3H]8-OH-DPAT,,agonist,,False,,,
D00183,rxcui:61381,OLANZAPINE,Antipsychotic Agents,agonist,,True,,,
D00184,rxcui:2626,CLOZAPINE,Antipsychotic Agents,agonist,,True,,,
D00185,ncit:C169993,FLUPAROXAN,,agonist,,False,,,
D00186,iuphar.ligand:167,S 16924,,agonist,,False,,,
D00187,rxcui:135775,ZOLMITRIPTAN,Anti-migraine Agents,agonist,,True,,,
D00188,iuphar.ligand:8435,LP-44,,agonist,,False,,,
D00189,ncit:C65466,DONITRIPTAN,,agonist,,False,,,
D00190,iuphar.ligand:3,1-NAPHTHYLPIPERAZINE,,agonist,,False,,,
D00191,iuphar.ligand:8436,LP-211,,agonist,,False,,,
D00192,iuphar.ligand:25,S-14671,,agonist,,False,,,
D00193,ncit:C74388,REPINOTAN,,inhibitor,,False,,,
D00194,iuphar.ligand:67,9-OH-RISPERIDONE,,inhibitor,,False,,,
D00195,iuphar.ligand:3252,[11C]WAY100635,,inhibitor,,False,,,
D00196,rxcui:10502,THIORIDAZINE,small molecule,inhibitor,,True,,,
D00197,ncit:C73303,TIOSPIRONE,,inhibitor,,False,,,
D00198,ncit:C152567,TERGURIDE,small molecule,agonist,,False,,,
D00199,iuphar.ligand:3227,P-[18F]MPPF,,inhibitor,,False,,,
D00200,rxcui:8331,PIMOZIDE,small molecule,inhibitor,,True,,,
D00201,ncit:C152128,QUINPIROLE,,agonist,,False,,,
D00202,rxcui:21877,CYAMEMAZINE,,inhibitor,,False,,,
D00203,rxcui:4507,FLUSPIRILENE,Antipsychotic Agents,inhibitor,,True,,,
D00204,iuphar.ligand:8434,LP-12,,agonist,,False,,,
D00205,rxcui:8353,PIRIBEDIL,,agonist,,False,,,
D00206,iuphar.ligand:30,U92016A,,agonist,,False,,,
D00207,iuphar.ligand:76,SB 649915,,inhibitor,,False,,,
D00208,rxcui:2403,CHLORPROMAZINE,,inhibitor,,True,,,
D00209,iuphar.ligand:78,SDZ-216525,,inhibitor,,False,,,
D00210,iuphar.ligand:12,EMDT,,agonist,,False,,,
D00211,iuphar.ligand:151,[3H]LY334370,,agonist,,False,,,
D00212,ncit:C87208,TANDOSPIRONE,,agonist,,False,,,
D00213,ncit:C77256,CAPESEROD,,agonist,,False,,,
D00214,iuphar.ligand:5,5-HYDROXYTRYPTAMINE,,agonist,,False,,,
D00215,iuphar.ligand:3924,NLX-101,,agonist,,False,,,
D00216,iuphar.ligand:10454,ULOTARONT,,agonist,,False,,,
D00217,iuphar.ligand:28,SB 216641,,agonist,,False,,,
D00218,rxcui:6131,KETANSERIN,,inhibitor,,False,,,
D00219,rxcui:220982,YOHIMBINE,small molecule,inhibitor,,True,,,
D00220,rxcui:26420,HALOPERIDOL DECANOATE,Antipsychotic Agents,inhibitor,,True,,,
D00221,iuphar.ligand:61,(S)-UH 301,,inhibitor,,False,,,
D00222,iuphar.ligand:375,CGS 21680,,agonist,,False,,,
D00223,iuphar.ligand:456,ALLOXAZINE,,inhibitor,,False,,,
D00224,iuphar.ligand:5601,MRS3558,,agonist,,False,,,
D00225,drugbank:DB08770,"4-{2-[(7-AMINO-2-FURAN-2-YL[1,2,4]TRIAZOLO[1,5-A][1,3,5]TRIAZIN-5-YL)AMINO]ETHYL}PHENOL",,inhibitor,,False,,,
D00226,iuphar.ligand:446,I-ABOPX,,inhibitor,,False,,,
D00227,rxcui:296,ADENOSINE,,agonist,,True,,,
D00228,iuphar.ligand:390,MRE 2029F20,,inhibitor,,False,,,
D00229,iuphar.ligand:383,AS99,,inhibitor,,False,,,
D00230,iuphar.ligand:441,AS95,,inhibitor,,False,,,
D00231,iuphar.ligand:450,OSIP339391,,inhibitor,,False,,,
D00232,iuphar.ligand:439,AS74,,inhibitor,,False,,,
D00233,rxcui:2199015,ISTRADEFYLLINE,Small molecule,inhibitor,,True,,,
D00234,ncit:C96194,TONAPOFYLLINE,Small molecule,inhibitor,,False,,,
D00235,iuphar.ligand:447,3-ISOBUTYL-8-PYRROLIDINOXANTHINE,,inhibitor,,False,,,
D00236,rxcui:10438,THEOPHYLLINE,Small Molecule,inhibitor,,True,,,
D00237,iuphar.ligand:406,[3H]DPCPX,,inhibitor,,False,,,
D00238,iuphar.ligand:5606,FK-453,,inhibitor,,False,,,
D00239,ncit:C174671,BINODENOSON,Small molecule,agonist,,False,,,
D00240,iuphar.ligand:443,BW-A1433,,inhibitor,,False,,,
D00241,iuphar.ligand:5616,ATL802,,inhibitor,,False,,,
D00242,iuphar.ligand:423,N(6)-CYCLOHEXYLADENOSINE,,agonist,,False,,,
D00243,iuphar.ligand:5618,KF26777,,inhibitor,,False,,,
D00244,ncit:C76394,PRELADENANT,small molecule,inhibitor,,False,,,
D00245,iuphar.ligand:3289,BAY 60-6583,,agonist,,False,,,
D00246,iuphar.ligand:414,(R)-PIA,,agonist,,False,,,
D00247,rxcui:1886,CAFFEINE,small molecule,inhibitor,,True,,,
D00248,iuphar.ligand:448,MRS1220,,inhibitor,,False,,,
D00249,iuphar.ligand:445,DEPX,,inhibitor,,False,,,
D00250,iuphar.ligand:372,2-CHLOROADENOSINE,,agonist,,False,,,
D00251,iuphar.ligand:5610,MSX-2,,inhibitor,,False,,,
D00252,iuphar.ligand:434,AB-NECA,,agonist,,False,,,
D00253,iuphar.ligand:5613,ST-1535,,inhibitor,,False,,,
D00254,iuphar.ligand:11224,BAY-545,,inhibitor,,False,,,
D00255,iuphar.ligand:3284,PSB603,,inhibitor,,False,,,
D00256,iuphar.ligand:373,2-HEXYNYL-NECA,,agonist,,False,,,
D00257,iuphar.ligand:455,[3H]ZM 241385,,inhibitor,,False,,,
D00258,ncit:C96199,DERENOFYLLINE,,inhibitor,,False,,,
D00259,iuphar.ligand:403,SCH 58261,,inhibitor,,False,,,
D00260,iuphar.ligand:427,CPX,,inhibitor,,False,,,
D00261,iuphar.ligand:444,DAX,,inhibitor,,False,,,
D00262,iuphar.ligand:5617,LAS38096,,inhibitor,,False,,,
D00263,ncit:C166615,PICLIDENOSON,Small molecule,agonist,,False,,,
D00264,iuphar.ligand:459,MRE 3008F20,,inhibitor,,False,,,
D00265,iuphar.ligand:452,[125I]ABOPX,,inhibitor,,False,,,
D00266,iuphar.ligand:5599,HEMADO,,agonist,,False,,,
D00267,iuphar.ligand:374,CCPA,,agonist,,False,,,
D00268,iuphar.ligand:384,CGS 15943,,inhibitor,,False,,,
D00269,iuphar.ligand:5615,CVT-6883,,inhibitor,,False,,,
D00270,iuphar.ligand:11223,ISAM-140,,inhibitor,,False,,,
D00271,iuphar.ligand:381,AS100,,inhibitor,,False,,,
D00272,iuphar.ligand:437,AS101,,inhibitor,,False,,,
D00273,iuphar.ligand:449,MRS1754,,inhibitor,,False,,,
D00274,iuphar.ligand:3285,PSB36,,inhibitor,,False,,,
D00275,ncit:C148039,IMARADENANT,,inhibitor,,False,,,
D00276,iuphar.ligand:3283,SCH442416,,inhibitor,,False,,,
D00277,iuphar.ligand:440,AS94,,inhibitor,,False,,,
D00278,iuphar.ligand:380,CYCLOPENTYLADENOSINE,,agonist,,False,,,
D00279,rxcui:8013,PENTOXIFYLLINE,Hemorrheologic Agents,inhibitor,,True,,,
D00280,ncit:C152892,VIPADENANT,Small molecule,inhibitor,,False,,,
D00281,iuphar.ligand:5607,LUF5981,,inhibitor,,False,,,
D00282,iuphar.ligand:415,(S)-PIA,,agonist,,False,,,
D00283,iuphar.ligand:3286,PSB1115,,inhibitor,,False,,,
D00284,iuphar.ligand:382,AS70,,inhibitor,,False,,,
D00285,iuphar.ligand:470,MRS1191,,inhibitor,,False,,,
D00286,rxcui:1546015,REGADENOSON ANHYDROUS,small molecule,agonist,,True,,,
D00287,iuphar.ligand:386,DPCPX,,inhibitor,,False,,,
D00288,iuphar.ligand:5593,GS9667,Small molecule,agonist,,False,,,
D00289,ncit:C79826,NAMODENOSON,Small molecule,agonist,,False,,,
D00290,iuphar.ligand:474,MRS1523,,inhibitor,,False,,,
D00291,iuphar.ligand:442,AS96,,inhibitor,,False,,,
D00292,iuphar.ligand:438,AS16,,inhibitor,,False,,,
D00293,iuphar.ligand:377,NECA,,agonist,,False,,,
D00294,iuphar.ligand:5590,TCPA,,agonist,,False,,,
D00295,ncit:C96195,ROLOFYLLINE,small molecule,inhibitor,,False,,,
D00296,iuphar.ligand:404,XANTHINE AMINE CONGENER,,inhibitor,,False,,,
D00297,iuphar.ligand:451,XCC,,inhibitor,,False,,,
D00298,iuphar.ligand:6561,PSB-0788,,inhibitor,,False,,,
D00299,iuphar.ligand:114,"L-775,606",,agonist,,False,,,
D00300,iuphar.ligand:109,CGS-12066,,agonist,,False,,,
D00301,iuphar.ligand:108,"BMS 181,101",,agonist,,False,,,
D00302,iuphar.ligand:107,5-MEOT,,agonist,,False,,,
D00303,rxcui:598,ALPROSTADIL,Anti-impotence Agents,,,True,,,
D00304,iuphar.ligand:113,GR-55562,,inhibitor,,False,,,
D00305,chembl:CHEMBL1200797,TECHNETIUM TC 99M SUCCIMER,,binder,,True,,,
D00306,iuphar.ligand:110,CP-122288,,agonist,,False,,,
D00307,iuphar.ligand:136,RAUWOLSCINE,,inhibitor,,False,,,
D00308,drugbank:DB08653,TRYPTAMINE,,agonist,,False,,,
D00309,iuphar.ligand:130,SB 224289,,inhibitor,,False,,,
D00310,ncit:C79719,AVITRIPTAN,,agonist,,False,,,
D00311,rxcui:6911,METHYSERGIDE,small molecule,inhibitor,,True,,,
D00312,iuphar.ligand:3221,CP94253,,agonist,,False,,,
D00313,iuphar.ligand:106,5-(NONYLOXY)-TRYPTAMINE,,agonist,,False,,,
D00314,iuphar.ligand:118,[3H]ELETRIPTAN,,agonist,,False,,,
D00315,rxcui:106101,OXYMETAZOLINE HYDROCHLORIDE,Small Molecule,agonist,,True,,,
D00316,iuphar.ligand:131,"[3H]GR 125,743",,inhibitor,,False,,,
D00317,iuphar.ligand:218,2-METHYL-5-HT,,agonist,,False,,,
D00318,iuphar.ligand:122,DIPROPYL-5-CT,,agonist,,False,,,
D00319,rxcui:1310300,COBALT,,,,False,,,
D00320,rxcui:10528,THROMBIN,recombinant protein,,,True,,,
D00321,iuphar.ligand:123,LYSERGOL,,agonist,,False,,,
D00322,rxcui:6834,METERGOLINE,,inhibitor,,False,,,
D00323,iuphar.ligand:3926,[11C]AZ10419369,,agonist,,False,,,
D00324,iuphar.ligand:115,TFMPP,,agonist,,False,,,
D00325,iuphar.ligand:3219,[3H]N-METHYL-AZ10419369,,agonist,,False,,,
D00326,iuphar.ligand:119,[3H]SUMATRIPTAN,,agonist,,False,,,
D00327,rxcui:279645,ALMOTRIPTAN,Anti-migraine Agents,agonist,,True,,,
D00328,rxcui:203176,DIHYDROERGOTAMINE MESYLATE,Small Molecule,agonist,,True,,,
D00329,ncit:C77255,ALNIDITAN,,agonist,,False,,,
D00330,iuphar.ligand:129,S33084,,inhibitor,,False,,,
D00331,iuphar.ligand:137,5-HT-MODULINE,,modulator,,False,,,
D00332,iuphar.ligand:126,(+)-WAY 100135,,inhibitor,,False,,,
D00333,iuphar.ligand:3231,SB236057,,inhibitor,,False,,,
D00334,rxcui:11065,URSODIOL,Small Molecule,,,True,,,
D00335,iuphar.ligand:11938,LY3154885,,modulator,,False,,,
D00336,iuphar.ligand:934,N-PROPYLNORAPOMORPHINE,,agonist,,False,,,
D00337,ncit:C87494,ECOPIPAM HYDROCHLORIDE,,inhibitor,,False,,,
D00338,iuphar.ligand:932,(+)-ADTN,,agonist,,False,,,
D00339,rxcui:203207,FLUPHENAZINE HYDROCHLORIDE,small molecule,inhibitor,,True,,,
D00340,iuphar.ligand:935,SKF-38393,,agonist,,False,,,
D00341,iuphar.ligand:6077,A68930,,agonist,,False,,,
D00342,rxcui:3628,DOPAMINE,,agonist,,True,,,
D00343,iuphar.ligand:944,SKF-83566,,inhibitor,,False,,,
D00344,iuphar.ligand:9637,A77636,,agonist,,False,,,
D00345,iuphar.ligand:10742,SKF-82958,,agonist,,False,,,
D00346,iuphar.ligand:8443,SKF-83959,,agonist,,False,,,
D00347,ncit:C174853,TAVAPADON,,agonist,,False,,,
D00348,iuphar.ligand:10506,MEVIDALEN,,modulator,,False,,,
D00349,rxcui:4492,FLUOROURACIL,,,,True,,,
D00350,rxcui:616739,ROTIGOTINE,small molecule,agonist,,True,,,
D00351,iuphar.ligand:484,NORADRENALINE,,agonist,,False,,,
D00352,iuphar.ligand:12170,UCM-1306,,modulator,,False,,,
D00353,rxcui:24853,FENOLDOPAM,Antihypertensive Agents,agonist,,True,,,
D00354,ncit:C134697,PRALUZATAMAB RAVTANSINE,,binder,,False,,,
D00355,rxcui:4495,FLUPENTHIXOL,Antipsychotic Agents,inhibitor,,False,,,
D00356,iuphar.ligand:945,[125I]SCH23982,,inhibitor,,False,,,
D00357,rxcui:8704,PROCHLORPERAZINE,Small Molecule,inhibitor,,True,,,
D00358,iuphar.ligand:937,SKF-76783,,agonist,,False,,,
D00359,rxcui:8766,PERICIAZINE,small molecule,inhibitor,,False,,,
D00360,iuphar.ligand:943,SCH-23390,,inhibitor,,False,,,
D00361,rxcui:1440856,CHOLIC ACID,,,,True,,,
D00362,rxcui:1429044,"IBUPROFEN, SODIUM SALT",Small Molecule,,,True,,,
D00363,ncit:C96307,RANIRESTAT,small molecule,,,False,,,
D00364,ncit:C72762,EPALRESTAT,,inhibitor,,True,,,
D00365,ncit:C97357,SORBINIL,,inhibitor,,False,,,
D00366,ncit:C179076,CAFICRESTAT,,inhibitor,,False,,,
D00367,ncit:C72815,LIDORESTAT,,,,False,,,
D00368,rxcui:38386,TOLRESTAT,,inhibitor,,True,,,
D00369,drugbank:DB05533,QR-333,,,,False,,,
D00370,ncit:C530,RECOMBINANT GROWTH FACTOR,,,,False,,,
D00371,rxcui:10237,SULINDAC,"Anti-Inflammatory Agents, Non-Steroidal",,,True,,,
D00372,rxcui:10995,URACIL,,,,False,,,
D00373,ncit:C1205,TECTORIGENIN,,,,False,,,
D00374,ncit:C81355,FIDARESTAT,,,,False,,,
D00375,iuphar.ligand:3413,[3H]LTB4,,agonist,,False,,,
D00376,iuphar.ligand:3415,[3H]CGS23131,,inhibitor,,False,,,
D00377,iuphar.ligand:6155,CP-195543,,inhibitor,,False,,,
D00378,iuphar.ligand:3399,20-HYDROXY-LTB4,,agonist,,False,,,
D00379,iuphar.ligand:6157,ONO-4057,,inhibitor,,False,,,
D00380,iuphar.ligand:2487,LTB4,,agonist,,False,,,
D00381,iuphar.ligand:6154,BIIL 260,,inhibitor,,False,,,
D00382,iuphar.ligand:6158,RO5101576,,inhibitor,,False,,,
D00383,iuphar.ligand:3351,LY255283,,inhibitor,,False,,,
D00384,ncit:C1626,ETALOCIB,,inhibitor,,False,,,
D00385,iuphar.ligand:3368,CP105696,,inhibitor,,False,,,
D00386,iuphar.ligand:3405,12R-HETE,,agonist,,False,,,
D00387,iuphar.ligand:3325,U75302,,inhibitor,,False,,,
D00388,iuphar.ligand:6156,SC-41930,,inhibitor,,False,,,
D00389,ncit:C804,RETINOIC ACID AGENT,,,,False,,,
D00390,rxcui:10753,TRETINOIN,Antineoplastic Agents,,,True,,,
D00391,rxcui:1202,ATENOLOL,small molecule,,,True,,,
D00392,rxcui:11246,VITAMIN A,,,,True,,,
D00393,chembl:CHEMBL4650277,TAS0612,,inhibitor,,False,,,
D00394,ncit:C91732,GEDATOLISIB,PI3K/mTOR Inhibitors,,,False,,,
D00395,ncit:C91072,IPATASERTIB,Kinase Inhibitors,inhibitor,,False,,,
D00396,rxcui:141704,EVEROLIMUS,Small Molecule,inhibitor,,True,,,
D00397,drugbank:DB17043,PHA-767491,,,,False,,,
D00398,ncit:C88270,OMIPALISIB,PI3K/mTOR Inhibitors,inhibitor,,False,,,
D00399,drugbank:DB12745,GSK-690693,,inhibitor,,False,,,
D00400,ncit:C98250,BARDOXOLONE METHYL,,,,False,,,
D00401,drugbank:DB17030,GSK-269962A,,,,False,,,
D00402,chembl:CHEMBL3545000,MK-2201,,inhibitor,,False,,,
D00403,ncit:C84870,UPROSERTIB,ATP competitive AKT inhibitor,inhibitor,,False,,,
D00404,ncit:C1880,CANERTINIB DIHYDROCHLORIDE,,,,False,,,
D00405,ncit:C61637,ANDROGRAPHOLIDE,,,,False,,,
D00406,ncit:C1277,WORTMANNIN,,,,False,,,
D00407,chembl:CHEMBL2016893,XL-418,,inhibitor,,False,,,
D00408,chembl:CHEMBL4751394,BAY-1125976,,inhibitor,,False,,,
D00409,chembl:CHEMBL1086397,CHEMBL:CHEMBL1086397,,,,False,,,
D00410,rxcui:3247,DESIPRAMINE,small molecule,,,True,,,
D00411,rxcui:134527,NELFINAVIR,,inhibitor,,True,,,
D00412,rxcui:1000492,RESVERATROL,small molecule,,,True,,,
D00413,iuphar.ligand:5921,AKT INHIBITOR VIII,,,,False,,,
D00414,ncit:C99172,MIRANSERTIB,AKT Inhibitors,inhibitor,,False,,,
D00415,ncit:C1727,PERIFOSINE,small molecule,inhibitor,,False,,,
D00416,rxcui:1147220,VEMURAFENIB,Kinase Inhibitors,,,True,,,
D00417,ncit:C82390,AFURESERTIB,,inhibitor,,False,,,
D00418,chembl:CHEMBL156897,CANTHIN-6-ONE,,,,False,,,
D00419,ncit:C128250,PAN-AKT INHIBITOR ARQ751,,,,False,,,
D00420,chembl:CHEMBL245030,SR-13668,,inhibitor,,False,,,
D00421,chembl:CHEMBL480356,CHEMBL:CHEMBL480356,,,,False,,,
D00422,ncit:C88272,FEXAGRATINIB,Kinase Inhibitors,inhibitor,,False,,,
D00423,ncit:C77392,ENZASTAURIN,Kinase Inhibitors,,,False,,,
D00424,ncit:C178300,PIFUSERTIB,,negative modulator,,False,,,
D00425,chembl:CHEMBL482967,CYC-116,,,,False,,,
D00426,rxcui:2597,CLOMIPRAMINE,small molecule,,,True,,,
D00427,rxcui:203179,DOXEPIN HYDROCHLORIDE,Small Molecule,,,True,,,
D00428,chembl:CHEMBL3545134,LY-2780301,,inhibitor,,False,,,
D00429,rxcui:10834,TRIMIPRAMINE,"Antidepressive Agents, Tricyclic",,,True,,,
D00430,drugbank:DB05204,XL418,small molecule,,,False,,,
D00431,rxcui:6472,LOVASTATIN,Small Molecule,,,True,,,
D00432,rxcui:266573,TOPOTECAN HYDROCHLORIDE,Antineoplastic Agents,,,True,,,
D00433,iuphar.ligand:8189,CEP-11981,,,,False,,,
D00434,chembl:CHEMBL444109,GAMBOGIC AMIDE,,,,False,,,
D00435,ncit:C142902,AFURESERTIB HYDROCHLORIDE,,inhibitor,,False,,,
D00436,rxcui:7531,NORTRIPTYLINE,Small Molecule,,,True,,,
D00437,chembl:CHEMBL219553,GIGANTOL,,,,False,,,
D00438,rxcui:1424911,DABRAFENIB,RAF Inhibitor,,,True,,,
D00439,drugbank:DB08073,(2S)-1-(1H-INDOL-3-YL)-3-{[5-(3-METHYL-1H-INDAZOL-5-YL)PYRIDIN-3-YL]OXY}PROPAN-2-AMINE,,,,False,,,
D00440,ncit:C65624,FASUDIL,,,,False,,,
D00441,rxcui:282357,FULVESTRANT,Hormonal therapy,,,True,,,
D00442,rxcui:1592736,NINTEDANIB ESYLATE,Pan-TK inhibitor,,,True,,,
D00443,ncit:C88335,ARCHEXIN,antisense oligo,,,False,,,
D00444,drugbank:DB12795,CMX-2043,,,,False,,,
D00445,rxcui:203168,AMITRIPTYLINE HYDROCHLORIDE,Small Molecule,,,True,,,
D00446,ncit:C80630,SOTRASTAURIN,,,,False,,,
D00447,chembl:CHEMBL508649,5-METHOXYCANTHINONE,,,,False,,,
D00448,drugbank:DB16828,MK-2206,Small molecule,inhibitor,,False,,,
D00449,chembl:CHEMBL257158,CHEMBL:CHEMBL257158,,,,False,,,
D00450,iuphar.ligand:13097,WITHAFERIN A,,,,False,,,
D00451,ncit:C80857,LAUROGUADINE,,,,False,,,
D00452,drugbank:DB15399,BMS-754807,Kinase Inhibitors,,,False,,,
D00453,drugbank:DB15431,M-2698,,inhibitor,,False,,,
D00454,ncit:C64540,CENISERTIB,Kinase Inhibitors,inhibitor,,False,,,
D00455,ncit:C90581,AKT INHIBITOR MK2206,Allosteric AKT inhibitor,inhibitor,,False,,,
D00456,drugbank:DB12429,CI-1040,Kinase Inhibitors,,,False,,,
D00457,drugbank:DB02656,LY-294002,,,,False,,,
D00458,rxcui:2669967,CAPIVASERTIB,ATP competitive AKT inhibitor,inhibitor,,True,,,
D00459,ncit:C142998,TRICIRIBINE,AKT Inhibitors,inhibitor,,False,,,
D00460,rxcui:10800,TRIFLUOPERAZINE,small molecule,,,True,,,
D00461,chembl:CHEMBL258867,EUPALININ A,,,,False,,,
D00462,ncit:C667,MONOAMINE OXIDASE INHIBITOR,,,,False,,,
D00463,ncit:C1262,TRICIRIBINE PHOSPHATE,,inhibitor,,False,,,
D00464,iuphar.ligand:10197,VANTICTUMAB,,antibody,,False,,,
D00465,ncit:C169866,CORTICOTROPIN-ZINC HYDROXIDE,,agonist,,True,,,
D00466,rxcui:2890,COSYNTROPIN,peptide,agonist,,True,,,
D00467,iuphar.ligand:1327,ASIP [90-132 (L89Y)],,inhibitor,,False,,,
D00468,iuphar.ligand:1332,ACTH-(11-24),,inhibitor,,False,,,
D00469,iuphar.ligand:13339,CRN04894,,inhibitor,,False,,,
D00470,iuphar.ligand:3767,[125I]ACTH-(1-24),,agonist,,False,,,
D00471,iuphar.ligand:912,CORTICOTROPHIN-RELEASING HORMONE,,agonist,,False,,,
D00472,ncit:C526,ENOXOLONE,,,,False,,,
D00473,rxcui:1426931,URSOLIC ACID,,,,False,,,
D00474,iuphar.ligand:3306,OLEANOLIC ACID,,,,False,,,
D00475,iuphar.ligand:1196,2-(3-IODOPHENYL)HISTAMINE,,agonist,,False,,,
D00476,iuphar.ligand:1207,(&PLUSMN;)-TRANS-H2-PAT,,inhibitor,,False,,,
D00477,rxcui:221074,CHLORPHENIRAMINE POLISTIREX,small molecule,inhibitor,,True,,,
D00478,rxcui:2406,CHLORPROTHIXENE,Antipsychotic Agents,inhibitor,,True,,,
D00479,iuphar.ligand:4026,HISTAPRODIFEN,,agonist,,False,,,
D00480,iuphar.ligand:1206,(&PLUSMN;)-CIS-H2-PAT,,inhibitor,,False,,,
D00481,iuphar.ligand:1219,BU-E 47,,inhibitor,,False,,,
D00482,iuphar.ligand:1203,DIMETHYLHISTAPRODIFEN,,agonist,,False,,,
D00483,rxcui:356887,LEVOCETIRIZINE,Small molecule,inhibitor,,True,,,
D00484,iuphar.ligand:7679,AZD3778,,inhibitor,,False,,,
D00485,rxcui:2977,CYCLIZINE,Antiemetics,inhibitor,,True,,,
D00486,rxcui:3634,DOTHIEPIN,,inhibitor,,True,,,
D00487,iuphar.ligand:1205,METHYLHISTAPRODIFEN,,agonist,,False,,,
D00488,rxcui:61455,MIZOLASTINE,,inhibitor,,True,,,
D00489,rxcui:275635,DESLORATADINE,Anti-Allergic Agents,inhibitor,,True,,,
D00490,rxcui:3498,DIPHENHYDRAMINE,small molecule,inhibitor,,True,,,
D00491,iuphar.ligand:1226,IMPROMIDINE,,inhibitor,,False,,,
D00492,rxcui:10510,THIOTHIXENE,,inhibitor,,True,,,
D00493,iuphar.ligand:1200,UR-PG146,,agonist,,False,,,
D00494,rxcui:2197878,PITOLISANT,,inhibitor,,True,,,
D00495,iuphar.ligand:1195,2-(3-CHLOROPHENYL)HISTAMINE,,agonist,,False,,,
D00496,rxcui:28889,LORATADINE,Small Molecule,inhibitor,,True,,,
D00497,iuphar.ligand:8982,INCB-38579,,inhibitor,,False,,,
D00498,rxcui:10865,TROMETHAMINE,,,,True,,,
D00499,iuphar.ligand:1208,(+)-CIS-H2-PAT,,inhibitor,,False,,,
D00500,rxcui:236474,FEXOFENADINE HYDROCHLORIDE,Anti-Allergic Agents,inhibitor,,True,,,
D00501,iuphar.ligand:10104,(S)-DIMETINDENE,,inhibitor,,False,,,
D00502,rxcui:39684,EPINASTINE,Small Molecule,inhibitor,,True,,,
D00503,rxcui:10847,TRIPELENNAMINE,small molecule,inhibitor,,True,,,
D00504,rxcui:2578,CLEMASTINE,small molecule,inhibitor,,True,,,
D00505,iuphar.ligand:1216,A-317920,,inhibitor,,False,,,
D00506,rxcui:11404,KETOTIFEN FUMARATE,Anti-Allergic Agents,inhibitor,,True,,,
D00507,iuphar.ligand:1215,(S)-CETIRIZINE,,inhibitor,,False,,,
D00508,rxcui:42328,ASTEMIZOLE,Anti-Allergic Agents,inhibitor,,True,,,
D00509,iuphar.ligand:1201,UR-PG153,,agonist,,False,,,
D00510,iuphar.ligand:1193,2-(2-THIAZOLYL)ETHANAMINE,,agonist,,False,,,
D00511,rxcui:18603,AZELASTINE,Anti-Allergic Agents,inhibitor,,True,,,
D00512,iuphar.ligand:1202,UR-PG55B,,agonist,,False,,,
D00513,iuphar.ligand:1194,2-(3-BROMOPHENYL)HISTAMINE,,agonist,,False,,,
D00514,rxcui:5333,HISTAMINE,Small molecule,agonist,,True,,,
D00515,iuphar.ligand:1217,A-349821,,inhibitor,,False,,,
D00516,rxcui:104592,CYPROHEPTADINE HYDROCHLORIDE,Anti-Allergic Agents,inhibitor,,True,,,
D00517,iuphar.ligand:8983,ST-1006,,agonist,,False,,,
D00518,iuphar.ligand:8984,JNJ-39758979,,inhibitor,,False,,,
D00519,ncit:C73045,BILASTINE,,inhibitor,,True,,,
D00520,iuphar.ligand:1197,2-PYRIDYLETHYLAMINE,,agonist,,False,,,
D00521,iuphar.ligand:1223,CLOBENPROPIT,,inhibitor,,False,,,
D00522,iuphar.ligand:1199,OXO-ARPROMIDINE,,agonist,,False,,,
D00523,ncit:C72108,ARPROMIDINE,,inhibitor,,False,,,
D00524,iuphar.ligand:1198,UR-PG131A,,agonist,,False,,,
D00525,ncit:C73055,RUPATADINE,,inhibitor,,True,,,
D00526,iuphar.ligand:1220,[3H]PYRILAMINE,,inhibitor,,False,,,
D00527,rxcui:42330,TERFENADINE,small molecule,inhibitor,,True,,,
D00528,rxcui:142445,PROMETHAZINE HYDROCHLORIDE,small molecule,inhibitor,,True,,,
D00529,rxcui:7019,MOLINDONE,Antipsychotic Agents,inhibitor,,True,,,
D00530,iuphar.ligand:7346,MK-0249,,inhibitor,,False,,,
D00531,rxcui:8076,PERPHENAZINE,Antipsychotic Agents,inhibitor,,True,,,
D00532,iuphar.ligand:8981,CONESSINE,,inhibitor,,False,,,
D00533,iuphar.ligand:1212,(-)-TRANS-H2-PAT,,inhibitor,,False,,,
D00534,rxcui:203150,CETIRIZINE HYDROCHLORIDE,Anti-Allergic Agents,inhibitor,,True,,,
D00535,iuphar.ligand:1265,CIPROXIFAN,,inhibitor,,False,,,
D00536,rxcui:9009,PYRILAMINE,,inhibitor,,True,,,
D00537,iuphar.ligand:1218,ABT-239,,inhibitor,,False,,,
D00538,rxcui:6475,LOXAPINE,Antipsychotic Agents,inhibitor,,True,,,
D00539,rxcui:10849,TRIPROLIDINE,small molecule,inhibitor,,True,,,
D00540,rxcui:5553,HYDROXYZINE,small molecule,inhibitor,,True,,,
D00541,chembl:CHEMBL4298197,VUPANORSEN,,,,False,,,
D00542,rxcui:2478335,EVINACUMAB,,inhibitor,,True,,,
D00543,rxcui:1364449,CROFELEMER,plant extract,blocker,,True,,,
D00544,iuphar.ligand:988,BETA-ERGOCRIPTINE,,agonist,,False,,,
D00545,rxcui:10473,THIOTEPA,,,,True,,,
D00546,rxcui:1545988,CYCLOPHOSPHAMIDE ANHYDROUS,,,,True,,,
D00547,rxcui:1310469,DEHYDRATED ALCOHOL,,,,True,,,
D00548,rxcui:40048,CARBOPLATIN,Platinum,,,True,,,
D00549,rxcui:3554,DISULFIRAM,Alcohol Deterrents,,,True,,,
D00550,chembl:CHEMBL1532097,DIHYDRODAPHNODORIN B,,,,False,,,
D00551,iuphar.ligand:13316,MARIDEBART CAFRAGLUTIDE,,agonist,,False,,,
D00552,chembl:CHEMBL76904,TYRPHOSTIN 23,,,,False,,,
D00553,chembl:CHEMBL1731432,CHEMBL:CHEMBL1731432,,,,False,,,
D00554,iuphar.ligand:9588,PEPTIDE 5 [PMID: 28562585],,agonist,,False,,,
D00555,iuphar.ligand:884,T-0632,,inhibitor,,False,,,
D00556,chembl:CHEMBL210208,PYROGALLOL RED,,,,False,,,
D00557,iuphar.ligand:3784,[125I]GLP-1-(7-37) (HUMAN),,agonist,,False,,,
D00558,rxcui:327361,ADALIMUMAB,monoclonal antibody,,,True,,,
D00559,iuphar.ligand:7585,BETP,,modulator,,False,,,
D00560,chembl:CHEMBL463175,CEPHALOCHROMIN,,,,False,,,
D00561,rxcui:214555,ETANERCEPT,Antirheumatic Agents,,,True,,,
D00562,iuphar.ligand:12064,DANUGLIPRON,,agonist,,False,,,
D00563,rxcui:1440051,LIXISENATIDE,,agonist,,True,,,
D00564,iuphar.ligand:12442,(+/-)-ERIODICTYOL,,,,False,,,
D00565,rxcui:1991302,SEMAGLUTIDE,,agonist,,True,,,
D00566,ncit:C152518,TASPOGLUTIDE,protein,agonist,,False,,,
D00567,chembl:CHEMBL260311,CHEMBL:CHEMBL260311,,,,False,,,
D00568,rxcui:6371,LEVAMISOLE,,,,True,,,
D00569,rxcui:2641822,EPICATECHIN,,,,False,,,
D00570,iuphar.ligand:1137,[125I]EXENDIN-(9-39),,inhibitor,,False,,,
D00571,rxcui:709271,CERTOLIZUMAB PEGOL,Antirheumatic Agents,,,True,,,
D00572,iuphar.ligand:11927,LSN3318839,,modulator,,False,,,
D00573,iuphar.ligand:12175,ORFORGLIPRON,,agonist,,False,,,
D00574,chembl:CHEMBL600956,CHEMBL:CHEMBL600956,,,,False,,,
D00575,rxcui:191831,INFLIXIMAB,Immunosuppressive Agents,,,True,,,
D00576,rxcui:60548,EXENATIDE,peptide,agonist,,True,,,
D00577,ncit:C133230,AVEXITIDE,,inhibitor,,False,,,
D00578,iuphar.ligand:1134,[125I]GLP-1-(7-36)-AMIDE,,agonist,,False,,,
D00579,chembl:CHEMBL490355,SULFURETIN,,,,False,,,
D00580,chembl:CHEMBL70501,THUNBERGINOL B,,,,False,,,
D00581,rxcui:261716,GLUCAGON (RDNA),Antihypoglycemic Agents,agonist,,True,,,
D00582,rxcui:1368374,MYRICETIN,,,,False,,,
D00583,iuphar.ligand:8544,WB4-24,,agonist,,False,,,
D00584,ncit:C117288,ISOQUERCETIN,,,,False,,,
D00585,chembl:CHEMBL1479103,HAEMATOXYLIN,,,,False,,,
D00586,iuphar.ligand:1132,GLUCAGON-LIKE PEPTIDE 1-(7-36) AMIDE,,agonist,,False,,,
D00587,chembl:CHEMBL2094652,CHEMBL:CHEMBL2094652,,,,False,,,
D00588,chembl:CHEMBL89445,TERPYRIDINE,,,,False,,,
D00589,iuphar.ligand:13383,SURVODUTIDE,,agonist,,False,,,
D00590,iuphar.ligand:3544,GLUCAGON-LIKE PEPTIDE 1-(7-37),,agonist,,False,,,
D00591,chembl:CHEMBL1256783,CHEMBL:CHEMBL1256783,,,,False,,,
D00592,rxcui:475968,LIRAGLUTIDE,Antidiabetic agent,agonist,,True,,,
D00593,chembl:CHEMBL146710,CHEMBL:CHEMBL146710,,,,False,,,
D00594,chembl:CHEMBL234338,CHEMBL:CHEMBL234338,,,,False,,,
D00595,chembl:CHEMBL505807,CHEMBL:CHEMBL505807,,,,False,,,
D00596,chembl:CHEMBL598663,CHEMBL:CHEMBL598663,,,,False,,,
D00597,chembl:CHEMBL585591,CHEMBL:CHEMBL585591,,,,False,,,
D00598,chembl:CHEMBL1408276,CHEMBL:CHEMBL1408276,,,,False,,,
D00599,chembl:CHEMBL586135,CHEMBL:CHEMBL586135,,,,False,,,
D00600,rxcui:2601723,TIRZEPATIDE,,agonist,,True,,,
D00601,chembl:CHEMBL56393,CHEMBL:CHEMBL56393,,,,False,,,
D00602,chembl:CHEMBL81782,CHEMBL:CHEMBL81782,,,,False,,,
D00603,iuphar.ligand:3730,EXENDIN-3,,agonist,,False,,,
D00604,rxcui:1720259,ASFOTASE ALFA,,,,True,,,
D00605,chembl:CHEMBL597449,CHEMBL:CHEMBL597449,,,,False,,,
D00606,chembl:CHEMBL579028,CHEMBL:CHEMBL579028,,,,False,,,
D00607,chembl:CHEMBL1442783,CHEMBL:CHEMBL1442783,,,,False,,,
D00608,rxcui:4109,ETHACRYNIC ACID,small molecule,,,True,,,
D00609,rxcui:15842,5-METHOXYPSORALEN,,,,False,,,
D00610,rxcui:1362888,CHRYSIN,,,,True,,,
D00611,chembl:CHEMBL171699,CHEMBL:CHEMBL171699,,,,False,,,
D00612,iuphar.ligand:5445,"N-DOCOSATETRA-7,10,13,16-ENOYLETHANOLAMINE",,,,False,,,
D00613,chembl:CHEMBL1341830,CHEMBL:CHEMBL1341830,,,,False,,,
D00614,rxcui:91188,DYCLONINE HYDROCHLORIDE,,,,True,,,
D00615,chembl:CHEMBL187266,TANSHINONE IIA,,,,False,,,
D00616,chembl:CHEMBL606166,CHEMBL:CHEMBL606166,,,,False,,,
D00617,chembl:CHEMBL1375444,AZEPANE,,,,False,,,
D00618,chembl:CHEMBL576412,CHEMBL:CHEMBL576412,,,,False,,,
D00619,ncit:C47698,PYRITHIONE ZINC,,,,True,,,
D00620,iuphar.ligand:955,(+)-S-14297,,inhibitor,,False,,,
D00621,chembl:CHEMBL530115,GUTHION,,,,False,,,
D00622,chembl:CHEMBL609030,CHEMBL:CHEMBL609030,,,,False,,,
D00623,iuphar.ligand:4494,HEMICHOLINIUM-3,,,,False,,,
D00624,chembl:CHEMBL316796,CHEMBL:CHEMBL316796,,,,False,,,
D00625,rxcui:9022,PYROGALLOL,,,,True,,,
D00626,rxcui:7992,PENTAERYTHRITOL TETRANITRATE,,,,True,,,
D00627,rxcui:5942,CLIOQUINOL,,,,True,,,
D00628,chembl:CHEMBL1269845,CHEMBL:CHEMBL1269845,,,,False,,,
D00629,chembl:CHEMBL290914,EMODIC ACID,,,,False,,,
D00630,drugbank:DB15579,CRYPTOTANSHINONE,,,,False,,,
D00631,chembl:CHEMBL579224,METHYSTICIN,,,,False,,,
D00632,rxcui:6400,LINOLEIC ACID,,,,True,,,
D00633,rxcui:1368130,APIGENIN,,,,True,,,
D00634,iuphar.ligand:3296,[3H]7-OH-DPAT,,agonist,,False,,,
D00635,chembl:CHEMBL1489223,SAPPANONE A DIMETHYL ETHER,,,,False,,,
D00636,ncit:C2026,TYRPHOSTIN A9,,,,False,,,
D00637,iuphar.ligand:143,SB 277011-A,,inhibitor,,False,,,
D00638,chembl:CHEMBL599255,CHEMBL:CHEMBL599255,,,,False,,,
D00639,chembl:CHEMBL581869,CHEMBL:CHEMBL581869,,,,False,,,
D00640,chembl:CHEMBL313737,CHEMBL:CHEMBL313737,,,,False,,,
D00641,chembl:CHEMBL454843,CANDIDIN,,,,False,,,
D00642,drugbank:DB14060,NS-398,,,,False,,,
D00643,rxcui:6883,METHYLERGONOVINE,Abortifacient Agents,,,True,,,
D00644,rxcui:1661328,"1,2-NAPHTHOQUINONE",,,,False,,,
D00645,chembl:CHEMBL336467,FUROXAN,,,,False,,,
D00646,rxcui:10205,SULFINPYRAZONE,small molecule,,,True,,,
D00647,iuphar.ligand:6675,PG01037,,inhibitor,,False,,,
D00648,chembl:CHEMBL226512,GARDENIN B,,,,False,,,
D00649,rxcui:72302,ROPINIROLE,small molecule,agonist,,True,,,
D00650,chembl:CHEMBL457504,CHEMBL:CHEMBL457504,,,,False,,,
D00651,chembl:CHEMBL280998,CATECHOL,,,,False,,,
D00652,chembl:CHEMBL253570,GOSSYPETIN,,,,False,,,
D00653,chembl:CHEMBL590949,CHEMBL:CHEMBL590949,,,,False,,,
D00654,chembl:CHEMBL271023,CHEMBL:CHEMBL271023,,,,False,,,
D00655,rxcui:2105,CARMUSTINE,Small Molecule,,,True,,,
D00656,chembl:CHEMBL1559418,"2-METHYL-5,7,8-TRIMETHOXYISOFLAVONE",,,,False,,,
D00657,chembl:CHEMBL1255936,CHEMBL:CHEMBL1255936,,,,False,,,
D00658,chembl:CHEMBL601618,CHEMBL:CHEMBL601618,,,,False,,,
D00659,chembl:CHEMBL1079460,CHEMBL:CHEMBL1079460,,,,False,,,
D00660,chembl:CHEMBL1322879,"2,3,4-TRIHYDROXY-4'-ETHOXYBENZOPHENONE",,,,False,,,
D00661,rxcui:134615,BRIMONIDINE,Small Molecule,,,True,,,
D00662,rxcui:7417,NIFEDIPINE,Antianginal Agents,,,True,,,
D00663,chembl:CHEMBL154580,CHEMBL:CHEMBL154580,,,,False,,,
D00664,iuphar.ligand:5154,BRL50481,,,,False,,,
D00665,rxcui:1358845,2-MERCAPTOBENZOTHIAZOLE,,,,False,,,
D00666,chembl:CHEMBL85109,ORTHOTOLIDINE,,,,False,,,
D00667,chembl:CHEMBL578915,CHEMBL:CHEMBL578915,,,,False,,,
D00668,rxcui:71512,PHENOXYBENZAMINE HYDROCHLORIDE,,,,True,,,
D00669,rxcui:3966,EPHEDRINE,small molecule,,,True,,,
D00670,chembl:CHEMBL1554531,4-METHOXYDALBERGIONE,,,,False,,,
D00671,chembl:CHEMBL1233714,E1501,,,,False,,,
D00672,chembl:CHEMBL595227,CHEMBL:CHEMBL595227,,,,False,,,
D00673,chembl:CHEMBL75967,PENTACHLOROPHENOL,,,,False,,,
D00674,chembl:CHEMBL1366408,CARMINE,,,,False,,,
D00675,chembl:CHEMBL1350036,LEAD DIACETATE TRIHYDRATE,,,,False,,,
D00676,iuphar.ligand:11209,EMBELIN,,,,False,,,
D00677,chembl:CHEMBL1518159,3-METHOXYCATECHOL,,,,False,,,
D00678,chembl:CHEMBL224032,CHEMBL:CHEMBL224032,,,,False,,,
D00679,iuphar.ligand:2131,SB 222200,,,,False,,,
D00680,chembl:CHEMBL1394829,PROPACHLOR,,,,False,,,
D00681,chembl:CHEMBL581677,CHEMBL:CHEMBL581677,,,,False,,,
D00682,chembl:CHEMBL1562,HOMOVANILLIC ACID,,,,False,,,
D00683,chembl:CHEMBL15137,MICHLER'S KETONE,,,,False,,,
D00684,drugbank:DB17035,LY-2183240,,,,False,,,
D00685,chembl:CHEMBL1478334,BUTANAL,,,,False,,,
D00686,chembl:CHEMBL15750,NITROBENZENE,,,,False,,,
D00687,rxcui:8742,PROMAZINE,Antiemetics,inhibitor,,True,,,
D00688,ncit:C76761,DOCEBENONE,,,,False,,,
D00689,rxcui:166551,RALOXIFENE HYDROCHLORIDE,small molecule,,,True,,,
D00690,iuphar.ligand:3298,[3H]PD128907,,agonist,,False,,,
D00691,chembl:CHEMBL1448292,CHEMBL:CHEMBL1448292,,,,False,,,
D00692,ncit:C66685,ZAPRINAST,,,,False,,,
D00693,iuphar.ligand:2418,ACROLEIN,,,,False,,,
D00694,chembl:CHEMBL1519327,ZIRAM,,,,False,,,
D00695,rxcui:2682551,TANGERETIN,,,,False,,,
D00696,chembl:CHEMBL261663,TETRANITROMETHANE,,,,False,,,
D00697,chembl:CHEMBL558459,HYDRAZOBENZENE,,,,False,,,
D00698,chembl:CHEMBL1459280,CHEMBL:CHEMBL1459280,,,,False,,,
D00699,chembl:CHEMBL1333653,OBTUSAQUINONE,,,,False,,,
D00700,rxcui:1297880,CAMPHOR OIL,,,,True,,,
D00701,chembl:CHEMBL538798,CHEMBL:CHEMBL538798,,,,False,,,
D00702,chembl:CHEMBL578607,KAVAIN,,,,False,,,
D00703,iuphar.ligand:6271,2-IODOACETAMIDE,,,,False,,,
D00704,rxcui:1788868,4-NONYLPHENOL,,,,False,,,
D00705,rxcui:2555,CISPLATIN,Platinum,,,True,,,
D00706,chembl:CHEMBL592106,CHEMBL:CHEMBL592106,,,,False,,,
D00707,chembl:CHEMBL26886,CHEMBL:CHEMBL26886,,,,False,,,
D00708,rxcui:3445,DIMERCAPROL,,,,True,,,
D00709,rxcui:32673,OXYBENZONE,,,,True,,,
D00710,chembl:CHEMBL1403041,METHYL ROBUSTONE,,,,False,,,
D00711,rxcui:10239,SULPIRIDE,"Antidepressive Agents, Second-Generation",inhibitor,,True,,,
D00712,chembl:CHEMBL577660,CHEMBL:CHEMBL577660,,,,False,,,
D00713,chembl:CHEMBL1458880,CADMIUM DICHLORIDE,,,,False,,,
D00714,ncit:C65503,EBSELEN,,,,False,,,
D00715,chembl:CHEMBL161598,ANISALDEHYDE,,,,False,,,
D00716,ncit:C97713,HARMINE,,,,False,,,
D00717,rxcui:9060,QUERCETIN,Kinase Inhibitors,,,True,,,
D00718,rxcui:4780,OXYTETRACYCLINE HYDROCHLORIDE,,,,True,,,
D00719,chembl:CHEMBL77705,GARDENIN,,,,False,,,
D00720,rxcui:1667655,CARIPRAZINE,Small molecule,agonist,,True,,,
D00721,iuphar.ligand:13376,PIPERLONGUMINE,,,,False,,,
D00722,drugbank:DB04297,TRICHOSTATIN A,,,,False,,,
D00723,rxcui:19295,BIFONAZOLE,,,,True,,,
D00724,rxcui:1367177,CATECHIN,,,,True,,,
D00725,chembl:CHEMBL259784,CHEMBL:CHEMBL259784,,,,False,,,
D00726,rxcui:1368176,VANILLIN,,,,True,,,
D00727,rxcui:10517,THIRAM,,,,False,,,
D00728,chembl:CHEMBL1476898,CADMIUM ACETATE,,,,False,,,
D00729,iuphar.ligand:2666,PIRINIXIC ACID,,,,False,,,
D00730,chembl:CHEMBL368700,DITHIOLETHIONE,,,,False,,,
D00731,chembl:CHEMBL113897,CHEMBL:CHEMBL113897,,,,False,,,
D00732,chembl:CHEMBL28517,E927A,,,,False,,,
D00733,chembl:CHEMBL346516,METHYL PARATHIONE,,,,False,,,
D00734,chembl:CHEMBL581872,CHEMBL:CHEMBL581872,,,,False,,,
D00735,iuphar.ligand:7694,SB269652,,modulator,,False,,,
D00736,ncit:C77030,BITHIONOL,,,,True,,,
D00737,drugbank:DB04331,MONASTROL,,,,False,,,
D00738,chembl:CHEMBL123040,ALLITRIDIN,,,,False,,,
D00739,rxcui:18997,BENZOPHENONE,,,,True,,,
D00740,rxcui:114979,RABEPRAZOLE,"GI Anti-Ulcer Agents, Proton-pump Inhibitors",,,True,,,
D00741,chembl:CHEMBL1386,TRANSPLATIN,,,,False,,,
D00742,chembl:CHEMBL444236,CHEMBL:CHEMBL444236,,,,False,,,
D00743,ncit:C163652,DISULFOTON,,,,False,,,
D00744,chembl:CHEMBL550495,METHYLENE BLUE,,,,False,,,
D00745,rxcui:31782,NIFUROXAZIDE,,,,False,,,
D00746,chembl:CHEMBL515505,CHEMBL:CHEMBL515505,,,,False,,,
D00747,iuphar.ligand:5142,ARACHIDONYL TRIFLUOROMETHYL KETONE,,,,False,,,
D00748,chembl:CHEMBL1576086,"2,4-HEXADIENAL",,,,False,,,
D00749,chembl:CHEMBL464176,CHEMBL:CHEMBL464176,,,,False,,,
D00750,chembl:CHEMBL1088937,"3,4-DIMETHOXYBENZALDEHYDE",,,,False,,,
D00751,chembl:CHEMBL589469,CHEMBL:CHEMBL589469,,,,False,,,
D00752,rxcui:8345,PIPERONYL BUTOXIDE,,,,True,,,
D00753,chembl:CHEMBL576353,CHEMBL:CHEMBL576353,,,,False,,,
D00754,chembl:CHEMBL423081,CHEMBL:CHEMBL423081,,,,False,,,
D00755,chembl:CHEMBL1336287,"3,4-DIDESMETHYL-5-DESHYDROXY-3'-ETHOXYSCLEROIN",,,,False,,,
D00756,chembl:CHEMBL601142,CHEMBL:CHEMBL601142,,,,False,,,
D00757,chembl:CHEMBL1446254,CHEMBL:CHEMBL1446254,,,,False,,,
D00758,drugbank:DB02746,PHTHALIC ACID,,,,False,,,
D00759,rxcui:103,MERCAPTOPURINE,Antineoplastic Agents,,,True,,,
D00760,chembl:CHEMBL454893,AMBUNOL,,,,False,,,
D00761,iuphar.ligand:6285,OMEGA-CHLOROACETOPHENONE,,,,False,,,
D00762,chembl:CHEMBL1545045,VALERENIC ACID,,,,False,,,
D00763,ncit:C163685,PARATHION,,,,False,,,
D00764,chembl:CHEMBL192627,CHLORANIL,,,,False,,,
D00765,chembl:CHEMBL471005,CHEMBL:CHEMBL471005,,,,False,,,
D00766,chembl:CHEMBL431836,P-HYDROXYCINNAMALDEHYDE,,,,False,,,
D00767,chembl:CHEMBL1091971,CHEMBL:CHEMBL1091971,,,,False,,,
D00768,rxcui:1598,DICUMAROL,Anticoagulants,,,True,,,
D00769,chembl:CHEMBL601952,CHEMBL:CHEMBL601952,,,,False,,,
D00770,rxcui:8727,PROGESTERONE,Small Molecule,,,True,,,
D00771,chembl:CHEMBL336095,CHEMBL:CHEMBL336095,,,,False,,,
D00772,chembl:CHEMBL120806,CHEMBL:CHEMBL120806,,,,False,,,
D00773,iuphar.ligand:6279,PROSTAGLANDIN A2,,,,False,,,
D00774,chembl:CHEMBL580816,CHEMBL:CHEMBL580816,,,,False,,,
D00775,chembl:CHEMBL310798,TYRPHOSTIN 25,,,,False,,,
D00776,rxcui:27748,IODOFORM,,,,False,,,
D00777,ncit:C827,SEMUSTINE,,,,False,,,
D00778,iuphar.ligand:8616,MG-132,,,,False,,,
D00779,rxcui:1006469,DOCONEXENT,,,,True,,,
D00780,chembl:CHEMBL580421,CHEMBL:CHEMBL580421,,,,False,,,
D00781,chembl:CHEMBL17201,CHEMBL:CHEMBL17201,,,,False,,,
D00782,rxcui:8149,PHENOXYBENZAMINE,Anticonvulsants,,,True,,,
D00783,rxcui:9344,RIBAVIRIN,,,,True,,,
D00784,rxcui:23744,DYCLONINE,"Anesthetics, Local",,,True,,,
D00785,chembl:CHEMBL1401091,CHEMBL:CHEMBL1401091,,,,False,,,
D00786,chembl:CHEMBL117447,PHENYL ISATIN,,,,False,,,
D00787,chembl:CHEMBL222660,5-METHOXYISATIN,,,,False,,,
D00788,chembl:CHEMBL1517425,ACETOCHLOR,,,,False,,,
D00789,chembl:CHEMBL421215,CHEMBL:CHEMBL421215,,,,False,,,
D00790,chembl:CHEMBL445153,CHEMBL:CHEMBL445153,,,,False,,,
D00791,chembl:CHEMBL602990,CHEMBL:CHEMBL602990,,,,False,,,
D00792,rxcui:21183,CITRIC ACID,,,,True,,,
D00793,chembl:CHEMBL508112,BENZOTHIAZYL DISULFIDE,,,,False,,,
D00794,rxcui:1314334,BENZALDEHYDE,,,,True,,,
D00795,iuphar.ligand:2350,ALL-TRANS-RETINAL,,,,False,,,
D00796,chembl:CHEMBL89295,SODIUM AZIDE,,,,False,,,
D00797,chembl:CHEMBL42115,THYROXINE,,,,False,,,
D00798,chembl:CHEMBL596847,CHEMBL:CHEMBL596847,,,,False,,,
D00799,chembl:CHEMBL1392244,CHEMBL:CHEMBL1392244,,,,False,,,
D00800,chembl:CHEMBL222556,CHEMBL:CHEMBL222556,,,,False,,,
D00801,rxcui:3626,DOMPERIDONE,Antiemetics,inhibitor,,True,,,
D00802,ncit:C65572,ETICLOPRIDE,,inhibitor,,False,,,
D00803,chembl:CHEMBL66953,PURPUROGALLIN,,,,False,,,
D00804,ncit:C466,EMODIN,,,,False,,,
D00805,drugbank:DB16860,BENZYL ISOTHIOCYANATE,,,,False,,,
D00806,chembl:CHEMBL1310138,CHEMBL:CHEMBL1310138,,,,False,,,
D00807,iuphar.ligand:6674,NGB 2904,,inhibitor,,False,,,
D00808,rxcui:738,INAMRINONE,Cardiotonic Agents,,,True,,,
D00809,chembl:CHEMBL602807,CHEMBL:CHEMBL602807,,,,False,,,
D00810,rxcui:142448,LIOTHYRONINE SODIUM,,,,True,,,
D00811,chembl:CHEMBL399491,PYRROLIDINE DITHIOCARBAMATE,,,,False,,,
D00812,chembl:CHEMBL589207,CHEMBL:CHEMBL589207,,,,False,,,
D00813,rxcui:1545996,METHYLDOPA ANHYDROUS,Antihypertensive Agents,,,True,,,
D00814,chembl:CHEMBL398765,CHEMBL:CHEMBL398765,,,,False,,,
D00815,chembl:CHEMBL97858,CHEMBL:CHEMBL97858,,,,False,,,
D00816,ncit:C96292,NAFAMOSTAT,,,,False,,,
D00817,rxcui:5657,IFOSFAMIDE,small molecule,,,True,,,
D00818,chembl:CHEMBL238188,OSAJIN,,,,False,,,
D00819,rxcui:94,5-HYDROXYTRYPTOPHAN,,,,True,,,
D00820,iuphar.ligand:969,(-)-N-PORPHYNORAPOMORPHINE,,agonist,,False,,,
D00821,chembl:CHEMBL1335833,CHEMBL:CHEMBL1335833,,,,False,,,
D00822,ncit:C75078,ZUCAPSAICIN,small molecule,,,False,,,
D00823,rxcui:203116,BUSPIRONE HYDROCHLORIDE,,,,True,,,
D00824,chembl:CHEMBL463563,ISOTHYMONIN,,,,False,,,
D00825,rxcui:1368624,ARACHIDONIC ACID,,,,False,,,
D00826,chembl:CHEMBL523200,CHEMBL:CHEMBL523200,,,,False,,,
D00827,chembl:CHEMBL601994,CHEMBL:CHEMBL601994,,,,False,,,
D00828,chembl:CHEMBL1396170,AVOCADYNE ACETATE,,,,False,,,
D00829,chembl:CHEMBL1594640,CHEMBL:CHEMBL1594640,,,,False,,,
D00830,rxcui:8299,PHYSOSTIGMINE,Miotics,,,True,,,
D00831,chembl:CHEMBL1414316,2-ETHOXYCARBONYL-2-ETHOXYOXALOYLOXYDIHYDROCHRYSIN DIMETHYL ETHER,,,,False,,,
D00832,drugbank:DB15584,LUTEOLIN,,,,False,,,
D00833,chembl:CHEMBL126804,CHEMBL:CHEMBL126804,,,,False,,,
D00834,chembl:CHEMBL1486366,CHEMBL:CHEMBL1486366,,,,False,,,
D00835,chembl:CHEMBL269733,DEPHOSTATIN,,,,False,,,
D00836,rxcui:4186,EUGENOL,,,,True,,,
D00837,chembl:CHEMBL585417,CHEMBL:CHEMBL585417,,,,False,,,
D00838,chembl:CHEMBL602776,CHEMBL:CHEMBL602776,,,,False,,,
D00839,iuphar.ligand:7625,BP 897,,agonist,,False,,,
D00840,rxcui:236677,2-PHENYLPHENOL,,,,False,,,
D00841,ncit:C74234,VANITIOLIDE,,,,False,,,
D00842,chembl:CHEMBL600342,CHEMBL:CHEMBL600342,,,,False,,,
D00843,chembl:CHEMBL592124,CHEMBL:CHEMBL592124,,,,False,,,
D00844,chembl:CHEMBL429095,CHEMBL:CHEMBL429095,,,,False,,,
D00845,rxcui:1592893,BAICALEIN,,,,False,,,
D00846,chembl:CHEMBL233632,PHENYLGLYOXAL,,,,False,,,
D00847,chembl:CHEMBL454173,ZEARALENONE,,,,False,,,
D00848,chembl:CHEMBL571700,BIS(DIMETHYLAMINETHIOCARBONYL)MONOSULFIDE,,,,False,,,
D00849,iuphar.ligand:11564,IRIGENOL,,,,False,,,
D00850,chembl:CHEMBL1448140,CHEMBL:CHEMBL1448140,,,,False,,,
D00851,chembl:CHEMBL603031,CHEMBL:CHEMBL603031,,,,False,,,
D00852,chembl:CHEMBL1489812,CHEMBL:CHEMBL1489812,,,,False,,,
D00853,chembl:CHEMBL601192,CHEMBL:CHEMBL601192,,,,False,,,
D00854,chembl:CHEMBL1412710,CHEMBL:CHEMBL1412710,,,,False,,,
D00855,chembl:CHEMBL275260,CHEMBL:CHEMBL275260,,,,False,,,
D00856,chembl:CHEMBL1526167,CHEMBL:CHEMBL1526167,,,,False,,,
D00857,chembl:CHEMBL1488393,"5,7-DIHYDROXYISOFLAVONE",,,,False,,,
D00858,iuphar.ligand:5934,BAY 11-7082,,,,False,,,
D00859,iuphar.ligand:733,WIN55212-2,,,,False,,,
D00860,ncit:C79132,KAINIC ACID,,,,False,,,
D00861,rxcui:873,ANTHRALIN,,,,True,,,
D00862,chembl:CHEMBL570408,"1,4-DIMETHOXYANTHRAQUINONE",,,,False,,,
D00863,chembl:CHEMBL590660,CHEMBL:CHEMBL590660,,,,False,,,
D00864,rxcui:40137,TAMOXIFEN CITRATE,,,,True,,,
D00865,chembl:CHEMBL77030,TYRPHOSTIN 47,,,,False,,,
D00866,chembl:CHEMBL1498652,CHEMBL:CHEMBL1498652,,,,False,,,
D00867,ncit:C152359,SILIBININ,,,,False,,,
D00868,iuphar.ligand:2506,R-(+)-METHANANDAMIDE,,,,False,,,
D00869,rxcui:2367409,ARTEMISININ,,,,True,,,
D00870,rxcui:9894,SODIUM NITRITE,,,,True,,,
D00871,rxcui:1362929,METHYL ISOBUTYL KETONE,,,,True,,,
D00872,chembl:CHEMBL505670,CHEMBL:CHEMBL505670,,,,False,,,
D00873,chembl:CHEMBL587772,CHEMBL:CHEMBL587772,,,,False,,,
D00874,rxcui:6765,TIOPRONIN,,,,True,,,
D00875,chembl:CHEMBL41092,CHRYSOPHANOL,,,,False,,,
D00876,iuphar.ligand:4297,RO19-4603,,,,False,,,
D00877,rxcui:6922,METRONIDAZOLE,,,,True,,,
D00878,chembl:CHEMBL220845,CHEMBL:CHEMBL220845,,,,False,,,
D00879,rxcui:49255,DOMIPHEN BROMIDE,,,,False,,,
D00880,chembl:CHEMBL59150,CHEMBL:CHEMBL59150,,,,False,,,
D00881,chembl:CHEMBL270299,BAY-11-7085,,,,False,,,
D00882,rxcui:2598123,METHOXYCHLOR,,,,False,,,
D00883,chembl:CHEMBL1386434,CHEMBL:CHEMBL1386434,,,,False,,,
D00884,chembl:CHEMBL1449651,"PYRROLIDINE DITHIOCARBAMIC ACID, AMMONIUM SALT",,,,False,,,
D00885,chembl:CHEMBL1426508,CHEMBL:CHEMBL1426508,,,,False,,,
D00886,chembl:CHEMBL43612,JUGLONE,,,,False,,,
D00887,chembl:CHEMBL586031,CHEMBL:CHEMBL586031,,,,False,,,
D00888,iuphar.ligand:4261,NADA,,,,False,,,
D00889,rxcui:1545982,CARBIDOPA ANHYDROUS,Antiparkinson Agents,,,True,,,
D00890,chembl:CHEMBL1490851,BENZYLACETONE,,,,False,,,
D00891,chembl:CHEMBL1332182,CHEMBL:CHEMBL1332182,,,,False,,,
D00892,chembl:CHEMBL80155,CHEMBL:CHEMBL80155,,,,False,,,
D00893,ncit:C66358,PEROSPIRONE,,inhibitor,,False,,,
D00894,chembl:CHEMBL312487,CHEMBL:CHEMBL312487,,,,False,,,
D00895,iuphar.ligand:5283,U73122,,,,False,,,
D00896,chembl:CHEMBL1725279,SP-600125,,,,False,,,
D00897,rxcui:1426778,PHENYLMERCURIC ACETATE,,,,False,,,
D00898,iuphar.ligand:6651,"3,5-DIIODO-L-TYROSINE",,,,False,,,
D00899,rxcui:1368153,CINNAMIC ALDEHYDE,,,,True,,,
D00900,chembl:CHEMBL20562,ZAPA,,,,False,,,
D00901,chembl:CHEMBL487187,THIOPHANATE METHYL,,,,False,,,
D00902,iuphar.ligand:5913,AG 112,,,,False,,,
D00903,iuphar.ligand:957,(+)-UH232,,inhibitor,,False,,,
D00904,drugbank:DB17048,PLUMBAGIN,,,,False,,,
D00905,iuphar.ligand:962,[3H]NEMONAPRIDE,,inhibitor,,False,,,
D00906,iuphar.ligand:2364,ANANDAMIDE,,,,False,,,
D00907,chembl:CHEMBL1326758,CHEMBL:CHEMBL1326758,,,,False,,,
D00908,rxcui:34706,PROPYLPARABEN,,,,True,,,
D00909,chembl:CHEMBL166486,CHEMBL:CHEMBL166486,,,,False,,,
D00910,rxcui:1311567,SULISOBENZONE,,,,True,,,
D00911,ncit:C152121,QUINELORANE,,agonist,,False,,,
D00912,drugbank:DB03535,Z-PRO-PROLINAL,,,,False,,,
D00913,chembl:CHEMBL60718,TPCK,,,,False,,,
D00914,chembl:CHEMBL528451,CHEMBL:CHEMBL528451,,,,False,,,
D00915,rxcui:235765,BENSERAZIDE HYDROCHLORIDE,,,,False,,,
D00916,rxcui:8347,PIPOBROMAN,,,,True,,,
D00917,iuphar.ligand:5149,BROMOENOL LACTONE,,,,False,,,
D00918,chembl:CHEMBL366603,DIALLYLDISULFIDE,,,,False,,,
D00919,chembl:CHEMBL1363249,CHEMBL:CHEMBL1363249,,,,False,,,
D00920,ncit:C79884,BINOSPIRONE,,,,False,,,
D00921,chembl:CHEMBL139935,CHEMBL:CHEMBL139935,,,,False,,,
D00922,ncit:C1480,DAMNACANTHAL,,,,False,,,
D00923,ncit:C1491,TYRPHOSTIN AG 879,,,,False,,,
D00924,chembl:CHEMBL575867,4-CHLOROMERCURIBENZOIC ACID,,,,False,,,
D00925,chembl:CHEMBL549208,CHEMBL:CHEMBL549208,,,,False,,,
D00926,iuphar.ligand:9190,COMPOUND 3 [PMID: 23134120],,agonist,,False,,,
D00927,chembl:CHEMBL591628,CHEMBL:CHEMBL591628,,,,False,,,
D00928,chembl:CHEMBL83154,2-AMINOANTHRACENE,,,,False,,,
D00929,chembl:CHEMBL244707,CHEMBL:CHEMBL244707,,,,False,,,
D00930,chembl:CHEMBL152028,N- (9-FLUORENYLMETHOXYCARBONYL)-L-LEUCINE,,,,False,,,
D00931,chembl:CHEMBL578905,CHEMBL:CHEMBL578905,,,,False,,,
D00932,chembl:CHEMBL429694,CONGO RED,,,,False,,,
D00933,rxcui:1992,CAPSAICIN,Small molecule,,,True,,,
D00934,rxcui:6728,VITAMIN K3,Small Molecule,,,True,,,
D00935,drugbank:DB04459,"3,4-DICHLOROISOCOUMARIN",,,,False,,,
D00936,chembl:CHEMBL225257,CHEMBL:CHEMBL225257,,,,False,,,
D00937,rxcui:1739004,METHYLEPHEDRINE,,,,False,,,
D00938,chembl:CHEMBL328710,CHEMBL:CHEMBL328710,,,,False,,,
D00939,chembl:CHEMBL166415,2-NITROANISOLE,,,,False,,,
D00940,chembl:CHEMBL34398,4'-METHOXYCHALCONE,,,,False,,,
D00941,chembl:CHEMBL239439,CHEMBL:CHEMBL239439,,,,False,,,
D00942,rxcui:1368147,CAPTAN,,,,False,,,
D00943,drugbank:DB04744,LAWSONE,,,,False,,,
D00944,chembl:CHEMBL548540,CHEMBL:CHEMBL548540,,,,False,,,
D00945,rxcui:21107,CILOSTAZOL,small molecule,,,True,,,
D00946,chembl:CHEMBL242080,E319,,,,False,,,
D00947,iuphar.ligand:7683,PF-592379,,agonist,,False,,,
D00948,chembl:CHEMBL591137,CHEMBL:CHEMBL591137,,,,False,,,
D00949,ncit:C61936,SARCOLYSIN,,,,False,,,
D00950,chembl:CHEMBL1354502,KOPARIN,,,,False,,,
D00951,chembl:CHEMBL324774,CHEMBL:CHEMBL324774,,,,False,,,
D00952,iuphar.ligand:970,(+)-AJ76,,inhibitor,,False,,,
D00953,chembl:CHEMBL718,METHYLDOPA (RACEMIC),,,,False,,,
D00954,chembl:CHEMBL1580175,CHEMBL:CHEMBL1580175,,,,False,,,
D00955,chembl:CHEMBL1214274,CHEMBL:CHEMBL1214274,,,,False,,,
D00956,iuphar.ligand:983,NEMONAPRIDE,,inhibitor,,False,,,
D00957,chembl:CHEMBL151797,CHEMBL:CHEMBL151797,,,,False,,,
D00958,iuphar.ligand:8019,SB-415286,,,,False,,,
D00959,ncit:C1098,FENRETINIDE,Small molecule,,,True,,,
D00960,chembl:CHEMBL373204,ALPHA-CYPERMETHRIN,,,,False,,,
D00961,chembl:CHEMBL469309,CHEMBL:CHEMBL469309,,,,False,,,
D00962,chembl:CHEMBL1549738,CHEMBL:CHEMBL1549738,,,,False,,,
D00963,rxcui:2348,CHLORAMPHENICOL,,,,True,,,
D00964,rxcui:1311571,ETHYL VANILLIN,,,,True,,,
D00965,chembl:CHEMBL600908,CHEMBL:CHEMBL600908,,,,False,,,
D00966,chembl:CHEMBL75978,5-DEMETHYLNOBILETIN,,,,False,,,
D00967,chembl:CHEMBL1593,ALDOPHOSPHAMIDE,,,,False,,,
D00968,rxcui:10472,THIMEROSAL,,,,True,,,
D00969,iuphar.ligand:2611,ROTTLERIN,,,,False,,,
D00970,chembl:CHEMBL1242017,BIS(2-ETHYLHEXYL) PHTHALATE,,,,False,,,
D00971,rxcui:7813,OXYMETHOLONE,,,,True,,,
D00972,iuphar.ligand:11288,R-VK4-40,,inhibitor,,False,,,
D00973,chembl:CHEMBL156075,CHEMBL:CHEMBL156075,,,,False,,,
D00974,ncit:C84120,PROROXAN HYDROCHLORIDE,,,,False,,,
D00975,chembl:CHEMBL77387,CHEMBL:CHEMBL77387,,,,False,,,
D00976,iuphar.ligand:729,2-ARACHIDONOYLGLYCEROL,,,,False,,,
D00977,chembl:CHEMBL585628,CHEMBL:CHEMBL585628,,,,False,,,
D00978,chembl:CHEMBL602158,CHEMBL:CHEMBL602158,,,,False,,,
D00979,chembl:CHEMBL484853,CARNOSIC ACID,,,,False,,,
D00980,rxcui:746741,PRAMIPEXOLE,Antidyskinetics,agonist,,True,,,
D00981,chembl:CHEMBL17329,CHEMBL:CHEMBL17329,,,,False,,,
D00982,rxcui:232158,ROFECOXIB,small molecule,,,True,,,
D00983,chembl:CHEMBL75267,"7,8-DIHYDROXYFLAVONE",,,,False,,,
D00984,drugbank:DB07995,H-89,,,,False,,,
D00985,iuphar.ligand:5917,AG 9,,,,False,,,
D00986,rxcui:1000112,MEDROXYPROGESTERONE ACETATE,,,,True,,,
D00987,chembl:CHEMBL1256291,CHEMBL:CHEMBL1256291,,,,False,,,
D00988,rxcui:1921877,EDARAVONE,,,,True,,,
D00989,iuphar.ligand:9189,HS665,,agonist,,False,,,
D00990,rxcui:52071,LINOLENIC ACID,,,,True,,,
D00991,iuphar.ligand:750,AM-630,,,,False,,,
D00992,rxcui:1311389,GALLIC ACID,,,,False,,,
D00993,chembl:CHEMBL1415851,CHEMBL:CHEMBL1415851,,,,False,,,
D00994,chembl:CHEMBL133576,ACID BLUE 129,,,,False,,,
D00995,iuphar.ligand:951,7-TRANS-OH-PIPAT,,agonist,,False,,,
D00996,rxcui:1311634,MERCURIC CHLORIDE,,,,False,,,
D00997,ncit:C1216,RETINYL ACETATE,,,,False,,,
D00998,chembl:CHEMBL1556914,METHYL 7-DESHYDROXYPYROGALLIN-4-CARBOXYLATE,,,,False,,,
D00999,iuphar.ligand:2461,CAPSAZEPINE,,,,False,,,
D01000,chembl:CHEMBL1465049,CHEMBL:CHEMBL1465049,,,,False,,,
D01001,drugbank:DB04892,PHENSERINE,small molecule,,,False,,,
D01002,chembl:CHEMBL108851,CHEMBL:CHEMBL108851,,,,False,,,
D01003,chembl:CHEMBL366861,FUMARPROTOCETRARIC ACID,,,,False,,,
D01004,rxcui:2668045,ETRASIMOD,,agonist,,True,,,
D01005,rxcui:2288236,OZANIMOD,small molecule,agonist,,True,,,
D01006,iuphar.ligand:6992,VPC03090-P,,agonist,,False,,,
D01007,iuphar.ligand:9569,ASP4058,,agonist,,False,,,
D01008,rxcui:1012892,FINGOLIMOD,Small molecule,agonist,,True,,,
D01009,iuphar.ligand:9496,A-971432,,agonist,,False,,,
D01010,iuphar.ligand:2930,VPC44116,,agonist,,False,,,
D01011,rxcui:2532300,PONESIMOD,small molecule,agonist,,True,,,
D01012,iuphar.ligand:2925,AUY954,,agonist,,False,,,
D01013,drugbank:DB11987,GSK-2018682,,agonist,,False,,,
D01014,iuphar.ligand:12573,COMPOUND 15 [PMID: 33738061],,inhibitor,,False,,,
D01015,rxcui:2121085,SIPONIMOD,,agonist,,True,,,
D01016,iuphar.ligand:2929,COMPOUND 26 [PMID: 16190743],,agonist,,False,,,
D01017,chembl:CHEMBL2108703,LIPROTAMASE,,,,False,,,
D01018,iuphar.ligand:9492,COMPOUND 43 [PMID: 26751273],,agonist,,False,,,
D01019,iuphar.ligand:911,SPHINGOSINE 1-PHOSPHATE,,agonist,,False,,,
D01020,iuphar.ligand:2924,FINGOLIMOD-PHOSPHATE,,agonist,,False,,,
D01021,iuphar.ligand:2937,AFD(R),,agonist,,False,,,
D01022,iuphar.ligand:9889,RP-101075,,agonist,,False,,,
D01023,rxcui:16681,ACARBOSE,Hypoglycemic Agents,inhibitor,,True,,,
D01024,rxcui:12574,GEMCITABINE,Small Molecule,,,True,,,
D01025,iuphar.ligand:2347,CYCLIC GMP,,activator,,False,,,
D01026,iuphar.ligand:2349,L-(CIS)-DILTIAZEM,,blocker,,False,,,
D01027,drugbank:DB02527,CYCLIC ADENOSINE MONOPHOSPHATE,,activator,,False,,,
D01028,rxcui:10759,TRIAMCINOLONE,Anti-Inflammatory Agents,,,True,,,
D01029,iuphar.ligand:9586,AZ7188,,inhibitor,,False,,,
D01030,rxcui:203144,PRAVASTATIN SODIUM,Small Molecule,,,True,,,
D01031,rxcui:11359,LUTEIN,,,,True,,,
D01032,rxcui:2626143,LECANEMAB,,,,True,,,
D01033,ncit:C28178,PHYTOSTEROL,,,,False,,,
D01034,ncit:C1029,BUTHIONINE SULFOXIMINE,,,,False,,,
D01035,iuphar.ligand:6659,P2PAL18S,,inhibitor,,False,,,
D01036,rxcui:11256,VITAMIN E,,,,True,,,
D01037,iuphar.ligand:12490,AZ2429,,agonist,,False,,,
D01038,iuphar.ligand:6658,GB88,,inhibitor,,False,,,
D01039,rxcui:83818,IRBESARTAN,Antihypertensive Agents,,,True,,,
D01040,iuphar.ligand:3740,SLIGKV-NH2,,agonist,,False,,,
D01041,ncit:C1237,STAUROSPORINE,,,,False,,,
D01042,rxcui:72610,TROGLITAZONE,,,,True,,,
D01043,drugbank:DB17642,AEM-28,,,,False,,,
D01044,iuphar.ligand:3914,TRANS-CINNAMOYL-LIGRLO [N-[3H]PROPIONYL]-NH2,,agonist,,False,,,
D01045,ncit:C247,ACE INHIBITOR,,,,False,,,
D01046,iuphar.ligand:10268,I-191,,inhibitor,,False,,,
D01047,iuphar.ligand:9560,AZ3451,,modulator,,False,,,
D01048,drugbank:DB18345,CN-105,,,,False,,,
D01049,ncit:C1283,RECOMBINANT CYTOKINE,,,,False,,,
D01050,iuphar.ligand:4049,2-FUROYL-LIGRL[N[3H]PROPIONYL]-O-NH2,,agonist,,False,,,
D01051,rxcui:135447,DONEPEZIL,Small Molecule,,,True,,,
D01052,iuphar.ligand:9457,AC-98170,,agonist,,False,,,
D01053,rxcui:340705,HUMAN CHORIONIC GONADOTROPIN,,,,True,,,
D01054,rxcui:4637,GALANTAMINE,Small Molecule,,,True,,,
D01055,iuphar.ligand:12491,I-287,,modulator,,False,,,
D01056,ncit:C265,ANTIDEPRESSANT AGENT,,,,False,,,
D01057,iuphar.ligand:12492,ISOX-CHA-CHG-ALA-ARG-DPR(4FB)-NH2,,agonist,,False,,,
D01058,rxcui:4678,GANCICLOVIR,,,,True,,,
D01059,iuphar.ligand:9570,C391,,inhibitor,,False,,,
D01060,ncit:C574,IMMUNOSUPPRESSANT,,,,False,,,
D01061,iuphar.ligand:9585,AZ8838,,inhibitor,,False,,,
D01062,iuphar.ligand:4050,2-FUROYL-LIGRL[N-(ALEXA FLUOR 594)-O]-NH2,,agonist,,False,,,
D01063,iuphar.ligand:12493,ISOX-CHA-CHG-ARK(SULFO-CY5)-NH2,,agonist,,False,,,
D01064,iuphar.ligand:9455,AY77,,agonist,,False,,,
D01065,iuphar.ligand:9456,AC-55541,,agonist,,False,,,
D01066,iuphar.ligand:9460,AC264613,,agonist,,False,,,
D01067,iuphar.ligand:6660,[3H]2-FUROYL-LIGRL-NH2,,agonist,,False,,,
D01068,iuphar.ligand:3851,2-FUROYL-LIGRLO-AMIDE,,agonist,,False,,,
D01069,iuphar.ligand:6657,GB110,,agonist,,False,,,
D01070,rxcui:203204,BUPROPION HYDROCHLORIDE,Small Molecule,,,True,,,
D01071,rxcui:183379,RIVASTIGMINE,Nootropic Agents,,,True,,,
D01072,rxcui:31983,NORETHINDRONE ACETATE,,,,True,,,
D01073,rxcui:8640,PREDNISONE,Small Molecule,,,True,,,
D01074,iuphar.ligand:3741,SLIGRL-NH2,,agonist,,False,,,
D01075,rxcui:236809,GINKGO BILOBA EXTRACT,,,,True,,,
D01076,rxcui:1309980,SOYBEAN SEED OIL,,,,True,,,
D01077,ncit:C196,"BENZO(A)PYRENE-7,8-DIOL 9,10-EPOXIDE",,,,False,,,
D01078,rxcui:41127,FLUVASTATIN,Small Molecule,,,True,,,
D01079,ncit:C1803,SOY PROTEIN ISOLATE,,,,False,,,
D01080,rxcui:85762,RITONAVIR,,,,True,,,
D01081,rxcui:6470,LORAZEPAM,small molecule,,,True,,,
D01082,rxcui:17511,ALPHA-KETOGLUTARIC ACID,,agonist,,False,,,
D01083,rxcui:235554,METHACYCLINE HYDROCHLORIDE,,,,True,,,
D01084,rxcui:6979,MINOCYCLINE HYDROCHLORIDE,,,,True,,,
D01085,chembl:CHEMBL1160028,TETRAIDOFLUORESCEIN,,,,False,,,
D01086,ncit:C81556,ASCORBYL PALMITATE,,,,False,,,
D01087,rxcui:52582,MESALAMINE,Small Molecule,,,True,,,
D01088,drugbank:DB08660,QUINALIZARIN,,,,False,,,
D01089,ncit:C352,CARUBICIN,,,,False,,,
D01090,rxcui:1656052,CANGRELOR,Small molecule,inhibitor,,True,,,
D01091,rxcui:5650,IDARUBICIN,Antineoplastic Agents,,,True,,,
D01092,iuphar.ligand:5551,WEDELOLACTONE,,,,False,,,
D01093,iuphar.ligand:1368,L-CCG-I,,,,False,,,
D01094,drugbank:DB16871,HEMATOXYLIN,,,,False,,,
D01095,rxcui:1043181,ELLAGIC ACID,,,,False,,,
D01096,chembl:CHEMBL1597273,PERSEITOL,,,,False,,,
D01097,iuphar.ligand:1379,LY367385,,,,False,,,
D01098,rxcui:203129,MITOXANTRONE HYDROCHLORIDE,,,,True,,,
D01099,iuphar.ligand:6307,BENZOQUINONE,,,,False,,,
D01100,rxcui:1368643,CARMINIC ACID,,,,True,,,
D01101,chembl:CHEMBL1355965,DIENOCHLOR,,,,False,,,
D01102,rxcui:150816,IMIPRAMINE HYDROCHLORIDE,small molecule,,,True,,,
D01103,chembl:CHEMBL484640,CHEMBL:CHEMBL484640,,,,False,,,
D01104,ncit:C76666,PROTOPORPHYRIN DISODIUM,,,,False,,,
D01105,chembl:CHEMBL170405,ROBINETIN,,,,False,,,
D01106,chembl:CHEMBL124006,CHEMBL:CHEMBL124006,,,,False,,,
D01107,chembl:CHEMBL1486690,PYRONIN Y,,,,False,,,
D01108,rxcui:10256,SURAMIN,,,,False,,,
D01109,rxcui:2667741,FISETIN,,,,False,,,
D01110,chembl:CHEMBL61133,SULOCHRIN,,,,False,,,
D01111,rxcui:236303,ISOSPAGLUMIC ACID,,,,False,,,
D01112,chembl:CHEMBL399043,THIOLACTOMYCIN,,,,False,,,
D01113,ncit:C75768,QUERCETIN DIHYDRATE,,,,False,,,
D01114,rxcui:7512,NOREPINEPHRINE,small molecule,,,True,,,
D01115,iuphar.ligand:2669,EICOSATETRANOIC ACID,,,,False,,,
D01116,rxcui:1545999,OXYTETRACYCLINE ANHYDROUS,,,,True,,,
D01117,chembl:CHEMBL1606248,IRETOL,,,,False,,,
D01118,ncit:C1177,OLTIPRAZ,,,,False,,,
D01119,rxcui:56161,SENNOSIDE B,,,,False,,,
D01120,chembl:CHEMBL1255647,CHEMBL:CHEMBL1255647,,,,False,,,
D01121,rxcui:1426889,INDIGO,,,,True,,,
D01122,chembl:CHEMBL1440119,IRIGINOL HEXAACEATATE,,,,False,,,
D01123,drugbank:DB02207,7-NITROINDAZOLE,,,,False,,,
D01124,rxcui:2684982,VITEXIN,,,,False,,,
D01125,chembl:CHEMBL172439,SLAZINIC ACID,,,,False,,,
D01126,rxcui:6375,LEVODOPA,Antiparkinson Agents,,,True,,,
D01127,iuphar.ligand:1771,R-138727,,inhibitor,,False,,,
D01128,rxcui:10328,TANNIC ACID,,,,True,,,
D01129,chembl:CHEMBL67535,CHEMBL:CHEMBL67535,,,,False,,,
D01130,iuphar.ligand:3635,N-ARACHIDONOYLGLYCINE,,,,False,,,
D01131,iuphar.ligand:3384,ARL66096,,inhibitor,,False,,,
D01132,iuphar.ligand:1764,2MESAMP,,inhibitor,,False,,,
D01133,chembl:CHEMBL1333189,PROPAZINE,,,,False,,,
D01134,rxcui:214468,DAUNORUBICIN LIPOSOMAL,Chemotherapy,,,True,,,
D01135,chembl:CHEMBL175266,CHEMBL:CHEMBL175266,,,,False,,,
D01136,iuphar.ligand:8015,SB 216763,,,,False,,,
D01137,rxcui:4061,ERYTHROSINE,,,,True,,,
D01138,iuphar.ligand:1347,6-HYDROXYMELATONIN,,,,False,,,
D01139,rxcui:2531311,ROSMARINIC ACID,,,,False,,,
D01140,iuphar.ligand:1755,ADP&BETA;S,,agonist,,False,,,
D01141,iuphar.ligand:1710,2MESADP,,agonist,,False,,,
D01142,ncit:C529,GOSSYPOL,,,,False,,,
D01143,rxcui:8762,PROPANTHELINE BROMIDE,,,,True,,,
D01144,rxcui:21949,CYCLOBENZAPRINE,small molecule,,,True,,,
D01145,chembl:CHEMBL598477,CHEMBL:CHEMBL598477,,,,False,,,
D01146,rxcui:1116632,TICAGRELOR,small molecule,inhibitor,,True,,,
D01147,rxcui:5764,INDAPAMIDE,Antihypertensive Agents,,,True,,,
D01148,iuphar.ligand:1769,INS49266,,inhibitor,,False,,,
D01149,iuphar.ligand:10340,COMPOUND 58L [PMID: 30843696],,inhibitor,,False,,,
D01150,chembl:CHEMBL1305393,CHEMBL:CHEMBL1305393,,,,False,,,
D01151,ncit:C29020,EQUILIN,,,,False,,,
D01152,chembl:CHEMBL313493,METHANESULFONIC ACID METHYL ESTER,,,,False,,,
D01153,chembl:CHEMBL165064,ISOKAEMPFERIDE,,,,False,,,
D01154,drugbank:DB13174,RHEIN,,,,False,,,
D01155,chembl:CHEMBL65675,GALLIC ACID METHYL ESTER,,,,False,,,
D01156,rxcui:1313722,REGRELOR,unknown,inhibitor,,False,,,
D01157,rxcui:8595,POTASSIUM DICHROMATE,,,,False,,,
D01158,chembl:CHEMBL578390,APX-3330,,inhibitor,,False,,,
D01159,ncit:C47967,CEFAMANDOLE SODIUM,,,,False,,,
D01160,ncit:C65857,HOMIDIUM BROMIDE,,,,False,,,
D01161,rxcui:203115,AMPICILLIN TRIHYDRATE,,,,True,,,
D01162,rxcui:1546021,CEFIXIME ANHYDROUS,,,,True,,,
D01163,drugbank:DB02166,PROPIDIUM,,,,False,,,
D01164,iuphar.ligand:3930,JP1302,,,,False,,,
D01165,iuphar.ligand:1756,AR-C67085,,inhibitor,,False,,,
D01166,chembl:CHEMBL179611,CHEMBL:CHEMBL179611,,,,False,,,
D01167,iuphar.ligand:5906,COMPOUND 20O [PMID: 22984835],,inhibitor,,False,,,
D01168,rxcui:1546455,HYPERICIN,,,,False,,,
D01169,iuphar.ligand:1712,ADP,,agonist,,False,,,
D01170,chembl:CHEMBL1451216,CHEMBL:CHEMBL1451216,,,,False,,,
D01171,rxcui:42562,CEPHAPIRIN SODIUM,,,,True,,,
D01172,chembl:CHEMBL483531,ALTENUSIN,,,,False,,,
D01173,chembl:CHEMBL554190,QUINACRINE DIHYDROCHLORIDE,,,,False,,,
D01174,chembl:CHEMBL1256813,CHEMBL:CHEMBL1256813,,,,False,,,
D01175,iuphar.ligand:4264,NBQX,,,,False,,,
D01176,chembl:CHEMBL578741,CHEMBL:CHEMBL578741,,,,False,,,
D01177,drugbank:DB02285,PROTOPORPHYRIN,,,,False,,,
D01178,chembl:CHEMBL47986,ERBSTATIN,,,,False,,,
D01179,ncit:C1316,OXIDOPAMINE,,,,False,,,
D01180,chembl:CHEMBL1224512,HISPIDIN,,,,False,,,
D01181,chembl:CHEMBL599013,CHEMBL:CHEMBL599013,,,,False,,,
D01182,chembl:CHEMBL9470,SHIKONIN,,,,False,,,
D01183,rxcui:132889,LEVONORDEFRIN,,,,True,,,
D01184,chembl:CHEMBL136344,CHEMBL:CHEMBL136344,,,,False,,,
D01185,chembl:CHEMBL275938,AURINTRICARBOXYLIC ACID,,,,False,,,
D01186,chembl:CHEMBL515252,CHEMBL:CHEMBL515252,,,,False,,,
D01187,ncit:C28696,RECOMBINANT 70-KD HEAT-SHOCK PROTEIN,,,,False,,,
D01188,chembl:CHEMBL294264,PURPURIN,,,,False,,,
D01189,iuphar.ligand:1732,AP4A,,inhibitor,,False,,,
D01190,chembl:CHEMBL533293,CHEMBL:CHEMBL533293,,,,False,,,
D01191,rxcui:203117,CEFOTAXIME SODIUM,,,,True,,,
D01192,chembl:CHEMBL2368547,SENNOSIDE A,,,,False,,,
D01193,chembl:CHEMBL19954,CHEMBL:CHEMBL19954,,,,False,,,
D01194,rxcui:221058,AMPICILLIN (ANHYDROUS),,,,True,,,
D01195,ncit:C550,HYCANTHONE,,,,False,,,
D01196,iuphar.ligand:7002,EPIGALLOCATECHIN-3-GALLATE,,,,False,,,
D01197,chembl:CHEMBL413376,SURAMIN HEXASODIUM,,,,False,,,
D01198,drugbank:DB16770,MORIN,,,,False,,,
D01199,rxcui:9471,ROSE BENGAL,,,,False,,,
D01200,iuphar.ligand:6148,COMPOUND 4 [PMID: 23083103],,inhibitor,,False,,,
D01201,iuphar.ligand:1772,CLOPIDOGREL (ACTIVE METABOLITE),,inhibitor,,False,,,
D01202,chembl:CHEMBL354349,EUFLAVINE,,,,False,,,
D01203,iuphar.ligand:5905,COMPOUND 4 [PMID: 22984835],,inhibitor,,False,,,
D01204,chembl:CHEMBL278489,DCMU,,,,False,,,
D01205,chembl:CHEMBL1255865,IOFETAMINE HYDROCHLORIDE,,,,False,,,
D01206,chembl:CHEMBL123,ELLIPTECINE,,,,False,,,
D01207,chembl:CHEMBL1284,"3,4-DIHYDROXYPHENYLACETIC ACID",,,,False,,,
D01208,chembl:CHEMBL1372368,MUNDULONE ACETATE,,,,False,,,
D01209,chembl:CHEMBL469424,ASTERRIC ACID,,,,False,,,
D01210,chembl:CHEMBL1601846,CHEMBL:CHEMBL1601846,,,,False,,,
D01211,chembl:CHEMBL18824,L-NOREPINEPHRINE,,,,False,,,
D01212,ncit:C77945,DEXPROPRANOLOL HYDROCHLORIDE,,,,False,,,
D01213,iuphar.ligand:1766,BX 048,,inhibitor,,False,,,
D01214,chembl:CHEMBL173530,STICTIC ACID,,,,False,,,
D01215,rxcui:81992,DAUNORUBICIN HYDROCHLORIDE,,,,True,,,
D01216,ncit:C81340,NORDEFRIN,,,,False,,,
D01217,iuphar.ligand:7360,AZD1283,,inhibitor,,False,,,
D01218,chembl:CHEMBL172350,EUPAFOLIN,,,,False,,,
D01219,chembl:CHEMBL1329029,TETROQUINONE,,,,False,,,
D01220,rxcui:25138,FLUORESCEIN,,,,True,,,
D01221,iuphar.ligand:6147,[3H]PSB-0413,,inhibitor,,False,,,
D01222,drugbank:DB13326,EUFLAVINE,,,,False,,,
D01223,rxcui:3992,EPINEPHRINE,Small Molecule,,,True,,,
D01224,rxcui:53694,NIMESULIDE,,,,False,,,
D01225,chembl:CHEMBL211670,CHEMBL:CHEMBL211670,,,,False,,,
D01226,iuphar.ligand:1767,BX 667,,inhibitor,,False,,,
D01227,iuphar.ligand:1773,PCMBS,,inhibitor,,False,,,
D01228,rxcui:2233,CEPHALORIDINE,,,,False,,,
D01229,chembl:CHEMBL33864,"LIPOIC ACID, ALPHA",,,,False,,,
D01230,rxcui:45045,AVOBENZONE,,,,True,,,
D01231,iuphar.ligand:5904,PSB-0739,,inhibitor,,False,,,
D01232,chembl:CHEMBL244948,DAPHNETIN,,,,False,,,
D01233,chembl:CHEMBL451197,OXIDOPAMINE HYDROCHLORIDE,,,,False,,,
D01234,rxcui:194000,CAPECITABINE,F-pyrimidines,,,True,,,
D01235,rxcui:1148495,CRIZOTINIB,cMET Inhibitors,,,True,,,
D01236,rxcui:263034,PANITUMUMAB,Antineoplastic Agents,,,True,,,
D01237,rxcui:318341,CETUXIMAB,Antineoplastic Agents,,,True,,,
D01238,rxcui:153329,IRINOTECAN HYDROCHLORIDE,TOPO1 inhibitor,,,True,,,
D01239,iuphar.ligand:1920,ONO-8711,,inhibitor,,False,,,
D01240,iuphar.ligand:1938,I-BOP,,agonist,,False,,,
D01241,ncit:C87372,LAROPIPRANT,Small molecule,inhibitor,,True,,,
D01242,iuphar.ligand:1888,U46619,,agonist,,False,,,
D01243,iuphar.ligand:1985,[3H]SQ-29548,,inhibitor,,False,,,
D01244,iuphar.ligand:1977,KW-3635,,inhibitor,,False,,,
D01245,ncit:C76400,RAMATROBAN,,inhibitor,,True,,,
D01246,iuphar.ligand:9755,PBT-3,,inhibitor,,False,,,
D01247,ncit:C81570,IFETROBAN,,inhibitor,,False,,,
D01248,iuphar.ligand:1978,ONO-3708,,inhibitor,,False,,,
D01249,iuphar.ligand:1898,S-5751,,inhibitor,,False,,,
D01250,ncit:C90753,TERUTROBAN,,inhibitor,,False,,,
D01251,iuphar.ligand:1972,U46609,,agonist,,False,,,
D01252,iuphar.ligand:1983,[125I]SQ-29548,,inhibitor,,False,,,
D01253,iuphar.ligand:3332,I-SAP,,inhibitor,,False,,,
D01254,iuphar.ligand:1973,[125I]BOP,,agonist,,False,,,
D01255,ncit:C79571,CLOPROSTENOL,,agonist,,False,,,
D01256,ncit:C76900,FLUPROSTENOL,,agonist,,False,,,
D01257,iuphar.ligand:1970,CARBOCYCLIC THROMBOXANE A2,,agonist,,False,,,
D01258,ncit:C169873,DALTROBAN,,inhibitor,,False,,,
D01259,rxcui:40138,ILOPROST,Antihypertensive Agents,agonist,,True,,,
D01260,ncit:C65463,DOMITROBAN,,inhibitor,,False,,,
D01261,iuphar.ligand:1949,AH23848,,inhibitor,,False,,,
D01262,iuphar.ligand:1971,EP 171,,agonist,,False,,,
D01263,iuphar.ligand:1982,[125I]SAP,,inhibitor,,False,,,
D01264,iuphar.ligand:1893,CARBACYCLIN,,agonist,,False,,,
D01265,rxcui:3478,DINOPROSTONE,Abortifacient Agents,agonist,,True,,,
D01266,ncit:C76408,VAPIPROST,,inhibitor,,False,,,
D01267,iuphar.ligand:11537,NTP42,,inhibitor,,False,,,
D01268,iuphar.ligand:1939,STA2,,agonist,,False,,,
D01269,iuphar.ligand:6069,"10,10-DIFLUORO TXA2",,agonist,,False,,,
D01270,iuphar.ligand:6071,AGN 191976,,agonist,,False,,,
D01271,rxcui:3477,DINOPROST,,agonist,,False,,,
D01272,iuphar.ligand:1892,BUTAPROST (FREE ACID FORM),,agonist,,False,,,
D01273,iuphar.ligand:1981,[125I]PTA-OH,,inhibitor,,False,,,
D01274,iuphar.ligand:1980,SQ-29548,,inhibitor,,False,,,
D01275,iuphar.ligand:6072,ICI 192605,,inhibitor,,False,,,
D01276,iuphar.ligand:1913,MB-28767,,agonist,,False,,,
D01277,iuphar.ligand:3802,[125I]PYY-(3-36) (HUMAN),,agonist,,False,,,
D01278,iuphar.ligand:1549,NPY-(2-36),,agonist,,False,,,
D01279,iuphar.ligand:1519,[125I]PYY,,agonist,,False,,,
D01280,iuphar.ligand:1536,NPY-(16-36) (PIG),,agonist,,False,,,
D01281,iuphar.ligand:1547,BIIE0246,,inhibitor,,False,,,
D01282,iuphar.ligand:1527,"[LEU31,PRO34]PYY (HUMAN)",,agonist,,False,,,
D01283,iuphar.ligand:1534,C2-NPY (PIG),,agonist,,False,,,
D01284,iuphar.ligand:1545,"[LEU31,PRO34]NPY",,agonist,,False,,,
D01285,iuphar.ligand:3504,JNJ-5207787,,inhibitor,,False,,,
D01286,iuphar.ligand:1518,"[125I]NPY (HUMAN, MOUSE, RAT)",,agonist,,False,,,
D01287,iuphar.ligand:1522,"[ALA31,AIB32]NPY (PIG)",,agonist,,False,,,
D01288,iuphar.ligand:1510,NPY-(3-36) (PIG),,agonist,,False,,,
D01289,iuphar.ligand:1546,[PRO34]PYY (HUMAN),,agonist,,False,,,
D01290,iuphar.ligand:1514,PEPTIDE YY,peptide,agonist,,False,,,
D01291,iuphar.ligand:1539,NPY-(22-36) (PIG),,agonist,,False,,,
D01292,iuphar.ligand:1508,NPY-(2-36) (PIG),,agonist,,False,,,
D01293,iuphar.ligand:1544,[D-TRP32]NPY,,agonist,,False,,,
D01294,iuphar.ligand:1505,NPY,,agonist,,False,,,
D01295,iuphar.ligand:1515,PEPTIDE YY,,agonist,,False,,,
D01296,iuphar.ligand:3627,NEUROPEPTIDE Y-(3-36),,agonist,,False,,,
D01297,iuphar.ligand:1507,NPY-(13-36) (PIG),,agonist,,False,,,
D01298,iuphar.ligand:1517,PYY-(3-36),,agonist,,False,,,
D01299,iuphar.ligand:1540,NPY-(26-36) (PIG),,agonist,,False,,,
D01300,iuphar.ligand:1538,NPY-(20-36) (PIG),,agonist,,False,,,
D01301,iuphar.ligand:1524,"[LEU31,PRO34]NPY (PIG)",,agonist,,False,,,
D01302,iuphar.ligand:1504,NEUROPEPTIDE Y,,agonist,,False,,,
D01303,iuphar.ligand:1516,"PYY-(13-36) (MOUSE, RAT, PIG)",,agonist,,False,,,
D01304,iuphar.ligand:8538,PF-04852946,,inhibitor,,False,,,
D01305,rxcui:42331,MISOPROSTOL,Small Molecule,agonist,,True,,,
D01306,iuphar.ligand:1947,19(R)-OH-PGE2,,agonist,,False,,,
D01307,iuphar.ligand:9283,TG6-129,,inhibitor,,False,,,
D01308,iuphar.ligand:5852,MRE-269,,agonist,,False,,,
D01309,iuphar.ligand:5819,COMPOUND 1 [PMID: 20080612],,modulator,,False,,,
D01310,iuphar.ligand:5817,PF-04418948,,inhibitor,,False,,,
D01311,ncit:C170253,OMIDENEPAG,,agonist,,False,,,
D01312,iuphar.ligand:1928,AH13205,,agonist,,False,,,
D01313,iuphar.ligand:10603,TG11-77,,inhibitor,,False,,,
D01314,iuphar.ligand:12520,TG8-260,,inhibitor,,False,,,
D01315,rxcui:343048,TREPROSTINIL,small molecule,agonist,,True,,,
D01316,iuphar.ligand:1896,AH6809,,inhibitor,,False,,,
D01317,iuphar.ligand:5818,TG4-155,,inhibitor,,False,,,
D01318,ncit:C152512,TAPRENEPAG,,agonist,,False,,,
D01319,iuphar.ligand:10110,PGN-9856,,agonist,,False,,,
D01320,iuphar.ligand:8546,TG7-171,,inhibitor,,False,,,
D01321,iuphar.ligand:1881,PGD2,,agonist,,False,,,
D01322,rxcui:39541,VINORELBINE,Antineoplastic Agents,,,True,,,
D01323,ncit:C226,EFLORNITHINE,,,,False,,,
D01324,rxcui:2049122,BINIMETINIB,Small molecule,,,True,,,
D01325,rxcui:1307298,ENZALUTAMIDE,Small molecule,,,True,,,
D01326,rxcui:1425098,TRAMETINIB DIMETHYL SULFOXIDE,Small molecule,,,True,,,
D01327,iuphar.ligand:1730,4-THIO-UTP,,agonist,,False,,,
D01328,rxcui:1100071,ABIRATERONE ACETATE,AR inhibitor,,,True,,,
D01329,rxcui:15657,DECITABINE,Small Molecule,,,True,,,
D01330,rxcui:35163,PYRVINIUM,,,,False,,,
D01331,iuphar.ligand:1733,MRS2698,,agonist,,False,,,
D01332,rxcui:318,ADENOSINE TRIPHOSPHATE,,agonist,,True,,,
D01333,iuphar.ligand:1731,5BRUTP,,agonist,,False,,,
D01334,rxcui:140587,CELECOXIB,Small molecule,,,True,,,
D01335,ncit:C257,NONSTEROIDAL ANTIINFLAMMATORY DRUG,,,,False,,,
D01336,drugbank:DB04005,URIDINE 5'-TRIPHOSPHATE,,agonist,,False,,,
D01337,ncit:C65436,DIQUAFOSOL,Small molecule,agonist,,False,,,
D01338,ncit:C78118,DENUFOSOL,Small molecule,agonist,,False,,,
D01339,ncit:C96799,VANTICTUMAB,,,,False,,,
D01340,iuphar.ligand:9468,PSB-416,,inhibitor,,False,,,
D01341,iuphar.ligand:4043,MRS2768,,agonist,,False,,,
D01342,drugbank:DB18024,ICG-001,,,,False,,,
D01343,iuphar.ligand:3398,2-THIOUTP,,agonist,,False,,,
D01344,ncit:C174060,BASROPARIB,,,,False,,,
D01345,ncit:C116872,OSUGACESTAT,,,,False,,,
D01346,rxcui:1098413,VANDETANIB,EGFR Inhibitors,,,True,,,
D01347,iuphar.ligand:1739,REACTIVE BLUE-2,,inhibitor,,False,,,
D01348,ncit:C90565,BUPARLISIB,Kinase Inhibitors,,,False,,,
D01349,iuphar.ligand:5902,PSB1114,,agonist,,False,,,
D01350,rxcui:337525,ERLOTINIB,EGFR inhibitor 1st gen,,,True,,,
D01351,iuphar.ligand:1738,AR-C126313,,inhibitor,,False,,,
D01352,ncit:C153094,TETMYB DNA VACCINE,,,,False,,,
D01353,ncit:C74072,DACTOLISIB,Kinase Inhibitors,,,False,,,
D01354,rxcui:35302,SIROLIMUS,Kinase Inhibitors,,,True,,,
D01355,rxcui:7402,NICLOSAMIDE,,,,True,,,
D01356,rxcui:10814,LIOTHYRONINE,small molecule,,,True,,,
D01357,rxcui:2670631,NIROGACESTAT,Other,,,True,,,
D01358,rxcui:1546019,DASATINIB ANHYDROUS,"Antineoplastic Agents, Protein Kinase Inhibitors",,,True,,,
D01359,iuphar.ligand:5907,AR-C118925XX,,inhibitor,,False,,,
D01360,iuphar.ligand:1735,UTP&GAMMA;S,,agonist,,False,,,
D01361,ncit:C1946,HISTONE DEACETYLASE INHIBITOR,,,,False,,,
D01362,iuphar.ligand:6433,TRIAZINE COMPOUND PC10,,inhibitor,,False,,,
D01363,rxcui:10379,TESTOSTERONE,Hormone Replacement Agents,,,True,,,
D01364,iuphar.ligand:6064,TRIAZINE COMPOUND PC1,,inhibitor,,False,,,
D01365,ncit:C2159,PROTEIN PHOSPHATASE INHIBITOR,,,,False,,,
D01366,iuphar.ligand:1865,MIT1,,agonist,,False,,,
D01367,drugbank:DB18538,CER-001,fusion protein,,,False,,,
D01368,iuphar.ligand:1868,PROKINETICIN-2&BETA;,,agonist,,False,,,
D01369,iuphar.ligand:1867,PROKINETICIN-2,,agonist,,False,,,
D01370,iuphar.ligand:8518,IS20,,agonist,,False,,,
D01371,ncit:C1312,GENERIC DRUG,,,,False,,,
D01372,iuphar.ligand:6431,TRIAZINE COMPOUND PC7,,inhibitor,,False,,,
D01373,rxcui:4603,FUROSEMIDE,Antihypertensive Agents,,,True,,,
D01374,rxcui:68244,LAMIVUDINE,,,,True,,,
D01375,ncit:C776,PROGESTIN,small molecule,,,True,,,
D01376,iuphar.ligand:6735,BMS309403,,,,False,,,
D01377,iuphar.ligand:1866,PROKINETICIN-1,,agonist,,False,,,
D01378,iuphar.ligand:8517,IS1,,agonist,,False,,,
D01379,ncit:C171748,APABETALONE,small molecule,,,False,,,
D01380,ncit:C784,PROTEIN SYNTHESIS INHIBITOR,,,,False,,,
D01381,iuphar.ligand:8522,[125I]BH-MIT1,,agonist,,False,,,
D01382,iuphar.ligand:11451,PSB-16133,,inhibitor,,False,,,
D01383,iuphar.ligand:6199,MRS2927,,agonist,,False,,,
D01384,iuphar.ligand:1743,ITP,,agonist,,False,,,
D01385,iuphar.ligand:1740,(N)METHANOCARBA-UTP,,agonist,,False,,,
D01386,iuphar.ligand:8255,DEZAMIZUMAB,,antibody,,False,,,
D01387,iuphar.ligand:6200,N4-PHENYLETHOXYCYTIDINE-5'-TRIPHOSPHATE,,agonist,,False,,,
D01388,drugbank:DB04137,GUANOSINE-5'-TRIPHOSPHATE,,agonist,,False,,,
D01389,iuphar.ligand:1725,PPADS,,inhibitor,,False,,,
D01390,ncit:C153210,DEZAMIZUMAB,,inhibitor,,False,,,
D01391,iuphar.ligand:6201,2-AMINO-URIDINE-5'-MONOPHOSPHATE,,agonist,,False,,,
D01392,iuphar.ligand:4044,MRS4062,,agonist,,False,,,
D01393,ncit:C153209,MIRIDESAP,,modulator; inhibitor,,False,,,
D01394,rxcui:2637345,VOLANESORSEN,,,,True,,,
D01395,ncit:C783,PROTEASE INHIBITOR,,,,False,,,
D01396,ncit:C76896,BERAPROST,Small molecule,agonist,,False,,,
D01397,iuphar.ligand:1966,[3H]ILOPROST,,agonist,,False,,,
D01398,iuphar.ligand:5851,BAY-73-1449,,inhibitor,,False,,,
D01399,iuphar.ligand:1963,BMY 45778,,agonist,,False,,,
D01400,iuphar.ligand:1917,CICAPROST,,agonist,,False,,,
D01401,iuphar.ligand:1969,CAY10441,,inhibitor,,False,,,
D01402,iuphar.ligand:5855,FK-788,,agonist,,False,,,
D01403,rxcui:1729002,SELEXIPAG,small molecule,agonist,,True,,,
D01404,rxcui:34132,PEGASPARGASE,,,,True,,,
D01405,rxcui:8814,EPOPROSTENOL,small molecule,agonist,,True,,,
D01406,iuphar.ligand:1965,TEI-9063,,agonist,,False,,,
D01407,iuphar.ligand:4042,RO3244794,,inhibitor,,False,,,
D01408,ncit:C166506,ESUBERAPROST,,agonist,,False,,,
D01409,ncit:C76403,TAPROSTENE,,agonist,,False,,,
D01410,iuphar.ligand:1962,AFP-07,,agonist,,False,,,
D01411,iuphar.ligand:5854,FR181157,,agonist,,False,,,
D01412,iuphar.ligand:5853,EP 157,,agonist,,False,,,
D01413,rxcui:6902,METHYLPREDNISOLONE,small molecule,,,True,,,
D01414,iuphar.ligand:1478,EFWSLAAPQRF-NH2,,agonist,,False,,,
D01415,iuphar.ligand:1485,BIBP3226,,inhibitor,,False,,,
D01416,rxcui:25113,FLUMETHASONE PIVALATE,small molecule,,,True,,,
D01417,iuphar.ligand:1480,PANCREATIC POLYPEPTIDE,,agonist,,False,,,
D01418,ncit:C1235,ST 638,,,,False,,,
D01419,iuphar.ligand:1479,NEUROPEPTIDE FF,,agonist,,False,,,
D01420,rxcui:1514,BETAMETHASONE,Small Molecule,,,True,,,
D01421,iuphar.ligand:2341,PHORBOL 12-MYRISTATE 13-ACETATE,,,,False,,,
D01422,rxcui:23033,DIFLORASONE DIACETATE,Anti-Inflammatory Agents,,,True,,,
D01423,rxcui:8638,PREDNISOLONE,Small Molecule,,,True,,,
D01424,iuphar.ligand:4016,RFRP-3,,agonist,,False,,,
D01425,rxcui:108088,ALCLOMETASONE,small molecule,,,True,,,
D01426,rxcui:2590,CLOBETASOL,Anti-Inflammatory Agents,,,True,,,
D01427,rxcui:55681,RIMEXOLONE,small molecule,,,True,,,
D01428,iuphar.ligand:1477,1DME,,agonist,,False,,,
D01429,iuphar.ligand:1488,[125I]EYF,,agonist,,False,,,
D01430,rxcui:34369,PREDNICARBATE,Anti-Inflammatory Agents,,,True,,,
D01431,iuphar.ligand:1489,DNPA,,agonist,,False,,,
D01432,iuphar.ligand:4021,[3H]EYF,,agonist,,False,,,
D01433,rxcui:1362740,4-PHENYLENEDIAMINE,,,,False,,,
D01434,rxcui:21249,CLOCORTOLONE,Anti-Inflammatory Agents,,,True,,,
D01435,ncit:C866,TETRADECANOYLPHORBOL ACETATE,,,,False,,,
D01436,rxcui:224905,TRASTUZUMAB,Antineoplastic Agents,,,True,,,
D01437,rxcui:3255,DESOXIMETASONE,Anti-Inflammatory Agents,,,True,,,
D01438,iuphar.ligand:1482,Y-RFRP-3,,agonist,,False,,,
D01439,iuphar.ligand:3797,[125I]NPFF,,agonist,,False,,,
D01440,rxcui:17652,AMCINONIDE,Anti-Inflammatory Agents,,,True,,,
D01441,rxcui:237027,LOTEPREDNOL,Small Molecule,,,True,,,
D01442,rxcui:1347,BECLOMETHASONE,Anti-Inflammatory Agents,,,True,,,
D01443,rxcui:108118,MOMETASONE,Small Molecule,,,True,,,
D01444,iuphar.ligand:1486,RF9,,inhibitor,,False,,,
D01445,rxcui:3254,DESONIDE,Small Molecule,,,True,,,
D01446,iuphar.ligand:4020,AC263093,,agonist,,False,,,
D01447,rxcui:41208,HALOBETASOL,Anti-inflammatory Agents,,,True,,,
D01448,ncit:C65862,HYDROCORTAMATE,small molecule,,,True,,,
D01449,iuphar.ligand:11235,COMPOUND 46 [PMID: 25268943],,inhibitor,,False,,,
D01450,iuphar.ligand:1879,"L-644,698",,agonist,,False,,,
D01451,rxcui:2588243,INCLISIRAN,,,,True,,,
D01452,ncit:C1589,REVERSE TRANSCRIPTASE INHIBITOR,,,,False,,,
D01453,iuphar.ligand:1890,ZK118182,,agonist,,False,,,
D01454,iuphar.ligand:1886,RS 93520,,agonist,,False,,,
D01455,rxcui:1114195,RIVAROXABAN,small molecule,,,True,,,
D01456,iuphar.ligand:8537,ONO-AE3-237,,inhibitor,,False,,,
D01457,iuphar.ligand:1876,&DELTA;12-PGJ2,,agonist,,False,,,
D01458,iuphar.ligand:1885,PGJ2,,agonist,,False,,,
D01459,iuphar.ligand:1887,SQ-27986,,agonist,,False,,,
D01460,rxcui:1364430,APIXABAN,Small molecule,,,True,,,
D01461,iuphar.ligand:1897,BWA868C,,inhibitor,,False,,,
D01462,iuphar.ligand:1889,ZK110841,,agonist,,False,,,
D01463,rxcui:1367839,MIPOMERSEN,antisense oligo,,,True,,,
D01464,rxcui:2447,CHOLESTYRAMINE RESIN,,,,True,,,
D01465,rxcui:24246,EPIGALLOCATECHIN GALLATE,,,,True,,,
D01466,rxcui:1297766,ATORVASTATIN CALCIUM TRIHYDRATE,Anticholesteremic Agents,,,True,,,
D01467,iuphar.ligand:1899,[3H]BWA868C,,inhibitor,,False,,,
D01468,rxcui:5224,HEPARIN,Small Molecule,,,True,,,
D01469,iuphar.ligand:1878,BW 245C,,agonist,,False,,,
D01470,rxcui:1364478,LOMITAPIDE MESYLATE,Small molecule,,,True,,,
D01471,iuphar.ligand:1880,"L-888,291",,agonist,,False,,,
D01472,iuphar.ligand:1877,"15-DEOXY-&DELTA;12,14-PGJ2",,agonist,,False,,,
D01473,rxcui:1546356,DABIGATRAN,Anticoagulants,,,True,,,
D01474,ncit:C74960,ALPHA-TOCOPHEROL,,,,False,,,
D01475,iuphar.ligand:11951,ASAPIPRANT,,inhibitor,,False,,,
D01476,ncit:C152874,VIDUPIPRANT,,inhibitor,,False,,,
D01477,rxcui:1599538,EDOXABAN,Small molecule,,,True,,,
D01478,iuphar.ligand:6066,PKR-A,,inhibitor,,False,,,
D01479,iuphar.ligand:1637,TIPP&PSI;,,inhibitor,,False,,,
D01480,iuphar.ligand:1640,NALTRIBEN,,inhibitor,,False,,,
D01481,chembl:CHEMBL599924,CHEMBL:CHEMBL599924,,,,False,,,
D01482,iuphar.ligand:8870,AT-076,,inhibitor,,False,,,
D01483,chembl:CHEMBL592115,CHEMBL:CHEMBL592115,,,,False,,,
D01484,iuphar.ligand:9193,ZYKLOPHIN,,inhibitor,,False,,,
D01485,ncit:C170144,ATICAPRANT,,inhibitor,,False,,,
D01486,drugbank:DB04886,CALANOLIDE A,,,,False,,,
D01487,iuphar.ligand:11694,SRI22141,,agonist,,False,,,
D01488,ncit:C112002,CEBRANOPADOL,,agonist,,False,,,
D01489,rxcui:203192,NALOXONE HYDROCHLORIDE,Opiate Antagonists,inhibitor,,True,,,
D01490,iuphar.ligand:1610,ETHYLKETOCYCLAZOCINE,,agonist,,False,,,
D01491,iuphar.ligand:1607,DADLE,,agonist,,False,,,
D01492,chembl:CHEMBL1098875,CHEMBL:CHEMBL1098875,,,,False,,,
D01493,iuphar.ligand:1609,DSLET,,agonist,,False,,,
D01494,iuphar.ligand:1629,NALORPHINE,,agonist,,False,,,
D01495,rxcui:154985,NALBUPHINE HYDROCHLORIDE,"Analgesics, Opioid",agonist,,True,,,
D01496,rxcui:221171,THONZONIUM BROMIDE,,,,True,,,
D01497,chembl:CHEMBL1487183,ALEXIDINE HYDROCHLORIDE,,,,False,,,
D01498,chembl:CHEMBL584626,CHEMBL:CHEMBL584626,,,,False,,,
D01499,ncit:C65596,ETONITAZENE,,agonist,,False,,,
D01500,rxcui:1516803,ALVIMOPAN ANHYDROUS,small molecule,inhibitor,,True,,,
D01501,rxcui:29899,METHYLNALTREXONE,OIC treatment,inhibitor,,True,,,
D01502,chembl:CHEMBL590691,CHEMBL:CHEMBL590691,,,,False,,,
D01503,iuphar.ligand:9006,UFP-512,,agonist,,False,,,
D01504,chembl:CHEMBL1208858,CALMIDAZOLIUM CHLORIDE,,,,False,,,
D01505,iuphar.ligand:3819,[3H]DPDPE,,agonist,,False,,,
D01506,rxcui:1876597,NALDEMEDINE,,inhibitor,,True,,,
D01507,chembl:CHEMBL600336,CHEMBL:CHEMBL600336,,,,False,,,
D01508,rxcui:40036,BENZETHONIUM CHLORIDE,,,,True,,,
D01509,ncit:C80570,QUADAZOCINE,,inhibitor,,False,,,
D01510,chembl:CHEMBL600313,CHEMBL:CHEMBL600313,,,,False,,,
D01511,chembl:CHEMBL36654,ROEMERINE,,,,False,,,
D01512,ncit:C80578,ETORPHINE,,agonist,,False,,,
D01513,iuphar.ligand:1642,NOR-BINALTORPHIMINE,,inhibitor,,False,,,
D01514,chembl:CHEMBL1235966,SCOULERINE,,,,False,,,
D01515,iuphar.ligand:1620,DYNORPHIN A,,agonist,,False,,,
D01516,iuphar.ligand:3873,DSTBULET,,agonist,,False,,,
D01517,iuphar.ligand:9003,ADL5747,Small molecule,agonist,,True,,,
D01518,chembl:CHEMBL86464,CHEMBL:CHEMBL86464,,,,False,,,
D01519,chembl:CHEMBL578944,CHEMBL:CHEMBL578944,,,,False,,,
D01520,iuphar.ligand:9838,UFP-505,,inhibitor,,False,,,
D01521,iuphar.ligand:1604,(-)-CYCLAZOCINE,,agonist,,False,,,
D01522,rxcui:236774,FLUPIRTINE MALEATE,,,,False,,,
D01523,iuphar.ligand:1634,BNTX,,inhibitor,,False,,,
D01524,rxcui:2559612,SAMIDORPHAN,Small molecule,inhibitor,,True,,,
D01525,iuphar.ligand:1611,SNC80,,agonist,,False,,,
D01526,iuphar.ligand:1603,(-)-BREMAZOCINE,,agonist,,False,,,
D01527,iuphar.ligand:10452,NMRA-140,,inhibitor,,False,,,
D01528,iuphar.ligand:1635,CTAP,,inhibitor,,False,,,
D01529,chembl:CHEMBL527336,CHEMBL:CHEMBL527336,,,,False,,,
D01530,ncit:C170234,NORMORPHINE,,agonist,,False,,,
D01531,chembl:CHEMBL585656,CHEMBL:CHEMBL585656,,,,False,,,
D01532,chembl:CHEMBL582722,CHEMBL:CHEMBL582722,,,,False,,,
D01533,iuphar.ligand:1619,DYNORPHIN A-(1-13),,agonist,,False,,,
D01534,iuphar.ligand:1622,DYNORPHIN B,,agonist,,False,,,
D01535,iuphar.ligand:1615,DELTORPHIN II,,agonist,,False,,,
D01536,rxcui:10689,TRAMADOL,"Analgesics, Opioid",agonist,,True,,,
D01537,iuphar.ligand:9748,BMS-986187,,modulator,,False,,,
D01538,iuphar.ligand:10482,COMPOUND 16 [PMID: 31498617],,,,False,,,
D01539,iuphar.ligand:1623,ENDOMORPHIN-1,,agonist,,False,,,
D01540,chembl:CHEMBL1576310,CHEMBL:CHEMBL1576310,,,,False,,,
D01541,iuphar.ligand:4060,[D-ALA2]DELTORPHIN II,,agonist,,False,,,
D01542,iuphar.ligand:3816,[3H]DELTORPHIN II,,agonist,,False,,,
D01543,rxcui:218337,METHADONE HYDROCHLORIDE,"Analgesics, Opioid",agonist,,True,,,
D01544,rxcui:103755,MEPERIDINE HYDROCHLORIDE,small molecule,agonist,,True,,,
D01545,chembl:CHEMBL299853,CHEMBL:CHEMBL299853,,,,False,,,
D01546,chembl:CHEMBL1226,AMINODIMETHOXYQUINAZOLINYLPIPERAZINE,,,,False,,,
D01547,iuphar.ligand:10185,NFP,,inhibitor,,False,,,
D01548,ncit:C170277,OXYCODEGOL,Small molecule polymer conjugate,agonist,,False,,,
D01549,rxcui:203177,HYDROMORPHONE HYDROCHLORIDE,Small Molecule,agonist,,True,,,
D01550,iuphar.ligand:7824,AZD7268,,agonist,,False,,,
D01551,iuphar.ligand:9065,[3H][D-ALA2]DELTORPHIN I,,agonist,,False,,,
D01552,chembl:CHEMBL581868,CHEMBL:CHEMBL581868,,,,False,,,
D01553,iuphar.ligand:1643,&BETA;-ENDORPHIN,,agonist,,False,,,
D01554,iuphar.ligand:1608,DPDPE,,agonist,,False,,,
D01555,iuphar.ligand:1612,[3H]DIPRENORPHINE,,agonist,,False,,,
D01556,iuphar.ligand:1621,DYNORPHIN A-(1-8),,agonist,,False,,,
D01557,iuphar.ligand:9004,ADL5859,,agonist,,False,,,
D01558,iuphar.ligand:1631,&BETA;-FNA,,inhibitor,,False,,,
D01559,rxcui:8001,PENTAZOCINE,"Analgesics, Opioid",agonist,,True,,,
D01560,iuphar.ligand:1616,DIHYDROMORPHINE,,agonist,,False,,,
D01561,iuphar.ligand:9294,BU08028,,agonist,,False,,,
D01562,chembl:CHEMBL1989853,CHEMBL:CHEMBL1989853,,,,False,,,
D01563,rxcui:32926,PAREGORIC,"Analgesics, Opioid",agonist,,True,,,
D01564,rxcui:7243,NALTREXONE,Opiate Antagonists,inhibitor,,True,,,
D01565,iuphar.ligand:1641,NALTRINDOLE,,inhibitor,,False,,,
D01566,iuphar.ligand:10518,BILORPHIN,,agonist,,False,,,
D01567,chembl:CHEMBL51931,"9,10-PHENANTHRENEQUINONE",,,,False,,,
D01568,iuphar.ligand:9002,BW373U86,,agonist,,False,,,
D01569,iuphar.ligand:13395,ATOXIFENT,,agonist,,False,,,
D01570,iuphar.ligand:8868,SCH221510,,agonist,,False,,,
D01571,iuphar.ligand:10675,PN6047,,agonist,,False,,,
D01572,ncit:C166495,DIPRENORPHINE,,agonist,,False,,,
D01573,rxcui:142436,FENTANYL CITRATE,"Adjuvants, Anesthesia",agonist,,True,,,
D01574,iuphar.ligand:1613,[LEU]ENKEPHALIN,,agonist,,False,,,
D01575,chembl:CHEMBL601757,CHEMBL:CHEMBL601757,,,,False,,,
D01576,rxcui:31479,NALMEFENE,Small molecule,agonist,,True,,,
D01577,iuphar.ligand:9005,AR-M1000390,,agonist,,False,,,
D01578,chembl:CHEMBL600175,CHEMBL:CHEMBL600175,,,,False,,,
D01579,chembl:CHEMBL1481509,CHEMBL:CHEMBL1481509,,,,False,,,
D01580,rxcui:2198975,METHYLENE BLUE ANHYDROUS,,,,True,,,
D01581,rxcui:1796444,METHYLBENZETHONIUM CHLORIDE,,,,False,,,
D01582,iuphar.ligand:1618,DYNORPHIN-(1-11),,agonist,,False,,,
D01583,iuphar.ligand:10442,UDM-001651,,inhibitor,,False,,,
D01584,iuphar.ligand:10270,P4PAL-10,,inhibitor,,False,,,
D01585,drugbank:DB14942,BMS-986141,,inhibitor,,False,,,
D01586,iuphar.ligand:3883,GYPGKF-NH2,,agonist,,False,,,
D01587,iuphar.ligand:4061,AYPGKF-NH2,,agonist,,False,,,
D01588,iuphar.ligand:10271,RAG8,,inhibitor,,False,,,
D01589,iuphar.ligand:9459,ML354,,inhibitor,,False,,,
D01590,iuphar.ligand:9458,YD-3,,inhibitor,,False,,,
D01591,iuphar.ligand:3739,GYPGQV-NH2,,agonist,,False,,,
D01592,iuphar.ligand:10269,BMS-986120,,inhibitor,,False,,,
D01593,iuphar.ligand:11707,SHA 68R,,inhibitor,,False,,,
D01594,iuphar.ligand:1490,NEUROPEPTIDE S,,agonist,,False,,,
D01595,iuphar.ligand:11226,NPS(1-4)NH2,,agonist,,False,,,
D01596,iuphar.ligand:5814,PI1,,inhibitor,,False,,,
D01597,iuphar.ligand:9168,NCGC 84,,inhibitor,,False,,,
D01598,iuphar.ligand:1491,NEUROPEPTIDE S,,agonist,,False,,,
D01599,rxcui:40028,ANISTREPLASE,protein,,,True,,,
D01600,iuphar.ligand:1493,[125I]TYR10NPS (HUMAN),,agonist,,False,,,
D01601,iuphar.ligand:5815,QA1,,inhibitor,,False,,,
D01602,drugbank:DB02967,N-ETHYLMALEIMIDE,,,,False,,,
D01603,iuphar.ligand:9166,[CY5-LYS19]NPS,,agonist,,False,,,
D01604,iuphar.ligand:7929,RTI-118,,inhibitor,,False,,,
D01605,iuphar.ligand:1492,NEUROPEPTIDE S,,agonist,,False,,,
D01606,rxcui:10324,TAMOXIFEN,"Antineoplastic Agents, Hormonal",,,True,,,
D01607,iuphar.ligand:4872,BDNF,,,,False,,,
D01608,rxcui:632,MITOMYCIN,Chemotherapy,,,True,,,
D01609,rxcui:11253,VITAMIN D,,,,True,,,
D01610,rxcui:258494,EXEMESTANE,Small Molecule,,,True,,,
D01611,iuphar.ligand:10484,RJW100,,agonist,,False,,,
D01612,rxcui:3350,CLODRONIC ACID,Small Molecule,,,True,,,
D01613,iuphar.ligand:3738,PTHRP,,,,False,,,
D01614,rxcui:1311506,GLYCYRRHETINIC ACID,,,,True,,,
D01615,ncit:C548,THERAPEUTIC HORMONE,,,,False,,,
D01616,rxcui:2898,COUMARIN,,,,True,,,
D01617,drugbank:DB17042,PD-98059,,,,False,,,
D01618,rxcui:6711,MELATONIN,Hypnotics and Sedatives,,,True,,,
D01619,rxcui:1356715,ETIDRONIC ACID,,,,True,,,
D01620,rxcui:1311287,CALCITONIN,Small molecule,,,True,,,
D01621,rxcui:73710,PARICALCITOL,Antiparathyroideal Agents,,,True,,,
D01622,rxcui:9872,ETIDRONATE DISODIUM,,,,True,,,
D01623,rxcui:11289,WARFARIN,small molecule,,,True,,,
D01624,rxcui:6835,METHIMAZOLE,Antithyroid Agents,,,True,,,
D01625,rxcui:2002,CARBAMAZEPINE,Small Molecule,,,True,,,
D01626,iuphar.ligand:4942,GM-CSF,protein,,,False,,,
D01627,ncit:C29618,THERAPEUTIC ANDROSTANOLONE,,,,False,,,
D01628,ncit:C28201,BIOCHANIN A,,,,False,,,
D01629,ncit:C29619,DIHYDROTESTOSTERONE,,,,False,,,
D01630,ncit:C387,RECOMBINANT COLONY STIMULATING FACTOR,,,,False,,,
D01631,rxcui:25696,GENISTEIN,,,,True,,,
D01632,rxcui:1348,BECLOMETHASONE DIPROPIONATE,Small molecule,,,True,,,
D01633,drugbank:DB12007,ISOFLAVONE,,,,False,,,
D01634,iuphar.ligand:6579,H2L5186303,,inhibitor,,False,,,
D01635,iuphar.ligand:2916,DIOCTANOYLGLYCEROL PYROPHOSPHATE,,inhibitor; agonist,,False,,,
D01636,iuphar.ligand:2906,LPA,,agonist,,False,,,
D01637,iuphar.ligand:2907,KI16425,,inhibitor,,False,,,
D01638,iuphar.ligand:2911,FARNESYL MONOPHOSPHATE,,inhibitor,,False,,,
D01639,iuphar.ligand:2913,ALKYL OMPT,,agonist,,False,,,
D01640,iuphar.ligand:2908,VPC32183,,inhibitor,,False,,,
D01641,iuphar.ligand:2915,&ALPHA;-FLUOROMETHYLENEPHOSPHONATE,,agonist,,False,,,
D01642,iuphar.ligand:2936,2-OLEOYL-LPA,,agonist,,False,,,
D01643,iuphar.ligand:2912,OMPT,,agonist,,False,,,
D01644,iuphar.ligand:2909,VPC12249,,inhibitor,,False,,,
D01645,iuphar.ligand:2905,AM966,,inhibitor,,False,,,
D01646,iuphar.ligand:11313,CPX,,agonist,,False,,,
D01647,iuphar.ligand:4031,DODECYLPHOSPHATE,,inhibitor,,False,,,
D01648,iuphar.ligand:5450,VPC32179,,inhibitor,,False,,,
D01649,drugbank:DB07780,FARNESYL DIPHOSPHATE,,inhibitor,,False,,,
D01650,iuphar.ligand:11314,CPY,,agonist,,False,,,
D01651,iuphar.ligand:8906,CD2314,,agonist,,False,,,
D01652,iuphar.ligand:2740,ALRT 1550,,inhibitor,,False,,,
D01653,rxcui:358258,BORTEZOMIB,Small Molecule,,,True,,,
D01654,iuphar.ligand:2741,ALL-TRANS-4-OXO-RETINOIC ACID,,inhibitor,,False,,,
D01655,ncit:C62771,OBATOCLAX MESYLATE,,inhibitor,,False,,,
D01656,rxcui:44157,CLADRIBINE,,,,True,,,
D01657,ncit:C64776,NAVITOCLAX,,inhibitor,,False,,,
D01658,iuphar.ligand:7664,NC00075159,,activator,,False,,,
D01659,iuphar.ligand:11479,RETIGABINE DERIVATIVE 10G,,activator,,False,,,
D01660,iuphar.ligand:2596,XE991,,inhibitor,,False,,,
D01661,ncit:C76778,FLINDOKALNER,,activator,,False,,,
D01662,drugbank:DB03095,TETRAMETHYLAMMONIUM,,blocker,,False,,,
D01663,iuphar.ligand:2600,(S)-N-[1-(3-MORPHOLIN-4-YL-PHENYL)-ETHYL]-3-PHENYL-ACRYLAMIDE,,activator,,False,,,
D01664,rxcui:1436,BEPRIDIL,small molecule,blocker,,True,,,
D01665,rxcui:1112990,EZOGABINE,small molecule,activator,,True,,,
D01666,iuphar.ligand:7665,ML213,,activator,,False,,,
D01667,ncit:C82306,LINOPIRDINE,,inhibitor,,False,,,
D01668,iuphar.ligand:2387,PIP2,,activator,,False,,,
D01669,iuphar.ligand:7721,ABT-639,,blocker,,False,,,
D01670,rxcui:83213,MIBEFRADIL,,blocker,,False,,,
D01671,iuphar.ligand:7724,TTA-A2,,blocker,,False,,,
D01672,iuphar.ligand:12647,ACT-709478,,blocker,,False,,,
D01673,iuphar.ligand:7720,ML218,,blocker,,False,,,
D01674,iuphar.ligand:7718,Z944,,blocker,,False,,,
D01675,ncit:C174710,SUVECALTAMIDE,,blocker,,False,,,
D01676,rxcui:4459,FLUNARIZINE,Anticonvulsants,blocker,,False,,,
D01677,rxcui:1512,BETAINE,,other/unknown,,True,,,
D01678,rxcui:81965,BETAINE HYDROCHLORIDE,,other/unknown,,True,,,
D01679,iuphar.ligand:2549,SHK TOXIN,,blocker,,False,,,
D01680,rxcui:10565,THYROGLOBULIN,,,,True,,,
D01681,rxcui:641,AMIKACIN,,,,True,,,
D01682,ncit:C128057,ANTI-PD-L1 MONOCLONAL ANTIBODY,,,,False,,,
D01683,rxcui:1547545,PEMBROLIZUMAB,PD1 Ab,,,True,,,
D01684,drugbank:DB05482,SN-38,,,,False,,,
D01685,iuphar.ligand:2650,BMS753,,agonist,,False,,,
D01686,iuphar.ligand:11955,BMS-189532,,inhibitor,,False,,,
D01687,drugbank:DB02877,AROTINOID ACID,,agonist,,False,,,
D01688,rxcui:22482,DEMECARIUM BROMIDE,Antiglaucomic Agents,,,True,,,
D01689,rxcui:3740,ECHOTHIOPHATE IODIDE,Miotics,,,True,,,
D01690,ncit:C575,IMMUNOTOXIN,,,,False,,,
D01691,rxcui:6027,ISOFLUROPHATE,small molecule,,,True,,,
D01692,rxcui:1815,BUPIVACAINE,"Anesthetics, Local",,,True,,,
D01693,rxcui:26826,HEXAFLUORENIUM,small molecule,,,False,,,
D01694,iuphar.ligand:2642,RO 41-5253,,inhibitor,,False,,,
D01695,rxcui:83947,TAZAROTENE,Keratolytic Agents,agonist,,True,,,
D01696,ncit:C71025,TAMIBAROTENE,Small Molecule,agonist,,True,,,
D01697,rxcui:6761,MEPTAZINOL,,,,True,,,
D01698,rxcui:81864,ALITRETINOIN,Antineoplastic Agents,agonist,,True,,,
D01699,rxcui:235972,TACRINE HYDROCHLORIDE,,inhibitor,,True,,,
D01700,iuphar.ligand:2649,AGN193836,,agonist,,False,,,
D01701,iuphar.ligand:2643,BMS614,,inhibitor,,False,,,
D01702,rxcui:236685,MEMANTINE HYDROCHLORIDE,Antiparkinson Agents,,,True,,,
D01703,ncit:C65525,EPTASTIGMINE,,,,False,,,
D01704,iuphar.ligand:2641,BMS493,,inhibitor,,False,,,
D01705,rxcui:60223,ADAPALENE,small molecule,agonist,,True,,,
D01706,iuphar.ligand:2647,RO 40-6055,,agonist,,False,,,
D01707,iuphar.ligand:2640,AGN193109,,inhibitor,,False,,,
D01708,rxcui:8758,PROPANIDID,,inhibitor,,True,,,
D01709,rxcui:994808,RIVASTIGMINE TARTRATE,,inhibitor,,True,,,
D01710,iuphar.ligand:2652,CD666,,agonist,,False,,,
D01711,ncit:C245,ANESTHETIC AGENT,,,,False,,,
D01712,rxcui:30077,MIVACURIUM,small molecule,,,True,,,
D01713,ncit:C740,PHENOTHIAZINE,,,,False,,,
D01714,rxcui:2205637,TRIFAROTENE,,agonist,,True,,,
D01715,rxcui:10154,SUCCINYLCHOLINE,"Muscle Relaxants, Skeletal",,,True,,,
D01716,rxcui:41126,FLUTICASONE,Anti-inflammatory Agents,agonist,,True,,,
D01717,ncit:C596,IONOMYCIN,,,,False,,,
D01718,ncit:C2347,FREUND'S ADJUVANT,,,,False,,,
D01719,rxcui:6448,LITHIUM,,,,True,,,
D01720,rxcui:1299928,ZINC SULFATE ANHYDROUS,,,,True,,,
D01721,ncit:C26659,MARIJUANA,,,,False,,,
D01722,rxcui:2683,COLCHICINE,Gout Suppressants,,,True,,,
D01723,rxcui:10402,DRONABINOL,plant extract,,,True,,,
D01724,ncit:C66578,TANAPROGET,,agonist,,False,,,
D01725,ncit:C1323,CYCLOOXYGENASE INHIBITOR,,,,False,,,
D01726,rxcui:118886,VERTEPORFIN,,,,True,,,
D01727,ncit:C432,DITIOCARB,,,,False,,,
D01728,iuphar.ligand:8662,APR19,,inhibitor,,False,,,
D01729,ncit:C1657,OPIATE,,,,False,,,
D01730,rxcui:8794,PROPYLTHIOURACIL,Antithyroid Agents,,,True,,,
D01731,ncit:C2155,TYROSINE HYDROXYLASE INHIBITOR,,,,False,,,
D01732,rxcui:8410,ALTEPLASE,Thrombolytic Agents,,,True,,,
D01733,ncit:C459,MEDICATION,,,,False,,,
D01734,ncit:C91054,ASOPRISNIL,,inhibitor,,False,,,
D01735,iuphar.ligand:9642,TCDD,,,,False,,,
D01736,ncit:C527,THERAPEUTIC GONADOTROPIN,,,,False,,,
D01737,ncit:C899,RECOMBINANT TRANSFORMING GROWTH FACTOR,,,,False,,,
D01738,ncit:C170255,ONAPRISTONE,,inhibitor,,True,,,
D01739,ncit:C448,DIURETIC,,,,False,,,
D01740,ncit:C2351,HYPERBARIC OXYGEN,,,,False,,,
D01741,ncit:C258,ANTIBIOTIC,,,,False,,,
D01742,rxcui:19831,BUDESONIDE,Small Molecule,agonist,,True,,,
D01743,rxcui:1005920,ULIPRISTAL ACETATE,small molecule,inhibitor; agonist,,True,,,
D01744,drugbank:DB02152,K-252A,,,,False,,,
D01745,iuphar.ligand:9812,AZD9567,,agonist,,False,,,
D01746,iuphar.ligand:1331,ACTH,,,,False,,,
D01747,ncit:C2486,RECOMBINANT INTERLEUKIN-1 RECEPTOR ANTAGONIST,,,,False,,,
D01748,rxcui:9863,SODIUM CHLORIDE,,,,True,,,
D01749,rxcui:6809,METFORMIN,Hypoglycemic Agents,,,True,,,
D01750,iuphar.ligand:2448,H2O2,,,,False,,,
D01751,iuphar.ligand:8664,WAY-255348,,inhibitor,,False,,,
D01752,ncit:C1261,TRICHOSTATIN A,,,,False,,,
D01753,rxcui:3364,DIDANOSINE,,,,True,,,
D01754,rxcui:7597,NYSTATIN,,,,True,,,
D01755,rxcui:7396,NICARDIPINE,small molecule,,,True,,,
D01756,rxcui:1098,ARGIPRESSIN,Antidiuretic Agents,,,True,,,
D01757,rxcui:4023,ERGOT ALKALOIDS,,,,False,,,
D01758,ncit:C25995,RNA POLYMERASE INHIBITOR,,,,False,,,
D01759,rxcui:6387,LIDOCAINE,"Anesthetics, Local",,,True,,,
D01760,rxcui:266604,METYROSINE,Catecholamine synthesis inhibitors,,,True,,,
D01761,iuphar.ligand:4977,IL-12,,,,False,,,
D01762,ncit:C29554,GP-120 ANTIGEN,,,,False,,,
D01763,hemonc:30954,NORMAL SALINE,,,,False,,,
D01764,rxcui:2955,CURCUMIN,,,,True,,,
D01765,ncit:C2089,PROTEIN KINASE C INHIBITOR,,,,False,,,
D01766,rxcui:56946,PACLITAXEL,Antineoplastic Agents,,,True,,,
D01767,rxcui:18330,ARSENIC TRIOXIDE,Retinoid,,,True,,,
D01768,ncit:C1941,RECOMBINANT TUMOR NECROSIS FACTOR FAMILY PROTEIN,,,,False,,,
D01769,rxcui:4719,GEMFIBROZIL,small molecule,,,True,,,
D01770,rxcui:6373,LEVONORGESTREL,Small Molecule,agonist,,True,,,
D01771,rxcui:7514,NORETHINDRONE,"Contraceptives, Oral, Synthetic",agonist,,True,,,
D01772,rxcui:3706,DYDROGESTERONE,small molecule,agonist,,True,,,
D01773,ncit:C338,CAMPTOTHECIN,Small molecule,,,True,,,
D01774,iuphar.ligand:3448,ZK112993,,inhibitor,,False,,,
D01775,rxcui:203188,METHYLPHENIDATE HYDROCHLORIDE,Small Molecule,,,True,,,
D01776,iuphar.ligand:9061,PF-03882845,,inhibitor,,False,,,
D01777,iuphar.ligand:3453,ORG2058,,agonist,,False,,,
D01778,rxcui:5833,INOSITOL,small molecule,,,True,,,
D01779,rxcui:60661,ESTRADIOL 3-BENZOATE,,,,True,,,
D01780,rxcui:1292,BACLOFEN,Muscle Relaxants,,,True,,,
D01781,rxcui:39786,VENLAFAXINE,Small Molecule,,,True,,,
D01782,ncit:C66478,PROMEGESTONE,,agonist,,False,,,
D01783,rxcui:3390,DIETHYLSTILBESTROL,Hormone Replacement Agents,,,True,,,
D01784,rxcui:1596450,GENTAMICIN,,,,True,,,
D01785,rxcui:235426,PILOCARPINE HYDROCHLORIDE,Miotics,,,True,,,
D01786,rxcui:36567,SIMVASTATIN,Anticholesteremic Agents,,,True,,,
D01787,ncit:C1201,POLYSIALIC ACID,,,,False,,,
D01788,ncit:C1178,TILARGININE,small molecule,,,False,,,
D01789,ncit:C1404,PROTEIN KINASE INHIBITOR,,,,False,,,
D01790,rxcui:4502,FLURBIPROFEN,Small Molecule,,,True,,,
D01791,iuphar.ligand:3970,&ALPHA;-CONOTOXIN MII,,inhibitor,,False,,,
D01792,iuphar.ligand:3975,[125I]&ALPHA;-CONOTOXIN MII,,inhibitor,,False,,,
D01793,iuphar.ligand:4010,"&ALPHA;-CONOTOXIN MII [H9A, L15A]",,inhibitor,,False,,,
D01794,rxcui:6673,MECAMYLAMINE,Small Molecule,blocker,,True,,,
D01795,iuphar.ligand:3985,&ALPHA;-CONOTOXIN PIA,,inhibitor,,False,,,
D01796,ncit:C75979,HEXAMETHONIUM,,blocker,,False,,,
D01797,rxcui:495881,SORAFENIB,"Antineoplastic Agents, Protein Kinase Inhibitors",,,True,,,
D01798,rxcui:1597876,NIVOLUMAB,monoclonal antibody,,,True,,,
D01799,rxcui:1792776,ATEZOLIZUMAB,PDL1 inhibitor,,,True,,,
D01800,iuphar.ligand:7012,GSK126,,,,False,,,
D01801,iuphar.ligand:3110,J-104123,,inhibitor,,False,,,
D01802,iuphar.ligand:3111,COMPOUND 3F [PMID: 12238936],,inhibitor,,False,,,
D01803,iuphar.ligand:3119,COMPOUND 21 [PMID: 19191557],,inhibitor,,False,,,
D01804,iuphar.ligand:3135,1-ALLYL-2-[3-(ISOPROPYLAMINO)PROPOXY]-9H-XANTHEN-9-ONE,,inhibitor,,False,,,
D01805,iuphar.ligand:3126,COMPOUND 3 [PMID: 19191557],,inhibitor,,False,,,
D01806,iuphar.ligand:3123,COMPOUND 32 [PMID: 19191557],,inhibitor,,False,,,
D01807,iuphar.ligand:3057,ZARAGOZIC ACID A,,inhibitor,,False,,,
D01808,iuphar.ligand:7578,COMPOUND 15A [PMID: 22464687],,inhibitor,,False,,,
D01809,iuphar.ligand:3108,COMPOUND 4Q [PMID: 7650673],,inhibitor,,False,,,
D01810,iuphar.ligand:3124,COMPOUND 19 [PMID: 19191557],,inhibitor,,False,,,
D01811,iuphar.ligand:7997,SQ-109,,inhibitor,,False,,,
D01812,iuphar.ligand:3070,J-104118,,inhibitor,,False,,,
D01813,iuphar.ligand:3120,COMPOUND 15 [PMID: 19456099],,inhibitor,,False,,,
D01814,iuphar.ligand:3137,YM-75440,,inhibitor,,False,,,
D01815,iuphar.ligand:3128,COMPOUND 8 [PMID: 19191557],,inhibitor,,False,,,
D01816,iuphar.ligand:3105,"COMPOUND 1C [BROWN ET AL., 1997]",,inhibitor,,False,,,
D01817,iuphar.ligand:3136,1-ALLYL-2-[3-(ISOPROPYLAMINO)PROPOXY]-9H-CARBAZOLE,,inhibitor,,False,,,
D01818,iuphar.ligand:3103,NB-598,,inhibitor,,False,,,
D01819,iuphar.ligand:3085,COMPOUND 3A [PMID: 12238936],,inhibitor,,False,,,
D01820,iuphar.ligand:3063,COMPOUND 6 [PMID: 7629799],,inhibitor,,False,,,
D01821,iuphar.ligand:3125,COMPOUND 14 [PMID: 19191557],,inhibitor,,False,,,
D01822,iuphar.ligand:3104,E5700,,inhibitor,,False,,,
D01823,iuphar.ligand:3065,"COMPOUND 1 [OVERHAND ET AL., 1997]",,inhibitor,,False,,,
D01824,iuphar.ligand:3122,COMPOUND 35 [PMID: 19191557],,inhibitor,,False,,,
D01825,iuphar.ligand:3127,COMPOUND 13 [PMID: 19456099],,inhibitor,,False,,,
D01826,iuphar.ligand:3121,BPH-830,,inhibitor,,False,,,
D01827,iuphar.ligand:3077,COMPOUND 4G [PMID: 17709461],,inhibitor,,False,,,
D01828,iuphar.ligand:707,CA2+,,inhibitor,,False,,,
D01829,ncit:C63669,CARBENOXOLONE,,inhibitor,,False,,,
D01830,iuphar.ligand:4278,OCTANOL,,inhibitor,,False,,,
D01831,rxcui:4453,FLUFENAMIC ACID,,inhibitor,,False,,,
D01832,ncit:C87730,HUMAN C1-ESTERASE INHIBITOR,,inhibitor,,True,,,
D01833,rxcui:2591404,SUTIMLIMAB,,inhibitor,,True,,,
D01834,ncit:C1151,MANNOSE-BINDING LECTIN,,,,False,,,
D01835,rxcui:1599832,C1 ESTERASE INHIBITOR,protein,,,True,,,
D01836,rxcui:1427179,ANTITHROMBIN ALFA,recombinant protein,,,True,,,
D01837,chembl:CHEMBL4650442,ANX-005,,,,False,,,
D01838,ncit:C138066,NEMTABRUTINIB,,,,False,,,
D01839,ncit:C102876,TIRABRUTINIB,,inhibitor,,True,,,
D01840,drugbank:DB15291,BMS-986142,,inhibitor,,False,,,
D01841,iuphar.ligand:8353,ZM447439,,,,False,,,
D01842,ncit:C174769,RILZABRUTINIB,,inhibitor,,False,,,
D01843,ncit:C169756,ABIVERTINIB MALEATE,,inhibitor,,False,,,
D01844,chembl:CHEMBL3545193,MSC-2364447,,inhibitor,,False,,,
D01845,iuphar.ligand:11730,TAK-020,,,,False,,,
D01846,iuphar.ligand:11178,BIIB068,,,,False,,,
D01847,rxcui:1986808,ACALABRUTINIB,,inhibitor,,True,,,
D01848,ncit:C97037,SPEBRUTINIB,Small molecule,,,False,,,
D01849,ncit:C129710,BTK INHIBITOR TL-895,,,,False,,,
D01850,iuphar.ligand:9404,PP2,,,,False,,,
D01851,drugbank:DB07159,TAMATINIB,,,,False,,,
D01852,ncit:C71717,ALISERTIB,Kinase Inhibitors,,,False,,,
D01853,ncit:C116729,ILORASERTIB,AURKA-VEGF inhibitor,,,False,,,
D01854,rxcui:2262435,ZANUBRUTINIB,,inhibitor,,True,,,
D01855,ncit:C130001,BTK INHIBITOR DTRMWXHS-12,,,,False,,,
D01856,ncit:C175775,EDRALBRUTINIB,,inhibitor,,False,,,
D01857,ncit:C141427,EVOBRUTINIB,,inhibitor,,False,,,
D01858,ncit:C141425,SPEBRUTINIB BESYLATE,,inhibitor,,False,,,
D01859,ncit:C98053,TOZASERTIB,small molecule,,,False,,,
D01860,rxcui:2629338,PIRTOBRUTINIB,,inhibitor,,True,,,
D01861,chembl:CHEMBL1997335,CHEMBL:CHEMBL1997335,,,,False,,,
D01862,ncit:C136416,VECABRUTINIB,,inhibitor,,False,,,
D01863,rxcui:2641596,RITLECITINIB TOSYLATE,,inhibitor,,True,,,
D01864,ncit:C175777,ELSUBRUTINIB,,inhibitor,,False,,,
D01865,rxcui:1552358,HESPERADIN,,inhibitor,,False,,,
D01866,ncit:C156173,ORELABRUTINIB,,inhibitor,,False,,,
D01867,rxcui:2197862,ENTRECTINIB,Pan-TK inhibitor,,,True,,,
D01868,iuphar.ligand:5663,BARASERTIB-HQPA,,,,False,,,
D01869,iuphar.ligand:4215,HG2+,,inhibitor,,False,,,
D01870,ncit:C167033,BRANEBRUTINIB,,inhibitor,,False,,,
D01871,ncit:C174678,ACALABRUTINIB MALEATE,,inhibitor,,True,,,
D01872,iuphar.ligand:10361,RG-1530,,,,False,,,
D01873,ncit:C95891,PI3K-DELTA INHIBITOR AMG 319,,,,False,,,
D01874,iuphar.ligand:5714,NVP-TAE684,,,,False,,,
D01875,chembl:CHEMBL3545196,PD-0166285,,,,False,,,
D01876,ncit:C147125,ABIVERTINIB,,inhibitor,,False,,,
D01877,ncit:C173549,TOLEBRUTINIB,,inhibitor,,False,,,
D01878,iuphar.ligand:5696,MLN-8054,Small molecule,,,False,,,
D01879,ncit:C175851,REMIBRUTINIB,,,,False,,,
D01880,ncit:C76199,DOVITINIB,FGFR Inhibitor,,,False,,,
D01881,ncit:C124801,BTK INHIBITOR,,,,False,,,
D01882,rxcui:2641595,RITLECITINIB,,inhibitor,,True,,,
D01883,rxcui:1442981,IBRUTINIB,BTK inhibitor,inhibitor,,True,,,
D01884,ncit:C116844,FENEBRUTINIB,,inhibitor,,False,,,
D01885,ncit:C141273,POSELTINIB,,inhibitor,,False,,,
D01886,iuphar.ligand:9219,AL-78898A,peptide,inhibitor,,False,,,
D01887,drugbank:DB14803,AMY-101,,inhibitor,,False,,,
D01888,rxcui:2557372,PEGCETACOPLAN,,inhibitor,,True,,,
D01889,iuphar.ligand:9218,COMPSTATIN,,,,False,,,
D01890,iuphar.ligand:4270,NPPB,,blocker,,False,,,
D01891,rxcui:7418,NIFLUMIC ACID,small molecule,blocker,,False,,,
D01892,iuphar.ligand:4314,SITS,,blocker,,False,,,
D01893,iuphar.ligand:4173,DCDPC,,blocker,,False,,,
D01894,iuphar.ligand:4113,9-ANTHROIC ACID,,blocker,,False,,,
D01895,iuphar.ligand:4224,"INS(3,4,5,6)P4",,blocker,,False,,,
D01896,iuphar.ligand:12258,MONNA,,inhibitor,,False,,,
D01897,iuphar.ligand:11276,ANI9,,inhibitor,,False,,,
D01898,iuphar.ligand:4177,DIDS,,blocker,,False,,,
D01899,rxcui:227224,FLUOXETINE HYDROCHLORIDE,Small Molecule,blocker,,True,,,
D01900,iuphar.ligand:12257,CACCINH-A01,,blocker,,False,,,
D01901,ncit:C80867,CEDIRANIB,ALK inhibitor,,,False,,,
D01902,ncit:C60768,VELIPARIB,PARP Inhibitors,,,False,,,
D01903,iuphar.ligand:6412,VANILLIN,,agonist,,False,,,
D01904,rxcui:1918231,NIRAPARIB,Small molecule,,,True,,,
D01905,ncit:C126798,PIDNARULEX,,,,False,,,
D01906,ncit:C1450,PLATINUM COMPOUND,,,,False,,,
D01907,drugbank:DB03823,EPIGALLOCATECHIN,,agonist,,False,,,
D01908,iuphar.ligand:12464,THEAFLAVIN,,agonist,,False,,,
D01909,drugbank:DB07810,PHLORETIN,,agonist,,False,,,
D01910,iuphar.ligand:5215,LUTEOLIN,,agonist,,False,,,
D01911,rxcui:2099704,TALAZOPARIB,PARP Inhibitors,,,True,,,
D01912,ncit:C62526,INIPARIB,Small molecule,,,False,,,
D01913,ncit:C71726,QUARFLOXIN,,,,False,,,
D01914,rxcui:2360232,SACITUZUMAB GOVITECAN,,,,True,,,
D01915,iuphar.ligand:12466,6-METHYLFLAVONE,,inhibitor,,False,,,
D01916,rxcui:1307619,BOSUTINIB,Small molecule,,,True,,,
D01917,rxcui:1597582,OLAPARIB,PARP inhibitor,,,True,,,
D01918,iuphar.ligand:12462,EPICATECHIN GALLATE,,agonist,,False,,,
D01919,iuphar.ligand:12463,SCUTELLAREIN,,agonist,,False,,,
D01920,rxcui:1862579,RUCAPARIB,PARP inhibitor,,,True,,,
D01921,iuphar.ligand:12465,THEAFLAVIN-3′-O-GALLATE,,agonist,,False,,,
D01922,iuphar.ligand:12440,DATISCETIN,,agonist,,False,,,
D01923,iuphar.ligand:12441,(&PLUSMN;)-EQUOL,,agonist,,False,,,
D01924,iuphar.ligand:12424,L-TRP-TRP-TRP,,agonist,,False,,,
D01925,iuphar.ligand:10298,NARINGENIN,,agonist,,False,,,
D01926,ncit:C102746,PARP/TANKYRASE INHIBITOR 2X-121,PARP Inhibitors,,,False,,,
D01927,rxcui:37776,TEMOZOLOMIDE,Chemotherapy,,,True,,,
D01928,ncit:C2701,THERAPEUTIC IMMUNE GLOBULIN,Antibody replacement therapy,,,False,,,
D01929,iuphar.ligand:8562,COMPOUND 2 [PMID: 11934595],,inhibitor,,False,,,
D01930,chembl:CHEMBL144472,NILE RED,,,,False,,,
D01931,chembl:CHEMBL546649,CHEMBL:CHEMBL546649,,,,False,,,
D01932,chembl:CHEMBL1709259,CHEMBL:CHEMBL1709259,,,,False,,,
D01933,chembl:CHEMBL1998001,CHEMBL:CHEMBL1998001,,,,False,,,
D01934,chembl:CHEMBL1256775,PHENAMIL METHANESULFONATE,,,,False,,,
D01935,chembl:CHEMBL252925,GAMMA-FAGARINE,,,,False,,,
D01936,chembl:CHEMBL12658,CHEMBL:CHEMBL12658,,,,False,,,
D01937,chembl:CHEMBL241608,CALYCOSIN,,,,False,,,
D01938,chembl:CHEMBL1574420,CHEMBL:CHEMBL1574420,,,,False,,,
D01939,chembl:CHEMBL464707,WISTIN,,,,False,,,
D01940,rxcui:1603522,GLABRIDIN,,,,False,,,
D01941,chembl:CHEMBL263116,DIMETHYL YELLOW,,,,False,,,
D01942,chembl:CHEMBL1333798,CHEMBL:CHEMBL1333798,,,,False,,,
D01943,chembl:CHEMBL446567,CHEMBL:CHEMBL446567,,,,False,,,
D01944,rxcui:3521,DIPYRIDAMOLE,Small Molecule,,,True,,,
D01945,chembl:CHEMBL588683,CHEMBL:CHEMBL588683,,,,False,,,
D01946,drugbank:DB02115,DAIDZIN,,,,False,,,
D01947,chembl:CHEMBL89786,2-PHENYLQUINOLINE,,,,False,,,
D01948,ncit:C76774,PIFEXOLE,,,,False,,,
D01949,ncit:C72810,ILEPCIMIDE,,,,False,,,
D01950,chembl:CHEMBL593254,CHEMBL:CHEMBL593254,,,,False,,,
D01951,chembl:CHEMBL1404865,CHEMBL:CHEMBL1404865,,,,False,,,
D01952,chembl:CHEMBL1320798,CHEMBL:CHEMBL1320798,,,,False,,,
D01953,chembl:CHEMBL581910,CHEMBL:CHEMBL581910,,,,False,,,
D01954,chembl:CHEMBL275391,CHRYSIN DIMETHYL ETHER,,,,False,,,
D01955,chembl:CHEMBL1473252,TANSHINONE IIA SULFONATE,,,,False,,,
D01956,chembl:CHEMBL114544,CHEMBL:CHEMBL114544,,,,False,,,
D01957,chembl:CHEMBL581929,CHEMBL:CHEMBL581929,,,,False,,,
D01958,chembl:CHEMBL1078244,CHEMBL:CHEMBL1078244,,,,False,,,
D01959,chembl:CHEMBL1214407,CHEMBL:CHEMBL1214407,,,,False,,,
D01960,chembl:CHEMBL546865,CHEMBL:CHEMBL546865,,,,False,,,
D01961,chembl:CHEMBL1405979,CHEMBL:CHEMBL1405979,,,,False,,,
D01962,chembl:CHEMBL153505,CHEMBL:CHEMBL153505,,,,False,,,
D01963,chembl:CHEMBL1397833,VITAMIN B2,,,,False,,,
D01964,chembl:CHEMBL588525,CHEMBL:CHEMBL588525,,,,False,,,
D01965,chembl:CHEMBL600315,CHEMBL:CHEMBL600315,,,,False,,,
D01966,chembl:CHEMBL1420181,CHEMBL:CHEMBL1420181,,,,False,,,
D01967,chembl:CHEMBL491981,7-HYDROXY ISOFLAVONE,,,,False,,,
D01968,rxcui:38253,TIAPROFENIC ACID,small molecule,,,False,,,
D01969,chembl:CHEMBL138649,6-HYDROXYFLAVONE,,,,False,,,
D01970,rxcui:9346,RIBOFLAVIN,,,,True,,,
D01971,rxcui:7005,MITOXANTRONE,Antineoplastic Agents,,,True,,,
D01972,chembl:CHEMBL1481721,CHEMBL:CHEMBL1481721,,,,False,,,
D01973,rxcui:10450,THIABENDAZOLE,,,,True,,,
D01974,iuphar.ligand:221,SB 204741,,,,False,,,
D01975,chembl:CHEMBL421486,THUNBERGINOL E,,,,False,,,
D01976,chembl:CHEMBL273891,CHEMBL:CHEMBL273891,,,,False,,,
D01977,chembl:CHEMBL587620,CHEMBL:CHEMBL587620,,,,False,,,
D01978,chembl:CHEMBL484663,CHEMBL:CHEMBL484663,,,,False,,,
D01979,chembl:CHEMBL129177,HARMALOL,,,,False,,,
D01980,ncit:C1194,PHYTOESTROGEN,,,,False,,,
D01981,chembl:CHEMBL1308677,CHEMBL:CHEMBL1308677,,,,False,,,
D01982,rxcui:1311146,PIPERINE,,,,True,,,
D01983,ncit:C1717,IROFULVEN,,,,False,,,
D01984,chembl:CHEMBL276915,7-HYDROXYFLAVONE,,,,False,,,
D01985,ncit:C1594,ANTHRACYCLINE ANTINEOPLASTIC ANTIBIOTIC,Chemotherapy,,,False,,,
D01986,rxcui:32592,OXALIPLATIN,Platinum,,,True,,,
D01987,chembl:CHEMBL66279,CHEMBL:CHEMBL66279,,,,False,,,
D01988,chembl:CHEMBL452954,CHEMBL:CHEMBL452954,,,,False,,,
D01989,iuphar.ligand:6228,VU0001171,,,,False,,,
D01990,chembl:CHEMBL465980,ONONIN,,,,False,,,
D01991,ncit:C77588,CANERTINIB,Kinase Inhibitors,,,False,,,
D01992,rxcui:2393,CHLOROQUINE,,agonist,,True,,,
D01993,drugbank:DB07662,PD-168393,,,,False,,,
D01994,ncit:C167012,NOMACOPAN,,inhibitor,,False,,,
D01995,rxcui:591781,ECULIZUMAB,monoclonal antibody,inhibitor,,True,,,
D01996,rxcui:2107301,RAVULIZUMAB,,inhibitor,,True,,,
D01997,rxcui:2639620,VILOBELIMAB,,inhibitor,,True,,,
D01998,rxcui:2672489,ZILUCOPLAN,,inhibitor,,True,,,
D01999,rxcui:2686619,CROVALIMAB,,inhibitor,,True,,,
D02000,ncit:C129315,TESIDOLUMAB,,binder,,False,,,
D02001,ncit:C118441,OLENDALIZUMAB,,inhibitor,,False,,,
D02002,ncit:C95792,PEXELIZUMAB,,inhibitor,,False,,,
D02003,rxcui:2645108,AVACINCAPTAD PEGOL,aptamer,,,True,,,
D02004,rxcui:2663938,POZELIMAB,,inhibitor,,True,,,
D02005,rxcui:2672492,ZILUCOPLAN SODIUM,,binder,,True,,,
D02006,iuphar.ligand:8244,TGX-221,,,,False,,,
D02007,ncit:C79835,HSP90 INHIBITOR XL888,small molecule,,,False,,,
D02008,rxcui:2682434,TOVORAFENIB,,inhibitor,,True,,,
D02009,ncit:C180835,EXARAFENIB,,,,False,,,
D02010,iuphar.ligand:5703,PLX-4720,BRAF inhibitor,,,False,,,
D02011,iuphar.ligand:9976,KO-947,,,,False,,,
D02012,rxcui:253337,BEVACIZUMAB,Antineoplastic Agents,,,True,,,
D02013,rxcui:2628190,FUTIBATINIB,,,,True,,,
D02014,chembl:CHEMBL3545263,LGX-806,,inhibitor,,False,,,
D02015,drugbank:DB07430,"(10R)-10-METHYL-3-(6-METHYLPYRIDIN-3-YL)-9,10,11,12-TETRAHYDRO-8H-[1,4]DIAZEPINO[5',6':4,5]THIENO[3,2-F]QUINOLIN-8-ONE",,,,False,,,
D02016,ncit:C170364,RAVOXERTINIB,,,,False,,,
D02017,iuphar.ligand:11940,MAP855,,,,False,,,
D02018,rxcui:2274378,TAZEMETOSTAT,EZH2 inhibitor,,,True,,,
D02019,iuphar.ligand:5681,GDC-0879,,,,False,,,
D02020,iuphar.ligand:8475,AZ628,,,,False,,,
D02021,ncit:C82380,PICTILISIB BISMESYLATE,,,,False,,,
D02022,iuphar.ligand:12661,BI-847325,Kinase Inhibitors,,,False,,,
D02023,rxcui:11198,VINBLASTINE,small molecule,,,True,,,
D02024,ncit:C92591,BRAF(V600E) KINASE INHIBITOR RO5212054,RAF Inhibitor,inhibitor,,False,,,
D02025,ncit:C52195,MIRDAMETINIB,,,,False,,,
D02026,rxcui:1722365,COBIMETINIB,MEK Inhibitors,,,True,,,
D02027,iuphar.ligand:7880,AGERAFENIB,,inhibitor,,False,,,
D02028,iuphar.ligand:12623,CFT1946,,,,False,,,
D02029,ncit:C148229,PI3K/BET INHIBITOR LY294002,,,,False,,,
D02030,ncit:C107245,AGERAFENIB,,,,False,,,
D02031,ncit:C1863,ENTINOSTAT,Small molecule,,,False,,,
D02032,iuphar.ligand:5282,U0126,MEK inhibitor,,,False,,,
D02033,rxcui:1364347,PONATINIB,BCR-ABL inhibitor 3rd gen,,,True,,,
D02034,ncit:C77872,GANETESPIB,Small molecule,,,False,,,
D02035,ncit:C116861,PAN-RAF INHIBITOR LY3009120,,,,False,,,
D02036,rxcui:194337,VORINOSTAT,HDAC inhibitor,,,True,,,
D02037,iuphar.ligand:12061,BI-3406,,,,False,,,
D02038,ncit:C155322,BRAF INHIBITOR,,,,False,,,
D02039,ncit:C82696,MEK INHIBITOR RO4987655,MEK Inhibitor,,,False,,,
D02040,rxcui:1312397,REGORAFENIB,small molecule,inhibitor,,True,,,
D02041,rxcui:657797,TEMSIROLIMUS,"Antineoplastic Agents, Protein Kinase Inhibitors",inhibitor,,True,,,
D02042,rxcui:1603296,LENVATINIB,Kinase Inhibitors,,,True,,,
D02043,ncit:C106120,P53-HDM2 INTERACTION INHIBITOR MI-773,,,,False,,,
D02044,iuphar.ligand:9389,SB590885,,,,False,,,
D02045,rxcui:1298944,PERTUZUMAB,monoclonal antibody,,,True,,,
D02046,iuphar.ligand:9814,CCT241161,,,,False,,,
D02047,ncit:C121646,BELVARAFENIB,,inhibitor,,False,,,
D02048,chembl:CHEMBL2346976,AZD3514,,,,False,,,
D02049,rxcui:214525,DOXORUBICIN LIPOSOME,,,,True,,,
D02050,ncit:C126687,RINETERKIB,,,,False,,,
D02051,ncit:C62521,MOCETINOSTAT,Small molecule,,,False,,,
D02052,rxcui:1544460,IDELALISIB,Kinase Inhibitors,,,True,,,
D02053,ncit:C84864,PIMASERTIB,Kinase Inhibitors,,,False,,,
D02054,iuphar.ligand:9130,ZM336372,,,,False,,,
D02055,rxcui:2169285,ALPELISIB,EGFR mAb inhibitor,,,True,,,
D02056,rxcui:225852,LEUCOVORIN CALCIUM,Antineoplastic Adjuncts,,,True,,,
D02057,iuphar.ligand:8056,SCH772984,,,,False,,,
D02058,rxcui:993449,DENOSUMAB,monoclonal antibody,,,True,,,
D02059,ncit:C134967,BRAFV600/PI3K INHIBITOR ASN003,,,,False,,,
D02060,rxcui:1727455,ALECTINIB,Kinase Inhibitors,,,True,,,
D02061,ncit:C104744,ULIXERTINIB,,,,False,,,
D02062,ncit:C155785,BEROTERKIB ANHYDROUS,,,,False,,,
D02063,ncit:C204812,MEK INHIBITOR IMM-6-415,,,,False,,,
D02064,chembl:CHEMBL3545027,XL-281,,inhibitor,,False,,,
D02065,ncit:C167393,COMMENSAL BACTERIAL STRAIN FORMULATION VE800,,,,False,,,
D02066,ncit:C2688,NAB-PACLITAXEL,Taxanes,,,False,,,
D02067,rxcui:1430438,AFATINIB,Kinase Inhibitors,,,True,,,
D02068,iuphar.ligand:7836,E6201,,,,False,,,
D02069,ncit:C116624,NAVTEMADLIN,,,,False,,,
D02070,iuphar.ligand:8067,NVP-AEW541,,,,False,,,
D02071,ncit:C131335,TEMUTERKIB,,,,False,,,
D02072,iuphar.ligand:8059,AZD6482,,,,False,,,
D02073,drugbank:DB05190,XL281,Kinase Inhibitors,inhibitor,,False,,,
D02074,rxcui:9384,RIFAMPIN,,,,True,,,
D02075,ncit:C176765,TIZATERKIB,,,,False,,,
D02076,iuphar.ligand:9974,MK-8353,,,,False,,,
D02077,iuphar.ligand:7967,GSK2636771,Kinase Inhibitors,,,False,,,
D02078,rxcui:1193326,RUXOLITINIB,Small molecule,,,True,,,
D02079,iuphar.ligand:7935,MIRDAMETINIB,MEK Inhibitors,,,False,,,
D02080,drugbank:DB16038,PLX8394,,,,False,,,
D02081,chembl:CHEMBL5314407,ARQ-736,,inhibitor,,False,,,
D02082,rxcui:328134,GEFITINIB,"Antineoplastic Agents, Protein Kinase Inhibitors",,,True,,,
D02083,ncit:C187123,PAN-RAF INHIBITOR XP-102,,,,False,,,
D02084,rxcui:11118,VALPROIC ACID,small molecule,,,True,,,
D02085,rxcui:1946825,ABEMACICLIB,CDK4 Inhibitors,,,True,,,
D02086,chembl:CHEMBL3577124,LY-3009120,,inhibitor,,False,,,
D02087,iuphar.ligand:8008,GSK2334470,,,,False,,,
D02088,drugbank:DB05984,RAF-265,,inhibitor,,False,,,
D02089,ncit:C174203,ERK1/2 INHIBITOR JSI-1187,,,,False,,,
D02090,ncit:C80060,AVUTOMETINIB,,,,False,,,
D02091,ncit:C48378,SARACATINIB,Kinase Inhibitors,,,False,,,
D02092,ncit:C175553,TINLORAFENIB,,,,False,,,
D02093,ncit:C99165,DNA-DEPENDENT PROTEIN KINASE-TARGETING SIDNA DT01,,,,False,,,
D02094,rxcui:1940643,NERATINIB,Kinase Inhibitors,,,True,,,
D02095,ncit:C104280,P53/HDM2 INTERACTION INHIBITOR CGM097,,,,False,,,
D02096,iuphar.ligand:13367,IAG933,,,,False,,,
D02097,iuphar.ligand:9375,VTX-11E,,,,False,,,
D02098,rxcui:2103164,LORLATINIB,ALK,,,True,,,
D02099,iuphar.ligand:9702,TUBASTATIN A,,,,False,,,
D02100,drugbank:DB12848,PF-04217903,Kinase Inhibitors,,,False,,,
D02101,ncit:C91381,FUTUXIMAB/MODOTUXIMAB MIXTURE,monoclonal antibody,,,False,,,
D02102,wikidata:Q21044462,DEL-22379,,,,False,,,
D02103,chembl:CHEMBL4583691,LXH254,,inhibitor,,False,,,
D02104,ncit:C84858,MEK INHIBITOR REC-4881,,,,False,,,
D02105,ncit:C71705,PILARALISIB,Kinase Inhibitors,,,False,,,
D02106,rxcui:1601374,PALBOCICLIB,CDK4 Inhibitors,,,True,,,
D02107,iuphar.ligand:9335,YM-254890,,,,False,,,
D02108,ncit:C173437,TUNLAMETINIB,,,,False,,,
D02109,rxcui:877510,ROMIDEPSIN,small molecule,,,True,,,
D02110,chembl:CHEMBL3545137,PF-00477736,,,,False,,,
D02111,ncit:C78848,SONOLISIB,Kinase Inhibitors,,,False,,,
D02112,rxcui:5521,HYDROXYCHLOROQUINE,Small Molecule,,,True,,,
D02113,ncit:C200038,RAF INHIBITOR BDTX-4933,,,,False,,,
D02114,rxcui:1721560,OSIMERTINIB,EGFR inhibitor 3rd gen,,,True,,,
D02115,ncit:C206466,RAF INHIBITOR DCC-3084,,,,False,,,
D02116,ncit:C60770,OBATOCLAX,small molecule,,,False,,,
D02117,drugbank:DB17489,PF-07799933,,,,False,,,
D02118,ncit:C119747,ERK INHIBITOR CC-90003,,,,False,,,
D02119,iuphar.ligand:8943,LY3009120,,,,False,,,
D02120,iuphar.ligand:5666,BI-2536,Kinase Inhibitors,,,False,,,
D02121,rxcui:480167,LAPATINIB,Kinase Inhibitors,,,True,,,
D02122,drugbank:DB13048,PAC-1,,,,False,,,
D02123,ncit:C77887,SAPITINIB,Kinase Inhibitors,,,False,,,
D02124,ncit:C150248,ERK1/2 INHIBITOR ERAS-007,,,,False,,,
D02125,drugbank:DB12854,BMS-908662,,,,False,,,
D02126,ncit:C69145,MITOGEN-ACTIVATED PROTEIN KINASE KINASE INHIBITOR,MEK inhibitor,,,False,,,
D02127,ncit:C113330,PLIXORAFENIB,,inhibitor,,False,,,
D02128,rxcui:2105806,GILTERITINIB,,,,True,,,
D02129,ncit:C170951,BRAF(V600E) KINASE INHIBITOR ABM-1310,,,,False,,,
D02130,ncit:C74059,REFAMETINIB,MEK Inhibitor,,,False,,,
D02131,ncit:C192810,MEK INHIBITOR IMM-1-104,,,,False,,,
D02132,iuphar.ligand:10387,TAK-632,,,,False,,,
D02133,ncit:C125003,NAPORAFENIB,,,,False,,,
D02134,ncit:C124995,LIFIRAFENIB,,inhibitor,,False,,,
D02135,ncit:C1703,TIPIFARNIB,Farnesyltransferase inhibitor,,,False,,,
D02136,rxcui:1603350,PANOBINOSTAT,small molecule,,,True,,,
D02137,iuphar.ligand:9815,CCT196969,,,,False,,,
D02138,rxcui:2395271,SAPANISERTIB,Small molecule,,,True,,,
D02139,ncit:C172382,LUVOMETINIB,,,,False,,,
D02140,ncit:C178469,SHP2 INHIBITOR PF-07284892,,,,False,,,
D02141,rxcui:2289380,SELUMETINIB,Kinase Inhibitors,,,True,,,
D02142,rxcui:2534233,TIVOZANIB,VEGFR Inhibitor,,,True,,,
D02143,ncit:C165479,PICTILISIB,Kinase Inhibitors,,,False,,,
D02144,ncit:C173165,FICERAFUSP ALFA,,,,False,,,
D02145,ncit:C61311,B-RAF/VEGFR-2 INHIBITOR RAF265,Kinase Inhibitors,inhibitor,,False,,,
D02146,iuphar.ligand:7698,AZD1208,,,,False,,,
D02147,iuphar.ligand:8793,SAR260301,PI3K Inhibitor,,,False,,,
D02148,rxcui:282388,IMATINIB,"Antineoplastic Agents, Protein Kinase Inhibitors",,,True,,,
D02149,ncit:C141430,VORUCICLIB,,,,False,,,
D02150,drugbank:DB17099,SY-5609,,,,False,,,
D02151,rxcui:1873916,RIBOCICLIB,CDK4/6 inhibitor,,,True,,,
D02152,ncit:C173633,BRIMARAFENIB,,,,False,,,
D02153,ncit:C121625,SPARTALIZUMAB,,,,False,,,
D02154,iuphar.ligand:5674,CHIR-265,Small molecule,inhibitor,,False,,,
D02155,drugbank:DB17059,TW-37,,,,False,,,
D02156,rxcui:1094833,IPILIMUMAB,Therapeutic Antibodies,,,True,,,
D02157,iuphar.ligand:13370,NST-628,,,,False,,,
D02158,ncit:C74043,DUAL IGF-1R/INSR INHIBITOR BMS-754807,,,,False,,,
D02159,rxcui:2669407,TORIPALIMAB-TPZI,,,,True,,,
D02160,rxcui:1242999,AXITINIB,Kinase Inhibitors,,,True,,,
D02161,iuphar.ligand:7965,ZSTK474,PI3K Inhibitors,,,False,,,
D02162,drugbank:DB12241,TAK-733,Kinase Inhibitors,,,False,,,
D02163,rxcui:2049106,ENCORAFENIB,Kinase Inhibitors,inhibitor,,True,,,
D02164,chembl:CHEMBL3545080,RG-7256,,inhibitor,,False,,,
D02165,rxcui:1747556,VENETOCLAX,BCR-ABL inhibitor 2nd gen,,,True,,,
D02166,ncit:C83692,EPERISONE,,,,False,,,
D02167,rxcui:10639,TOLPERISONE,,,,False,,,
D02168,iuphar.ligand:11643,CALPEPTIN,,inhibitor,,False,,,
D02169,iuphar.ligand:11701,UAWJ9-36-3,,inhibitor,,False,,,
D02170,iuphar.ligand:10883,GC-376,,inhibitor,,False,,,
D02171,rxcui:9478,ROXITHROMYCIN,,,,False,,,
D02172,ncit:C166879,BERTILIMUMAB,,inhibitor,,False,,,
D02173,chembl:CHEMBL265582,TNF-ALPHA,,,,False,,,
D02174,ncit:C1967,TYROSINE KINASE INHIBITOR,,,,False,,,
D02175,rxcui:10240,SULTHIAME,,inhibitor,,True,,,
D02176,ncit:C65561,ETHOXZOLAMIDE,small molecule,inhibitor,,True,,,
D02177,chembl:CHEMBL441343,PARABEN,,,,False,,,
D02178,ncit:C95764,ANTI-CA6-DM4 IMMUNOCONJUGATE SAR566658,monoclonal antibody,,,False,,,
D02179,rxcui:1368647,FERULIC ACID,,,,True,,,
D02180,rxcui:6572,MAFENIDE,,,,True,,,
D02181,ncit:C1684,RECOMBINANT INTERLEUKIN-17,,,,False,,,
D02182,ncit:C29505,TOPICAL CORTICOSTEROID,,,,False,,,
D02183,ncit:C439,DINITROCHLOROBENZENE,,,,False,,,
D02184,rxcui:203214,DICLOFENAC SODIUM,Small Molecule,,,True,,,
D02185,ncit:C758,POLY IC,,,,False,,,
D02186,ncit:C622,RECOMBINANT TUMOR NECROSIS FACTOR-BETA,,,,False,,,
D02187,rxcui:235991,ANHYDROUS TACROLIMUS,Immunosuppressive Agents,,,True,,,
D02188,rxcui:1994739,OZENOXACIN,,inhibitor,,True,,,
D02189,ncit:C65801,GARENOXACIN MESYLATE,,inhibitor,,False,,,
D02190,rxcui:221054,ALATROFLOXACIN MESYLATE,,inhibitor,,True,,,
D02191,ncit:C190491,RIFAQUIZINONE,,inhibitor,,False,,,
D02192,rxcui:221177,TROVAFLOXACIN MESYLATE,,inhibitor,,True,,,
D02193,ncit:C171788,ACORAFLOXACIN,,inhibitor,,False,,,
D02194,rxcui:7517,NORFLOXACIN,,inhibitor,,True,,,
D02195,ncit:C76228,BESIFLOXACIN HYDROCHLORIDE,,inhibitor,,True,,,
D02196,rxcui:139462,MOXIFLOXACIN,,inhibitor,,True,,,
D02197,ncit:C174838,NEMONOXACIN,,inhibitor,,False,,,
D02198,rxcui:18469,SPARFLOXACIN,,inhibitor,,True,,,
D02199,ncit:C166927,NADIFLOXACIN,,inhibitor,,False,,,
D02200,ncit:C308,IMMUNOTHERAPEUTIC AGENT,,,,False,,,
D02201,ncit:C82232,ZABOFLOXACIN,,inhibitor,,False,,,
D02202,ncit:C72637,PRULIFLOXACIN,,inhibitor,,False,,,
D02203,rxcui:1927662,DELAFLOXACIN MEGLUMINE,,inhibitor,,True,,,
D02204,rxcui:402429,GEMIFLOXACIN MESYLATE,,inhibitor,,True,,,
D02205,rxcui:81981,CIPROFLOXACIN HYDROCHLORIDE,,inhibitor,,True,,,
D02206,ncit:C1391,RECOMBINANT MACROPHAGE INFLAMMATORY PROTEIN-1 ALPHA,,,,False,,,
D02207,rxcui:1546025,GATIFLOXACIN ANHYDROUS,,inhibitor,,True,,,
D02208,ncit:C170025,GEPOTIDACIN,,inhibitor,,False,,,
D02209,ncit:C76922,SITAFLOXACIN,,inhibitor,,False,,,
D02210,rxcui:7960,PEFLOXACIN,,inhibitor,,True,,,
D02211,rxcui:1367269,PRADOFLOXACIN,,inhibitor,,False,,,
D02212,rxcui:1546009,LEVOFLOXACIN ANHYDROUS,,inhibitor,,True,,,
D02213,ncit:C152962,ZOLIFLODACIN,,inhibitor,,False,,,
D02214,rxcui:1598641,FINAFLOXACIN,,inhibitor,,True,,,
D02215,rxcui:236862,GREPAFLOXACIN HYDROCHLORIDE,,inhibitor,,True,,,
D02216,rxcui:2551,CIPROFLOXACIN,,inhibitor,,True,,,
D02217,rxcui:3925,ENOXACIN,,inhibitor,,True,,,
D02218,iuphar.ligand:11786,WS-898,,inhibitor,,False,,,
D02219,ncit:C71621,BIRICODAR,,inhibitor,,False,,,
D02220,ncit:C76198,ZOSUQUIDAR,small molecule,inhibitor,,False,,,
D02221,rxcui:357977,SUNITINIB,Small Molecule,,,True,,,
D02222,chembl:CHEMBL3707297,CG250 177LU,,binder,,False,,,
D02223,ncit:C1405,VALSPODAR,,inhibitor,,False,,,
D02224,chembl:CHEMBL3707280,CG250 111IN,,binder,,False,,,
D02225,ncit:C111994,ENCEQUIDAR,,inhibitor,,False,,,
D02226,iuphar.ligand:10372,COMPOUND 14 [PMID: 30925062],,inhibitor,,False,,,
D02227,chembl:CHEMBL2108713,IODINE I 124 GIRENTUXIMAB,,binder,,False,,,
D02228,ncit:C1960,GIRENTUXIMAB,monoclonal antibody,other/unknown,,False,,,
D02229,rxcui:120608,PEGINTERFERON ALFA-2A,protein,,,True,,,
D02230,ncit:C2313,VACCINIA VACCINE,,,,False,,,
D02231,iuphar.ligand:5932,JNJ-7706621,,,,False,,,
D02232,iuphar.ligand:5661,AST-487,,,,False,,,
D02233,rxcui:282443,PEMETREXED DISODIUM,Anti-Folates,,,True,,,
D02234,rxcui:274332,NATEGLINIDE,Hypoglycemic Agents,,,True,,,
D02235,ncit:C83563,BUDIODARONE,Small molecule,,,False,,,
D02236,ncit:C77311,CIZOLIRTINE,,,,False,,,
D02237,ncit:C2689,IH636 GRAPE SEED PROANTHOCYANIDIN EXTRACT,,,,False,,,
D02238,rxcui:203114,AMIODARONE HYDROCHLORIDE,Anti-Arrhythmia Agents,,,True,,,
D02239,rxcui:1000104,INCOBOTULINUMTOXINA,Neuromuscular Blocking Agents,,,True,,,
D02240,rxcui:203136,RANITIDINE HYDROCHLORIDE,Small Molecule,,,True,,,
D02241,rxcui:2106338,AMIFAMPRIDINE,,,,True,,,
D02242,rxcui:233698,DRONEDARONE,Anti-Arrhythmia Agents,,,True,,,
D02243,chembl:CHEMBL42661,CHEMBL:CHEMBL42661,,,,False,,,
D02244,ncit:C79923,AZIMILIDE,,,,False,,,
D02245,rxcui:33717,PINACIDIL,,,,True,,,
D02246,rxcui:10382,TESTOSTERONE PROPIONATE,,,,True,,,
D02247,rxcui:2056691,FREMANEZUMAB,,inhibitor,,True,,,
D02248,chembl:CHEMBL4594410,SULCARDINE SULFATE,,,,False,,,
D02249,rxcui:49247,DOFETILIDE,small molecule,,,True,,,
D02250,ncit:C74213,ANDOLAST,,,,False,,,
D02251,rxcui:41289,IBUTILIDE,small molecule,,,True,,,
D02252,rxcui:2282660,EPTINEZUMAB,,inhibitor,,True,,,
D02253,chembl:CHEMBL1563246,CHEMBL:CHEMBL1563246,,,,False,,,
D02254,rxcui:6984,MINOXIDIL,small molecule,,,True,,,
D02255,rxcui:897018,DALFAMPRIDINE,small molecule,,,True,,,
D02256,ncit:C166767,BIMAKALIM,,,,False,,,
D02257,rxcui:2058846,GALCANEZUMAB,,inhibitor,,True,,,
D02258,rxcui:3327,DIAZOXIDE,small molecule,,,True,,,
D02259,iuphar.ligand:9623,GSK3050002,,,,False,,,
D02260,ncit:C171710,EMAPTICAP PEGOL,aptamer,,,False,,,
D02261,ncit:C1393,RECOMBINANT MONOCYTE CHEMOATTRACTANT PROTEIN-1,,,,False,,,
D02262,ncit:C96701,BINDARIT,,,,False,,,
D02263,ncit:C71010,CARLUMAB,,inhibitor,,False,,,
D02264,iuphar.ligand:781,RS-504393,,,,False,,,
D02265,drugbank:DB15259,VB-201,unknown,inhibitor,,False,,,
D02266,iuphar.ligand:4705,SKF89976A,,inhibitor,,False,,,
D02267,rxcui:236875,TIAGABINE HYDROCHLORIDE,Anticonvulsants,inhibitor,,True,,,
D02268,chembl:CHEMBL2109330,IC14,monoclonal antibody,inhibitor,,False,,,
D02269,iuphar.ligand:4669,NNC-711,,inhibitor,,False,,,
D02270,iuphar.ligand:4583,(R/S) EF-1500,,inhibitor,,False,,,
D02271,iuphar.ligand:4612,CI-966,,inhibitor,,False,,,
D02272,iuphar.ligand:6512,(R)-EF-1520,,inhibitor,,False,,,
D02273,iuphar.ligand:6513,(S)-EF-1520,,inhibitor,,False,,,
D02274,iuphar.ligand:6000,KENPAULLONE,,,,False,,,
D02275,chembl:CHEMBL414890,PROTOAPIGENONE,,,,False,,,
D02276,ncit:C62783,SELICICLIB,small molecule,,,False,,,
D02277,ncit:C278,ANTI-THYMOCYTE GLOBULIN,Immunomodulatory Agents,,,True,,,
D02278,ncit:C1792,RECOMBINANT HUMAN 6CKINE,,,,False,,,
D02279,ncit:C1591,RECOMBINANT BETA CHEMOKINE,,,,False,,,
D02280,ncit:C1531,RECOMBINANT EOTAXIN,,,,False,,,
D02281,ncit:C1593,RECOMBINANT CHEMOKINE,,,,False,,,
D02282,ncit:C1211,RECOMBINANT RANTES,,,,False,,,
D02283,ncit:C2257,RECOMBINANT FRACTALKINE,,,,False,,,
D02284,ncit:C1548,RECOMBINANT OX40 LIGAND,,,,False,,,
D02285,ncit:C1272,RECOMBINANT VASCULAR ENDOTHELIAL GROWTH FACTOR,,,,False,,,
D02286,rxcui:3143,PRASTERONE,small molecule,,,True,,,
D02287,rxcui:5499,HYDROGEN PEROXIDE,,,,True,,,
D02288,ncit:C92577,PAMREVLUMAB,monoclonal antibody,inhibitor,,False,,,
D02289,ncit:C203,ACRIDINE,,,,False,,,
D02290,rxcui:24395,ESTRADIOL VALERATE,Small Molecule,,,True,,,
D02291,ncit:C965,2-METHOXYESTRADIOL,,,,False,,,
D02292,rxcui:3407,DIGOXIN,small molecule,,,True,,,
D02293,drugbank:DB02010,STAUROSPORINE,,inhibitor,,False,,,
D02294,iuphar.ligand:5000,IL-9,,,,False,,,
D02295,rxcui:35296,RAMIPRIL,Antihypertensive Agents,,,True,,,
D02296,ncit:C82406,ONTUXIZUMAB,antibody,inhibitor,,False,,,
D02297,iuphar.ligand:5065,TRAIL,,,,False,,,
D02298,iuphar.ligand:4766,[3H]TBZOH,,inhibitor,,False,,,
D02299,rxcui:3287,DEXTROAMPHETAMINE SULFATE,Small Molecule,,,True,,,
D02300,rxcui:9260,RESERPINE,Antihypertensive Agents,inhibitor,,True,,,
D02301,iuphar.ligand:4764,[125I]IODOVINYL-TBZ,,inhibitor,,False,,,
D02302,rxcui:10390,TETRABENAZINE,Antidyskinetics,inhibitor,,True,,,
D02303,iuphar.ligand:4763,[125I]7-AZIDO-8-IODOKETANSERINE,,inhibitor,,False,,,
D02304,rxcui:32968,CLOPIDOGREL,Small Molecule,,,True,,,
D02305,rxcui:1876905,DEUTETRABENAZINE,,inhibitor,,True,,,
D02306,iuphar.ligand:4608,[11C]DTBZ,,inhibitor,,False,,,
D02307,ncit:C95710,LABETUZUMAB GOVITECAN,,binder,,False,,,
D02308,ncit:C82355,ANTI-CEA/ANTI-HSG BISPECIFIC MONOCLONAL ANTIBODY TF2,antibody,,,False,,,
D02309,chembl:CHEMBL2109370,T84.66,,binder,,False,,,
D02310,ncit:C1494,ARCITUMOMAB,antibody fragment,binder,,True,,,
D02311,ncit:C70644,CARCINOEMBRYONIC ANTIGEN PEPTIDE 1-6D VIRUS-LIKE REPLICON PARTICLES VACCINE,,,,False,,,
D02312,ncit:C77885,YTTRIUM Y 90 ANTI-CEA MONOCLONAL ANTIBODY CT84.66,,,,False,,,
D02313,iuphar.ligand:8252,LABETUZUMAB GOVITECAN,,antibody,,False,,,
D02314,ncit:C117229,TUSAMITAMAB RAVTANSINE,,binder,,False,,,
D02315,chembl:CHEMBL2109369,90Y-CT84.66,,binder,,False,,,
D02316,ncit:C1291,ANTISENSE OLIGONUCLEOTIDES,,,,False,,,
D02317,chembl:CHEMBL2109372,MEDI-565,,modulator,,False,,,
D02318,ncit:C2043,LABETUZUMAB,,other/unknown,,False,,,
D02319,ncit:C141459,CERGUTUZUMAB AMUNALEUKIN,,,,False,,,
D02320,ncit:C188356,ANTI-CEA CAR T CELLS,,,,False,,,
D02321,ncit:C64775,CARCINOEMBRYONIC ANTIGEN-EXPRESSING MEASLES VIRUS,,,,False,,,
D02322,ncit:C2424,MONOCLONAL ANTIBODY 3H1 ANTI-IDIOTYPE VACCINE,,,,False,,,
D02323,drugbank:DB17532,GI-6207,,,,False,,,
D02324,rxcui:1908,CALCIUM GLUCONATE,,,,True,,,
D02325,chembl:CHEMBL2108818,YTTRIUM Y 90 LABETUZUMAB,,binder,,False,,,
D02326,chembl:CHEMBL2109491,COL-1,,binder,,False,,,
D02327,iuphar.ligand:8251,LABETUZUMAB,,antibody,,False,,,
D02328,iuphar.ligand:4589,DIOA,,inhibitor,,False,,,
D02329,ncit:C66983,MILATUZUMAB,monoclonal antibody,antibody; inhibitor,,False,,,
D02330,iuphar.ligand:4665,VU0240551,,inhibitor,,False,,,
D02331,rxcui:2670644,REPOTRECTINIB,,inhibitor,,True,,,
D02332,rxcui:1311280,PLATINUM,,,,False,,,
D02333,drugbank:DB08142,AT-7519,,inhibitor,,False,,,
D02334,ncit:C92579,RONICICLIB,CDK4 Inhibitors,inhibitor,,False,,,
D02335,iuphar.ligand:8473,AZD5438,,inhibitor,,False,,,
D02336,drugbank:DB12686,PHA-793887,,inhibitor,,False,,,
D02337,chembl:CHEMBL1276446,CHEMBL:CHEMBL1276446,,,,False,,,
D02338,chembl:CHEMBL300389,CHEMBL:CHEMBL300389,,,,False,,,
D02339,chembl:CHEMBL261692,CHEMBL:CHEMBL261692,,,,False,,,
D02340,chembl:CHEMBL1406948,CHEMBL:CHEMBL1406948,,,,False,,,
D02341,ncit:C139552,MEVOCICLIB,,,,False,,,
D02342,ncit:C74940,ALVOCIDIB,Kinase Inhibitors,inhibitor,,False,,,
D02343,drugbank:DB05969,SNS-032,Pan-CDK Inhibitor,inhibitor,,False,,,
D02344,iuphar.ligand:7744,RGB-286638,,inhibitor,,False,,,
D02345,chembl:CHEMBL1969664,AZD-1080,,,,False,,,
D02346,iuphar.ligand:5670,BMS-387032,,inhibitor,,False,,,
D02347,chembl:CHEMBL546797,CHEMBL:CHEMBL546797,,,,False,,,
D02348,rxcui:714438,PAZOPANIB,MTOR inhibitor,,,True,,,
D02349,ncit:C171725,ZOTIRACICLIB,,inhibitor,,False,,,
D02350,chembl:CHEMBL52387,(RS)-ROSCOVITINE,,,,False,,,
D02351,ncit:C188517,KELIXIMAB,,negative modulator,,False,,,
D02352,ncit:C91701,ZANOLIMUMAB,monoclonal antibody,other/unknown,,False,,,
D02353,rxcui:2043283,IBALIZUMAB,,inhibitor,,True,,,
D02354,ncit:C1124,HERBIMYCIN,,,,False,,,
D02355,iuphar.ligand:9864,TREGALIZUMAB,monoclonal antibody,,,False,,,
D02356,ncit:C152722,TREGALIZUMAB,,agonist,,False,,,
D02357,ncit:C188634,PRILIXIMAB,,negative modulator,,False,,,
D02358,chembl:CHEMBL2108266,CEDELIZUMAB,,inhibitor,,False,,,
D02359,ncit:C188527,CLENOLIXIMAB,,inhibitor,,False,,,
D02360,chembl:CHEMBL4298127,VRC-01LS,,binder,,False,,,
D02361,drugbank:DB05863,TRX1,monoclonal antibody,,,False,,,
D02362,chembl:CHEMBL2109474,TRX-1,,inhibitor,,False,,,
D02363,ncit:C188511,SEMZUVOLIMAB,,inhibitor,,False,,,
D02364,ncit:C281,ANTIVIRAL AGENT,,,,False,,,
D02365,ncit:C2149,MITOGEN-ACTIVATED PROTEIN KINASE INHIBITOR,,,,False,,,
D02366,ncit:C1363,DIAZIQUONE,,,,False,,,
D02367,rxcui:1546447,4-PHENYLBUTYRIC ACID,,,,True,,,
D02368,ncit:C38461,CASPASE INHIBITOR,,,,False,,,
D02369,ncit:C1284,DEXTRAN SULFATE SODIUM,,,,False,,,
D02370,rxcui:6718,MELPHALAN,,,,True,,,
D02371,ncit:C2020,FARNESYL TRANSFERASE INHIBITOR,,,,False,,,
D02372,rxcui:161,ACETAMINOPHEN,Small Molecule,,,True,,,
D02373,ncit:C1410,RECOMBINANT HUMAN STEM CELL FACTOR,,,,False,,,
D02374,rxcui:3690,PENTETIC ACID,,,,True,,,
D02375,rxcui:4508,FLUTAMIDE,small molecule,,,True,,,
D02376,rxcui:9907,SODIUM SALICYLATE,,,,True,,,
D02377,ncit:C693,NIMUSTINE,,,,False,,,
D02378,ncit:C272,ANTIMETABOLITE,,,,False,,,
D02379,rxcui:2642208,DEOXYCYTIDINE,,,,False,,,
D02380,ncit:C152863,VERINURAD,,inhibitor,,False,,,
D02381,rxcui:1731031,LESINURAD,,inhibitor,,True,,,
D02382,ncit:C166614,DOTINURAD,,inhibitor,,False,,,
D02383,chembl:CHEMBL2105643,FOSBRETABULIN TROMETHAMINE,,,,False,,,
D02384,rxcui:83008,BICALUTAMIDE,AR inhibitor,,,True,,,
D02385,ncit:C38728,PANCREATIC PROTEOLYTIC ENZYMES,,,,False,,,
D02386,drugbank:DB02116,OLOMOUCINE,,,,False,,,
D02387,chembl:CHEMBL379975,CHEMBL:CHEMBL379975,,,,False,,,
D02388,iuphar.ligand:9693,BAY 61-3606,,,,False,,,
D02389,ncit:C78854,DINACICLIB,Pan-CDK Inhibitor,inhibitor,,False,,,
D02390,drugbank:DB04014,ALSTERPAULLONE,,,,False,,,
D02391,drugbank:DB17029,GO-6976,,,,False,,,
D02392,drugbank:DB01950,AR-AO-14418,,,,False,,,
D02393,ncit:C91725,ADAVOSERTIB,Small molecule,,,False,,,
D02394,iuphar.ligand:8482,DECYNIUM 22,,inhibitor,,False,,,
D02395,drugbank:DB11913,LY-2090314,,,,False,,,
D02396,chembl:CHEMBL1516890,GW441756X,,,,False,,,
D02397,chembl:CHEMBL2109534,PF-03732010,,inhibitor,,False,,,
D02398,chembl:CHEMBL4297805,PF-06671008,,,,False,,,
D02399,ncit:C169869,CUSTIRSEN,,antisense oligonucleotide,,False,,,
D02400,ncit:C1055,CUSTIRSEN SODIUM,antisense oligo,inhibitor,,False,,,
D02401,ncit:C29773,PREGNANT MARE SERUM GONADOTROPIN,,,,False,,,
D02402,ncit:C389,ORAL CONTRACEPTIVE,,,,False,,,
D02403,ncit:C269,CELL SURFACE ANTIGEN,,,,False,,,
D02404,ncit:C1228,SODIUM MOLYBDATE,,,,False,,,
D02405,rxcui:72435,ANAKINRA,Antirheumatic Agents,,,True,,,
D02406,ncit:C2079,CARDIOPROTECTIVE AGENT,,,,False,,,
D02407,rxcui:142431,CLOMIPHENE CITRATE,,,,True,,,
D02408,rxcui:10734,TRANYLCYPROMINE,small molecule,inhibitor,,True,,,
D02409,iuphar.ligand:8795,COMPOUND 7P [PMID: 7861416],,inhibitor,,False,,,
D02410,rxcui:6054,ISOPROTERENOL,small molecule,,,True,,,
D02411,chembl:CHEMBL2108510,INTERFERON BETA,protein,,,True,,,
D02412,rxcui:5552,HYDROXYUREA,Antineoplastic Agents,,,True,,,
D02413,rxcui:7975,PENICILLAMINE,,,,True,,,
D02414,rxcui:3102,DANAZOL,Antiendometriosis Agent,,,True,,,
D02415,rxcui:42736,DEXRAZOXANE,,,,True,,,
D02416,ncit:C28952,TETRANDRINE,,,,False,,,
D02417,ncit:C1293,RECOMBINANT TRANSFORMING GROWTH FACTOR-BETA 1,,,,False,,,
D02418,rxcui:1151,ASCORBIC ACID,,,,True,,,
D02419,chembl:CHEMBL559876,"2,6-DIDEHYDROPEPEROMIN B",,,,False,,,
D02420,iuphar.ligand:5669,BMS-345541,,modulator,,False,,,
D02421,chembl:CHEMBL521941,PEPEROMIN E,,,,False,,,
D02422,chembl:CHEMBL458347,GLAUCARUBINONE,,,,False,,,
D02423,iuphar.ligand:9398,PHA-408,,inhibitor,,False,,,
D02424,rxcui:847083,USTEKINUMAB,Antipsoriatic Agents,,,True,,,
D02425,iuphar.ligand:9646,COMPOUND 47 [PMID: 28737909],,inhibitor,,False,,,
D02426,chembl:CHEMBL487194,AILANTHINONE,,,,False,,,
D02427,chembl:CHEMBL8483,CHEMBL:CHEMBL8483,,,,False,,,
D02428,chembl:CHEMBL564009,CHEMBL:CHEMBL564009,,,,False,,,
D02429,iuphar.ligand:8837,COMPOUND 16 [PMID: 19097778],,inhibitor,,False,,,
D02430,rxcui:29998,OCRIPLASMIN,,cleavage,,True,,,
D02431,rxcui:898492,COLLAGENASE CLOSTRIDIUM HISTOLYTICUM,protein,cleavage,,True,,,
D02432,ncit:C113793,NAVOXIMOD,,,,False,,,
D02433,rxcui:1593128,MENINGOCOCCAL GROUP B VACCINE,,,,True,,,
D02434,rxcui:2603494,HEPARAN SULFATE,,,,False,,,
D02435,iuphar.ligand:12997,COMPOUND 111 [PMID: 37918435],,agonist,,False,,,
D02436,rxcui:2671061,IPTACOPAN,,inhibitor,,True,,,
D02437,drugbank:DB17049,PRISTIMERIN,,agonist,,False,,,
D02438,rxcui:2183102,PEXIDARTINIB,Pan-TK inhibitor,,,True,,,
D02439,ncit:C125548,EMACTUZUMAB,,,,False,,,
D02440,chembl:CHEMBL2109512,MCS-110,,inhibitor,,False,,,
D02441,chembl:CHEMBL2109513,PD-360324,,inhibitor,,False,,,
D02442,ncit:C129688,CSF1R INHIBITOR PLX73086,,,,False,,,
D02443,ncit:C98054,SILMITASERTIB,Small molecule,inhibitor,,False,,,
D02444,drugbank:DB04338,SB220025,,,,False,,,
D02445,rxcui:2564025,BELUMOSUDIL,,,,True,,,
D02446,chembl:CHEMBL578061,CHEMBL:CHEMBL578061,,,,False,,,
D02447,ncit:C71759,LINIFANIB,Small molecule,,,False,,,
D02448,iuphar.ligand:8018,1-AZAKENPAULLONE,,,,False,,,
D02449,iuphar.ligand:5255,RHC80267,,inhibitor,,False,,,
D02450,iuphar.ligand:10243,DO34,,inhibitor,,False,,,
D02451,iuphar.ligand:10246,LEI105,,inhibitor,,False,,,
D02452,iuphar.ligand:10245,KT-109,,inhibitor,,False,,,
D02453,iuphar.ligand:10244,DH376,,inhibitor,,False,,,
D02454,rxcui:37925,ORLISTAT,Anti-Obesity Agents,inhibitor,,True,,,
D02455,ncit:C79911,FADROZOLE,,inhibitor,,False,,,
D02456,rxcui:2286252,OSILODROSTAT,,inhibitor,,True,,,
D02457,ncit:C184908,BAXDROSTAT,,inhibitor,,False,,,
D02458,rxcui:6923,METYRAPONE,Diagnostic Agents,inhibitor,,True,,,
D02459,iuphar.ligand:8437,COMPOUND 101 [PMID: 21596927],,inhibitor,,False,,,
D02460,iuphar.ligand:10946,CCG258747,,inhibitor,,False,,,
D02461,iuphar.ligand:8143,COMPOUND 1O [PMID: 24210504],,inhibitor,,False,,,
D02462,drugbank:DB04098,BALANOL,,inhibitor,,False,,,
D02463,rxcui:2478438,UMBRALISIB TOSYLATE,,inhibitor,,True,,,
D02464,rxcui:3304,HEROIN,,,,False,,,
D02465,iuphar.ligand:4307,SB202190,,,,False,,,
D02466,drugbank:DB03921,4-(3-PYRIDIN-2-YL-1H-PYRAZOL-4-YL)QUINOLINE,,inhibitor,,False,,,
D02467,ncit:C104745,AMCASERTIB,,,,False,,,
D02468,iuphar.ligand:5206,JNJ1661010,,inhibitor,,False,,,
D02469,iuphar.ligand:8989,LY2077855,,inhibitor,,False,,,
D02470,iuphar.ligand:5235,OL135,,inhibitor,,False,,,
D02471,iuphar.ligand:10248,ASP8477,,inhibitor,,False,,,
D02472,iuphar.ligand:4339,URB597,,inhibitor,,False,,,
D02473,rxcui:301542,ROSUVASTATIN,Small Molecule,,,True,,,
D02474,rxcui:121191,RITUXIMAB,monoclonal antibody,,,True,,,
D02475,iuphar.ligand:11179,ICATCXPZ-01,,inhibitor,,False,,,
D02476,iuphar.ligand:9412,BRENSOCATIB,,inhibitor,,False,,,
D02477,rxcui:155046,PENTOSAN POLYSULFATE,Anticoagulants,,,True,,,
D02478,iuphar.ligand:8622,COMPOUND 3D [PMID: 3941405],,inhibitor,,False,,,
D02479,ncit:C171778,BRENSOCATIB,,inhibitor,,False,,,
D02480,rxcui:59763,STAVUDINE,,,,True,,,
D02481,rxcui:253453,PEGINTERFERON ALFA-2B,,,,True,,,
D02482,ncit:C2251,IROPLACT,,,,False,,,
D02483,iuphar.ligand:9047,ELDELUMAB,monoclonal antibody,,,False,,,
D02484,chembl:CHEMBL2109379,NI-0801,,inhibitor,,False,,,
D02485,rxcui:1223,ATROPINE,Small Molecule,,,True,,,
D02486,ncit:C166466,ELDELUMAB,,inhibitor,,False,,,
D02487,rxcui:11413,ZIDOVUDINE,,,,True,,,
D02488,iuphar.ligand:11382,LUNACALCIPOL,,,,False,,,
D02489,rxcui:1102261,TELAPREVIR,,,,True,,,
D02490,drugbank:DB05024,CTA018,Small molecule,,,False,,,
D02491,rxcui:322248,TENOFOVIR DISOPROXIL FUMARATE,,,,True,,,
D02492,rxcui:614373,DEFERASIROX,,,,True,,,
D02493,rxcui:1606218,DACLATASVIR,,,,False,,,
D02494,rxcui:1894,CALCITRIOL,Antiosteoperosis Agent,,,True,,,
D02495,iuphar.ligand:10437,COMPOUND E22 [PMID: 31298542],,inhibitor,,False,,,
D02496,iuphar.ligand:12617,GLXC-26326,,inhibitor,,False,,,
D02497,iuphar.ligand:8248,LY2584702,,inhibitor,,False,,,
D02498,iuphar.ligand:9355,GNE-3511,,inhibitor,,False,,,
D02499,iuphar.ligand:8181,COMPOUND 1 [PMID: 20005102],,inhibitor,,False,,,
D02500,iuphar.ligand:13067,SANOFI-14H,,inhibitor,,False,,,
D02501,iuphar.ligand:8036,PF-4708671,,inhibitor,,False,,,
D02502,iuphar.ligand:5289,WWL70,,inhibitor,,False,,,
D02503,iuphar.ligand:9480,WWL123,,inhibitor,,False,,,
D02504,iuphar.ligand:10062,ABX-1431,,inhibitor,,False,,,
D02505,iuphar.ligand:5192,G&OUML; 6983,,inhibitor,,False,,,
D02506,ncit:C170362,RASDEGAFUSP ALFA,,vaccine,,False,,,
D02507,ncit:C116847,ANTI-NY-ESO-1 IMMUNOTHERAPEUTIC GSK-2241658A,,,,False,,,
D02508,iuphar.ligand:11659,CC-90005,,inhibitor,,False,,,
D02509,ncit:C912,TUMOR ANTIGEN,,,,False,,,
D02510,iuphar.ligand:12059,COMPOUND 23 [PMID: 35816678],,inhibitor,,False,,,
D02511,iuphar.ligand:7907,7-HYDROXYSTAUROSPORINE,,inhibitor,,False,,,
D02512,iuphar.ligand:13409,10-ME-APLOG-1,,activator,,False,,,
D02513,rxcui:1242806,INGENOL MEBUTATE,Small molecule,activator,,True,,,
D02514,ncit:C66524,RUBOXISTAURIN,small molecule,inhibitor,,False,,,
D02515,ncit:C121379,LETETRESGENE AUTOLEUCEL,,,,False,,,
D02516,rxcui:596,ALPRAZOLAM,Anti-anxiety Agents,,,True,,,
D02517,ncit:C586,RECOMBINANT INTERLEUKIN-1,protein,,,False,,,
D02518,rxcui:1546007,CIDOFOVIR ANHYDROUS,,,,True,,,
D02519,rxcui:17128,LANSOPRAZOLE,"GI Anti-Ulcer Agents, Proton-pump Inhibitors",,,True,,,
D02520,rxcui:2193,CEFTRIAXONE,,,,True,,,
D02521,iuphar.ligand:2831,CHLORDANE,,,,False,,,
D02522,rxcui:33562,FOSCARNET,,,,True,,,
D02523,ncit:C124227,ADAKITUG,,inhibitor,,False,,,
D02524,ncit:C74962,D-ALPHA-TOCOPHEROL ACETATE,,,,False,,,
D02525,chembl:CHEMBL162598,DICYCLOHEXYLCARBODIIMIDE,,,,False,,,
D02526,ncit:C1310,RO 31-8220,,,,False,,,
D02527,drugbank:DB12991,DEOXYSPERGUALIN,,,,False,,,
D02528,rxcui:7646,OMEPRAZOLE,"GI Anti-Ulcer Agents, Proton-pump Inhibitors",,,True,,,
D02529,rxcui:1046243,ALPHA-TOCOPHEROL ACETATE,,,,True,,,
D02530,ncit:C1018,KLEBSIELLA PNEUMONIAE GLYCOPROTEIN,,,,False,,,
D02531,chembl:CHEMBL2109616,ABX-IL8,,inhibitor,,False,,,
D02532,ncit:C306,BIOFLAVONOID,,,,False,,,
D02533,rxcui:27169,LEFLUNOMIDE,Antirheumatic Agents,,,True,,,
D02534,chembl:CHEMBL28319,QUESTIOMYCIN B,,,,False,,,
D02535,rxcui:142442,NAPROXEN SODIUM,Anti-Inflammatory Agents,,,True,,,
D02536,rxcui:11473,PAMIDRONATE,small molecule,,,True,,,
D02537,rxcui:1426682,BINETRAKIN,,,,False,,,
D02538,rxcui:3098,DACARBAZINE,Antineoplastic Agents,,,True,,,
D02539,chembl:CHEMBL419564,DINITRO CRESOL,,,,False,,,
D02540,rxcui:21212,CLARITHROMYCIN,,,,True,,,
D02541,chembl:CHEMBL195953,ALDRIN,,,,False,,,
D02542,iuphar.ligand:6671,13-CIS-RETINAL,,,,False,,,
D02543,drugbank:DB05484,MDX-018,,,,False,,,
D02544,ncit:C225,RECOMBINANT INTERFERON ALFA,,,,False,,,
D02545,chembl:CHEMBL1593867,HARMINE HYDROCHLORIDE,,,,False,,,
D02546,rxcui:612,ALUMINUM HYDROXIDE,,,,True,,,
D02547,drugbank:DB11397,DICHLORVOS,,,,False,,,
D02548,rxcui:11170,VERAPAMIL,Anti-Arrhythmia Agents,,,True,,,
D02549,rxcui:10323,TALC,,,,True,,,
D02550,chembl:CHEMBL1098658,YANGONIN,,,,False,,,
D02551,rxcui:203128,MIDAZOLAM HYDROCHLORIDE,small molecule,,,True,,,
D02552,chembl:CHEMBL1902074,CHEMBL:CHEMBL1902074,,,,False,,,
D02553,ncit:C1608,RECOMBINANT LYMPHOTOXIN BETA,,,,False,,,
D02554,chembl:CHEMBL194399,ENDOSULFAN,,,,False,,,
D02555,ncit:C26170,PROTECTIVE AGENT,,,,False,,,
D02556,chembl:CHEMBL248564,CORONOPILIN,,,,False,,,
D02557,chembl:CHEMBL194400,HEPTACHLOR,,,,False,,,
D02558,rxcui:595060,RANIBIZUMAB,"Treatment for age-related macular degeneration, AMD",,,True,,,
D02559,rxcui:5509,HYDROQUINONE,,,,True,,,
D02560,rxcui:10114,STREPTOZOCIN,,,,True,,,
D02561,iuphar.ligand:13171,C3TD879,,inhibitor,,False,,,
D02562,ncit:C1674,RECOMBINANT FIBROBLAST GROWTH FACTOR 2,,,,False,,,
D02563,rxcui:3131,DEFEROXAMINE,,,,True,,,
D02564,iuphar.ligand:11795,SLR14,,agonist,,False,,,
D02565,iuphar.ligand:4980,IL-13,,,,False,,,
D02566,ncit:C1529,BATIMASTAT,,,,False,,,
D02567,ncit:C2259,RECOMBINANT NEUROTROPHIC FACTOR,,,,False,,,
D02568,ncit:C2678,BETA-GLUCAN,,,,False,,,
D02569,iuphar.ligand:8836,PP1,,inhibitor,,False,,,
D02570,iuphar.ligand:9371,PF-670462,,inhibitor,,False,,,
D02571,iuphar.ligand:9399,MPI-0479605,,,,False,,,
D02572,iuphar.ligand:6040,SKF-86002,,inhibitor,,False,,,
D02573,iuphar.ligand:5269,SB203580,,inhibitor,,False,,,
D02574,iuphar.ligand:11096,MAPK13-IN-1,,inhibitor,,False,,,
D02575,iuphar.ligand:12705,BAY1217389,,,,False,,,
D02576,iuphar.ligand:9401,NMS-P715,,,,False,,,
D02577,ncit:C166567,ACUMAPIMOD,,inhibitor,,False,,,
D02578,chembl:CHEMBL1092023,EOSIN_Y,,,,False,,,
D02579,ncit:C96531,DILMAPIMOD,small molecule,inhibitor,,False,,,
D02580,drugbank:DB15034,PRI-724,,inhibitor,,False,,,
D02581,iuphar.ligand:10524,MW150,,inhibitor,,False,,,
D02582,iuphar.ligand:8125,COMPOUND 12 [PMID: 22521646],,inhibitor,,False,,,
D02583,iuphar.ligand:7838,BMS-582949,,inhibitor,,False,,,
D02584,iuphar.ligand:11714,AZD7624,,inhibitor,,False,,,
D02585,ncit:C96532,LOSMAPIMOD,,inhibitor,,False,,,
D02586,rxcui:342369,LENALIDOMIDE,Immunomodulator,,,True,,,
D02587,iuphar.ligand:12846,NDPPC,,inhibitor,,False,,,
D02588,ncit:C76770,DORAMAPIMOD,,inhibitor,,False,,,
D02589,chembl:CHEMBL2172378,CHEMBL:CHEMBL2172378,,,,False,,,
D02590,ncit:C45515,RECOMBINANT HUMAN ENDOSTATIN,,,,False,,,
D02591,iuphar.ligand:7687,AZD6703,,inhibitor,,False,,,
D02592,ncit:C97663,SAM68 MODULATOR CWP232291,,,,False,,,
D02593,ncit:C170207,NEFLAMAPIMOD,,inhibitor,,False,,,
D02594,rxcui:72965,LETROZOLE,Antineoplastic Agents,,,True,,,
D02595,iuphar.ligand:6059,VX-702,,inhibitor,,False,,,
D02596,iuphar.ligand:9328,TAK-715,,inhibitor,,False,,,
D02597,rxcui:57789,FLUORESCEIN SODIUM,,,,True,,,
D02598,ncit:C85481,PEXMETINIB,Small molecule,inhibitor,,False,,,
D02599,chembl:CHEMBL91638,CHEMBL:CHEMBL91638,,,,False,,,
D02600,iuphar.ligand:12122,COMPOUND 4E [PMID: 35546685],,inhibitor,,False,,,
D02601,iuphar.ligand:9271,MPS1-IN-1,,,,False,,,
D02602,iuphar.ligand:8179,PF-03715455,,inhibitor,,False,,,
D02603,chembl:CHEMBL410484,CHEMBL:CHEMBL410484,,,,False,,,
D02604,iuphar.ligand:11095,ARRY-371797,Small molecule,inhibitor,,False,,,
D02605,ncit:C90996,PAMAPIMOD,,inhibitor,,False,,,
D02606,ncit:C128036,ANTI-CTLA-4 MONOCLONAL ANTIBODY,,,,False,,,
D02607,iuphar.ligand:7818,PH-797804,,inhibitor,,False,,,
D02608,ncit:C75216,DITHIAZANINE IODIDE,,,,False,,,
D02609,drugbank:DB17911,CEQ508,siRNA,,,False,,,
D02610,rxcui:1363267,CABOZANTINIB S-MALATE,Small molecule,,,True,,,
D02611,ncit:C143046,RALIMETINIB,,inhibitor,,False,,,
D02612,ncit:C79841,TALMAPIMOD,small molecule,inhibitor,,False,,,
D02613,iuphar.ligand:9610,CBS-3595,,inhibitor,,False,,,
D02614,rxcui:10432,THALIDOMIDE,Small Molecule,,,True,,,
D02615,ncit:C116074,EMPESERTIB,,,,False,,,
D02616,rxcui:142434,ECONAZOLE NITRATE,,,,True,,,
D02617,chembl:CHEMBL450288,XANTHOXYLIN,,,,False,,,
D02618,rxcui:5021,GRISEOFULVIN,,,,True,,,
D02619,chembl:CHEMBL264141,EUGENYL BENZOAT,,,,False,,,
D02620,chembl:CHEMBL242385,CHEMBL:CHEMBL242385,,,,False,,,
D02621,rxcui:1658314,BREXPIPRAZOLE,small molecule,,,True,,,
D02622,chembl:CHEMBL452477,"2,4,6-TRIHYDROXYACETOPHENONE",,,,False,,,
D02623,chembl:CHEMBL1331521,"3,6-DIMETHOXYFLAVONE",,,,False,,,
D02624,rxcui:17205,AJMALICINE,,,,True,,,
D02625,chembl:CHEMBL1449187,"3,7-DIMETHOXYFLAVONE",,,,False,,,
D02626,chembl:CHEMBL241858,ONONETIN,,,,False,,,
D02627,rxcui:28439,LAMOTRIGINE,Small Molecule,,,True,,,
D02628,chembl:CHEMBL9249,(+)-EPITAXIFOLIN,,,,False,,,
D02629,rxcui:10180,SULFAMETHOXAZOLE,,,,True,,,
D02630,ncit:C66376,PHENYL AMINOSALICYLATE,,,,True,,,
D02631,chembl:CHEMBL530733,CHEMBL:CHEMBL530733,,,,False,,,
D02632,rxcui:35780,ROPIVACAINE,Small Molecule,,,True,,,
D02633,rxcui:6606,MALATHION,,,,True,,,
D02634,chembl:CHEMBL16751,CHEMBL:CHEMBL16751,,,,False,,,
D02635,chembl:CHEMBL254218,DESMETHOXYYANGONIN,,,,False,,,
D02636,rxcui:282416,THIOPENTAL SODIUM,,,,True,,,
D02637,ncit:C73157,PICOTAMIDE,,,,True,,,
D02638,iuphar.ligand:1704,SB-408124,,,,False,,,
D02639,chembl:CHEMBL208484,KARANJIN,,,,False,,,
D02640,chembl:CHEMBL124267,CHEMBL:CHEMBL124267,,,,False,,,
D02641,chembl:CHEMBL154533,WHILE OLIVETOL,,,,False,,,
D02642,rxcui:5032,GUAIFENESIN,,,,True,,,
D02643,rxcui:25082,FLOPROPIONE,,,,False,,,
D02644,chembl:CHEMBL362863,CHEMBL:CHEMBL362863,,,,False,,,
D02645,chembl:CHEMBL1556035,BETA-TOXICAROL,,,,False,,,
D02646,rxcui:519,ALLOPURINOL,Gout Suppressants,,,True,,,
D02647,rxcui:83395,SAQUINAVIR,,,,True,,,
D02648,iuphar.ligand:579,PMX53,,,,False,,,
D02649,rxcui:1721603,TENOFOVIR ALAFENAMIDE,,,,True,,,
D02650,chembl:CHEMBL12014,HARMAN,,,,False,,,
D02651,chembl:CHEMBL338066,"4,2',4',6'-TETRAHYDROXYCHALCONE",,,,False,,,
D02652,iuphar.ligand:177,"L-741,626",,,,False,,,
D02653,rxcui:25793,GLIQUIDONE,,,,False,,,
D02654,chembl:CHEMBL242172,CHEMBL:CHEMBL242172,,,,False,,,
D02655,rxcui:27392,TROPISETRON,,,,True,,,
D02656,drugbank:DB08756,Y-27632,,,,False,,,
D02657,rxcui:8123,PHENELZINE,Antidepressive Agents,,,True,,,
D02658,chembl:CHEMBL1256674,RILMENIDINE HEMIFUMARATE,,,,False,,,
D02659,drugbank:DB01852,KAEMPHEROL,,,,False,,,
D02660,chembl:CHEMBL55814,ATHRAQUINONES A,,,,False,,,
D02661,chembl:CHEMBL2094549,CHEMBL:CHEMBL2094549,,,,False,,,
D02662,chembl:CHEMBL133342,(S)-ROSCOVITINE,,,,False,,,
D02663,rxcui:6646,MAPROTILINE,small molecule,,,True,,,
D02664,iuphar.ligand:10411,GSK369796,,,,False,,,
D02665,chembl:CHEMBL436279,CHELIDONINE (+),,,,False,,,
D02666,rxcui:235955,CLENBUTEROL HYDROCHLORIDE,,,,False,,,
D02667,chembl:CHEMBL1601166,"ORSELLINIC ACID, ETHYL ESTER",,,,False,,,
D02668,rxcui:9068,QUINIDINE,Anti-Arrhythmia Agents,,,True,,,
D02669,drugbank:DB07931,HEXESTROL,,,,False,,,
D02670,chembl:CHEMBL23731,AMIDATE,,,,False,,,
D02671,rxcui:24812,FELBAMATE,small molecule,,,True,,,
D02672,chembl:CHEMBL348856,"4,4'-THIODIANILINE",,,,False,,,
D02673,chembl:CHEMBL453384,CHEMBL:CHEMBL453384,,,,False,,,
D02674,ncit:C152799,UMIFENOVIR,,,,False,,,
D02675,rxcui:1546413,METHYLHOMATROPINE,"GI Anti-Ulcer Agents, Antimuscarinics",,,True,,,
D02676,rxcui:221183,ZOLPIDEM TARTRATE,Small Molecule,,,True,,,
D02677,rxcui:1535457,CERITINIB,Kinase Inhibitors,,,True,,,
D02678,rxcui:325887,MICAFUNGIN,,,,True,,,
D02679,rxcui:91164,OXYPHENCYCLIMINE HYDROCHLORIDE,,,,True,,,
D02680,chembl:CHEMBL173395,ATRANORIN,,,,False,,,
D02681,chembl:CHEMBL1256916,CHEMBL:CHEMBL1256916,,,,False,,,
D02682,iuphar.ligand:1652,U50488,,,,False,,,
D02683,iuphar.ligand:5349,OKADAIC ACID,,,,False,,,
D02684,chembl:CHEMBL251230,(S)-NITRENDIPINE,,,,False,,,
D02685,rxcui:1545976,CODEINE ANHYDROUS,small molecule,,,True,,,
D02686,rxcui:343047,ATAZANAVIR,,,,True,,,
D02687,rxcui:2598,CLONAZEPAM,Small Molecule,,,True,,,
D02688,chembl:CHEMBL29197,CHEMBL:CHEMBL29197,,,,False,,,
D02689,rxcui:6757,MEPHENYTOIN,small molecule,,,True,,,
D02690,rxcui:460132,DARUNAVIR,,,,True,,,
D02691,rxcui:1297882,AMOXICILLIN ANHYDROUS,,,,True,,,
D02692,rxcui:42790,MICONAZOLE NITRATE,,,,True,,,
D02693,chembl:CHEMBL585045,CHEMBL:CHEMBL585045,,,,False,,,
D02694,iuphar.ligand:271,&ALPHA;-ERGOCRYPTINE,,,,False,,,
D02695,iuphar.ligand:274,RO 04-6790,,,,False,,,
D02696,rxcui:28031,ITRACONAZOLE,,,,True,,,
D02697,drugbank:DB01833,CANAVANINE,,,,False,,,
D02698,rxcui:1422,BENZPHETAMINE,small molecule,,,True,,,
D02699,chembl:CHEMBL1371756,GRAVEOLINE,,,,False,,,
D02700,drugbank:DB16880,ARCTIGENIN,,,,False,,,
D02701,iuphar.ligand:2829,BIOCHANIN A,,,,False,,,
D02702,rxcui:7393,NIACIN,Small molecule,,,True,,,
D02703,rxcui:10594,TICLOPIDINE,Platelet Aggregation Inhibitors,,,True,,,
D02704,chembl:CHEMBL12252,"5,7-DIHYDROXY-4-METHYLCOUMARIN",,,,False,,,
D02705,ncit:C65876,IBUDILAST,Small molecule,,,True,,,
D02706,rxcui:19777,BROMPERIDOL,,,,True,,,
D02707,chembl:CHEMBL1560118,APIOL,,,,False,,,
D02708,rxcui:35255,CISAPRIDE,Parasympathomimetics,,,True,,,
D02709,rxcui:2382,PROGUANIL,,,,True,,,
D02710,rxcui:3041,CYTARABINE,Small Molecule,,,True,,,
D02711,chembl:CHEMBL251941,(S)-ALAPROCLATE,,,,False,,,
D02712,chembl:CHEMBL87333,CIS-RESVERATROL,,,,False,,,
D02713,ncit:C152613,TICRYNAFEN,,,,True,,,
D02714,rxcui:136561,CISATRACURIUM BESYLATE,small molecule,,,True,,,
D02715,ncit:C66540,SOBUZOXANE,,,,False,,,
D02716,rxcui:1306284,COBICISTAT,,inhibitor,,True,,,
D02717,chembl:CHEMBL251647,(S)-PINACIDIL,,,,False,,,
D02718,chembl:CHEMBL462731,CHEMBL:CHEMBL462731,,,,False,,,
D02719,chembl:CHEMBL140220,CHEMBL:CHEMBL140220,,,,False,,,
D02720,rxcui:2166037,DIHYDROCAPSAICIN,,,,False,,,
D02721,rxcui:7814,OXYMORPHONE,"Adjuvants, Anesthesia",,,True,,,
D02722,drugbank:DB04605,5-AMINOISOQUINOLINE,,,,False,,,
D02723,rxcui:203135,PROPAFENONE HYDROCHLORIDE,,,,True,,,
D02724,iuphar.ligand:12559,OXOGLAUCINE,,,,False,,,
D02725,chembl:CHEMBL73933,4'-HYDROXY-FLAVANONE,,,,False,,,
D02726,rxcui:35623,RILUZOLE,Small Molecule,,,True,,,
D02727,chembl:CHEMBL400777,ROBUSTIC ACID,,,,False,,,
D02728,drugbank:DB07954,3-ISOBUTYL-1-METHYL-7H-XANTHINE,,,,False,,,
D02729,drugbank:DB08544,(S)-FLUOXETINE,,,,False,,,
D02730,ncit:C96709,CINALUKAST,Anti-Asthmatic Agents,,,False,,,
D02731,rxcui:1368476,ZERANOL,,,,False,,,
D02732,drugbank:DB11412,FENTHION,,,,False,,,
D02733,rxcui:8050,PERHEXILINE,Antianginal Agents,,,False,,,
D02734,chembl:CHEMBL1377408,FIPEXIDE HYDROCHLORIDE,,,,False,,,
D02735,chembl:CHEMBL1526572,DERRUSNIN,,,,False,,,
D02736,rxcui:203217,LEUPROLIDE ACETATE,Antineoplastic Agents,,,True,,,
D02737,ncit:C72698,AMITRIPTYLINOXIDE,,,,False,,,
D02738,rxcui:10318,TACRINE,Nootropic Agents,,,True,,,
D02739,iuphar.ligand:2830,TOXAPHENE,,,,False,,,
D02740,chembl:CHEMBL221300,CHEMBL:CHEMBL221300,,,,False,,,
D02741,iuphar.ligand:5193,GF109203X,,,,False,,,
D02742,rxcui:103244,PILOCARPINE NITRATE,,,,False,,,
D02743,rxcui:4450,FLUCONAZOLE,,,,True,,,
D02744,rxcui:797195,FESOTERODINE,Small molecule,,,True,,,
D02745,rxcui:236146,DEXTROMETHORPHAN POLISTIREX,Antitussive Agents,,,True,,,
D02746,rxcui:3105,DANTROLENE,small molecule,,,True,,,
D02747,chembl:CHEMBL1269022,CHEMBL:CHEMBL1269022,,,,False,,,
D02748,rxcui:235229,ETHAVERINE HYDROCHLORIDE,,,,False,,,
D02749,chembl:CHEMBL15766,LY-255283,,,,False,,,
D02750,rxcui:1045452,ERIBULIN MESYLATE,Macrocyclic analog,,,True,,,
D02751,iuphar.ligand:12556,AM404,,,,False,,,
D02752,chembl:CHEMBL184074,CHEMBL:CHEMBL184074,,,,False,,,
D02753,chembl:CHEMBL538965,CHEMBL:CHEMBL538965,,,,False,,,
D02754,chembl:CHEMBL428768,(S)-FELODIPINE,,,,False,,,
D02755,rxcui:136411,SILDENAFIL,Small Molecule,,,True,,,
D02756,chembl:CHEMBL1565133,SANGUINARINE SULFATE,,,,False,,,
D02757,drugbank:DB08039,"(3Z)-N,N-DIMETHYL-2-OXO-3-(4,5,6,7-TETRAHYDRO-1H-INDOL-2-YLMETHYLIDENE)-2,3-DIHYDRO-1H-INDOLE-5-SULFONAMIDE",,,,False,,,
D02758,chembl:CHEMBL70141,2-MERCAPTOBENZIMIDAZOLE,,,,False,,,
D02759,chembl:CHEMBL252721,DERRUSTONE,,,,False,,,
D02760,rxcui:1546373,IPRATROPIUM CATION,Small Molecule,,,True,,,
D02761,chembl:CHEMBL19032,PENTAMETHYLQUERCETIN,,,,False,,,
D02762,chembl:CHEMBL1354316,2-METHYL GRAMINE,,,,False,,,
D02763,rxcui:3120,DEQUALINIUM CHLORIDE,,,,False,,,
D02764,chembl:CHEMBL419296,ZOLANTIDINE,,,,False,,,
D02765,rxcui:1256,AZATHIOPRINE,,,,True,,,
D02766,ncit:C72685,ALAPROCLATE,,,,False,,,
D02767,rxcui:5293,HEXACHLOROPHENE,,,,True,,,
D02768,chembl:CHEMBL228132,CHEMBL:CHEMBL228132,,,,False,,,
D02769,rxcui:203210,PRAZOSIN HYDROCHLORIDE,,,,True,,,
D02770,rxcui:1848,BUTYLATED HYDROXYTOLUENE,,,,True,,,
D02771,ncit:C1497,RELCOVAPTAN,,,,False,,,
D02772,chembl:CHEMBL253998,GLABRANIN,,,,False,,,
D02773,rxcui:8463,PODOFILOX,"Antineoplastic Agents, Phytogenic",,,True,,,
D02774,rxcui:32638,OXICONAZOLE,,,,True,,,
D02775,rxcui:6854,METHOXSALEN,,,,True,,,
D02776,rxcui:1366666,ROTENONE,,,,False,,,
D02777,rxcui:2184,CEFOPERAZONE,,,,False,,,
D02778,iuphar.ligand:333,N-DESMETHYLCLOZAPINE,,,,False,,,
D02779,ncit:C163641,CHLORPYRIFOS,,,,False,,,
D02780,chembl:CHEMBL508779,CAULIBUGULONE B,,,,False,,,
D02781,rxcui:235953,BENFLUOREX HYDROCHLORIDE,,,,False,,,
D02782,rxcui:7895,PAPAVERINE,small molecule,,,True,,,
D02783,rxcui:25025,FINASTERIDE,Anti-baldness Agents,,,True,,,
D02784,rxcui:6135,KETOCONAZOLE,,,,True,,,
D02785,ncit:C169814,BRADANICLINE,small molecule,,,False,,,
D02786,iuphar.ligand:742,LY320135,,,,False,,,
D02787,rxcui:1294535,SIBUTRAMINE HYDROCHLORIDE,,,,True,,,
D02788,chembl:CHEMBL243664,ACACETIN,,,,False,,,
D02789,drugbank:DB17025,DIPHENYLENEIODONIUM,,,,False,,,
D02790,chembl:CHEMBL513116,N-AMINOHEXYL-5-CHLORO-1-NAPTHALENESULFONAMIDE HYDROCHLORIDE,,,,False,,,
D02791,iuphar.ligand:433,VISNAGIN,,,,False,,,
D02792,chembl:CHEMBL457583,ORSELLINIC ACID,,,,False,,,
D02793,rxcui:195085,EFAVIRENZ,,,,True,,,
D02794,chembl:CHEMBL1492516,CLOPERASTINE HYDROCLORIDE,,,,False,,,
D02795,rxcui:6693,MEFENAMIC ACID,"Anti-Inflammatory Agents, Non-Steroidal",,,True,,,
D02796,chembl:CHEMBL1358735,"12-HYDROXY-4,4-BISNOR-4,8,11,13-PODOCARPATETRAEN-3-ONE",,,,False,,,
D02797,iuphar.ligand:1385,JNJ16259685,,,,False,,,
D02798,ncit:C87331,BERBERINE CHLORIDE,,,,False,,,
D02799,iuphar.ligand:410,GALANGIN,,,,False,,,
D02800,rxcui:203142,GUANFACINE HYDROCHLORIDE,Small Molecule,,,True,,,
D02801,chembl:CHEMBL227298,CHEMBL:CHEMBL227298,,,,False,,,
D02802,chembl:CHEMBL254609,(R)-FELODIPINE,,,,False,,,
D02803,ncit:C80994,ELIPRODIL,,,,False,,,
D02804,ncit:C73002,ARTEMOTIL,,,,True,,,
D02805,drugbank:DB17040,PD-169316,,,,False,,,
D02806,ncit:C63673,ISOPIMPINELLIN,,,,False,,,
D02807,rxcui:235827,MEBEVERINE HYDROCHLORIDE,,,,False,,,
D02808,iuphar.ligand:1649,GR 89696,,,,False,,,
D02809,rxcui:8134,PHENOBARBITAL,small molecule,,,True,,,
D02810,rxcui:847728,LUMEFANTRINE,,,,True,,,
D02811,drugbank:DB12138,PF-03715455,,,,False,,,
D02812,iuphar.ligand:4331,TRIM,,,,False,,,
D02813,rxcui:3108,DAPSONE,,,,True,,,
D02814,chembl:CHEMBL68534,CHEMBL:CHEMBL68534,,,,False,,,
D02815,chembl:CHEMBL141690,ISOBERGAPTENE,,,,False,,,
D02816,rxcui:203132,PAPAVERINE HYDROCHLORIDE,,,,True,,,
D02817,rxcui:236767,FENDILINE HYDROCHLORIDE,,,,False,,,
D02818,rxcui:9639,SELEGILINE,Antiparkinson Agents,,,True,,,
D02819,iuphar.ligand:190,SB 215505,,,,False,,,
D02820,iuphar.ligand:1363,LUZINDOLE,,,,False,,,
D02821,rxcui:236495,TAMSULOSIN HYDROCHLORIDE,Antineoplastic Agents,,,True,,,
D02822,chembl:CHEMBL268609,(R)-NITRENDIPINE,,,,False,,,
D02823,chembl:CHEMBL1320453,CHEMBL:CHEMBL1320453,,,,False,,,
D02824,chembl:CHEMBL484662,CHEMBL:CHEMBL484662,,,,False,,,
D02825,chembl:CHEMBL1522104,ISOKOBUSONE,,,,False,,,
D02826,rxcui:6038,ISONIAZID,,,,True,,,
D02827,rxcui:19861,BUTAMBEN,,,,True,,,
D02828,chembl:CHEMBL1489988,N-HISTIDYL-2-AMINONAPHTHALENE (BETANA),,,,False,,,
D02829,iuphar.ligand:2518,FPL64176,,,,False,,,
D02830,iuphar.ligand:192,SB 228357,,,,False,,,
D02831,rxcui:337523,IXABEPILONE,Small molecule,,,True,,,
D02832,ncit:C63672,PENTOSALEN,,,,False,,,
D02833,rxcui:7623,OFLOXACIN,,,,True,,,
D02834,chembl:CHEMBL1436860,DIMETHYL GAMBOGATE,,,,False,,,
D02835,chembl:CHEMBL252722,ROBUSTONE,,,,False,,,
D02836,drugbank:DB03428,SU9516,,,,False,,,
D02837,chembl:CHEMBL1371435,ISOEUGENITOL,,,,False,,,
D02838,rxcui:9000,PYRIDOSTIGMINE,small molecule,,,True,,,
D02839,chembl:CHEMBL1451874,LECANORIC ACID,,,,False,,,
D02840,chembl:CHEMBL1336025,(+/-)-PENTAACETYLCATECHIN,,,,False,,,
D02841,rxcui:228054,DEXMEDETOMIDINE HYDROCHLORIDE,Analgesics,,,True,,,
D02842,rxcui:10171,SULFADIAZINE,,,,True,,,
D02843,rxcui:1596,BISACODYL,,,,True,,,
D02844,chembl:CHEMBL472656,CHEMBL:CHEMBL472656,,,,False,,,
D02845,chembl:CHEMBL72631,INDOMETHACIN MORPHOLINYLAMIDE,,,,False,,,
D02846,rxcui:3368,DIENESTROL,small molecule,,,True,,,
D02847,chembl:CHEMBL44201,BIPHENYL-4-AMINE,,,,False,,,
D02848,rxcui:68091,DOLASETRON,Small Molecule,,,True,,,
D02849,rxcui:26237,GRANISETRON,Small Molecule,,,True,,,
D02850,chembl:CHEMBL588859,CHEMBL:CHEMBL588859,,,,False,,,
D02851,chembl:CHEMBL1488390,2-METHOXY-5 (6)EPOXY-TETRAHYDROCARYOPHYLLENE,,,,False,,,
D02852,rxcui:190548,TIPRANAVIR,,,,True,,,
D02853,iuphar.ligand:5916,AG 490,,,,False,,,
D02854,chembl:CHEMBL481049,CITROPTEN,,,,False,,,
D02855,chembl:CHEMBL1513392,CHEMBL:CHEMBL1513392,,,,False,,,
D02856,rxcui:40169,MORICIZINE,small molecule,,,True,,,
D02857,drugbank:DB05913,OSI-930,small molecule,,,False,,,
D02858,rxcui:155137,SERTRALINE HYDROCHLORIDE,Antidepressive Agents,,,True,,,
D02859,rxcui:6995,PLICAMYCIN,,,,True,,,
D02860,chembl:CHEMBL172064,E324,,,,False,,,
D02861,rxcui:11204,VINDESINE,small molecule,,,False,,,
D02862,drugbank:DB07453,ALPHA-NAPHTHOFLAVONE,,,,False,,,
D02863,chembl:CHEMBL1491099,GANGALEOIDIN,,,,False,,,
D02864,rxcui:8896,PSEUDOEPHEDRINE,Bronchodilator Agents,,,True,,,
D02865,chembl:CHEMBL587259,CHEMBL:CHEMBL587259,,,,False,,,
D02866,ncit:C79926,ARASERTACONAZOLE,,,,False,,,
D02867,iuphar.ligand:1079,CGP7930,,,,False,,,
D02868,rxcui:102170,PIPERIDOLATE HYDROCHLORIDE,,,,False,,,
D02869,ncit:C152828,VANIPREVIR,,,,False,,,
D02870,chembl:CHEMBL74656,REL-CISAPRIDE,,,,False,,,
D02871,chembl:CHEMBL556001,"2- (2,6-DIMETHOXYPHENOXYETHYL)AMINOMETHYL-1,4-BENZODIOXANE HYDROCHLORIDE (WB 4101)",,,,False,,,
D02872,iuphar.ligand:7381,RS-100329,,,,False,,,
D02873,rxcui:6857,METHOXYFLURANE,small molecule,,,True,,,
D02874,ncit:C77258,ALTANSERIN,,,,False,,,
D02875,chembl:CHEMBL145725,CHEMBL:CHEMBL145725,,,,False,,,
D02876,chembl:CHEMBL445969,CAULIBUGULONE C,,,,False,,,
D02877,ncit:C166774,OLVANIL,,,,False,,,
D02878,iuphar.ligand:6008,MEK1/2 INHIBITOR,,,,False,,,
D02879,ncit:C76887,TABIMORELIN,,inhibitor,,False,,,
D02880,chembl:CHEMBL30432,GW282974X,,,,False,,,
D02881,chembl:CHEMBL1368313,DROFENINE HYDROCHLORIDE,,,,False,,,
D02882,rxcui:1546428,FLUNISOLIDE ANHYDROUS,Anti-Asthmatic Agents,,,True,,,
D02883,ncit:C955,CARMOFUR,,,,False,,,
D02884,rxcui:203160,LOSARTAN POTASSIUM,small molecule,,,True,,,
D02885,drugbank:DB16774,TYRPHOSTIN B48,,,,False,,,
D02886,chembl:CHEMBL226968,TEBUFENOZIDE,,,,False,,,
D02887,iuphar.ligand:2745,GUGGULSTERONE,,,,False,,,
D02888,chembl:CHEMBL1527943,PTAEROXYLIN,,,,False,,,
D02889,rxcui:8691,PRIMIDONE,small molecule,,,True,,,
D02890,drugbank:DB17038,NSC-663284,,,,False,,,
D02891,rxcui:60207,DORZOLAMIDE,,,,True,,,
D02892,chembl:CHEMBL85194,CHEMBL:CHEMBL85194,,,,False,,,
D02893,chembl:CHEMBL1288014,CHEMBL:CHEMBL1288014,,,,False,,,
D02894,rxcui:1368167,PHLORETIN,,,,True,,,
D02895,drugbank:DB17050,RS-39604,,,,False,,,
D02896,drugbank:DB03285,ISOLIQUIRITIGENIN,,,,False,,,
D02897,rxcui:5981,IPRONIAZID,,,,True,,,
D02898,chembl:CHEMBL272682,CHEMBL:CHEMBL272682,,,,False,,,
D02899,rxcui:190376,LINEZOLID,,,,True,,,
D02900,rxcui:115713,MONTELUKAST SODIUM,Anti-Asthmatic Agents,,,True,,,
D02901,chembl:CHEMBL1513686,12A-HYDROXY-5-DEOXYDEHYDROMUNDUSERONE,,,,False,,,
D02902,rxcui:18343,ARTEMETHER,,,,True,,,
D02903,chembl:CHEMBL23327,PURVALANOLA,,,,False,,,
D02904,chembl:CHEMBL1482446,DEOXYSAPPANONE B TRIMETHYL ETHER,,,,False,,,
D02905,chembl:CHEMBL430893,(-)-ROLIPRAM,,,,False,,,
D02906,iuphar.ligand:4210,GYKI53784,,,,False,,,
D02907,chembl:CHEMBL1516007,"8,2'-DIMETHOXYFLAVONE",,,,False,,,
D02908,rxcui:7533,NOSCAPINE,small molecule,,,False,,,
D02909,chembl:CHEMBL1332204,ARTHONIOIC ACID,,,,False,,,
D02910,drugbank:DB02052,INDIRUBIN-3'-MONOXIME,,,,False,,,
D02911,rxcui:1546369,GENTIAN VIOLET CATION,,,,True,,,
D02912,rxcui:236594,AMPHOTERICIN B LIPOSOMAL,,,,True,,,
D02913,chembl:CHEMBL533542,CHEMBL:CHEMBL533542,,,,False,,,
D02914,chembl:CHEMBL225513,CHEMBL:CHEMBL225513,,,,False,,,
D02915,rxcui:7781,OXAZEPAM,small molecule,,,True,,,
D02916,rxcui:114289,INDINAVIR,,,,False,,,
D02917,iuphar.ligand:9461,"L-732,138",,,,False,,,
D02918,rxcui:10767,TRIAZOLAM,Small Molecule,,,True,,,
D02919,rxcui:89729,ACRISORCIN,,,,True,,,
D02920,chembl:CHEMBL1256910,TREQUINSIN HYDROCHLORIDE,,,,False,,,
D02921,iuphar.ligand:2686,GW0742X,,,,False,,,
D02922,rxcui:39998,ZONISAMIDE,Small Molecule,,,True,,,
D02923,chembl:CHEMBL227725,ALLANTODAPSONE,,,,False,,,
D02924,rxcui:2361,CHLORHEXIDINE HYDROCHLORIDE,,,,True,,,
D02925,rxcui:82055,NEOSTIGMINE BROMIDE,,,,False,,,
D02926,rxcui:4460,FLUNITRAZEPAM,Hypnotics and Sedatives,,,True,,,
D02927,rxcui:1649480,IVABRADINE,,,,True,,,
D02928,rxcui:1314255,HESPERETIN,,,,True,,,
D02929,rxcui:19008,BENZTHIAZIDE,Antihypertensive Agents,,,True,,,
D02930,chembl:CHEMBL350719,ESMETHADONE,,,,False,,,
D02931,rxcui:861634,PITAVASTATIN,Anticholesteremic Agents,,,True,,,
D02932,rxcui:38409,TOREMIFENE,Small Molecule,,,True,,,
D02933,chembl:CHEMBL1591080,METHOXYVONE,,,,False,,,
D02934,chembl:CHEMBL242711,BERGAPTOL,,,,False,,,
D02935,rxcui:10827,TRIMETHADIONE,small molecule,,,True,,,
D02936,chembl:CHEMBL502242,CHEMBL:CHEMBL502242,,,,False,,,
D02937,ncit:C261,MACROLIDE ANTIBIOTIC,,,,False,,,
D02938,iuphar.ligand:495,RS-17053,,,,False,,,
D02939,rxcui:6805,METARAMINOL,small molecule,,,True,,,
D02940,rxcui:2418,CHOLECALCIFEROL,,,,True,,,
D02941,ncit:C166661,ESOXYBUTYNIN,,,,False,,,
D02942,rxcui:4488,FLOXURIDINE,Antineoplastic Agents,,,True,,,
D02943,iuphar.ligand:5179,EHNA,,,,False,,,
D02944,ncit:C66569,SULFAPHENAZOLE,,,,True,,,
D02945,chembl:CHEMBL186784,XANTHONE,,,,False,,,
D02946,ncit:C28694,LAPACHONE,,,,False,,,
D02947,chembl:CHEMBL36148,(S)-VERAPAMIL,,,,False,,,
D02948,chembl:CHEMBL1420370,CHEMBL:CHEMBL1420370,,,,False,,,
D02949,iuphar.ligand:1346,6-CL-MLT,,,,False,,,
D02950,drugbank:DB16763,TYRPHOSTIN AG 835,,,,False,,,
D02951,rxcui:35382,RESORCINOL,,,,True,,,
D02952,rxcui:1994358,TRICETIN,,,,True,,,
D02953,iuphar.ligand:235,ML 10302,,,,False,,,
D02954,ncit:C65685,FIPEXIDE,,,,True,,,
D02955,rxcui:10173,SULFADOXINE,,,,True,,,
D02956,chembl:CHEMBL341898,"(R,S)-INDATRALINE",,,,False,,,
D02957,chembl:CHEMBL590670,CHEMBL:CHEMBL590670,,,,False,,,
D02958,drugbank:DB16742,RP-67580,,,,False,,,
D02959,chembl:CHEMBL1078442,BERGAMOTTIN,,,,False,,,
D02960,chembl:CHEMBL462576,KEPONE,,,,False,,,
D02961,ncit:C76315,CILOSTAMIDE,,,,False,,,
D02962,ncit:C152966,ZOXAZOLAMINE,,,,False,,,
D02963,ncit:C2586,PSORALEN,,,,False,,,
D02964,rxcui:358262,FOSAMPRENAVIR,,,,True,,,
D02965,ncit:C90775,LEVOPROPOXYPHENE NAPSYLATE ANHYDROUS,,,,False,,,
D02966,chembl:CHEMBL198759,CHEMBL:CHEMBL198759,,,,False,,,
D02967,rxcui:1298842,"PAROXETINE HYDROCHLORIDE, HEMIHYDRATE",Small Molecule,,,True,,,
D02968,chembl:CHEMBL476501,CHEMBL:CHEMBL476501,,,,False,,,
D02969,chembl:CHEMBL412010,DERRUBONE,,,,False,,,
D02970,iuphar.ligand:9583,PSORA-4,,,,False,,,
D02971,chembl:CHEMBL1594132,SERICETIN DIACETATE,,,,False,,,
D02972,chembl:CHEMBL1256025,CHEMBL:CHEMBL1256025,,,,False,,,
D02973,rxcui:203126,MAPROTILINE HYDROCHLORIDE,,,,True,,,
D02974,rxcui:6980,MINOCYCLINE,,,,True,,,
D02975,iuphar.ligand:11149,GW405833,,,,False,,,
D02976,iuphar.ligand:9750,NECROSTATIN-1,,,,False,,,
D02977,rxcui:4815,GLYBURIDE,small molecule,,,True,,,
D02978,rxcui:9071,QUININE,,,,True,,,
D02979,rxcui:17599,ALTHIAZIDE,,,,False,,,
D02980,rxcui:8754,PROPAFENONE,Anti-Arrhythmia Agents,,,True,,,
D02981,chembl:CHEMBL147587,ISOQUINE,,,,False,,,
D02982,iuphar.ligand:3329,SR2640,,,,False,,,
D02983,chembl:CHEMBL512908,CHEMBL:CHEMBL512908,,,,False,,,
D02984,rxcui:6677,MECLOFENAMATE SODIUM,,,,True,,,
D02985,chembl:CHEMBL1526240,DIHYDROGAMBOGIC ACID,,,,False,,,
D02986,rxcui:2106739,RESORCINOL MONOACETATE,,,,False,,,
D02987,chembl:CHEMBL268868,DAPH,,,,False,,,
D02988,iuphar.ligand:5764,SB 218795,,,,False,,,
D02989,chembl:CHEMBL273862,HYDROXYCAMPTOTHECIN,,,,False,,,
D02990,rxcui:1828,BUSULFAN,,,,True,,,
D02991,rxcui:8372,PIVAMPICILLIN,,,,True,,,
D02992,rxcui:739,AMSACRINE,,,,True,,,
D02993,rxcui:3014,CYPROTERONE,small molecule,,,True,,,
D02994,ncit:C65616,FAMPROFAZONE,,,,False,,,
D02995,ncit:C72119,GLAFENINE,,,,True,,,
D02996,chembl:CHEMBL11458,CHEMBL:CHEMBL11458,,,,False,,,
D02997,rxcui:1592684,DIRLOTAPIDE,,,,False,,,
D02998,ncit:C152643,TIOTIDINE,,,,False,,,
D02999,iuphar.ligand:385,8-CYCLOPENTYLTHEOPHYLLINE,,,,False,,,
D03000,rxcui:21264,CLOFOCTOL,,,,False,,,
D03001,chembl:CHEMBL597744,TRIACETYLRESVERATROL,,,,False,,,
D03002,rxcui:1841,BUTORPHANOL,"Analgesics, Opioid",,,True,,,
D03003,chembl:CHEMBL447876,CAULIBUGULONE D,,,,False,,,
D03004,chembl:CHEMBL164841,TECHTOCHRYSIN,,,,False,,,
D03005,chembl:CHEMBL187216,CHEMBL:CHEMBL187216,,,,False,,,
D03006,rxcui:71227,PHENYTOIN SODIUM,small molecule,,,True,,,
D03007,ncit:C81409,OXETHAZAINE,,,,False,,,
D03008,rxcui:203201,THIAMYLAL SODIUM,,,,True,,,
D03009,ncit:C76867,COUMAPHOS,,,,False,,,
D03010,rxcui:35829,RANOLAZINE,Antianginal Agents,,,True,,,
D03011,rxcui:9524,SULFASALAZINE,"Anti-Inflammatory Agents, Non-Steroidal",,,True,,,
D03012,chembl:CHEMBL21396,SKIMMIANINE,,,,False,,,
D03013,chembl:CHEMBL137498,CHEMBL:CHEMBL137498,,,,False,,,
D03014,ncit:C64181,GRAMINE,,,,False,,,
D03015,rxcui:56798,SULCONAZOLE NITRATE,,,,True,,,
D03016,chembl:CHEMBL210868,AURIN,,,,False,,,
D03017,rxcui:6147,KHELLIN,,,,False,,,
D03018,iuphar.ligand:3931,L 755507,,,,False,,,
D03019,rxcui:8987,PYRAZINAMIDE,,,,True,,,
D03020,chembl:CHEMBL1288013,CHEMBL:CHEMBL1288013,,,,False,,,
D03021,rxcui:253206,VALERIAN ROOT EXTRACT,,,,True,,,
D03022,rxcui:31945,NONIVAMIDE,,,,True,,,
D03023,rxcui:32675,OXYBUTYNIN,Small molecule,,,True,,,
D03024,chembl:CHEMBL1086446,TOLUENE DIISOCYANATE,,,,False,,,
D03025,chembl:CHEMBL2035185,CT-1578,,,,False,,,
D03026,chembl:CHEMBL77098,"3-HYDROXY-3',4'-DIMETHOXYFLAVONE",,,,False,,,
D03027,chembl:CHEMBL184450,CHEMBL:CHEMBL184450,,,,False,,,
D03028,chembl:CHEMBL611494,SALAGEN,,,,False,,,
D03029,iuphar.ligand:6678,PRE-084,,,,False,,,
D03030,rxcui:2404,CHLORPROPAMIDE,small molecule,,,True,,,
D03031,rxcui:6185,LABETALOL,small molecule,,,True,,,
D03032,rxcui:235230,NICARDIPINE HYDROCHLORIDE,,,,True,,,
D03033,chembl:CHEMBL255033,(S)-NIMODIPINE,,,,False,,,
D03034,iuphar.ligand:5552,N-OLEOYLDOPAMINE,,,,False,,,
D03035,chembl:CHEMBL279678,S-ETOMIDATE,,,,False,,,
D03036,chembl:CHEMBL1606022,SAPPANONE A TRIMETHYL ETHER,,,,False,,,
D03037,chembl:CHEMBL177809,CHEMBL:CHEMBL177809,,,,False,,,
D03038,chembl:CHEMBL74675,CHEMBL:CHEMBL74675,,,,False,,,
D03039,rxcui:35350,REMOXIPRIDE,Antipsychotic Agents,,,True,,,
D03040,ncit:C84107,PROADIFEN,,,,False,,,
D03041,chembl:CHEMBL602418,CHEMBL:CHEMBL602418,,,,False,,,
D03042,chembl:CHEMBL399249,(R)-PINOCEMBRIN,,,,False,,,
D03043,rxcui:8160,PHENYLBUTAZONE,small molecule,,,True,,,
D03044,rxcui:4135,ETHOSUXIMIDE,small molecule,,,True,,,
D03045,ncit:C152706,TRACAZOLATE,,,,False,,,
D03046,chembl:CHEMBL363207,DICHLORODIPHENYLDICHLOROETHYLENE,,,,False,,,
D03047,rxcui:30125,MODAFINIL,Small molecule,,,True,,,
D03048,rxcui:55679,RILMENIDINE,,,,True,,,
D03049,chembl:CHEMBL107131,DIMETHYLPINOCEMBRIN,,,,False,,,
D03050,iuphar.ligand:3431,AHPN,,,,False,,,
D03051,rxcui:3226,DEQUALINIUM,,,,True,,,
D03052,chembl:CHEMBL422942,CHEMBL:CHEMBL422942,,,,False,,,
D03053,iuphar.ligand:2674,GW7647,,,,False,,,
D03054,chembl:CHEMBL1326944,"7,3'-DIMETHOXYFLAVONE",,,,False,,,
D03055,chembl:CHEMBL1566650,ACACETIN DIACETATE,,,,False,,,
D03056,chembl:CHEMBL101168,CHEMBL:CHEMBL101168,,,,False,,,
D03057,ncit:C66468,PROADIFEN HYDROCHLORIDE,,,,False,,,
D03058,chembl:CHEMBL398363,CHEMBL:CHEMBL398363,,,,False,,,
D03059,rxcui:2541,CIMETIDINE,"GI Anti-Ulcer Agents, antihistamines",,,True,,,
D03060,rxcui:7816,OXYPHENBUTAZONE,,,,True,,,
D03061,chembl:CHEMBL250892,(R)-MELPHALAN,,,,False,,,
D03062,chembl:CHEMBL1528531,PHOSALONE,,,,False,,,
D03063,drugbank:DB04228,DIHYDROXYPHENYLGLYCINE,,,,False,,,
D03064,chembl:CHEMBL479689,PACHYRRIZINE,,,,False,,,
D03065,chembl:CHEMBL84685,CHEMBL:CHEMBL84685,,,,False,,,
D03066,rxcui:119565,TOLTERODINE,Anti-Incontinence Agents,,,True,,,
D03067,rxcui:60842,REBOXETINE,,,,True,,,
D03068,rxcui:10355,TEMAZEPAM,small molecule,,,True,,,
D03069,iuphar.ligand:2703,GW1929,,,,False,,,
D03070,chembl:CHEMBL1603788,SAPPANONE A 7-METHYL ETHER,,,,False,,,
D03071,rxcui:31805,NILUTAMIDE,small molecule,,,True,,,
D03072,rxcui:259319,PIOGLITAZONE HYDROCHLORIDE,Hypoglycemic Agents,,,True,,,
D03073,rxcui:10844,TRIOXSALEN,,,,True,,,
D03074,chembl:CHEMBL309917,CHEMBL:CHEMBL309917,,,,False,,,
D03075,ncit:C87623,TENELIGLIPTIN,,,,True,,,
D03076,rxcui:25480,GABAPENTIN,Analgesics,,,True,,,
D03077,iuphar.ligand:10302,OSTHOLE,,,,False,,,
D03078,rxcui:24464,ETHAVERINE,,,,False,,,
D03079,rxcui:6845,METHOCARBAMOL,,,,True,,,
D03080,ncit:C81358,SANGUINARIUM,,,,False,,,
D03081,drugbank:DB05447,AVI-4557,antisense oligo,,,False,,,
D03082,chembl:CHEMBL1491809,PIMPINELLIN,,,,False,,,
D03083,drugbank:DB11919,6-O-BENZYLGUANINE,,,,False,,,
D03084,chembl:CHEMBL587849,CHEMBL:CHEMBL587849,,,,False,,,
D03085,chembl:CHEMBL74913,CHEMBL:CHEMBL74913,,,,False,,,
D03086,iuphar.ligand:5927,AMINOPURVALANOL A,,,,False,,,
D03087,iuphar.ligand:8216,SB-431542,,,,False,,,
D03088,chembl:CHEMBL16312,4'-METHOXYFLAVONE,,,,False,,,
D03089,chembl:CHEMBL1568605,"7-OXOCALLITRISIC ACID, METHYL ESTER",,,,False,,,
D03090,chembl:CHEMBL481044,ELEMICIN,,,,False,,,
D03091,chembl:CHEMBL1342336,CHEMBL:CHEMBL1342336,,,,False,,,
D03092,ncit:C83547,BENZPIPERYLON,,,,False,,,
D03093,chembl:CHEMBL465339,MUNDULONE,,,,False,,,
D03094,ncit:C1825,U-0126,,,,False,,,
D03095,chembl:CHEMBL1079421,PHENMEDIPHAM,,,,False,,,
D03096,rxcui:996051,CABAZITAXEL,Small molecule,,,True,,,
D03097,chembl:CHEMBL1436980,"4,4'-DIMETHOXYDALBERGIONE",,,,False,,,
D03098,rxcui:5321,HEXYLRESORCINOL,,,,True,,,
D03099,drugbank:DB16773,TYRPHOSTIN AG 555,,,,False,,,
D03100,chembl:CHEMBL258767,CHEMBL:CHEMBL258767,,,,False,,,
D03101,ncit:C73334,ETAZOLATE,Small molecule,,,False,,,
D03102,ncit:C83787,IMAZODAN,,,,False,,,
D03103,ncit:C63666,DEGUELIN,,,,False,,,
D03104,chembl:CHEMBL468167,CHLOROTHALONIL,,,,False,,,
D03105,chembl:CHEMBL1522900,MENTHOFURAN,,,,False,,,
D03106,iuphar.ligand:11691,ICI-199441,,,,False,,,
D03107,rxcui:25193,FLUPIRTINE,Small molecule,,,False,,,
D03108,ncit:C152218,RIMCAZOLE,small molecule,,,False,,,
D03109,ncit:C75238,ECADOTRIL,,,,False,,,
D03110,rxcui:1425426,CHOLINE CHLORIDE,,,,True,,,
D03111,chembl:CHEMBL899,LANSOPRAZOLE SULFIDE,,,,False,,,
D03112,chembl:CHEMBL308688,"5,7-DIMETHOXYISOFLAVONE",,,,False,,,
D03113,chembl:CHEMBL1222498,PROPANIL,,,,False,,,
D03114,rxcui:24947,FERROUS SULFATE,,,,True,,,
D03115,rxcui:235824,AZELASTINE HYDROCHLORIDE,,,,True,,,
D03116,chembl:CHEMBL1397308,CHEMBL:CHEMBL1397308,,,,False,,,
D03117,rxcui:235559,"NITROFURANTOIN, MACROCRYSTALS",,,,True,,,
D03118,iuphar.ligand:7848,CGP13501,,,,False,,,
D03119,rxcui:1272,AZTREONAM,,,,True,,,
D03120,rxcui:53750,NONOXYNOL-9,,,,True,,,
D03121,chembl:CHEMBL363506,CORALYNE,,,,False,,,
D03122,rxcui:8124,PHENELZINE SULFATE,,,,True,,,
D03123,chembl:CHEMBL1521739,ISOQUINE DIHYDROCHLORIDE,,,,False,,,
D03124,chembl:CHEMBL601110,CHEMBL:CHEMBL601110,,,,False,,,
D03125,chembl:CHEMBL85728,"4,4'-METHYLENEDIANILINE",,,,False,,,
D03126,rxcui:283547,CARBETAPENTANE CITRATE,,,,True,,,
D03127,rxcui:5470,HYDRALAZINE,Small Molecule,,,True,,,
D03128,iuphar.ligand:1250,IMETIT,,,,False,,,
D03129,iuphar.ligand:1267,THIOPERAMIDE,,,,False,,,
D03130,rxcui:7394,NIALAMIDE,,,,True,,,
D03131,rxcui:1433867,DOLUTEGRAVIR SODIUM,,,,True,,,
D03132,chembl:CHEMBL453066,BETA-CCM,,,,False,,,
D03133,rxcui:6929,MIANSERIN,"Antidepressive Agents, Second-Generation",,,False,,,
D03134,ncit:C74135,TOMELUKAST,,,,False,,,
D03135,rxcui:9947,SOTALOL,small molecule,,,True,,,
D03136,rxcui:2653,COCAINE,small molecule,,,True,,,
D03137,ncit:C75285,TELENZEPINE,,,,False,,,
D03138,iuphar.ligand:189,SB 206553,,,,False,,,
D03139,rxcui:33910,ISRADIPINE,small molecule,,,True,,,
D03140,rxcui:10395,TETRACYCLINE,,,,True,,,
D03141,iuphar.ligand:2819,PROPYLPYRAZOLETRIOL,,,,False,,,
D03142,chembl:CHEMBL527271,CHEMBL:CHEMBL527271,,,,False,,,
D03143,drugbank:DB08190,N-[2-(2-IODO-5-METHOXY-1H-INDOL-3-YL)ETHYL]ACETAMIDE,,,,False,,,
D03144,rxcui:36453,SEVOFLURANE,"Anesthetics, Inhalation",,,True,,,
D03145,rxcui:265323,MYCOPHENOLATE,Small Molecule,,,True,,,
D03146,ncit:C74191,AMPEROZIDE,,,,False,,,
D03147,chembl:CHEMBL487186,TEBUCONAZOLE,,,,False,,,
D03148,chembl:CHEMBL1310701,CHEMBL:CHEMBL1310701,,,,False,,,
D03149,rxcui:6468,LOPERAMIDE,Antidiarrheals,,,True,,,
D03150,iuphar.ligand:3302,L741742,,,,False,,,
D03151,chembl:CHEMBL1374610,CHEMBL:CHEMBL1374610,,,,False,,,
D03152,chembl:CHEMBL272005,CHEMBL:CHEMBL272005,,,,False,,,
D03153,ncit:C171717,BITHIONOLATE SODIUM,,,,True,,,
D03154,rxcui:155122,PHENOLPHTHALEIN,,,,True,,,
D03155,rxcui:2594,CLOFIBRATE,small molecule,,,True,,,
D03156,chembl:CHEMBL475536,"1R,9S-HYDRASTINE",,,,False,,,
D03157,rxcui:2410,CHLORZOXAZONE,small molecule,,,True,,,
D03158,rxcui:1368173,NARINGENIN,,,,False,,,
D03159,ncit:C72599,NITROMIDE,,,,False,,,
D03160,chembl:CHEMBL1572261,CHEMBL:CHEMBL1572261,,,,False,,,
D03161,iuphar.ligand:2433,2-APB,,,,False,,,
D03162,iuphar.ligand:1266,IODOPHENPROPIT,,,,False,,,
D03163,rxcui:203148,ONDANSETRON HYDROCHLORIDE,Small Molecule,,,True,,,
D03164,rxcui:2369389,RIPRETINIB,,,,True,,,
D03165,rxcui:59064,PIPERIDOLATE,,,,False,,,
D03166,iuphar.ligand:9372,TBBT,,,,False,,,
D03167,rxcui:152021,DICYCLOMINE HYDROCHLORIDE,small molecule,,,True,,,
D03168,rxcui:31819,NITAZOXANIDE,,,,True,,,
D03169,rxcui:282446,POSACONAZOLE,,,,True,,,
D03170,rxcui:47111,BIFEMELANE,,,,False,,,
D03171,rxcui:38413,TORSEMIDE,Antihypertensive Agents,,,True,,,
D03172,rxcui:73044,REPAGLINIDE,Small Molecule,,,True,,,
D03173,rxcui:5489,HYDROCODONE,Small Molecule,,,True,,,
D03174,rxcui:135481,CANDESARTAN CILEXETIL,Antihypertensive Agents,,,True,,,
D03175,chembl:CHEMBL15134,CHEMBL:CHEMBL15134,,,,False,,,
D03176,chembl:CHEMBL41541,METHAPHIT,,,,False,,,
D03177,rxcui:859857,SAQUINAVIR MESYLATE,,,,True,,,
D03178,rxcui:68115,PIROXICAM-BETA-CYCLODEXTRIN,"Anti-Inflammatory Agents, Non-Steroidal",,,True,,,
D03179,ncit:C162341,BERBAMINE,,,,False,,,
D03180,rxcui:203211,DILTIAZEM HYDROCHLORIDE,Small Molecule,,,True,,,
D03181,rxcui:236701,CLEBOPRIDE MALEATE,,,,False,,,
D03182,rxcui:2921,CROMOGLYCATE,small molecule,,,True,,,
D03183,iuphar.ligand:3936,"L-162,313",,,,False,,,
D03184,iuphar.ligand:12446,NOBILETIN,,,,False,,,
D03185,ncit:C75196,TESMILIFENE,small molecule,,,False,,,
D03186,chembl:CHEMBL503938,EUPARIN,,,,False,,,
D03187,iuphar.ligand:5116,3-HYDROXYBENZYLHYDRAZINE,,,,False,,,
D03188,iuphar.ligand:506,L-765314,,,,False,,,
D03189,chembl:CHEMBL225869,CHEMBL:CHEMBL225869,,,,False,,,
D03190,chembl:CHEMBL508030,RHETSININE,,,,False,,,
D03191,drugbank:DB16830,PAEONOL,,,,False,,,
D03192,chembl:CHEMBL58033,(-)-U-50488,,,,False,,,
D03193,iuphar.ligand:8072,GW5074,,,,False,,,
D03194,chembl:CHEMBL1590432,GANGLEOIDIN ACETATE,,,,False,,,
D03195,ncit:C95920,BLONANSERIN,,,,True,,,
D03196,chembl:CHEMBL22373,CL-976,,,,False,,,
D03197,drugbank:DB02417,"2,4,6-TRIBROMOPHENOL",,,,False,,,
D03198,chembl:CHEMBL546597,CHEMBL:CHEMBL546597,,,,False,,,
D03199,ncit:C81139,CLEMIZOLE,,,,False,,,
D03200,chembl:CHEMBL1256835,CHEMBL:CHEMBL1256835,,,,False,,,
D03201,rxcui:1299904,AZITHROMYCIN ANHYDROUS,,,,True,,,
D03202,rxcui:37798,TERAZOSIN,Antineoplastic Agents,,,True,,,
D03203,ncit:C87212,NAFTIDROFURYL,,,,False,,,
D03204,chembl:CHEMBL253786,CHEMBL:CHEMBL253786,,,,False,,,
D03205,ncit:C65389,DILAZEP,,,,False,,,
D03206,chembl:CHEMBL1256868,CHEMBL:CHEMBL1256868,,,,False,,,
D03207,chembl:CHEMBL2449003,ENDO-ATROPINE,,,,False,,,
D03208,rxcui:274786,TELITHROMYCIN,,,,True,,,
D03209,rxcui:2623,CLOTRIMAZOLE,,,,True,,,
D03210,rxcui:6963,MIDODRINE,small molecule,,,True,,,
D03211,chembl:CHEMBL91153,"3',4'-DIMETHOXYFLAVONE",,,,False,,,
D03212,rxcui:662281,NILOTINIB,BCR-ABL inhibitor 2nd gen,,,True,,,
D03213,rxcui:6308,LEUCINE,,,,True,,,
D03214,chembl:CHEMBL224214,CARBONYL CYANIDE M-CHLOROPHENYLHYDRAZONE,,,,False,,,
D03215,rxcui:54236,OXATOMIDE,,,,True,,,
D03216,rxcui:7435,NISOLDIPINE,Antihypertensive Agents,,,True,,,
D03217,ncit:C87286,NAFRONYL OXALATE,,,,False,,,
D03218,rxcui:42355,FLUVOXAMINE,Small Molecule,,,True,,,
D03219,rxcui:266565,NELFINAVIR MESYLATE,,,,True,,,
D03220,rxcui:8629,PRAZOSIN,Antihypertensive Agents,,,True,,,
D03221,rxcui:40575,ZILEUTON,Small Molecule,,,True,,,
D03222,rxcui:4053,ERYTHROMYCIN,,,,True,,,
D03223,chembl:CHEMBL513494,DIHYDROXYBERGAMOTTIN,,,,False,,,
D03224,ncit:C169912,DIMPYLATE,,,,False,,,
D03225,chembl:CHEMBL1449575,HARMOL HYDROCHLORIDE,,,,False,,,
D03226,chembl:CHEMBL1368322,PARAROSANILINE,,,,False,,,
D03227,rxcui:4316,FELODIPINE,Small Molecule,,,True,,,
D03228,ncit:C1415,VESNARINONE,,,,False,,,
D03229,chembl:CHEMBL1412489,CHEMBL:CHEMBL1412489,,,,False,,,
D03230,iuphar.ligand:12963,"2,3',4,5'-TETRAMETHOXYSTILBENE",,inhibitor,,False,,,
D03231,rxcui:6691,MEDROXYPROGESTERONE,,,,True,,,
D03232,ncit:C2140,ADJUVANT,,,,False,,,
D03233,rxcui:15070,FORMESTANE,,,,False,,,
D03234,rxcui:797541,ISOPROPYL ALCOHOL,,,,True,,,
D03235,chembl:CHEMBL2347758,"2'H,4H-[2,5'-BICHROMEN]-4-ONE",,,,False,,,
D03236,drugbank:DB04986,ZYC300,vaccine,,,False,,,
D03237,chembl:CHEMBL399910,PINOCEMBRIN,,,,False,,,
D03238,chembl:CHEMBL2347757,"2'H,4H-[2,8'-BICHROMEN]-4-ONE",,,,False,,,
D03239,iuphar.ligand:8789,CHRYSIN,,inhibitor,,False,,,
D03240,ncit:C29812,BETA-NAPHTHOFLAVONE,,,,False,,,
D03241,chembl:CHEMBL2347759,CHEMBL:CHEMBL2347759,,,,False,,,
D03242,rxcui:677,AMINOGLUTETHIMIDE,Antineoplastic agents,,,True,,,
D03243,rxcui:720,AMODIAQUINE,,,,False,,,
D03244,iuphar.ligand:8748,5H3'FPE,,inhibitor,,False,,,
D03245,rxcui:84857,ANASTROZOLE,Antineoplastic Agents,,,True,,,
D03246,iuphar.ligand:8674,GRASSYSTATIN A,,inhibitor,,False,,,
D03247,iuphar.ligand:9893,COMPOUND 9 [PMID: 20718420],,inhibitor,,False,,,
D03248,iuphar.ligand:8550,COMPOUND 24DD [PMID: 20684603],,inhibitor,,False,,,
D03249,iuphar.ligand:9627,ZY15557,,inhibitor,,False,,,
D03250,iuphar.ligand:8301,COMPOUND 1 [XIAO ET AL. 2014],,inhibitor,,False,,,
D03251,ncit:C174662,OMARIGLIPTIN,,inhibitor,,True,,,
D03252,rxcui:1100699,LINAGLIPTIN,,inhibitor,,True,,,
D03253,ncit:C48264,TALABOSTAT,small molecule,inhibitor,,False,,,
D03254,ncit:C96202,ANAGLIPTIN,,inhibitor,,True,,,
D03255,rxcui:1546030,SAXAGLIPTIN ANHYDROUS,small molecule,inhibitor,,True,,,
D03256,rxcui:593411,SITAGLIPTIN,Small Molecule,inhibitor,,True,,,
D03257,rxcui:1368001,ALOGLIPTIN,Small molecule,inhibitor,,True,,,
D03258,iuphar.ligand:8691,BEGELOMAB,,antibody,,False,,,
D03259,rxcui:596554,VILDAGLIPTIN,small molecule,inhibitor,,True,,,
D03260,iuphar.ligand:8566,AC-VEID-CHO,,inhibitor,,False,,,
D03261,iuphar.ligand:5300,Z-VEID-FMK,,inhibitor,,False,,,
D03262,iuphar.ligand:5140,ARP100,,inhibitor,,False,,,
D03263,iuphar.ligand:8846,CGS-27023A,,inhibitor,,False,,,
D03264,iuphar.ligand:9509,SB-3CT,,inhibitor,,False,,,
D03265,ncit:C1705,TANOMASTAT,,inhibitor,,False,,,
D03266,iuphar.ligand:7823,AZD6605,,inhibitor,,False,,,
D03267,iuphar.ligand:12057,TP0556351,,inhibitor,,False,,,
D03268,ncit:C96286,ILOMASTAT,,inhibitor,,False,,,
D03269,rxcui:11476,TILUDRONIC ACID,small molecule,inhibitor,,True,,,
D03270,ncit:C1652,MARIMASTAT,small molecule,inhibitor,,False,,,
D03271,iuphar.ligand:10887,(R)-ND-336,,inhibitor,,False,,,
D03272,iuphar.ligand:6538,UAMC00039,,inhibitor,,False,,,
D03273,ncit:C72915,FASIDOTRIL,,inhibitor,,False,,,
D03274,drugbank:DB08626,THIORPHAN,,inhibitor,,False,,,
D03275,iuphar.ligand:9091,COMPOUND 1A [PMID: 25692029],,inhibitor,,False,,,
D03276,iuphar.ligand:7858,SACUBITRILAT,,inhibitor,,False,,,
D03277,iuphar.ligand:6507,KC-12615,,inhibitor,,False,,,
D03278,ncit:C77602,CANDOXATRILAT,,inhibitor,,False,,,
D03279,iuphar.ligand:6502,FASIDOTRILAT,,inhibitor,,False,,,
D03280,drugbank:DB08040,KELATORPHAN,,inhibitor,,False,,,
D03281,iuphar.ligand:8627,COMPOUND 1B [PMID: 18078750],,inhibitor,,False,,,
D03282,ncit:C73039,DAGLUTRIL,,inhibitor,,False,,,
D03283,ncit:C171870,CANDOXATRIL,Antihypertensive Agents,inhibitor,,True,,,
D03284,iuphar.ligand:8259,CM-352,,inhibitor,,False,,,
D03285,iuphar.ligand:6528,UK-356618,,inhibitor,,False,,,
D03286,rxcui:1872251,BRODALUMAB,,antibody,,True,,,
D03287,iuphar.ligand:8141,COMPOUND 66 [PMID: 19788238],,inhibitor,,False,,,
D03288,iuphar.ligand:8152,RKI-1447,,inhibitor,,False,,,
D03289,iuphar.ligand:10389,RIPK3 INHIBITOR 18,,inhibitor,,False,,,
D03290,iuphar.ligand:10105,DDR1/2 INHIBITOR 5N,,inhibitor,,False,,,
D03291,ncit:C90616,GOSOGLIPTIN,,inhibitor,,True,,,
D03292,ncit:C125608,BEGELOMAB,,inhibitor,,False,,,
D03293,rxcui:73645,VALACYCLOVIR,,,,True,,,
D03294,ncit:C118446,GEMIGLIPTIN,,inhibitor,,False,,,
D03295,iuphar.ligand:7885,ENMD-2076,Kinase Inhibitors,inhibitor,,False,,,
D03296,ncit:C117734,SITRAVATINIB,,inhibitor,,False,,,
D03297,ncit:C64639,CRENOLANIB,FLT3 inhibitor,inhibitor,,False,,,
D03298,iuphar.ligand:8069,CP-673451,,inhibitor,,False,,,
D03299,iuphar.ligand:10475,IBCASERTIB,,inhibitor,,False,,,
D03300,ncit:C95726,LUCITANIB,FGFR inhibitor,inhibitor,,False,,,
D03301,chembl:CHEMBL1082462,DBPR-108,,inhibitor,,False,,,
D03302,iuphar.ligand:11510,M4205,,inhibitor,,False,,,
D03303,iuphar.ligand:8175,COMPOUND 8H [PMID: 22765894],,inhibitor,,False,,,
D03304,ncit:C87620,MELOGLIPTIN,Small molecule,,,False,,,
D03305,drugbank:DB08052,PP-121,,inhibitor,,False,,,
D03306,ncit:C171769,EVOGLIPTIN,,inhibitor,,True,,,
D03307,iuphar.ligand:8095,AC710,,inhibitor,,False,,,
D03308,ncit:C79910,MASITINIB,Kit Inhibitor,inhibitor,,True,,,
D03309,rxcui:1368000,ALOGLIPTIN BENZOATE,,inhibitor,,True,,,
D03310,rxcui:2643048,QUIZARTINIB,Small molecule,inhibitor,,True,,,
D03311,iuphar.ligand:10420,CHMFL-KIT-64,,inhibitor,,False,,,
D03312,ncit:C175203,SERALUTINIB,,inhibitor,,False,,,
D03313,rxcui:1998,CAPTOPRIL,small molecule,,,True,,,
D03314,ncit:C152724,TRELAGLIPTIN SUCCINATE,,inhibitor,,True,,,
D03315,iuphar.ligand:8170,COMPOUND 8H [PMID: 21561767],,inhibitor,,False,,,
D03316,ncit:C180833,ELENESTINIB,,inhibitor,,False,,,
D03317,ncit:C81698,CARMEGLIPTIN,,inhibitor,,False,,,
D03318,ncit:C87492,DUTOGLIPTIN,Small molecule,inhibitor,,False,,,
D03319,chembl:CHEMBL4297624,BISEGLIPTIN,Small molecule,,,False,,,
D03320,iuphar.ligand:9905,COMPOUND 8I [PMID: 22765894],,inhibitor,,False,,,
D03321,iuphar.ligand:11747,BPR1R024,,inhibitor,,False,,,
D03322,rxcui:1855735,OLARATUMAB,monoclonal antibody,antibody,,True,,,
D03323,ncit:C171768,BISEGLIPTIN,,inhibitor,,False,,,
D03324,ncit:C80870,TOCERANIB,,inhibitor,,False,,,
D03325,ncit:C175876,VIMSELTINIB,,inhibitor,,False,,,
D03326,chembl:CHEMBL5315049,SITAGLIPTIN FUMARATE,,inhibitor,,True,,,
D03327,rxcui:1043560,SAXAGLIPTIN HYDROCHLORIDE,,inhibitor,,True,,,
D03328,iuphar.ligand:5021,MESO-DAP,,agonist,,False,,,
D03329,iuphar.ligand:8887,ML130,,inhibitor,,False,,,
D03330,iuphar.ligand:11278,BEMARITUZUMAB,,antibody,,False,,,
D03331,iuphar.ligand:13494,FANREGRATINIB,,inhibitor,,False,,,
D03332,iuphar.ligand:9788,PRN1371,,inhibitor,,False,,,
D03333,iuphar.ligand:8862,BLU-9931,,inhibitor,,False,,,
D03334,iuphar.ligand:9787,ZOLIGRATINIB,,inhibitor,,False,,,
D03335,iuphar.ligand:11414,TASURGRATINIB,,inhibitor,,False,,,
D03336,iuphar.ligand:7962,MK-2461,Kinase Inhibitors,inhibitor,,False,,,
D03337,iuphar.ligand:12874,RESIGRATINIB,,inhibitor,,False,,,
D03338,iuphar.ligand:8104,LY2874455,,inhibitor,,False,,,
D03339,rxcui:2359268,PEMIGATINIB,,inhibitor,,True,,,
D03340,rxcui:2123125,ERDAFITINIB,,inhibitor,,True,,,
D03341,ncit:C174208,LIRAFUGRATINIB,,inhibitor,,False,,,
D03342,iuphar.ligand:12313,COMPOUND 29 [PMID: 36356320],,inhibitor,,False,,,
D03343,iuphar.ligand:12485,"COMPOUND 7 [NGUYEN ET AL., 2023]",,inhibitor,,False,,,
D03344,rxcui:2550729,INFIGRATINIB,Pan-FGFR Inhibitor,inhibitor,,True,,,
D03345,rxcui:196319,PALIFERMIN,recombinant protein,agonist,,True,,,
D03346,ncit:C170744,ALOFANIB,,modulator,,False,,,
D03347,ncit:C104267,DERAZANTINIB,small molecule,inhibitor,,False,,,
D03348,iuphar.ligand:7707,FEXAGRATINIB,,inhibitor,,False,,,
D03349,iuphar.ligand:13218,SEGIGRATINIB,,inhibitor,,False,,,
D03350,chembl:CHEMBL4297562,DKN-01,,inhibitor,,False,,,
D03351,ncit:C2160,PROTEASOME INHIBITOR,,,,False,,,
D03352,rxcui:877015,LEVOLEUCOVORIN,,,,True,,,
D03353,hemonc:57,BHQ-880,,inhibitor,,False,,,
D03354,rxcui:203152,ALENDRONATE SODIUM,small molecule,,,True,,,
D03355,iuphar.ligand:989,ENDOTHELIN-1,,,,False,,,
D03356,ncit:C87727,ENRASENTAN,,inhibitor,,False,,,
D03357,rxcui:1442132,MACITENTAN,Small molecule,inhibitor,,True,,,
D03358,ncit:C74027,SOVATELTIDE,peptide,,,False,,,
D03359,rxcui:358274,AMBRISENTAN,antihypertensive agent,inhibitor,,True,,,
D03360,chembl:CHEMBL2109282,RG-7636,,binder,,False,,,
D03361,ncit:C73038,SITAXENTAN,small molecule,inhibitor,,True,,,
D03362,iuphar.ligand:1010,BQ788,,,,False,,,
D03363,ncit:C152373,SITAXENTAN SODIUM,,inhibitor,,True,,,
D03364,ncit:C97358,TEZOSENTAN,,inhibitor,,False,,,
D03365,ncit:C75991,DARUSENTAN,Small molecule,inhibitor,,False,,,
D03366,rxcui:2679059,APROCITENTAN,,inhibitor,,True,,,
D03367,rxcui:1468845,BOSENTAN ANHYDROUS,Antihypertensive Agents,inhibitor,,True,,,
D03368,iuphar.ligand:8136,COMPOUND 2 [PMID: 15546730],,inhibitor,,False,,,
D03369,iuphar.ligand:9186,ECF506,,inhibitor,,False,,,
D03370,rxcui:7327,NERVE GROWTH FACTOR,,,,False,,,
D03371,rxcui:8782,PROPOFOL,small molecule,,,True,,,
D03372,iuphar.ligand:10428,COMPOUND 25 [PMID: 31260299],,inhibitor,,False,,,
D03373,ncit:C2337,SODIUM BUTYRATE,,,,False,,,
D03374,iuphar.ligand:10515,MAK683,,,,False,,,
D03375,iuphar.ligand:8214,COMPOUND 14K [PMID: 21982499],,inhibitor,,False,,,
D03376,iuphar.ligand:8215,CCT244747,,inhibitor,,False,,,
D03377,chembl:CHEMBL1630084,CHEMBL:CHEMBL1630084,,,,False,,,
D03378,chembl:CHEMBL1093490,CHEMBL:CHEMBL1093490,,,,False,,,
D03379,chembl:CHEMBL1092743,CHEMBL:CHEMBL1092743,,,,False,,,
D03380,chembl:CHEMBL483302,CHEMBL:CHEMBL483302,,,,False,,,
D03381,chembl:CHEMBL1089321,CHEMBL:CHEMBL1089321,,,,False,,,
D03382,ncit:C170396,ZIRITAXESTAT,,inhibitor,,False,,,
D03383,drugbank:DB17302,SNS01-T,siRNA,,,False,,,
D03384,chembl:CHEMBL2109391,MDX-447,,modulator,,False,,,
D03385,ncit:C64620,ZALUTUMUMAB,,inhibitor,,False,,,
D03386,ncit:C131492,RUSERONTINIB,,inhibitor,,False,,,
D03387,rxcui:2058848,DACOMITINIB ANHYDROUS,Kinase Inhibitors,inhibitor,,True,,,
D03388,rxcui:1535922,RAMUCIRUMAB,antibody,,,True,,,
D03389,ncit:C116628,DULIGOTUZUMAB,Therapeutic Antibodies,antibody; inhibitor,,False,,,
D03390,ncit:C99905,ROCILETINIB,Kinase Inhibitors,inhibitor,,False,,,
D03391,rxcui:2665204,MOMELOTINIB,,inhibitor,,True,,,
D03392,drugbank:DB06133,DIMETHYLCURCUMIN,,,,False,,,
D03393,chembl:CHEMBL514499,GW843682X,,,,False,,,
D03394,ncit:C80868,FALNIDAMOL,,inhibitor,,False,,,
D03395,rxcui:1921217,BRIGATINIB,Pan-TK inhibitor,inhibitor,,True,,,
D03396,chembl:CHEMBL4650290,GC1118,,inhibitor,,False,,,
D03397,rxcui:2691150,LAZERTINIB,,inhibitor,,True,,,
D03398,drugbank:DB12174,CUDC-101,Small molecule,inhibitor,,False,,,
D03399,ncit:C69076,RINDOPEPIMUT,vaccine,vaccine,,False,,,
D03400,ncit:C190488,CETUXIMAB SAROTALOCAN,,binder,,False,,,
D03401,chembl:CHEMBL4596972,PUQUITINIB MESYLATE DIHYDRATE,,inhibitor,,False,,,
D03402,iuphar.ligand:11889,ZIPALERTINIB,,inhibitor,,False,,,
D03403,iuphar.ligand:7640,SIMOTINIB,,inhibitor,,False,,,
D03404,ncit:C62496,TESEVATINIB,Kinase Inhibitors,inhibitor,,False,,,
D03405,iuphar.ligand:4862,AG1478,,,,False,,,
D03406,drugbank:DB14768,PF-06459988,,inhibitor,,False,,,
D03407,chembl:CHEMBL4650289,KBP5209,,inhibitor,,False,,,
D03408,ncit:C2713,PELITINIB,Kinase Inhibitors,inhibitor,,False,,,
D03409,rxcui:1427158,EPIDERMAL GROWTH FACTOR,,,,False,,,
D03410,chembl:CHEMBL1358137,CHEMBL:CHEMBL1358137,,,,False,,,
D03411,ncit:C179280,ALLITINIB,,inhibitor,,False,,,
D03412,ncit:C133691,AUMOLERTINIB,,inhibitor,,False,,,
D03413,iuphar.ligand:9125,MM-151,Therapeutic Antibodies,antibody,,False,,,
D03414,rxcui:2570736,MOBOCERTINIB,,inhibitor,,True,,,
D03415,drugbank:DB06021,AV-412,Small molecule,inhibitor,,False,,,
D03416,drugbank:DB16108,TAK-715,,,,False,,,
D03417,chembl:CHEMBL2109390,MAB-425,,inhibitor,,False,,,
D03418,drugbank:DB18417,PF-05230907,,,,False,,,
D03419,chembl:CHEMBL3109738,JNJ-26483327,,inhibitor,,False,,,
D03420,ncit:C115109,NAZARTINIB,,inhibitor,,False,,,
D03421,ncit:C152692,TOMUZOTUXIMAB,,inhibitor,,False,,,
D03422,chembl:CHEMBL2107861,ZALUTUMUMAB,monoclonal antibody,,,False,,,
D03423,ncit:C131175,ANTI-EGFR/HER2/HER3 MONOCLONAL ANTIBODY MIXTURE SYM013,,,,False,,,
D03424,drugbank:DB14944,TARLOXOTINIB,,inhibitor,,False,,,
D03425,rxcui:1723738,NECITUMUMAB,monoclonal antibody,inhibitor; antibody,,True,,,
D03426,ncit:C1868,VATALANIB,small molecule,,,False,,,
D03427,rxcui:2549199,AMIVANTAMAB,,inhibitor,,True,,,
D03428,ncit:C99160,ICOTINIB HYDROCHLORIDE,,,,False,,,
D03429,chembl:CHEMBL449214,GRACILIN A,,,,False,,,
D03430,iuphar.ligand:7642,PKI166,,inhibitor,,False,,,
D03431,ncit:C95206,DEPATUXIZUMAB,Therapeutic Antibodies,inhibitor; antibody,,False,,,
D03432,ncit:C2012,MATUZUMAB,,inhibitor,,False,,,
D03433,ncit:C152075,MODOTUXIMAB,,inhibitor,,False,,,
D03434,ncit:C94221,ANTI-EGFR MONOCLONAL ANTIBODY GT-MAB 5.2-GEX,,,,False,,,
D03435,chembl:CHEMBL1077759,GRACILIN J,,,,False,,,
D03436,rxcui:1919503,DURVALUMAB,,,,True,,,
D03437,chembl:CHEMBL2109388,FUTUXIMAB,,,,False,,,
D03438,ncit:C95893,G-QUADRUPLEX STABILIZER BMVC,,,,False,,,
D03439,ncit:C88307,ANTI-EGFRVIII IMMUNOTOXIN MR1-1,,,,False,,,
D03440,ncit:C152971,FUTUXIMAB,,inhibitor,,False,,,
D03441,chembl:CHEMBL2109389,IMGATUZUMAB,Therapeutic Antibodies,inhibitor; antibody,,False,,,
D03442,ncit:C48369,MULTIKINASE INHIBITOR AEE788,,inhibitor,,False,,,
D03443,ncit:C1112,GELDANAMYCIN,,,,False,,,
D03444,ncit:C121850,CETUXIMAB SAROTALOCAN SODIUM,,,,False,,,
D03445,ncit:C48380,PAN-HER KINASE INHIBITOR AC480,Small molecule,,,False,,,
D03446,chembl:CHEMBL3545200,S-222611,,inhibitor,,False,,,
D03447,drugbank:DB12142,DULIGOTUZUMAB,,,,False,,,
D03448,rxcui:6466,LOMUSTINE,,,,True,,,
D03449,rxcui:1721559,OSIMERTINIB MESYLATE,,inhibitor,,True,,,
D03450,iuphar.ligand:11608,EPITINIB,,inhibitor,,False,,,
D03451,iuphar.ligand:5274,STO609,,inhibitor,,False,,,
D03452,ncit:C120307,MAVELERTINIB,,inhibitor,,False,,,
D03453,drugbank:DB16091,EMB-01,,inhibitor,,False,,,
D03454,ncit:C163981,PIMURUTAMAB,,inhibitor,,False,,,
D03455,ncit:C2714,ANTI-EGFR MONOCLONAL ANTIBODY EMD 55900,,,,False,,,
D03456,chembl:CHEMBL494826,METHYLCURCUMIN,,,,False,,,
D03457,rxcui:2595243,PACRITINIB,small molecule,,,True,,,
D03458,rxcui:2361285,TUCATINIB,Small molecule,inhibitor,,True,,,
D03459,ncit:C2167,EPIDERMAL GROWTH FACTOR RECEPTOR TYROSINE KINASE INHIBITOR,,,,False,,,
D03460,drugbank:DB11665,BMS-690514,Kinase Inhibitors,inhibitor,,False,,,
D03461,chembl:CHEMBL1614725,TAK-285,,inhibitor,,False,,,
D03462,iuphar.ligand:6017,PD 174265,,,,False,,,
D03463,ncit:C78853,PATRITUMAB,Therapeutic Antibodies,inhibitor,,False,,,
D03464,rxcui:2477103,TEPOTINIB,Kinase Inhibitors,,,True,,,
D03465,drugbank:DB12558,AEE-788,,inhibitor,,False,,,
D03466,chembl:CHEMBL1911631,YUANHUADINE,,,,False,,,
D03467,rxcui:4582,TEGAFUR,Fluoropyrimidine,,,True,,,
D03468,chembl:CHEMBL5314410,THELIATINIB,,inhibitor,,False,,,
D03469,ncit:C111906,LAPRITUXIMAB EMTANSINE,,,,False,,,
D03470,rxcui:2570737,MOBOCERTINIB SUCCINATE,,inhibitor,,True,,,
D03471,chembl:CHEMBL5095024,MP-412,,inhibitor,,False,,,
D03472,ncit:C171059,TUXOBERTINIB,,negative modulator,,False,,,
D03473,ncit:C102535,ANTI-ERBB3 MONOCLONAL ANTIBODY AV-203,Therapeutic Antibodies,inhibitor,,False,,,
D03474,ncit:C127906,ANTI-MET MONOCLONAL ANTIBODY MIXTURE SYM015,,,,False,,,
D03475,drugbank:DB14795,AZD-3759,,inhibitor,,False,,,
D03476,drugbank:DB16752,CIPATINIB,,,,False,,,
D03477,ncit:C121550,ANTI-EGFR MONOCLONAL ANTIBODY SYN004,,,,False,,,
D03478,chembl:CHEMBL219557,CHEMBL:CHEMBL219557,,,,False,,,
D03479,chembl:CHEMBL1078000,CHEMBL:CHEMBL1078000,,,,False,,,
D03480,ncit:C111895,PYROTINIB,,inhibitor,,False,,,
D03481,chembl:CHEMBL40275,ALOE-EMODIN,,,,False,,,
D03482,rxcui:2058826,CEMIPLIMAB,,,,True,,,
D03483,iuphar.ligand:7643,AEE788,Kinase Inhibitors,inhibitor,,False,,,
D03484,ncit:C180535,FIRMONERTINIB,,inhibitor,,False,,,
D03485,rxcui:4917,NITROGLYCERIN,Small Molecule,,,True,,,
D03486,ncit:C112205,ROGARATINIB,,,,False,,,
D03487,chembl:CHEMBL1077773,CHEMBL:CHEMBL1077773,,,,False,,,
D03488,iuphar.ligand:7647,BMS-599626,,inhibitor,,False,,,
D03489,ncit:C118281,ANTI-MET/EGFR MONOCLONAL ANTIBODY LY3164530,,,,False,,,
D03490,ncit:C128037,ANTI-PD1 MONOCLONAL ANTIBODY,,,,False,,,
D03491,ncit:C99222,ANTI-EGFRVIII ANTIBODY DRUG CONJUGATE AMG 595,,,,False,,,
D03492,rxcui:1940642,NERATINIB MALEATE,,inhibitor,,True,,,
D03493,ncit:C62530,VARLITINIB,Small molecule,inhibitor,,False,,,
D03494,chembl:CHEMBL3545071,SERIBANTUMAB,,inhibitor,,False,,,
D03495,ncit:C101791,OLMUTINIB,EGFR inhibitor 3rd gen,inhibitor,,True,,,
D03496,chembl:CHEMBL2109393,RG-7160,,inhibitor,,False,,,
D03497,ncit:C115110,NAQUOTINIB,,inhibitor,,False,,,
D03498,ncit:C2733,NIMOTUZUMAB,monoclonal antibody,inhibitor; antibody,,False,,,
D03499,chembl:CHEMBL422872,AZD-4769,,inhibitor,,False,,,
D03500,ncit:C105612,DEPATUXIZUMAB MAFODOTIN,,binder,,False,,,
D03501,rxcui:1430441,AFATINIB DIMALEATE,,inhibitor,,True,,,
D03502,rxcui:2619313,TREMELIMUMAB,Therapeutic Antibodies,,,True,,,
D03503,ncit:C78838,IMGATUZUMAB,,inhibitor,,False,,,
D03504,rxcui:90540,INDIUM-111,,,,False,,,
D03505,drugbank:DB12318,BMS-599626,Kinase Inhibitors,inhibitor,,False,,,
D03506,rxcui:477320,ERLOTINIB HYDROCHLORIDE,,inhibitor,,True,,,
D03507,ncit:C98838,POZIOTINIB,,inhibitor,,False,,,
D03508,ncit:C138996,ICOTINIB,Kinase Inhibitors,inhibitor,,False,,,
D03509,ncit:C152413,SPARSOMYCIN,,,,False,,,
D03510,iuphar.ligand:8137,COMPOUND 8E [PMID: 24432909],,inhibitor,,False,,,
D03511,iuphar.ligand:9403,RO3280,,inhibitor,,False,,,
D03512,iuphar.ligand:10367,DS21360717,,inhibitor,,False,,,
D03513,ncit:C74010,CAROTUXIMAB,monoclonal antibody,inhibitor,,False,,,
D03514,iuphar.ligand:8139,COMPOUND 25B [PMID: 22564207],,inhibitor,,False,,,
D03515,ncit:C166786,EDIFOLIGIDE,,inhibitor,,False,,,
D03516,chembl:CHEMBL301735,HOECHST 33258,,,,False,,,
D03517,ncit:C1902,RAS INHIBITOR,,,,False,,,
D03518,rxcui:8687,PRIMAQUINE,,,,True,,,
D03519,ncit:C1122,RECOMBINANT HEPATOCYTE GROWTH FACTOR,,,,False,,,
D03520,chembl:CHEMBL1173445,LARGAZOLE,,,,False,,,
D03521,ncit:C171738,EDIFOLIGIDE SODIUM,,inhibitor,,False,,,
D03522,iuphar.ligand:8050,PF-4800567,,inhibitor,,False,,,
D03523,iuphar.ligand:5985,IC261,,inhibitor,,False,,,
D03524,iuphar.ligand:12692,SR-4133,,inhibitor,,False,,,
D03525,rxcui:2478439,UMBRALISIB,,inhibitor,,True,,,
D03526,iuphar.ligand:12909,IACS-52825,,inhibitor,,False,,,
D03527,iuphar.ligand:9988,"COMPOUND 16D [TAO ET AL., 2009]",,inhibitor,,False,,,
D03528,iuphar.ligand:9990,GNE-8505,,inhibitor,,False,,,
D03529,iuphar.ligand:11506,GDC-0134,,inhibitor,,False,,,
D03530,iuphar.ligand:9989,COMPOUND 11 [PMID: 26431428],,inhibitor,,False,,,
D03531,iuphar.ligand:8173,CEP-1347,,inhibitor,,False,,,
D03532,rxcui:114934,DESIRUDIN,Antithrombotic Agents,inhibitor,,True,,,
D03533,rxcui:60819,BIVALIRUDIN,peptide,inhibitor,,True,,,
D03534,ncit:C175734,PEGMUSIRUDIN,,,,False,,,
D03535,ncit:C80843,FLOVAGATRAN,Small molecule,,,False,,,
D03536,rxcui:17941,ANISINDIONE,small molecule,,,True,,,
D03537,rxcui:1037041,DABIGATRAN ETEXILATE MESYLATE,,inhibitor,,True,,,
D03538,ncit:C87248,ODIPARCIL,,,,False,,,
D03539,chembl:CHEMBL30054,DPOC-4088,,,,False,,,
D03540,rxcui:2054984,LUSUTROMBOPAG,,,,True,,,
D03541,chembl:CHEMBL4298002,ICHORCUMAB,,inhibitor,,False,,,
D03542,rxcui:1599827,PYRIDOXAL PHOSPHATE ANHYDROUS,,,,False,,,
D03543,drugbank:DB05361,SR-123781A,,,,False,,,
D03544,rxcui:221095,ENOXAPARIN SODIUM,Anticoagulants,,,True,,,
D03545,chembl:CHEMBL404515,CYANIDIN,,,,False,,,
D03546,chembl:CHEMBL586628,CHEMBL:CHEMBL586628,,,,False,,,
D03547,drugbank:DB15132,AZD-8165,,,,False,,,
D03548,rxcui:2045726,AVATROMBOPAG,,,,True,,,
D03549,rxcui:1546205,HIRUDIN,,,,False,,,
D03550,chembl:CHEMBL2425137,CYANIN,,,,False,,,
D03551,iuphar.ligand:8138,COMPOUND 2C [PMID: 24900538],,inhibitor,,False,,,
D03552,drugbank:DB18393,EP-217609,Small Molecule,,,False,,,
D03553,chembl:CHEMBL508600,APRAMIDE A,,,,False,,,
D03554,rxcui:15202,ARGATROBAN,Small molecule,inhibitor,,True,,,
D03555,ncit:C66077,MELAGATRAN,,,,False,,,
D03556,ncit:C166758,ATECEGATRAN METOXIL,Small molecule,inhibitor,,False,,,
D03557,chembl:CHEMBL5314595,ASPIRIN TRELAMINE,,,,False,,,
D03558,ncit:C77996,XIMELAGATRAN,small molecule,inhibitor,,True,,,
D03559,chembl:CHEMBL1083499,CHEMBL:CHEMBL1083499,,,,False,,,
D03560,iuphar.ligand:13145,RUCAPARIB METABOLITE M324,,inhibitor,,False,,,
D03561,ncit:C143162,ONVANSERTIB,,inhibitor,,False,,,
D03562,iuphar.ligand:12904,COMPOUND (S)-29 [PMID: 37606563],,inhibitor,,False,,,
D03563,iuphar.ligand:10162,RV1729,,inhibitor,,False,,,
D03564,iuphar.ligand:10233,AZ2,,inhibitor,,False,,,
D03565,iuphar.ligand:11204,AZD8154,,inhibitor,,False,,,
D03566,iuphar.ligand:7963,PILARALISIB,,inhibitor,,False,,,
D03567,iuphar.ligand:10649,COMPOUND 7 [PMID: 31955578],,inhibitor,,False,,,
D03568,iuphar.ligand:5701,PI-103,,inhibitor,,False,,,
D03569,iuphar.ligand:10001,COMPOUND 52 [PMID: 28541707],,inhibitor,,False,,,
D03570,chembl:CHEMBL5315078,EPTACOG BETA (ACTIVATED),,,,True,,,
D03571,iuphar.ligand:8011,KU-0060648,,inhibitor,,False,,,
D03572,drugbank:DB08059,WORTMANNIN,,inhibitor,,False,,,
D03573,drugbank:DB04769,"5-QUINOXALIN-6-YLMETHYLENE-THIAZOLIDINE-2,4-DIONE",,inhibitor,,False,,,
D03574,chembl:CHEMBL2108322,VATREPTACOG ALFA (ACTIVATED),,,,False,,,
D03575,ncit:C123925,ZANDELISIB,,inhibitor,,False,,,
D03576,iuphar.ligand:11699,AMDIZALISIB,,inhibitor,,False,,,
D03577,iuphar.ligand:7743,IZORLISIB,,inhibitor,,False,,,
D03578,ncit:C104292,PANULISIB,,inhibitor,,False,,,
D03579,rxcui:2386863,COAGULATION FACTOR VIIA (RECOMBINANT)-JNCW,,,,True,,,
D03580,iuphar.ligand:9997,AZD3458,,inhibitor,,False,,,
D03581,iuphar.ligand:12075,VULOLISIB,,inhibitor,,False,,,
D03582,wikidata:Q20801762,COAGULATION FACTOR VIIA,recombinant protein,,,False,,,
D03583,iuphar.ligand:10163,RV6153,,inhibitor,,False,,,
D03584,ncit:C103277,ACALISIB,,inhibitor,,False,,,
D03585,iuphar.ligand:8382,VS-5584,,inhibitor,,False,,,
D03586,iuphar.ligand:8527,AZD8186,,inhibitor,,False,,,
D03587,ncit:C104008,FIMEPINOSTAT,,inhibitor,,False,,,
D03588,iuphar.ligand:8968,PIK-108,,modulator,,False,,,
D03589,ncit:C69129,ANPOCOGIN,recombinant protein,,,False,,,
D03590,iuphar.ligand:8917,AMG319,,inhibitor,,False,,,
D03591,ncit:C174798,NEMIRALISIB,,inhibitor,,False,,,
D03592,iuphar.ligand:12720,PF-06843195,,inhibitor,,False,,,
D03593,chembl:CHEMBL2108334,EPTACOG ALFA (ACTIVATED),,,,True,,,
D03594,drugbank:DB13000,PCI-27483,,inhibitor,,False,,,
D03595,ncit:C113434,PARSACLISIB,,inhibitor,,False,,,
D03596,iuphar.ligand:12062,COMPOUND 27 [PMID: 35834807],,inhibitor,,False,,,
D03597,ncit:C125471,EGANELISIB,,inhibitor,,False,,,
D03598,rxcui:2633005,LENIOLISIB,,inhibitor,,True,,,
D03599,ncit:C166689,EPTACOG ALFA PEGOL (ACTIVATED),,,,False,,,
D03600,iuphar.ligand:5715,TG-100-115,,inhibitor,,False,,,
D03601,iuphar.ligand:8839,TORIN 2,,inhibitor,,False,,,
D03602,iuphar.ligand:9636,INAVOLISIB,,inhibitor,,False,,,
D03603,iuphar.ligand:9376,IC-87114,,inhibitor,,False,,,
D03604,iuphar.ligand:10441,COMPOUND 5D [PMID: 31335136],,inhibitor,,False,,,
D03605,ncit:C98844,SERABELISIB,Kinase Inhibitors,inhibitor,,False,,,
D03606,rxcui:1945077,COPANLISIB,Kinase Inhibitors,inhibitor,,True,,,
D03607,iuphar.ligand:12119,NVP-CLR457,,inhibitor,,False,,,
D03608,ncit:C116876,TASELISIB,Kinase Inhibitors,inhibitor,,False,,,
D03609,iuphar.ligand:8383,BIMIRALISIB,,inhibitor,,False,,,
D03610,chembl:CHEMBL4298072,MARZEPTACOG ALFA (ACTIVATED),,,,False,,,
D03611,iuphar.ligand:10365,COMPOUND 2Q [PMID: 30986068],,inhibitor,,False,,,
D03612,iuphar.ligand:8012,PIK-75,,inhibitor,,False,,,
D03613,iuphar.ligand:9692,STK16-IN-1,,inhibitor,,False,,,
D03614,iuphar.ligand:10702,COMPOUND 15A [PMID: 32069401],,inhibitor,,False,,,
D03615,iuphar.ligand:13457,XRD-0394,,inhibitor,,False,,,
D03616,iuphar.ligand:8974,OMIPALISIB,,inhibitor,,False,,,
D03617,rxcui:2058509,DUVELISIB,,inhibitor,,True,,,
D03618,iuphar.ligand:13486,BOSMOLISIB,,inhibitor,,False,,,
D03619,iuphar.ligand:9800,SELETALISIB,,inhibitor,,False,,,
D03620,ncit:C121817,SAMOTOLISIB,,inhibitor,,False,,,
D03621,iuphar.ligand:12616,DS-7423,PI3K/mTOR Inhibitors,inhibitor,,False,,,
D03622,iuphar.ligand:10633,GSK2292767,,inhibitor,,False,,,
D03623,iuphar.ligand:9571,ECF309,,inhibitor,,False,,,
D03624,iuphar.ligand:8915,AZD8835,,inhibitor,,False,,,
D03625,iuphar.ligand:9928,PUQUITINIB,,inhibitor,,False,,,
D03626,iuphar.ligand:8805,COMPOUND 82 [PMID: 21332118],,inhibitor,,False,,,
D03627,ncit:C91731,APITOLISIB,Kinase Inhibitors,inhibitor,,False,,,
D03628,ncit:C107686,DEZAPELISIB,,inhibitor,,False,,,
D03629,iuphar.ligand:8242,PI-3065,,inhibitor,,False,,,
D03630,ncit:C113433,TENALISIB,,inhibitor,,False,,,
D03631,iuphar.ligand:10598,COMPOUND 41 [PMID: 31855425],,inhibitor,,False,,,
D03632,iuphar.ligand:10151,NEOLYMPHOSTIN A,,inhibitor,,False,,,
D03633,iuphar.ligand:9961,COMPOUND 20F [PMID: 28520415],,inhibitor,,False,,,
D03634,iuphar.ligand:10466,LINPERLISIB,,inhibitor,,False,,,
D03635,iuphar.ligand:12487,ROGINOLISIB,,modulator,,False,,,
D03636,drugbank:DB17983,MM-111,monoclonal antibody,inhibitor; antibody,,False,,,
D03637,rxcui:1371041,ADO-TRASTUZUMAB EMTANSINE,EGFR mAb inhibitor,inhibitor,,True,,,
D03638,rxcui:2473851,MARGETUXIMAB,monoclonal antibody,inhibitor,,True,,,
D03639,wikidata:Q15708335,TIPIRACIL / TRIFLURIDINE,,,,False,,,
D03640,chembl:CHEMBL2109399,T-DM1,,binder,,False,,,
D03641,ncit:C274,ANTINEOPLASTIC AGENT,,,,False,,,
D03642,drugbank:DB12302,CP-724714,,inhibitor,,False,,,
D03643,ncit:C152948,ZENOCUTUZUMAB,,inhibitor,,False,,,
D03644,wikidata:Q29006063,KADCYLA,Therapeutic Antibodies,antibody,,False,,,
D03645,ncit:C156880,HSP90 INHIBITOR,ERBB2 mAb inhibitor,,,False,,,
D03646,ncit:C99903,HER2 ECD+TM VIRUS-LIKE REPLICON PARTICLES VACCINE AVX901,,,,False,,,
D03647,ncit:C96038,HER2-TARGETED LIPOSOMAL DOXORUBICIN HYDROCHLORIDE MM-302,,,,False,,,
D03648,ncit:C170020,GANCOTAMAB,,binder,,False,,,
D03649,ncit:C2658,ERTUMAXOMAB,,modulator,,False,,,
D03650,ncit:C26645,MULTI-NEO-EPITOPE VACCINE OSE 2101,,vaccine,,False,,,
D03651,rxcui:3995,EPIRUBICIN,Antineoplastic Agents,,,True,,,
D03652,rxcui:1299922,DOCETAXEL ANHYDROUS,Small Molecule,,,True,,,
D03653,chembl:CHEMBL499608,NAKIJIQUINONES H,,,,False,,,
D03654,rxcui:2267574,FAM-TRASTUZUMAB DERUXTECAN-NXKI,,binder,,True,,,
D03655,chembl:CHEMBL499609,NAKIJIQUINONE I,,,,False,,,
D03656,ncit:C126355,ANTI-HER2 ANTIBODY-DRUG CONJUGATE MEDI4276,,,,False,,,
D03657,rxcui:1546014,ZOLEDRONIC ACID ANHYDROUS,Bisphosphonates,,,True,,,
D03658,rxcui:6674,MECHLORETHAMINE,,,,True,,,
D03659,ncit:C171846,BLARCAMESINE,Small molecule,,,False,,,
D03660,ncit:C130010,ZANIDATAMAB,,inhibitor,,False,,,
D03661,rxcui:2628469,ELACESTRANT,small molecule,,,True,,,
D03662,ncit:C97917,GLYCOOPTIMIZED TRASTUZUMAB-GEX,,,,False,,,
D03663,ncit:C118674,TRASTUZUMAB DUOCARMAZINE,,binder,,False,,,
D03664,iuphar.ligand:6006,MEK INHIBITOR I,,inhibitor,,False,,,
D03665,chembl:CHEMBL502529,NAKIJIQUINONES G,,,,False,,,
D03666,chembl:CHEMBL55659,ANTHRAQUINONE,,,,False,,,
D03667,ncit:C2694,GREEN TEA EXTRACT,,,,False,,,
D03668,chembl:CHEMBL3039542,CIMAGLERMIN ALFA,recombinant protein,,,False,,,
D03669,ncit:C66212,MUBRITINIB,Kinase Inhibitors,inhibitor,,False,,,
D03670,drugbank:DB17250,MDX-210,,modulator,,False,,,
D03671,ncit:C117985,NELIPEPIMUT-S,,,,False,,,
D03672,ncit:C123917,ANVATABART OPADOTIN,,binder,,False,,,
D03673,chembl:CHEMBL4594568,KN-026,,inhibitor,,False,,,
D03674,ncit:C2057,LAPULEUCEL-T,,,,False,,,
D03675,chembl:CHEMBL3545111,HEMAY-022,,inhibitor,,False,,,
D03676,rxcui:10803,TRIFLURIDINE,,,,True,,,
D03677,iuphar.ligand:12006,(R)-STU104,,,,False,,,
D03678,rxcui:2346,CHLORAMBUCIL,,,,True,,,
D03679,ncit:C2554,VACCINE ADJUVANT,,,,False,,,
D03680,ncit:C2594,THERAPEUTIC AUTOLOGOUS DENDRITIC CELLS,,,,False,,,
D03681,rxcui:1433764,TBO-FILGRASTIM,Antineutropenic Agents,,,True,,,
D03682,rxcui:1670304,TIPIRACIL,,,,True,,,
D03683,rxcui:711942,ELTROMBOPAG,Small molecule,,,True,,,
D03684,iuphar.ligand:13346,COMPOUND 17 [PMID: 38477582],,modulator,,False,,,
D03685,iuphar.ligand:8243,HS-173,,inhibitor,,False,,,
D03686,iuphar.ligand:7951,BGT-226,,inhibitor,,False,,,
D03687,iuphar.ligand:10578,AS-252424,,inhibitor,,False,,,
D03688,rxcui:352374,DROTRECOGIN ALFA,recombinant protein,inhibitor,,True,,,
D03689,iuphar.ligand:12382,RISOVALISIB,,inhibitor,,False,,,
D03690,iuphar.ligand:6024,PI 3-KG INHIBITOR II,,inhibitor,,False,,,
D03691,ncit:C188554,GILMELISIB,,inhibitor,,False,,,
D03692,iuphar.ligand:7936,PF-04691502,Kinase Inhibitors,inhibitor,,False,,,
D03693,ncit:C116877,PAXALISIB,,inhibitor,,False,,,
D03694,iuphar.ligand:10489,COMPOUND 12B [PMID: 31465220],,inhibitor,,False,,,
D03695,ncit:C80267,DROTRECOGIN ALFA (ACTIVATED),,inhibitor,,True,,,
D03696,iuphar.ligand:10142,PQR620,,inhibitor,,False,,,
D03697,iuphar.ligand:9826,GSK1059615,,inhibitor,,False,,,
D03698,iuphar.ligand:13065,RLY-2608,,modulator,,False,,,
D03699,iuphar.ligand:12903,STX-478,,inhibitor,,False,,,
D03700,iuphar.ligand:8978,QUINOSTATIN,,inhibitor,,False,,,
D03701,iuphar.ligand:10234,COMPOUND 22 [PMID: 24754609],,inhibitor,,False,,,
D03702,iuphar.ligand:8827,COMPOUND 11J [PMID: 23021994],,inhibitor,,False,,,
D03703,iuphar.ligand:10601,AZD7648,,inhibitor,,False,,,
D03704,rxcui:4100,ESTROGENS,,,,False,,,
D03705,chembl:CHEMBL1797708,CHEMBL:CHEMBL1797708,,,,False,,,
D03706,chembl:CHEMBL404916,CHEMBL:CHEMBL404916,,,,False,,,
D03707,chembl:CHEMBL257748,CHEMBL:CHEMBL257748,,,,False,,,
D03708,chembl:CHEMBL1797707,CHEMBL:CHEMBL1797707,,,,False,,,
D03709,iuphar.ligand:7001,GARCINOL,,,,False,,,
D03710,iuphar.ligand:8057,XMD8-92,,inhibitor,,False,,,
D03711,iuphar.ligand:12083,OCIFISERTIB,,inhibitor,,False,,,
D03712,iuphar.ligand:12396,CZS-241,,inhibitor,,False,,,
D03713,ncit:C71694,CITATUZUMAB BOGATOX,monoclonal antibody,binder,,False,,,
D03714,ncit:C62445,CATUMAXOMAB,antibody,modulator; antibody,,True,,,
D03715,ncit:C77854,SOLITOMAB,antibody,modulator,,False,,,
D03716,ncit:C13008,LYMPHOKINE-ACTIVATED KILLER CELLS,,,,False,,,
D03717,ncit:C1573,INCOMPLETE FREUND'S ADJUVANT,,,,False,,,
D03718,ncit:C61307,OPORTUZUMAB MONATOX,antibody,binder,,False,,,
D03719,ncit:C1139,KEYHOLE LIMPET HEMOCYANIN,,,,False,,,
D03720,ncit:C82358,ADECATUMUMAB,monoclonal antibody,inhibitor,,False,,,
D03721,rxcui:258439,HEAVY MINERAL OIL,,,,True,,,
D03722,ncit:C923,VACCINE,,,,False,,,
D03723,chembl:CHEMBL2109265,MOC31-PE,,binder,,False,,,
D03724,ncit:C1663,ANTINEOPLASTIC VACCINE,,,,False,,,
D03725,rxcui:221456,"ALUM, POTASSIUM",,,,True,,,
D03726,chembl:CHEMBL2109259,IGN-101,,binder,,False,,,
D03727,rxcui:70223,ALDESLEUKIN,protein,,,True,,,
D03728,ncit:C39619,DNA VACCINE,,,,False,,,
D03729,rxcui:80726,EDRECOLOMAB,,modulator,,False,,,
D03730,drugbank:DB05831,ING-1,antibody,other/unknown,,False,,,
D03731,ncit:C1479,ALVAC VACCINE,,,,False,,,
D03732,ncit:C2630,TUCOTUZUMAB CELMOLEUKIN,,other/unknown,,False,,,
D03733,ncit:C1269,TAG-72 ANTIGEN,,,,False,,,
D03734,ncit:C66949,ELISIDEPSIN,,,,False,,,
D03735,ncit:C78859,SERIBANTUMAB,,inhibitor,,False,,,
D03736,chembl:CHEMBL2109396,AMG-888,,inhibitor,,False,,,
D03737,ncit:C101895,ELGEMTUMAB,,inhibitor,,False,,,
D03738,chembl:CHEMBL3707404,LUMRETUZUMAB,,,,False,,,
D03739,ncit:C103863,ISTIRATUMAB,,inhibitor,,False,,,
D03740,iuphar.ligand:12376,DARIZMETINIB,,inhibitor,,False,,,
D03741,ncit:C111997,ANTI-HER3 MONOCLONAL ANTIBODY GSK2849330,,,,False,,,
D03742,chembl:CHEMBL2109401,AV-203,,inhibitor,,False,,,
D03743,ncit:C113333,ANTI-ERBB3 MONOCLONAL ANTIBODY CDX-3379,,,,False,,,
D03744,ncit:C103859,ANTI-ERBB3 MONOCLONAL ANTIBODY REGN1400,,,,False,,,
D03745,ncit:C136987,PATRITUMAB DERUXTECAN,,binder,,False,,,
D03746,ncit:C26648,"HER2 INHIBITOR CP-724,714",,,,False,,,
D03747,chembl:CHEMBL4650292,CDX-3379,,inhibitor,,False,,,
D03748,ncit:C104058,LUMRETUZUMAB,,inhibitor,,False,,,
D03749,chembl:CHEMBL2109402,MM-121,Therapeutic Antibodies,inhibitor; antibody,,False,,,
D03750,iuphar.ligand:13512,ZEPRUMETOSTAT,,inhibitor,,False,,,
D03751,iuphar.ligand:9332,JQEZ5,,inhibitor,,False,,,
D03752,rxcui:2274379,TAZEMETOSTAT HYDROBROMIDE,,inhibitor,,True,,,
D03753,iuphar.ligand:12352,COMPOUND 15A [PMID: 36642961],,inhibitor,,False,,,
D03754,iuphar.ligand:8387,EPZ005687,EZH2 inhibitor,inhibitor,,False,,,
D03755,iuphar.ligand:12353,SKLB-03220,,inhibitor,,False,,,
D03756,ncit:C127114,VALEMETOSTAT,,inhibitor,,False,,,
D03757,drugbank:DB14581,CPI-1205,,,,False,,,
D03758,iuphar.ligand:9881,EBI-2511,,inhibitor,,False,,,
D03759,iuphar.ligand:8237,UNC1999,,inhibitor,,False,,,
D03760,iuphar.ligand:9115,CPI-1205,,inhibitor,,False,,,
D03761,iuphar.ligand:7013,EI1,,inhibitor,,False,,,
D03762,iuphar.ligand:10516,MEVROMETOSTAT,,inhibitor,,False,,,
D03763,ncit:C167347,TULMIMETOSTAT,,inhibitor,,False,,,
D03764,iuphar.ligand:8240,GSK343,,inhibitor,,False,,,
D03765,iuphar.ligand:9273,EPZ011989,,inhibitor,,False,,,
D03766,iuphar.ligand:8106,URMC-099,,inhibitor,,False,,,
D03767,rxcui:8048,PERGOLIDE MESYLATE,,,,True,,,
D03768,iuphar.ligand:8208,COMPOUND 5N [PMID: 20483621],,inhibitor,,False,,,
D03769,chembl:CHEMBL581225,CHEMBL:CHEMBL581225,,,,False,,,
D03770,chembl:CHEMBL146525,CHEMBL:CHEMBL146525,,,,False,,,
D03771,chembl:CHEMBL1162494,N-ACETYLASPARTIC ACID,,,,False,,,
D03772,ncit:C66165,MITONAFIDE,,,,False,,,
D03773,ncit:C169769,ALDAFERMIN,,activator,,False,,,
D03774,ncit:C174833,PEGBELFERMIN,,agonist,,False,,,
D03775,ncit:C38690,MUPARFOSTAT,polysaccharide,inhibitor,,False,,,
D03776,iuphar.ligand:10947,NIK INHIBITOR 12F,,inhibitor,,False,,,
D03777,iuphar.ligand:8193,COMPOUND 30 [PMID: 17280833],,inhibitor,,False,,,
D03778,ncit:C188644,FAZPILODEMAB,,agonist,,False,,,
D03779,chembl:CHEMBL2108302,SPRIFERMIN,,,,False,,,
D03780,rxcui:19079,BENZYLPENICILLOYL POLYLYSINE,small molecule,,,True,,,
D03781,iuphar.ligand:10218,COMPOUND 27D [PMID: 28231433],,inhibitor,,False,,,
D03782,iuphar.ligand:6624,OPAGANIB,,inhibitor,,False,,,
D03783,iuphar.ligand:6623,PF-543,,inhibitor,,False,,,
D03784,iuphar.ligand:6041,SKI II,,inhibitor,,False,,,
D03785,iuphar.ligand:6625,ROME,,inhibitor,,False,,,
D03786,iuphar.ligand:10219,MP-A08,,inhibitor,,False,,,
D03787,iuphar.ligand:11145,COMPOUND 55 [PMID: 30889352],,inhibitor,,False,,,
D03788,iuphar.ligand:11144,COMPOUND 49 [PMID: 30889352],,inhibitor,,False,,,
D03789,rxcui:302379,OMALIZUMAB,monoclonal antibody,,,True,,,
D03790,iuphar.ligand:10217,SLC4101431,,inhibitor,,False,,,
D03791,iuphar.ligand:11147,COMPOUND 60 [PMID: 30889352],,inhibitor,,False,,,
D03792,iuphar.ligand:10641,SLM6071469,,inhibitor,,False,,,
D03793,iuphar.ligand:11146,COMPOUND 59 [PMID: 30889352],,inhibitor,,False,,,
D03794,rxcui:4570,FRUCTOSE,,,,True,,,
D03795,rxcui:75917,INTERFERON BETA-1A,protein,,,True,,,
D03796,iuphar.ligand:11340,SBP-7455,,inhibitor,,False,,,
D03797,rxcui:72257,INTERFERON BETA-1B,protein,,,True,,,
D03798,ncit:C122719,FGFR INHIBITOR ASP5878,,,,False,,,
D03799,chembl:CHEMBL3545300,CP-459632,,inhibitor,,False,,,
D03800,ncit:C175088,INFIGRATINIB PHOSPHATE,,inhibitor,,True,,,
D03801,ncit:C53397,BRIVANIB ALANINATE,,inhibitor,,False,,,
D03802,drugbank:DB13022,LY-2874455,,inhibitor,,False,,,
D03803,drugbank:DB15498,BOS172722,,inhibitor,,False,,,
D03804,drugbank:DB16891,ENMD-981693,,inhibitor,,False,,,
D03805,ncit:C1884,ORANTINIB,Kinase Inhibitors,inhibitor,,False,,,
D03806,iuphar.ligand:9400,AZ3146,,inhibitor,,False,,,
D03807,ncit:C67040,BRIVANIB,Kinase Inhibitors,inhibitor,,False,,,
D03808,chembl:CHEMBL3908979,FGF401,,inhibitor,,False,,,
D03809,iuphar.ligand:11664,LUVIXASERTIB,,inhibitor,,False,,,
D03810,chembl:CHEMBL5314391,XL-999,,inhibitor,,False,,,
D03811,iuphar.ligand:10371,COMPOUND 20 [PMID: 30998356],,inhibitor,,False,,,
D03812,iuphar.ligand:9238,COMPOUND 27F [PMID: 25625617],,inhibitor,,False,,,
D03813,iuphar.ligand:8073,GNE-7915,,inhibitor,,False,,,
D03814,ncit:C143067,FGFR4 ANTAGONIST INCB062079,,,,False,,,
D03815,iuphar.ligand:9169,COMPOUND 34H [PMID: 27055065],,inhibitor,,False,,,
D03816,iuphar.ligand:11581,FP-1039,fusion protein,,,False,,,
D03817,ncit:C152708,TRAFERMIN,protein,,,False,,,
D03818,drugbank:DB16198,IONIS-FGFR4RX,,,,False,,,
D03819,drugbank:DB12247,AZD-4547,,inhibitor,,False,,,
D03820,iuphar.ligand:4927,FGF-6,,,,False,,,
D03821,rxcui:4278,FAMOTIDINE,Small Molecule,,,True,,,
D03822,drugbank:DB05434,ABT-510,peptide,,,False,,,
D03823,drugbank:DB02757,PYRAZOLE,,,,False,,,
D03824,ncit:C143004,SQUALAMINE,,,,False,,,
D03825,drugbank:DB05387,NEOVASTAT,,,,False,,,
D03826,ncit:C333,CALCIUM CHANNEL BLOCKER,,,,False,,,
D03827,iuphar.ligand:11806,GSK329,,inhibitor,,False,,,
D03828,rxcui:8163,PHENYLEPHRINE,Cardiotonic Agents,,,True,,,
D03829,ncit:C29770,ESTRADIOL DIPROPIONATE,,,,False,,,
D03830,rxcui:10156,SUCRALFATE,"GI Anti-Ulcer Agents, Antimuscarinics",,,True,,,
D03831,ncit:C29852,REBAMIPIDE,,,,False,,,
D03832,ncit:C120040,BEMARITUZUMAB,,,,False,,,
D03833,ncit:C1420,PHOTOSENSITIZING AGENT,,,,False,,,
D03834,rxcui:10579,THYROTROPIN,,,,True,,,
D03835,ncit:C621,RECOMBINANT LYMPHOKINE,,,,False,,,
D03836,ncit:C166705,MANAGLINAT DIALANETIL,,,,False,,,
D03837,chembl:CHEMBL4297400,MB-07803,unknown,,,False,,,
D03838,iuphar.ligand:2028,[D-TYR8]CYN 154806,,inhibitor,,False,,,
D03839,iuphar.ligand:2063,[111IN]DOTA-BOC-ATE,,agonist,,False,,,
D03840,iuphar.ligand:2058,"[111IN,90Y]DOTA-OC",,agonist,,False,,,
D03841,iuphar.ligand:2043,DC 23-60,,agonist,,False,,,
D03842,iuphar.ligand:5641,Y-KE88,,agonist,,False,,,
D03843,iuphar.ligand:2008,CST-17,,agonist,,False,,,
D03844,iuphar.ligand:2053,NOC-ATE,,agonist,,False,,,
D03845,iuphar.ligand:2059,"[111IN,90Y]DOTA-TOC",,agonist,,False,,,
D03846,iuphar.ligand:2064,[111IN]DOTA-NOC-ATE,,agonist,,False,,,
D03847,iuphar.ligand:10113,DOTA-JR11,,inhibitor,,False,,,
D03848,iuphar.ligand:2035,BIM 23034,,agonist,,False,,,
D03849,iuphar.ligand:2046,"L-054,522",,agonist,,False,,,
D03850,iuphar.ligand:5648,ANALOG 31 [PMID:18543899],,inhibitor,,False,,,
D03851,iuphar.ligand:2041,BIM 23197,,agonist,,False,,,
D03852,iuphar.ligand:2026,BIM 23454,,inhibitor,,False,,,
D03853,iuphar.ligand:5634,SIFA-ASN(ACNH-&BETA;-GLC)-PEG-TYR3-OCTREOTATE,,agonist,,False,,,
D03854,iuphar.ligand:5642,IN-NODAGATOC,,agonist,,False,,,
D03855,iuphar.ligand:5630,"[125I][TYR3,THR8]OCTREOTIDE",,agonist,,False,,,
D03856,iuphar.ligand:7763,ANALOG 32 [PMID:18543899],,inhibitor,,False,,,
D03857,iuphar.ligand:2037,BIM 23059,,agonist,,False,,,
D03858,iuphar.ligand:2056,"[111IN,90Y]DOTA-LAN",,agonist,,False,,,
D03859,iuphar.ligand:2057,"[111IN,90Y]DOTA-NOC",,agonist,,False,,,
D03860,iuphar.ligand:5633,SIFA-ASN(ACNH-&BETA;-GLC)-TYR3-OCTREOTATE,,agonist,,False,,,
D03861,iuphar.ligand:2013,KE 108,,agonist,,False,,,
D03862,iuphar.ligand:5631,"MALTOTRIOSE-[125I][TYR3,THR8]OCTREOTIDE",,agonist,,False,,,
D03863,iuphar.ligand:2052,NC 8-12,,agonist,,False,,,
D03864,iuphar.ligand:2044,EC 5-21,,agonist,,False,,,
D03865,iuphar.ligand:2004,BIM 23052,,agonist,,False,,,
D03866,rxcui:1364105,PASIREOTIDE,peptide,agonist,,True,,,
D03867,iuphar.ligand:2023,[125I]LTT-SRIF-28,,agonist,,False,,,
D03868,iuphar.ligand:2048,"L-363,377",,agonist,,False,,,
D03869,iuphar.ligand:2042,BOC-ATE,,agonist,,False,,,
D03870,iuphar.ligand:2036,BIM 23056,,agonist,,False,,,
D03871,iuphar.ligand:5646,ANALOG 3 [PMID:18543899],,inhibitor,,False,,,
D03872,ncit:C152846,VELDOREOTIDE,Small molecule,agonist,,False,,,
D03873,iuphar.ligand:2050,"L-779,976",,agonist,,False,,,
D03874,rxcui:221130,OCTREOTIDE ACETATE,MTOR inhibitor,agonist,,True,,,
D03875,iuphar.ligand:5632,"[GA-DOTA,TYR3,THR8]OCTREOTIDE",,agonist,,False,,,
D03876,iuphar.ligand:2007,CORTISTATIN-14,,agonist,,False,,,
D03877,iuphar.ligand:2047,"L-363,301",,agonist,,False,,,
D03878,iuphar.ligand:2019,SRIF-14,,agonist,,False,,,
D03879,iuphar.ligand:2033,BIM 23027,,agonist,,False,,,
D03880,ncit:C90562,ASUNERCEPT,fusion protein,binder,,False,,,
D03881,iuphar.ligand:2005,CGP 23996,,agonist,,False,,,
D03882,iuphar.ligand:2038,BIM 23060,,agonist,,False,,,
D03883,iuphar.ligand:2024,[125I]TYR10-CST14,,agonist,,False,,,
D03884,iuphar.ligand:5644,BASS ANTAGONIST,,inhibitor,,False,,,
D03885,iuphar.ligand:5645,DOTA-BASS,,inhibitor,,False,,,
D03886,iuphar.ligand:2032,BIM 23023,,agonist,,False,,,
D03887,iuphar.ligand:2014,"L-362,855",,agonist,,False,,,
D03888,rxcui:236167,LANREOTIDE ACETATE,Hormone Replacement Agents,agonist,,True,,,
D03889,iuphar.ligand:5628,[67GA]NODAGA-[TYR3]OCTREOTIDE,,agonist,,False,,,
D03890,iuphar.ligand:5638,EDOTREOTIDE,,agonist,,False,,,
D03891,iuphar.ligand:5635,AM3,,agonist,,False,,,
D03892,iuphar.ligand:2040,BIM 23068,,agonist,,False,,,
D03893,iuphar.ligand:5636,DEMOTATE 2,,agonist,,False,,,
D03894,iuphar.ligand:2017,NC 4-28B,,agonist,,False,,,
D03895,ncit:C152317,SEGLITIDE,,agonist,,False,,,
D03896,ncit:C1429,VAPREOTIDE,Antineoplastic Agents,agonist,,True,,,
D03897,iuphar.ligand:5643,GA-NODAGA-LM3,,inhibitor,,False,,,
D03898,iuphar.ligand:2027,BIM 23627,,inhibitor,,False,,,
D03899,iuphar.ligand:5647,ANALOG 30 [PMID:18543899],,inhibitor,,False,,,
D03900,iuphar.ligand:5640,GA-KE88,,agonist,,False,,,
D03901,iuphar.ligand:5649,TYR3-OCTREOTIDE,,agonist,,False,,,
D03902,iuphar.ligand:2022,[125I]CGP 23996,,agonist,,False,,,
D03903,iuphar.ligand:2062,[125I]TYR3 SMS 201-995,,agonist,,False,,,
D03904,iuphar.ligand:5627,NODAGA-[TYR3]-OCTREOTIDE,,agonist,,False,,,
D03905,iuphar.ligand:2029,[L-TYR8]CYN 154806,,inhibitor,,False,,,
D03906,iuphar.ligand:5639,GA-DOTA-NOC,,agonist,,False,,,
D03907,iuphar.ligand:2020,SRIF-28,,agonist,,False,,,
D03908,iuphar.ligand:2034,BIM 23030,,agonist,,False,,,
D03909,iuphar.ligand:2045,[111IN]DOTA-NOC,,agonist,,False,,,
D03910,drugbank:DB17015,MRK-003,,,,False,,,
D03911,drugbank:DB17021,JQ1,,,,False,,,
D03912,ncit:C111993,CERALASERTIB,ATR inhibitor,,,False,,,
D03913,rxcui:1543543,BELINOSTAT,Small molecule,,,True,,,
D03914,iuphar.ligand:7713,AZD7762,,,,False,,,
D03915,ncit:C116850,HDAC INHIBITOR REC-2282,,,,False,,,
D03916,ncit:C103298,BIRABRESIB,,,,False,,,
D03917,ncit:C179323,LUNRESERTIB,,,,False,,,
D03918,ncit:C171871,CRENIGACESTAT,,,,False,,,
D03919,ncit:C1454,BISPECIFIC ANTIBODY,,,,False,,,
D03920,rxcui:11258,VITAMIN K,Antifibrinolytic Agents,,,True,,,
D03921,iuphar.ligand:2030,SRA880,,inhibitor,,False,,,
D03922,rxcui:1362696,BUTYRIC ACID,,,,False,,,
D03923,iuphar.ligand:2025,"CYCLO(7-12) DES-AA1,2,5-[GLU7,D-TRP8,IAMP9,M-I-TYR11,HHLYS12]SRIF",,agonist,,False,,,
D03924,iuphar.ligand:4595,MPA,,,,False,,,
D03925,rxcui:10362,TENIPOSIDE,small molecule,,,True,,,
D03926,ncit:C2651,SILICON PHTHALOCYANINE 4,,,,False,,,
D03927,iuphar.ligand:5078,FAS LIGAND,,,,False,,,
D03928,iuphar.ligand:2016,"L-817,818",,agonist,,False,,,
D03929,iuphar.ligand:2015,"L-797,591",,agonist,,False,,,
D03930,iuphar.ligand:2009,"DES-AA1,2,5,12,13-[D-TRP8]SRIF",,agonist,,False,,,
D03931,iuphar.ligand:2010,"DES-ALA1,2,5-[D-TRP8,IAMP9]SRIF",,agonist,,False,,,
D03932,ncit:C956,EDELFOSINE,,,,False,,,
D03933,iuphar.ligand:2012,DES-AA5-[D-TRP8]SRIF,,agonist,,False,,,
D03934,iuphar.ligand:2003,BIM 23050,,agonist,,False,,,
D03935,ncit:C71539,OFRANERGENE OBADENOVEC,,,,False,,,
D03936,ncit:C2493,ADENOVIRUS 5-CD40 LIGAND,,,,False,,,
D03937,iuphar.ligand:2011,"DES-AA1,5-[TYR2,D-TRP8,IAMP9]SRIF",,agonist,,False,,,
D03938,iuphar.ligand:2006,CH 275,,agonist,,False,,,
D03939,ncit:C203336,FGFR1/2/3 INHIBITOR TYRA-200,,,,False,,,
D03940,chembl:CHEMBL4650297,HMPL-453,,inhibitor,,False,,,
D03941,ncit:C209279,FGFR2 INHIBITOR 3HP-2827,,,,False,,,
D03942,chembl:CHEMBL403989,TG100-801,,inhibitor,,False,,,
D03943,ncit:C107683,APRUTUMAB,,,,False,,,
D03944,iuphar.ligand:5037,PD173074,,,,False,,,
D03945,ncit:C129448,CETRELIMAB,,,,False,,,
D03946,ncit:C178318,GUNAGRATINIB,,,,False,,,
D03947,ncit:C165549,OLVEREMBATINIB,,,,False,,,
D03948,ncit:C121212,APRUTUMAB IXADOTIN,,binder,,False,,,
D03949,chembl:CHEMBL3907479,FGFR INHIBITOR DEBIO 1347,,inhibitor,,False,,,
D03950,rxcui:1716278,TRABECTEDIN,,,,True,,,
D03951,drugbank:DB16821,S-49076,,,,False,,,
D03952,ncit:C165746,ZOTATIFIN,,,,False,,,
D03953,ncit:C175460,SEGIGRATINIB,,,,False,,,
D03954,drugbank:DB17023,ABT-737,,,,False,,,
D03955,drugbank:DB05014,XL999,small molecule,inhibitor,,False,,,
D03956,rxcui:2695422,INAVOLISIB,,,,True,,,
D03957,iuphar.ligand:5700,PHA-665752,,,,False,,,
D03958,ncit:C173964,FGFR INHIBITOR CPL304110,,,,False,,,
D03959,drugbank:DB16843,ODM-203,,,,False,,,
D03960,ncit:C118672,TASURGRATINIB,,,,False,,,
D03961,ncit:C174762,ZOLIGRATINIB,,,,False,,,
D03962,ncit:C77970,FGF RECEPTOR ANTAGONIST HGS1036,,,,False,,,
D03963,wikidata:Q29006632,VARGATEF,,inhibitor,,False,,,
D03964,drugbank:DB05184,XL228,small molecule,inhibitor,,False,,,
D03965,ncit:C162532,TINENGOTINIB,,,,False,,,
D03966,drugbank:DB17587,KIN-3248,,,,False,,,
D03967,iuphar.ligand:8220,COMPOUND 15 [PMID: 24900237],,inhibitor,,False,,,
D03968,ncit:C166939,ONFEKAFUSP ALFA,,,,False,,,
D03969,iuphar.ligand:8619,COMPOUND 28 [PMID: 16460935],,inhibitor,,False,,,
D03970,chembl:CHEMBL2109589,L19TNFA,,binder,,False,,,
D03971,ncit:C152144,RADRETUMAB,,binder,,False,,,
D03972,ncit:C154627,DAROMUN,,,,False,,,
D03973,iuphar.ligand:9807,SUTIMLIMAB,,antibody,,False,,,
D03974,chembl:CHEMBL2109529,MU-BC-1,,binder,,False,,,
D03975,chembl:CHEMBL2109608,L19IL2,,binder,,False,,,
D03976,chembl:CHEMBL2109413,AS-1409,,binder,,False,,,
D03977,chembl:CHEMBL2109412,L19SIP 131I,,other/unknown,,False,,,
D03978,drugbank:DB05182,AS1409,fusion protein,,,False,,,
D03979,iuphar.ligand:11395,MK-7110,,agonist,,False,,,
D03980,rxcui:227518,FOLLICLE STIMULATING HORMONE,recombinant protein,,,True,,,
D03981,ncit:C180661,SIMUFILAM,,positive modulator,,False,,,
D03982,chembl:CHEMBL4650230,SIMUFILAM,,,,False,,,
D03983,chembl:CHEMBL2109556,MLN-2704,,binder,,False,,,
D03984,chembl:CHEMBL2109557,MLN-591RL,,,,False,,,
D03985,ncit:C150699,AUTOLOGOUS PSMA-4SCAR-EXPRESSING T-CELLS 4SCAR-PSMA,,,,False,,,
D03986,chembl:CHEMBL2109677,HUJ591 111IN,,binder,,False,,,
D03987,rxcui:2597053,LUTETIUM LU 177 VIPIVOTIDE TETRAXETAN,,binder,,True,,,
D03988,chembl:CHEMBL2109555,MDX-070,,other/unknown,,False,,,
D03989,chembl:CHEMBL2109552,YTTRIUM Y 90 CAPROMAB PENDETIDE,,binder,,False,,,
D03990,rxcui:21216,CLAVULANIC ACID,Small molecule,,,True,,,
D03991,ncit:C243,THERAPEUTIC ANDROGEN,,,,False,,,
D03992,chembl:CHEMBL2109559,J591 177LU,,binder,,False,,,
D03993,iuphar.ligand:8634,COMPOUND 3 [PMID: 8410973],,inhibitor,,False,,,
D03994,iuphar.ligand:6566,COMPOUND 2 [PMID: 8410973],,inhibitor,,False,,,
D03995,ncit:C116887,TECHNETIUM TC 99M TROFOLASTAT,,,,False,,,
D03996,chembl:CHEMBL2109678,HUJ591 177LU,,binder,,False,,,
D03997,ncit:C174682,CAPROMAB,monoclonal antibody,,,True,,,
D03998,chembl:CHEMBL2109553,CYT-500 177LU,,binder,,False,,,
D03999,chembl:CHEMBL4594540,APVO-414,,,,False,,,
D04000,ncit:C29340,PSMA PEPTIDE,,,,False,,,
D04001,ncit:C90554,MIPSAGARGIN,,,,False,,,
D04002,rxcui:2621548,MIRVETUXIMAB SORAVTANSINE,,binder,,True,,,
D04003,chembl:CHEMBL4297749,EPOFOLATE,,,,False,,,
D04004,ncit:C81935,FOLATE RECEPTOR-TARGETED VINCA ALKALOID EC0489,,,,False,,,
D04005,ncit:C62525,VINTAFOLIDE,,binder,,False,,,
D04006,rxcui:9010,PYRIMETHAMINE,,,,True,,,
D04007,drugbank:DB12266,EPOFOLATE,,,,False,,,
D04008,iuphar.ligand:8626,COMPOUND 4G [PMID: 22595175],,inhibitor,,False,,,
D04009,ncit:C166766,MIRVETUXIMAB,,binder,,False,,,
D04010,iuphar.ligand:6542,COMPOUND 1 [PMID: 11425539],,inhibitor,,False,,,
D04011,drugbank:DB00116,TETRAHYDROFOLIC ACID,,,,False,,,
D04012,ncit:C979,LOMETREXOL,,,,False,,,
D04013,ncit:C29341,TALOTREXIN,small molecule,,,False,,,
D04014,ncit:C481,ANTIESTROGEN,,,,False,,,
D04015,ncit:C76907,ALOXISTATIN,,inhibitor,,False,,,
D04016,ncit:C61503,FARLETUZUMAB,monoclonal antibody,inhibitor,,False,,,
D04017,ncit:C174598,PETESICATIB,,inhibitor,,False,,,
D04018,iuphar.ligand:8561,CITIBRASINE,,inhibitor,,False,,,
D04019,iuphar.ligand:10746,VBY-825,,inhibitor,,False,,,
D04020,iuphar.ligand:11377,CITRUSININE II,,inhibitor,,False,,,
D04021,chembl:CHEMBL4650436,AGN-211745,siRNA,,,False,,,
D04022,chembl:CHEMBL3545402,XL-820,,inhibitor,,False,,,
D04023,chembl:CHEMBL3545401,X-82,Kinase Inhibitors,inhibitor,,False,,,
D04024,ncit:C170304,PEGPLERANIB SODIUM,recombinant protein,,,False,,,
D04025,ncit:C77876,GLESATINIB,Small molecule,inhibitor,,False,,,
D04026,drugbank:DB05146,XL820,Kinase Inhibitors,,,False,,,
D04027,drugbank:DB12669,4SC-203,,inhibitor,,False,,,
D04028,ncit:C80058,FORETINIB,Kinase Inhibitors,inhibitor,,False,,,
D04029,iuphar.ligand:7881,CP-547632,,,,False,,,
D04030,drugbank:DB13093,TAK-593,,inhibitor,,False,,,
D04031,ncit:C116066,SULFATINIB,,inhibitor,,False,,,
D04032,drugbank:DB05525,EW-A-401,protein,,,False,,,
D04033,iuphar.ligand:6057,VEGF RECEPTOR TYROSINE KINASE INHIBITOR III,,inhibitor,,False,,,
D04034,drugbank:DB05011,TABERMINOGENE VADENOVEC,adenoviral vector,,,False,,,
D04035,rxcui:2534245,TIVOZANIB HYDROCHLORIDE,,inhibitor,,True,,,
D04036,ncit:C71896,MOTESANIB,Kinase Inhibitors,inhibitor,,False,,,
D04037,ncit:C79808,ICRUCUMAB,,inhibitor,,False,,,
D04038,iuphar.ligand:8371,ABICIPAR PEGOL,Small molecule,,,False,,,
D04039,chembl:CHEMBL3545335,AG-13958,,inhibitor,,False,,,
D04040,chembl:CHEMBL333021,L-21649,,inhibitor,,False,,,
D04041,chembl:CHEMBL346631,CEP-7055,,inhibitor,,False,,,
D04042,ncit:C97512,FAMITINIB,,inhibitor,,False,,,
D04043,ncit:C152544,TELBERMIN,,agonist,,False,,,
D04044,ncit:C115970,IBCASERTIB,,inhibitor,,False,,,
D04045,chembl:CHEMBL2332119,VEGFRECINE,,,,False,,,
D04046,chembl:CHEMBL1721885,SU-014813,,inhibitor,,False,,,
D04047,ncit:C80869,TELATINIB,Kinase Inhibitors,,,False,,,
D04048,chembl:CHEMBL150894,CEP-5214,,inhibitor,,False,,,
D04049,drugbank:DB05173,PTC299,small molecule,,,False,,,
D04050,rxcui:2670179,FRUQUINTINIB,Small molecule,inhibitor,,True,,,
D04051,rxcui:1604346,LENVATINIB MESYLATE,,inhibitor,,True,,,
D04052,hemonc:94,CEDIRANIB,VEGFR Inhibitor,inhibitor,,False,,,
D04053,ncit:C1831,SEMAXANIB,,inhibitor,,False,,,
D04054,iuphar.ligand:6946,COMPOUND 11D  [PMID: 23981898],,inhibitor,,False,,,
D04055,iuphar.ligand:6936,LY2811376,,inhibitor,,False,,,
D04056,iuphar.ligand:11775,COMPOUND 6 [PMID: 34553947],,inhibitor,,False,,,
D04057,iuphar.ligand:9639,AMG-8718,,inhibitor,,False,,,
D04058,iuphar.ligand:11557,LY3202626,,inhibitor,,False,,,
D04059,iuphar.ligand:9831,PF-06684511,,inhibitor,,False,,,
D04060,iuphar.ligand:10520,AM-6494,,inhibitor,,False,,,
D04061,iuphar.ligand:7789,LANABECESTAT,,inhibitor,,False,,,
D04062,iuphar.ligand:9822,NB-360,,inhibitor,,False,,,
D04063,iuphar.ligand:9197,COMPOUND 9 [PMID: 26937601],,inhibitor,,False,,,
D04064,iuphar.ligand:6950,COMPOUND 2 [PMID: 22911925],,inhibitor,,False,,,
D04065,iuphar.ligand:10394,COMPOUND 3L [PMID: 30637955],,inhibitor,,False,,,
D04066,iuphar.ligand:9821,RO5508887,,inhibitor,,False,,,
D04067,iuphar.ligand:9982,COMPOUND 15 [PMID: 25699151],,inhibitor,,False,,,
D04068,iuphar.ligand:8399,COMPOUND 13 [PMID: 23412139],,inhibitor,,False,,,
D04069,iuphar.ligand:9818,ELENBECESTAT,,inhibitor,,False,,,
D04070,iuphar.ligand:6475,LY2886721,,inhibitor,,False,,,
D04071,iuphar.ligand:11713,&BETA;-SECRETASE INHIBITOR IV,,inhibitor,,False,,,
D04072,ncit:C166726,UMIBECESTAT,,inhibitor,,False,,,
D04073,iuphar.ligand:6940,TAK-070,,inhibitor,,False,,,
D04074,iuphar.ligand:6939,AZ-4217,,inhibitor,,False,,,
D04075,iuphar.ligand:8698,COMPOUND 16 [PMID: 23412139],,inhibitor,,False,,,
D04076,iuphar.ligand:7804,AZ3971,,inhibitor,,False,,,
D04077,iuphar.ligand:9963,ATABECESTAT,,inhibitor,,False,,,
D04078,iuphar.ligand:9943,PF-06751979,,inhibitor,,False,,,
D04079,ncit:C152868,VERUBECESTAT,,inhibitor,,False,,,
D04080,iuphar.ligand:7852,EXAMPLE 2 [WO2013004676],,inhibitor,,False,,,
D04081,iuphar.ligand:6931,AZD3839,,inhibitor,,False,,,
D04082,iuphar.ligand:6944,OXAZINE 89,,inhibitor,,False,,,
D04083,iuphar.ligand:7854,COMPOUND J [PMID: 21907142],,inhibitor,,False,,,
D04084,iuphar.ligand:11751,JNJ-67569762,,inhibitor,,False,,,
D04085,iuphar.ligand:8230,IOX1,,inhibitor,,False,,,
D04086,rxcui:594680,DOCOSANOL,,inhibitor,,True,,,
D04087,ncit:C166919,PIRSIDOMINE,,,,False,,,
D04088,rxcui:6058,ISOSORBIDE DINITRATE,Small Molecule,,,True,,,
D04089,rxcui:4040,ERYTHRITYL TETRANITRATE,Antianginal Agents,,,True,,,
D04090,rxcui:7442,NITRIC OXIDE,Small Molecule,,,True,,,
D04091,rxcui:28004,ISOSORBIDE MONONITRATE,small molecule,,,True,,,
D04092,iuphar.ligand:8575,PFI-4,,,,False,,,
D04093,iuphar.ligand:9523,OF-1,,,,False,,,
D04094,ncit:C1424,SULFORAPHANE,,,,False,,,
D04095,iuphar.ligand:7810,COMPOUND 2 [PMID: 25408830],,,,False,,,
D04096,iuphar.ligand:7811,COMPOUND 3 [PMID: 25408830],,,,False,,,
D04097,iuphar.ligand:7809,COMPOUND 1 [PMID: 25408830],,,,False,,,
D04098,iuphar.ligand:8573,NI-57,,,,False,,,
D04099,iuphar.ligand:8396,COMPOUND 34 [PMID: 25974391],,,,False,,,
D04100,rxcui:2556,CITALOPRAM,Antidepressive Agents,,,True,,,
D04101,drugsatfda.nda:008378,DRUGSATFDA.NDA:008378,,,,False,,,
D04102,ncit:C976,IPOMEANOL,,,,False,,,
D04103,rxcui:4124,ETHINYL ESTRADIOL,Hormone Replacement Agents,,,True,,,
D04104,rxcui:1976,CANNABINOL,,,,False,,,
D04105,ncit:C2360,ANABOLIC STEROID,,,,False,,,
D04106,rxcui:6628,MANNITOL,,,,True,,,
D04107,rxcui:1427193,DIETHYLDITHIOCARBAMATE,,,,False,,,
D04108,ncit:C1892,CHEMOPREVENTIVE AGENT,,,,False,,,
D04109,iuphar.ligand:10433,COMPOUND 5A [PMID: 31287314],,inhibitor,,False,,,
D04110,rxcui:38404,TOPIRAMATE,Anticonvulsants,inhibitor,,True,,,
D04111,iuphar.ligand:10149,SLC-0111,,inhibitor,,False,,,
D04112,iuphar.ligand:6920,BENZOLAMIDE,,inhibitor,,False,,,
D04113,rxcui:167,ACETAZOLAMIDE,small molecule,inhibitor,,True,,,
D04114,iuphar.ligand:10434,COMPOUND 5B  [PMID: 31287314],,inhibitor,,False,,,
D04115,rxcui:9641,SELENIUM,,,,True,,,
D04116,iuphar.ligand:7046,INDISULAM,,inhibitor,,False,,,
D04117,ncit:C63648,GALLIC ACID,,inhibitor,,False,,,
D04118,rxcui:6826,METHAZOLAMIDE,small molecule,inhibitor,,True,,,
D04119,ncit:C97362,OMIGAPIL,small molecule,,,False,,,
D04120,rxcui:3353,DICHLORPHENAMIDE,Antiglaucomic Agents,inhibitor,,True,,,
D04121,rxcui:5340,HISTIDINE,,activator,,True,,,
D04122,chembl:CHEMBL502775,CHEMBL:CHEMBL502775,,,,False,,,
D04123,rxcui:194881,BRINZOLAMIDE,Antiglaucomic Agents,inhibitor,,True,,,
D04124,chembl:CHEMBL578512,CHEMBL:CHEMBL578512,,,,False,,,
D04125,ncit:C1882,BRIVUDINE PHOSPHORAMIDATE,,,,False,,,
D04126,chembl:CHEMBL3545085,XL-228,,inhibitor,,False,,,
D04127,iuphar.ligand:8797,COMPOUND 13 [PMID: 17502136],,inhibitor,,False,,,
D04128,ncit:C62502,BARASERTIB,Kinase Inhibitors,,,False,,,
D04129,iuphar.ligand:8788,HM50316,,inhibitor,,False,,,
D04130,ncit:C1459,LIATERMIN,,,,False,,,
D04131,iuphar.ligand:12938,PF-9363,,inhibitor,,False,,,
D04132,iuphar.ligand:7488,MG149,,inhibitor,,False,,,
D04133,ncit:C2363,AMINOGLYCOSIDE ANTIBIOTIC,,,,False,,,
D04134,chembl:CHEMBL1684098,CHEMBL:CHEMBL1684098,,,,False,,,
D04135,chembl:CHEMBL1684099,CHEMBL:CHEMBL1684099,,,,False,,,
D04136,rxcui:154,ACENOCOUMAROL,small molecule,,,True,,,
D04137,drugbank:DB14663,RIBAVIRIN MONOPHOSPHATE,,,,False,,,
D04138,chembl:CHEMBL1684097,CHEMBL:CHEMBL1684097,,,,False,,,
D04139,ncit:C29854,SULINDAC SULFIDE,,,,False,,,
D04140,rxcui:2598119,INDOLE-3-CARBINOL,,,,False,,,
D04141,iuphar.ligand:6697,GSK-264220A,,inhibitor,,False,,,
D04142,iuphar.ligand:10664,COMPOUND 12 [PMID: 31990537],,inhibitor,,False,,,
D04143,chembl:CHEMBL4298125,ALBUSOMATROPIN,fusion protein,,,False,,,
D04144,iuphar.ligand:12013,SOMATROGON,recombinant protein,,,False,,,
D04145,chembl:CHEMBL4297687,ACP-001,Small molecule,,,False,,,
D04146,chembl:CHEMBL3707323,SOMAVARATAN,,,,False,,,
D04147,ncit:C188584,SEVIRUMAB,,inhibitor,,False,,,
D04148,iuphar.ligand:11284,CC-90011,,inhibitor,,False,,,
D04149,iuphar.ligand:8980,RN-1,,inhibitor,,False,,,
D04150,iuphar.ligand:8241,GSK-LSD1,,inhibitor,,False,,,
D04151,iuphar.ligand:7023,OG-L002,,inhibitor,,False,,,
D04152,ncit:C103820,LIRILUMAB,,,,False,,,
D04153,iuphar.ligand:11516,TAK-418,,inhibitor,,False,,,
D04154,iuphar.ligand:7024,NCL-1,,inhibitor,,False,,,
D04155,iuphar.ligand:13515,SALVIANOLIC ACID B,,inhibitor,,False,,,
D04156,iuphar.ligand:9116,GSK2879552,,inhibitor,,False,,,
D04157,iuphar.ligand:8390,ORY-1001,,activator,,False,,,
D04158,iuphar.ligand:7511,(+)-JQ1,,inhibitor,,False,,,
D04159,iuphar.ligand:7524,XD14,,inhibitor,,False,,,
D04160,iuphar.ligand:11690,GSK852,,inhibitor,,False,,,
D04161,iuphar.ligand:12143,WNY0824,,inhibitor,,False,,,
D04162,rxcui:402316,MIGLUSTAT,Small Molecule,,,True,,,
D04163,iuphar.ligand:8460,LULIZUMAB PEGOL,,antibody,,False,,,
D04164,iuphar.ligand:8808,COMPOUND 13B [PMID: 19101153],,modulator,,False,,,
D04165,iuphar.ligand:7831,COMPOUND 5B [PMID: 25349648],,inhibitor,,False,,,
D04166,iuphar.ligand:7828,T863,,inhibitor,,False,,,
D04167,ncit:C38127,6-AMINONICOTINAMIDE,,,,False,,,
D04168,rxcui:1362737,FLUORODEOXYGLUCOSE F18,,,,True,,,
D04169,iuphar.ligand:7829,PF-04620110,,inhibitor,,False,,,
D04170,iuphar.ligand:7827,AZD7687,,inhibitor,,False,,,
D04171,ncit:C1426,RECOMBINANT HEREGULIN,,,,False,,,
D04172,iuphar.ligand:7832,COMPOUND 23N [PMID: 24900877],,inhibitor,,False,,,
D04173,iuphar.ligand:8609,KL044,,,,False,,,
D04174,ncit:C84520,GLEMBATUMUMAB,,binder,,False,,,
D04175,ncit:C78449,GLEMBATUMUMAB VEDOTIN,,binder,,False,,,
D04176,iuphar.ligand:10125,PFKFB3 KINASE INHIBITOR 69,,inhibitor,,False,,,
D04177,iuphar.ligand:9562,PFK15,,inhibitor,,False,,,
D04178,ncit:C1163,N-METHYLFORMAMIDE,,,,False,,,
D04179,iuphar.ligand:12842,SMD-3040,,,,False,,,
D04180,iuphar.ligand:13104,GNE-235,,inhibitor,,False,,,
D04181,iuphar.ligand:12206,GNE-064,,inhibitor,,False,,,
D04182,chembl:CHEMBL1701911,CHEMBL:CHEMBL1701911,,,,False,,,
D04183,iuphar.ligand:12308,A947,,,,False,,,
D04184,chembl:CHEMBL529918,CHEMBL:CHEMBL529918,,,,False,,,
D04185,chembl:CHEMBL530291,CHEMBL:CHEMBL530291,,,,False,,,
D04186,chembl:CHEMBL1417470,CHEMBL:CHEMBL1417470,,,,False,,,
D04187,iuphar.ligand:340,"WIN 62,577",,,,False,,,
D04188,chembl:CHEMBL581574,CHEMBL:CHEMBL581574,,,,False,,,
D04189,chembl:CHEMBL1561747,CHEMBL:CHEMBL1561747,,,,False,,,
D04190,chembl:CHEMBL2002487,CHEMBL:CHEMBL2002487,,,,False,,,
D04191,chembl:CHEMBL434435,TETRAETHYLAMMONIUM CHLORIDE,,,,False,,,
D04192,chembl:CHEMBL252417,CHEMBL:CHEMBL252417,,,,False,,,
D04193,chembl:CHEMBL578878,CHEMBL:CHEMBL578878,,,,False,,,
D04194,ncit:C65584,ETOCARLIDE,,,,False,,,
D04195,rxcui:10756,TRIACETIN,,,,True,,,
D04196,chembl:CHEMBL560296,CHEMBL:CHEMBL560296,,,,False,,,
D04197,chembl:CHEMBL454580,GARCINONE E,,,,False,,,
D04198,chembl:CHEMBL581044,CHEMBL:CHEMBL581044,,,,False,,,
D04199,chembl:CHEMBL1506226,CHEMBL:CHEMBL1506226,,,,False,,,
D04200,chembl:CHEMBL527586,CHEMBL:CHEMBL527586,,,,False,,,
D04201,ncit:C65338,CLIOXANIDE,,,,False,,,
D04202,chembl:CHEMBL581251,CHEMBL:CHEMBL581251,,,,False,,,
D04203,chembl:CHEMBL1456848,CHEMBL:CHEMBL1456848,,,,False,,,
D04204,chembl:CHEMBL585408,CHEMBL:CHEMBL585408,,,,False,,,
D04205,chembl:CHEMBL1500913,CHEMBL:CHEMBL1500913,,,,False,,,
D04206,iuphar.ligand:9124,ANTI-ILT7 ANTIBODY,,antibody,,False,,,
D04207,iuphar.ligand:10140,SPARTALIZUMAB,,antibody,,False,,,
D04208,chembl:CHEMBL2109426,BIW-8962,,,,False,,,
D04209,iuphar.ligand:12989,TORIPALIMAB,,antibody,,False,,,
D04210,iuphar.ligand:9592,TISLELIZUMAB,,antibody,,False,,,
D04211,iuphar.ligand:12991,PROLGOLIMAB,,antibody,,False,,,
D04212,iuphar.ligand:12966,CADONILIMAB,,antibody,,False,,,
D04213,ncit:C132992,SINTILIMAB,,antibody,,False,,,
D04214,iuphar.ligand:12347,PENPULIMAB,,antibody,,False,,,
D04215,iuphar.ligand:9606,PROGRAMMED CELL DEATH 1 LIGAND 1,,,,False,,,
D04216,iuphar.ligand:12349,ZIMBERELIMAB,,antibody,,False,,,
D04217,iuphar.ligand:11583,RETIFANLIMAB,,antibody,,False,,,
D04218,iuphar.ligand:10117,AUNP-12,,inhibitor,,False,,,
D04219,iuphar.ligand:13396,IVONESCIMAB,,antibody,,False,,,
D04220,iuphar.ligand:11518,DOSTARLIMAB,,antibody,,False,,,
D04221,iuphar.ligand:8684,COMPOUND 14B [PMID: 25742366],,inhibitor,,False,,,
D04222,iuphar.ligand:8685,CL-AMIDINE,,inhibitor,,False,,,
D04223,iuphar.ligand:11839,ASP2453,,inhibitor,,False,,,
D04224,iuphar.ligand:11963,DIVARASIB,,inhibitor,,False,,,
D04225,iuphar.ligand:12066,LY3499446,,inhibitor,,False,,,
D04226,iuphar.ligand:10678,SOTORASIB,,inhibitor,,False,,,
D04227,iuphar.ligand:13368,RMC-6236,,inhibitor,,False,,,
D04228,iuphar.ligand:12393,FULZERASIB,,inhibitor,,False,,,
D04229,iuphar.ligand:12764,BI-2493,,inhibitor,,False,,,
D04230,iuphar.ligand:12988,ERAS-5024,,inhibitor,,False,,,
D04231,iuphar.ligand:11851,MRTX1133,,inhibitor,,False,,,
D04232,rxcui:2625882,ADAGRASIB,,inhibitor,,True,,,
D04233,iuphar.ligand:10677,COMPOUND 25 [PMID: 32023060],,inhibitor,,False,,,
D04234,iuphar.ligand:11715,OPNURASIB,,inhibitor,,False,,,
D04235,iuphar.ligand:11978,AZD4625,,modulator,,False,,,
D04236,iuphar.ligand:12931,LUNA18,,inhibitor,,False,,,
D04237,iuphar.ligand:10383,ARS-1620,,inhibitor,,False,,,
D04238,iuphar.ligand:12279,BI-0474,,inhibitor,,False,,,
D04239,rxcui:2467553,LONAFARNIB,,inhibitor,,True,,,
D04240,rxcui:1112973,BELATACEPT,fusion protein,,,True,,,
D04241,rxcui:614391,ABATACEPT,Antirheumatic Agents,,,True,,,
D04242,ncit:C1748,TOPOISOMERASE INHIBITOR,,,,False,,,
D04243,rxcui:1373478,DIMETHYL FUMARATE,,,,True,,,
D04244,ncit:C657,MISONIDAZOLE,,,,False,,,
D04245,ncit:C61326,EZATIOSTAT HYDROCHLORIDE,,inhibitor,,False,,,
D04246,ncit:C2233,PHENETHYL ISOTHIOCYANATE,,,,False,,,
D04247,rxcui:29008,LYCOPENE,,,,True,,,
D04248,ncit:C1679,EXATECAN MESYLATE,,,,False,,,
D04249,chembl:CHEMBL2107319,CANFOSFAMIDE HYDROCHLORIDE,,,,False,,,
D04250,ncit:C83581,CANFOSFAMIDE,Small molecule,,,False,,,
D04251,rxcui:9644,SELENOMETHIONINE,,,,True,,,
D04252,ncit:C186783,ACELLULAR DERMAL MATRIX,,,,False,,,
D04253,ncit:C1423,PERFOSFAMIDE,,,,False,,,
D04254,ncit:C83709,EZATIOSTAT,Small molecule,,,False,,,
D04255,ncit:C969,DROLOXIFENE,,,,False,,,
D04256,ncit:C38706,GARLIC,,,,False,,,
D04257,ncit:C28269,PHYTOCHEMICAL,,,,False,,,
D04258,iuphar.ligand:9589,ENOBLITUZUMAB,,antibody,,False,,,
D04259,iuphar.ligand:4505,[3H]BSP,,,,False,,,
D04260,iuphar.ligand:12586,OBRINDATAMAB,,antibody,,False,,,
D04261,ncit:C103195,LEXAPTEPID PEGOL,,,,False,,,
D04262,chembl:CHEMBL2109440,LY-2787106,,inhibitor,,False,,,
D04263,rxcui:155021,DICHLOROACETIC ACID,,,,True,,,
D04264,ncit:C78844,FICLATUZUMAB,monoclonal antibody,antibody; inhibitor,,False,,,
D04265,rxcui:314845,SOMATROPIN (RECOMBINANT DNA ORIGIN),Hormone Replacement Agents,,,True,,,
D04266,ncit:C116890,NANOPARTICLE ALBUMIN-BOUND THIOCOLCHICINE DIMER NAB-5404,,,,False,,,
D04267,ncit:C67079,RILOTUMUMAB,Monoclonal Antibody,inhibitor; antibody,,False,,,
D04268,ncit:C117236,VEGF/HGF-TARGETING DARPIN MP0250,,,,False,,,
D04269,chembl:CHEMBL1201509,"GONADOTROPIN, CHORIONIC",,,,True,,,
D04270,ncit:C2690,SHO-SAIKO-TO,,,,False,,,
D04271,iuphar.ligand:10364,NSC61610,,,,False,,,
D04272,ncit:C327,CA19-9 ANTIGEN,,,,False,,,
D04273,iuphar.ligand:10363,OMILANCOR,,,,False,,,
D04274,ncit:C81939,ANTI-HGF MONOCLONAL ANTIBODY TAK-701,,,,False,,,
D04275,iuphar.ligand:10362,ABSCISIC ACID,,,,False,,,
D04276,iuphar.ligand:10556,DASA-58,,activator,,False,,,
D04277,iuphar.ligand:10650,COMPOUND 16 [PMID: 31977207],,activator,,False,,,
D04278,iuphar.ligand:10493,COMPOUND 1 [PMID: 31465224],,inhibitor,,False,,,
D04279,iuphar.ligand:13523,COMPOUND 3K [PMID: 28688274],,inhibitor,,False,,,
D04280,iuphar.ligand:10473,MITAPIVAT,,modulator,,False,,,
D04281,iuphar.ligand:12399,COMPOUND 24 [PMID: 36723914],,modulator,,False,,,
D04282,iuphar.ligand:10555,TEPP-46,,activator,,False,,,
D04283,iuphar.ligand:9936,DMAMCL,,activator,,False,,,
D04284,wikidata:Q48566821,SULFAMETHOXAZOLE / TRIMETHOPRIM,,,,False,,,
D04285,ncit:C264,ANTICONVULSANT AGENT,,,,False,,,
D04286,ncit:C280,ANTITUBERCULAR AGENT,,,,False,,,
D04287,rxcui:2610349,BETIBEGLOGENE AUTOTEMCEL,,,,True,,,
D04288,rxcui:2265678,VOXELOTOR,,positive modulator,,True,,,
D04289,ncit:C877,THIOINOSINE,,,,False,,,
D04290,ncit:C28788,8-AZAGUANINE,,,,False,,,
D04291,rxcui:2262279,CRIZANLIZUMAB,monoclonal antibody,,,True,,,
D04292,chembl:CHEMBL458765,CHEMBL:CHEMBL458765,,,,False,,,
D04293,rxcui:203197,PHENAZOPYRIDINE HYDROCHLORIDE,,,,True,,,
D04294,drugbank:DB01629,5-FLUOROURIDINE,,,,False,,,
D04295,drugbank:DB04440,NEBULARINE,,,,False,,,
D04296,rxcui:2262544,LUSPATERCEPT,,,,True,,,
D04297,chembl:CHEMBL185885,AES-103,Small molecule,,,False,,,
D04298,ncit:C1435,EFAPROXIRAL,,negative modulator,,False,,,
D04299,rxcui:10485,THIOGUANINE,Guanine analog,,,True,,,
D04300,chembl:CHEMBL374632,CHEMBL:CHEMBL374632,,,,False,,,
D04301,ncit:C61073,VIAGENPUMATUCEL-L,,,,False,,,
D04302,iuphar.ligand:12063,PEPTIDE 22D,,inhibitor,,False,,,
D04303,rxcui:70167,LENOGRASTIM,,,,True,,,
D04304,rxcui:4448,FLOXACILLIN,,,,True,,,
D04305,ncit:C28699,THERAPEUTIC TUMOR INFILTRATING LYMPHOCYTES,,,,False,,,
D04306,ncit:C1461,PERILLYL ALCOHOL,,,,False,,,
D04307,rxcui:11002,UREA,,,,True,,,
D04308,rxcui:3363,ZALCITABINE,,,,True,,,
D04309,iuphar.ligand:4940,GDNF,,,,False,,,
D04310,ncit:C744,PHOSPHODIESTERASE INHIBITOR,,,,False,,,
D04311,ncit:C427,DIAZOOXONORLEUCINE,,,,False,,,
D04312,rxcui:1919083,MIDOSTAURIN,Small molecule,,,True,,,
D04313,ncit:C787,PUROMYCIN,,,,False,,,
D04314,wikidata:Q47521991,PHOTOFRIN,,,,False,,,
D04315,chembl:CHEMBL2094499,CHEMBL:CHEMBL2094499,,,,False,,,
D04316,chembl:CHEMBL333177,CHEMBL:CHEMBL333177,,,,False,,,
D04317,rxcui:430,ALBENDAZOLE,,,,True,,,
D04318,ncit:C1934,DIFFERENTIATION INDUCER,,,,False,,,
D04319,rxcui:10763,TRIAMTERENE,Antihypertensive Agents,,,True,,,
D04320,drugbank:DB16772,RHAMNETIN,,,,False,,,
D04321,ncit:C483,THERAPEUTIC ESTROGEN,,,,False,,,
D04322,ncit:C75228,NOCODAZOLE,,,,False,,,
D04323,chembl:CHEMBL1231107,CYROMAZINE,,,,False,,,
D04324,ncit:C90856,HYDRASTININE HYDROCHLORIDE,,,,False,,,
D04325,rxcui:8673,FEPRAZONE,,,,True,,,
D04326,chembl:CHEMBL501562,DICARBONODITHIOIMIDIC DIAMIDE,,,,False,,,
D04327,chembl:CHEMBL1441574,BENZO(K)FLUORANTHENE,,,,False,,,
D04328,drugbank:DB01445,BUFOTENINE,,,,False,,,
D04329,rxcui:2983,CYCLOFENIL,,,,True,,,
D04330,drugbank:DB02365,"1,10-PHENANTHROLINE",,,,False,,,
D04331,ncit:C2320,TEROXIRONE,,,,False,,,
D04332,chembl:CHEMBL119405,BENZENETHIOL,,,,False,,,
D04333,chembl:CHEMBL90017,ALPHA-TERTHIENYL,,,,False,,,
D04334,ncit:C61689,CLOXYQUIN,,,,False,,,
D04335,chembl:CHEMBL1935538,CHEMBL:CHEMBL1935538,,,,False,,,
D04336,chembl:CHEMBL2332783,CHEMBL:CHEMBL2332783,,,,False,,,
D04337,ncit:C71740,APATORSEN,antisense oligo,inhibitor,,False,,,
D04338,rxcui:5556,HYMECROMONE,,,,False,,,
D04339,ncit:C77948,CRIDANIMOD,,,,False,,,
D04340,iuphar.ligand:11122,LITIFILIMAB,,antibody,,False,,,
D04341,rxcui:7538,NOVOBIOCIN,,,,False,,,
D04342,chembl:CHEMBL109480,TANESPIMYCIN,Small molecule,,,False,,,
D04343,ncit:C48401,RETASPIMYCIN HYDROCHLORIDE,Small molecule,inhibitor,,False,,,
D04344,drugbank:DB06070,SNX-5422,small molecule,,,False,,,
D04345,drugbank:DB14876,TAS-116,,,,False,,,
D04346,chembl:CHEMBL465226,GEDUNIN,,,,False,,,
D04347,chembl:CHEMBL215853,MONOCILLIN I,,,,False,,,
D04348,ncit:C38142,ALVESPIMYCIN,Small molecule,inhibitor,,False,,,
D04349,ncit:C80378,RETASPIMYCIN,small molecule,other/unknown,,False,,,
D04350,ncit:C141504,SNX 5422,,inhibitor,,False,,,
D04351,rxcui:22759,DIACETYLRHEIN,Small molecule,,,True,,,
D04352,ncit:C71467,LUMINESPIB,,inhibitor,,False,,,
D04353,chembl:CHEMBL4297717,CD24FC,,inhibitor,,False,,,
D04354,ncit:C92572,HSP90 INHIBITOR DEBIO 0932,Small molecule,,,False,,,
D04355,drugbank:DB11881,AUY922,Other,other/unknown; inhibitor,,False,,,
D04356,chembl:CHEMBL468439,CYCLOPROPARADICICOL,,,,False,,,
D04357,ncit:C37899,TANESPIMYCIN,small molecule,inhibitor; other/unknown,,False,,,
D04358,chembl:CHEMBL493646,CUCURBITACIN D,,,,False,,,
D04359,chembl:CHEMBL383015,RADANAMYCIN,,,,False,,,
D04360,chembl:CHEMBL491499,ZEARALANONE,,,,False,,,
D04361,iuphar.ligand:10386,CELASTROL,,,,False,,,
D04362,chembl:CHEMBL200102,PU-H71,,,,False,,,
D04363,chembl:CHEMBL2022241,CHEMBL:CHEMBL2022241,,,,False,,,
D04364,ncit:C85454,ONALESPIB,Small molecule,inhibitor,,False,,,
D04365,ncit:C81447,COUMERMYCIN,,,,False,,,
D04366,chembl:CHEMBL192264,CHEMBL:CHEMBL192264,,,,False,,,
D04367,drugbank:DB12359,BIIB021,,inhibitor,,False,,,
D04368,ncit:C1462,RADICICOL,,,,False,,,
D04369,ncit:C84836,HSP90 INHIBITOR LAM-003A,Small molecule,,,False,,,
D04370,chembl:CHEMBL555017,GAMBOGIC ACID,,,,False,,,
D04371,rxcui:2020,CARBIMAZOLE,Antithyroid Agents,,,True,,,
D04372,rxcui:853491,CANAKINUMAB,Anti-Inflammatory Agents,,,True,,,
D04373,rxcui:214582,GLATIRAMER,,,,True,,,
D04374,rxcui:763450,RILONACEPT,fusion protein,,,True,,,
D04375,wikidata:Q6804161,MEASLES VACCINE,,,,False,,,
D04376,rxcui:1156,ASPARAGINASE,,,,True,,,
D04377,ncit:C83561,BUCILLAMINE,,,,False,,,
D04378,wikidata:Q383260,INFLUENZA VACCINE,,,,False,,,
D04379,chembl:CHEMBL2109447,LYM-1,,other/unknown,,False,,,
D04380,ncit:C96530,PLOVAMER ACETATE,,modulator,,False,,,
D04381,ncit:C2228,APOLIZUMAB,,inhibitor,,False,,,
D04382,rxcui:32624,OXCARBAZEPINE,Small Molecule,,,True,,,
D04383,ncit:C66041,LUMIRACOXIB,Small Molecule,,,True,,,
D04384,rxcui:612865,TOCILIZUMAB,monoclonal antibody,,,True,,,
D04385,rxcui:190521,ABACAVIR,,,,True,,,
D04386,iuphar.ligand:12035,ELAFIN,,inhibitor,,False,,,
D04387,rxcui:61805,NITISINONE,Antiyrosinemia Agents,inhibitor,,True,,,
D04388,iuphar.ligand:12814,GNE-7883,,inhibitor,,False,,,
D04389,chembl:CHEMBL64391,ITRACONAZOLE,,,,False,,,
D04390,chembl:CHEMBL1834096,CHEMBL:CHEMBL1834096,,,,False,,,
D04391,chembl:CHEMBL591361,CHEMBL:CHEMBL591361,,,,False,,,
D04392,chembl:CHEMBL478791,GERONTOXANTHONE I,,,,False,,,
D04393,rxcui:31901,NITROXOLINE,,,,False,,,
D04394,rxcui:2593691,POMIFERIN,,,,False,,,
D04395,chembl:CHEMBL591876,CHEMBL:CHEMBL591876,,,,False,,,
D04396,rxcui:3435,IODOQUINOL,,,,True,,,
D04397,rxcui:37806,TERCONAZOLE,,,,True,,,
D04398,rxcui:19884,BUTOCONAZOLE,,,,True,,,
D04399,chembl:CHEMBL582983,CHEMBL:CHEMBL582983,,,,False,,,
D04400,rxcui:52172,CICLOPIROX OLAMINE,,,,True,,,
D04401,ncit:C76665,ALVESPIMYCIN HYDROCHLORIDE,,,,False,,,
D04402,rxcui:58130,HALOFANTRINE HYDROCHLORIDE,,,,True,,,
D04403,chembl:CHEMBL548615,CHEMBL:CHEMBL548615,,,,False,,,
D04404,chembl:CHEMBL520275,TRIADIMENOL,,,,False,,,
D04405,chembl:CHEMBL530499,CHEMBL:CHEMBL530499,,,,False,,,
D04406,ncit:C83573,CALCIMYCIN,,,,False,,,
D04407,chembl:CHEMBL1095515,SCLEROTIORIN,,,,False,,,
D04408,ncit:C171712,CYCLOHEXIMIDE,,,,False,,,
D04409,chembl:CHEMBL592600,CHEMBL:CHEMBL592600,,,,False,,,
D04410,chembl:CHEMBL2332352,ARGENTEOSIDE A,,,,False,,,
D04411,ncit:C97997,PROPICONAZOLE,,,,False,,,
D04412,chembl:CHEMBL2270444,DESACETYL SALANNIN,,,,False,,,
D04413,drugbank:DB07594,CCT-018159,,,,False,,,
D04414,chembl:CHEMBL1567571,CHEMBL:CHEMBL1567571,,,,False,,,
D04415,chembl:CHEMBL591126,CHEMBL:CHEMBL591126,,,,False,,,
D04416,chembl:CHEMBL473721,CHEMBL:CHEMBL473721,,,,False,,,
D04417,chembl:CHEMBL590927,CHEMBL:CHEMBL590927,,,,False,,,
D04418,ncit:C83617,CETYLPYRIDINIUM BROMIDE,,,,False,,,
D04419,chembl:CHEMBL260342,CHEMBL:CHEMBL260342,,,,False,,,
D04420,chembl:CHEMBL1287983,CHEMBL:CHEMBL1287983,,,,False,,,
D04421,chembl:CHEMBL2095095,CHEMBL:CHEMBL2095095,,,,False,,,
D04422,rxcui:236601,SERTACONAZOLE NITRATE,,,,True,,,
D04423,chembl:CHEMBL565893,CHEMBL:CHEMBL565893,,,,False,,,
D04424,rxcui:46307,AMLEXANOX,,,,True,,,
D04425,chembl:CHEMBL1212972,NANAOMYCIN,,,,False,,,
D04426,chembl:CHEMBL547285,CHEMBL:CHEMBL547285,,,,False,,,
D04427,chembl:CHEMBL1439833,CHEMBL:CHEMBL1439833,,,,False,,,
D04428,chembl:CHEMBL1224755,CHEMBL:CHEMBL1224755,,,,False,,,
D04429,chembl:CHEMBL582099,CHEMBL:CHEMBL582099,,,,False,,,
D04430,chembl:CHEMBL600694,CHEMBL:CHEMBL600694,,,,False,,,
D04431,chembl:CHEMBL533226,CHEMBL:CHEMBL533226,,,,False,,,
D04432,chembl:CHEMBL590184,CHEMBL:CHEMBL590184,,,,False,,,
D04433,rxcui:1600439,TOTAROL,,,,True,,,
D04434,chembl:CHEMBL601768,CHEMBL:CHEMBL601768,,,,False,,,
D04435,chembl:CHEMBL602363,CHEMBL:CHEMBL602363,,,,False,,,
D04436,chembl:CHEMBL591363,CHEMBL:CHEMBL591363,,,,False,,,
D04437,chembl:CHEMBL528694,CHEMBL:CHEMBL528694,,,,False,,,
D04438,chembl:CHEMBL599098,CHEMBL:CHEMBL599098,,,,False,,,
D04439,rxcui:35100,PYRITHIONE,,,,True,,,
D04440,rxcui:10795,TRICLOSAN,,,,True,,,
D04441,chembl:CHEMBL1256761,CHEMBL:CHEMBL1256761,,,,False,,,
D04442,ncit:C65671,FENTICLOR,,,,False,,,
D04443,chembl:CHEMBL1688556,CHEMBL:CHEMBL1688556,,,,False,,,
D04444,chembl:CHEMBL1466186,CHEMBL:CHEMBL1466186,,,,False,,,
D04445,chembl:CHEMBL1546228,CHEMBL:CHEMBL1546228,,,,False,,,
D04446,chembl:CHEMBL4297298,KW-2478,,,,False,,,
D04447,rxcui:2118525,TRICLABENDAZOLE,,,,True,,,
D04448,iuphar.ligand:2661,N-OLEOYLETHANOLAMIDE,,,,False,,,
D04449,chembl:CHEMBL428064,CHEMBL:CHEMBL428064,,,,False,,,
D04450,iuphar.ligand:9261,LUMINESPIB,,,,False,,,
D04451,rxcui:3351,DICHLOROPHEN,,,,False,,,
D04452,ncit:C62517,HSP90 INHIBITOR BIIB021,,,,False,,,
D04453,chembl:CHEMBL463701,CHEMBL:CHEMBL463701,,,,False,,,
D04454,ncit:C73253,BROXYQUINOLINE,,,,False,,,
D04455,chembl:CHEMBL588804,CHEMBL:CHEMBL588804,,,,False,,,
D04456,chembl:CHEMBL1385558,CHEMBL:CHEMBL1385558,,,,False,,,
D04457,rxcui:20875,CHLOROXINE,,,,True,,,
D04458,ncit:C87763,EFUNGUMAB,,inhibitor,,False,,,
D04459,chembl:CHEMBL534423,CHEMBL:CHEMBL534423,,,,False,,,
D04460,chembl:CHEMBL1306556,CHEMBL:CHEMBL1306556,,,,False,,,
D04461,chembl:CHEMBL459022,TOXYLOXANTHONE C,,,,False,,,
D04462,chembl:CHEMBL585827,CHEMBL:CHEMBL585827,,,,False,,,
D04463,rxcui:32786,PADIMATE-O,,,,True,,,
D04464,chembl:CHEMBL388342,BOLDINE,,,,False,,,
D04465,iuphar.ligand:4268,NMDA,,,,False,,,
D04466,rxcui:2619910,MANGOSTIN,,,,False,,,
D04467,rxcui:644,AMILORIDE,Na-Ca chanel blocker,,,True,,,
D04468,chembl:CHEMBL329673,CHEMBL:CHEMBL329673,,,,False,,,
D04469,rxcui:645,AMINACRINE,,,,False,,,
D04470,chembl:CHEMBL605747,CHEMBL:CHEMBL605747,,,,False,,,
D04471,chembl:CHEMBL282731,CICHORIC ACID,,,,False,,,
D04472,chembl:CHEMBL278164,NAPHTHYLAMINE,,,,False,,,
D04473,rxcui:9793,SILVER SULFADIAZINE,,,,True,,,
D04474,chembl:CHEMBL532849,CHEMBL:CHEMBL532849,,,,False,,,
D04475,ncit:C83927,MELEVODOPA,Small molecule,,,True,,,
D04476,chembl:CHEMBL408850,CHEMBL:CHEMBL408850,,,,False,,,
D04477,rxcui:142424,AMILORIDE HYDROCHLORIDE,,,,True,,,
D04478,chembl:CHEMBL31088,DEOXIEPINEPHRINE,,,,False,,,
D04479,chembl:CHEMBL313244,4-METHYLESCULETIN,,,,False,,,
D04480,chembl:CHEMBL57394,CHEMBL:CHEMBL57394,,,,False,,,
D04481,chembl:CHEMBL486816,HARMALOL HYDROCHLORIDE,,,,False,,,
D04482,chembl:CHEMBL81977,3-AMINOBENZAMIDE,,,,False,,,
D04483,ncit:C99577,METIZOLINE,,,,False,,,
D04484,rxcui:4107,ETHACRIDINE LACTATE,,,,False,,,
D04485,chembl:CHEMBL320295,"O,O'-DIMETHYLCAFFEIC ACID",,,,False,,,
D04486,ncit:C166431,LEVDOBUTAMINE,,,,False,,,
D04487,chembl:CHEMBL579045,CHEMBL:CHEMBL579045,,,,False,,,
D04488,ncit:C63756,CAFFEIC ACID PHENETHYL ESTER,,,,False,,,
D04489,chembl:CHEMBL1529609,CHEMBL:CHEMBL1529609,,,,False,,,
D04490,chembl:CHEMBL1370698,CHEMBL:CHEMBL1370698,,,,False,,,
D04491,drugbank:DB13875,HARMALINE,,,,False,,,
D04492,chembl:CHEMBL1348974,(4-CHLOROPHENYL)(MORPHOLINO)METHANETHIONE,,,,False,,,
D04493,chembl:CHEMBL267160,CHEMBL:CHEMBL267160,,,,False,,,
D04494,chembl:CHEMBL279564,PYRENE,,,,False,,,
D04495,chembl:CHEMBL307341,AURAPTENE,,,,False,,,
D04496,chembl:CHEMBL265715,CHEMBL:CHEMBL265715,,,,False,,,
D04497,rxcui:8886,PROTRIPTYLINE,small molecule,,,True,,,
D04498,rxcui:1435279,4-AMINOPHENOL,,,,True,,,
D04499,drugbank:DB07301,CARBAZOLE,,,,False,,,
D04500,rxcui:73494,TELMISARTAN,Antihypertensive Agents,,,True,,,
D04501,drugbank:DB15335,FORMONONETIN,,,,False,,,
D04502,rxcui:3393,DIFLUNISAL,Small Molecule,,,True,,,
D04503,chembl:CHEMBL49732,HERNIARIN,,,,False,,,
D04504,chembl:CHEMBL584520,CHEMBL:CHEMBL584520,,,,False,,,
D04505,chembl:CHEMBL238624,CHEMBL:CHEMBL238624,,,,False,,,
D04506,rxcui:1314351,ESCULIN,,,,False,,,
D04507,rxcui:9518,SALICYLAMIDE,,,,True,,,
D04508,chembl:CHEMBL1558498,BUTYL 2-AMINOBENZOATE,,,,False,,,
D04509,rxcui:1310551,STEARIC ACID,,,,True,,,
D04510,chembl:CHEMBL454746,CLADRIN,,,,False,,,
D04511,chembl:CHEMBL221721,CHEMBL:CHEMBL221721,,,,False,,,
D04512,chembl:CHEMBL13662,CI-218872,,,,False,,,
D04513,chembl:CHEMBL1371696,CHEMBL:CHEMBL1371696,,,,False,,,
D04514,chembl:CHEMBL580381,CHEMBL:CHEMBL580381,,,,False,,,
D04515,chembl:CHEMBL1610638,DIHYDRO-OBLIQUIN,,,,False,,,
D04516,ncit:C76389,CARBARIL,,,,True,,,
D04517,ncit:C80813,CORTODOXONE,,,,False,,,
D04518,iuphar.ligand:4240,L701324,,,,False,,,
D04519,rxcui:1362911,DIETHANOLAMINE,,,,True,,,
D04520,chembl:CHEMBL12636,HYMECROMONE METHYL ETHER,,,,False,,,
D04521,rxcui:4021,ERGONOVINE,,,,False,,,
D04522,chembl:CHEMBL586,SALICYLURIC ACID,,,,False,,,
D04523,drugbank:DB04166,ANTHRANILIC ACID,,,,False,,,
D04524,iuphar.ligand:2918,KYNURENIC ACID,,,,False,,,
D04525,chembl:CHEMBL404505,CHEMBL:CHEMBL404505,,,,False,,,
D04526,rxcui:5095,HALOTHANE,small molecule,,,True,,,
D04527,chembl:CHEMBL1087126,2'-METHOXYFORMONETIN,,,,False,,,
D04528,rxcui:10737,TRAZODONE,Small Molecule,,,True,,,
D04529,chembl:CHEMBL1236854,XANTHOPTERIN,,,,False,,,
D04530,ncit:C72917,ALRESTATIN,,,,False,,,
D04531,chembl:CHEMBL1528955,N-METHYLANTHRANILIC ACID,,,,False,,,
D04532,iuphar.ligand:4577,BILIRUBIN,,,,False,,,
D04533,rxcui:784,ANDROSTENEDIONE,,,,False,,,
D04534,chembl:CHEMBL1337502,BENZO[B]FLUORANTHENE,,,,False,,,
D04535,chembl:CHEMBL1317986,CHEMBL:CHEMBL1317986,,,,False,,,
D04536,iuphar.ligand:8101,SPLITOMICIN,,,,False,,,
D04537,chembl:CHEMBL1224528,DIHYDROXIDINE,,,,False,,,
D04538,chembl:CHEMBL546475,CHEMBL:CHEMBL546475,,,,False,,,
D04539,chembl:CHEMBL531269,CHEMBL:CHEMBL531269,,,,False,,,
D04540,chembl:CHEMBL1079959,KHRINONE E,,,,False,,,
D04541,chembl:CHEMBL601764,CHEMBL:CHEMBL601764,,,,False,,,
D04542,chembl:CHEMBL1494499,SAVIRIN,,,,False,,,
D04543,rxcui:1592254,PIRFENIDONE,small molecule,,,True,,,
D04544,rxcui:7631,OLEIC ACID,,,,True,,,
D04545,rxcui:203180,EPINEPHRINE BITARTRATE,,,,True,,,
D04546,chembl:CHEMBL530664,CHEMBL:CHEMBL530664,,,,False,,,
D04547,chembl:CHEMBL23507,5-FLUOROINDOLE-2-CARBOXYLIC ACID,,,,False,,,
D04548,chembl:CHEMBL577887,CHEMBL:CHEMBL577887,,,,False,,,
D04549,chembl:CHEMBL1481974,CHEMBL:CHEMBL1481974,,,,False,,,
D04550,drugbank:DB15493,CAMBINOL,,,,False,,,
D04551,chembl:CHEMBL1456870,GARCINOLIC ACID,,,,False,,,
D04552,chembl:CHEMBL1416006,EVOXINE,,,,False,,,
D04553,chembl:CHEMBL242383,RESOKAEMPFEROL,,,,False,,,
D04554,chembl:CHEMBL122701,CHEMBL:CHEMBL122701,,,,False,,,
D04555,ncit:C72628,LINSIDOMINE,,,,False,,,
D04556,chembl:CHEMBL355014,FLUORANTHENE,,,,False,,,
D04557,chembl:CHEMBL1434057,2-BENZOYL-5-METHOXYBENZOQUINONE,,,,False,,,
D04558,chembl:CHEMBL1414353,LOMATIN,,,,False,,,
D04559,chembl:CHEMBL462880,ISOBOLDINE,,,,False,,,
D04560,chembl:CHEMBL516616,CHEMBL:CHEMBL516616,,,,False,,,
D04561,ncit:C72844,SARAFLOXACIN HYDROCHLORIDE,,,,False,,,
D04562,rxcui:203182,HYDROXYZINE PAMOATE,,,,True,,,
D04563,chembl:CHEMBL1371125,BENZO[E]PYRENE,,,,False,,,
D04564,chembl:CHEMBL1374986,BISSALICYL FUMARATE,,,,False,,,
D04565,ncit:C1060,DAIDZEIN,,,,False,,,
D04566,drugbank:DB12890,DIHYDREXIDINE,,,,False,,,
D04567,chembl:CHEMBL253551,FRAXIDIN METHYL ETHER,,,,False,,,
D04568,chembl:CHEMBL1576338,CHEMBL:CHEMBL1576338,,,,False,,,
D04569,rxcui:162,ACETANILIDE,,,,True,,,
D04570,chembl:CHEMBL303846,XANTHYLETIN,,,,False,,,
D04571,chembl:CHEMBL284028,"2,3-DIHYDROXY-6,7-DICHLOROQUINOXALINE",,,,False,,,
D04572,iuphar.ligand:4597,"3,4-DICHLOROBENZAMIL",,,,False,,,
D04573,chembl:CHEMBL1410006,"6,4'-DIMETHOXYFLAVONE",,,,False,,,
D04574,rxcui:17300,ALFUZOSIN,"Antispasmodics, Urinary",,,True,,,
D04575,rxcui:202693,LABETALOL HYDROCHLORIDE,,,,True,,,
D04576,chembl:CHEMBL211501,ANTIMYCIN A,,,,False,,,
D04577,ncit:C90757,NIRIDAZOLE,,,,False,,,
D04578,chembl:CHEMBL24057,FURAMIDINE,,,,False,,,
D04579,ncit:C84188,SULMAZOLE,,,,False,,,
D04580,chembl:CHEMBL124706,PHTHALAZINONE,,,,False,,,
D04581,chembl:CHEMBL1488010,HAPLAMINE,,,,False,,,
D04582,chembl:CHEMBL1608067,CHEMBL:CHEMBL1608067,,,,False,,,
D04583,chembl:CHEMBL406834,CHEMBL:CHEMBL406834,,,,False,,,
D04584,drugbank:DB16739,MK-886,,,,False,,,
D04585,chembl:CHEMBL296021,CHEMBL:CHEMBL296021,,,,False,,,
D04586,chembl:CHEMBL602213,CHEMBL:CHEMBL602213,,,,False,,,
D04587,chembl:CHEMBL259421,CHEMBL:CHEMBL259421,,,,False,,,
D04588,chembl:CHEMBL362223,CHEMBL:CHEMBL362223,,,,False,,,
D04589,chembl:CHEMBL242171,CHEMBL:CHEMBL242171,,,,False,,,
D04590,chembl:CHEMBL530149,CHEMBL:CHEMBL530149,,,,False,,,
D04591,chembl:CHEMBL296407,CHEMBL:CHEMBL296407,,,,False,,,
D04592,rxcui:4112,ETHAMSYLATE,,,,True,,,
D04593,rxcui:38655,TRIFLUSAL,,,,False,,,
D04594,rxcui:1311397,CAFFEIC ACID,,,,False,,,
D04595,ncit:C66306,PAPAVEROLINE,,,,False,,,
D04596,rxcui:2396756,ETHYL ANTHRANILATE,,,,False,,,
D04597,chembl:CHEMBL1381098,1-NAPHTHYLISOTHIOCYANATE,,,,False,,,
D04598,drugbank:DB12111,MK-212,,,,False,,,
D04599,chembl:CHEMBL1333512,"N,N'-DIPHENYL-P-PHENYLENEDIAMINE",,,,False,,,
D04600,chembl:CHEMBL267458,BMS-182874,,,,False,,,
D04601,chembl:CHEMBL533954,CHEMBL:CHEMBL533954,,,,False,,,
D04602,chembl:CHEMBL338314,CHEMBL:CHEMBL338314,,,,False,,,
D04603,rxcui:1385,BENZBROMARONE,,,,True,,,
D04604,chembl:CHEMBL471225,CHEMBL:CHEMBL471225,,,,False,,,
D04605,chembl:CHEMBL71851,SCOPOLETIN,,,,False,,,
D04606,rxcui:235224,TERAZOSIN HYDROCHLORIDE,,,,True,,,
D04607,chembl:CHEMBL317869,CHEMBL:CHEMBL317869,,,,False,,,
D04608,chembl:CHEMBL85139,RUTAECARPINE,,,,False,,,
D04609,chembl:CHEMBL275809,FR-122047,,,,False,,,
D04610,chembl:CHEMBL186366,PINOSYLVIN METHYL ETHER,,,,False,,,
D04611,iuphar.ligand:8285,S(+)-APOMORPHINE,,,,False,,,
D04612,ncit:C65873,HYDROXYTOLUIC ACID,,,,False,,,
D04613,rxcui:6916,METOLAZONE,Antihypertensive Agents,,,True,,,
D04614,chembl:CHEMBL221733,CHEMBL:CHEMBL221733,,,,False,,,
D04615,chembl:CHEMBL582081,CHEMBL:CHEMBL582081,,,,False,,,
D04616,chembl:CHEMBL259615,CHEMBL:CHEMBL259615,,,,False,,,
D04617,chembl:CHEMBL8488,CHEMBL:CHEMBL8488,,,,False,,,
D04618,rxcui:72616,SALMETEROL XINAFOATE,,,,True,,,
D04619,rxcui:29742,METHYL ANTHRANILATE,,,,True,,,
D04620,chembl:CHEMBL258465,CHEMBL:CHEMBL258465,,,,False,,,
D04621,drugbank:DB03167,PENTABROMOPHENOL,,,,False,,,
D04622,chembl:CHEMBL1500740,CHEMBL:CHEMBL1500740,,,,False,,,
D04623,rxcui:33770,PIRETANIDE,,,,False,,,
D04624,chembl:CHEMBL1477383,CHEMBL:CHEMBL1477383,,,,False,,,
D04625,chembl:CHEMBL1613209,CEAROIN,,,,False,,,
D04626,chembl:CHEMBL486817,HARMOL,,,,False,,,
D04627,chembl:CHEMBL512649,CHEMBL:CHEMBL512649,,,,False,,,
D04628,chembl:CHEMBL54909,FRAXETIN,,,,False,,,
D04629,chembl:CHEMBL580851,CHEMBL:CHEMBL580851,,,,False,,,
D04630,iuphar.ligand:8851,17-OCTADECYNOIC ACID,,,,False,,,
D04631,chembl:CHEMBL201325,CHEMBL:CHEMBL201325,,,,False,,,
D04632,chembl:CHEMBL1314044,HYDRASTININE,,,,False,,,
D04633,chembl:CHEMBL222993,CHEMBL:CHEMBL222993,,,,False,,,
D04634,iuphar.ligand:5180,ESCULETIN,,,,False,,,
D04635,chembl:CHEMBL1479195,CHEMBL:CHEMBL1479195,,,,False,,,
D04636,chembl:CHEMBL51628,UMBELLIFERONE,,,,False,,,
D04637,rxcui:1808,BUMETANIDE,Antihypertensive Agents,,,True,,,
D04638,chembl:CHEMBL294878,CHEMBL:CHEMBL294878,,,,False,,,
D04639,chembl:CHEMBL1507526,CHEMBL:CHEMBL1507526,,,,False,,,
D04640,chembl:CHEMBL491550,CHEMBL:CHEMBL491550,,,,False,,,
D04641,chembl:CHEMBL494081,CHEMBL:CHEMBL494081,,,,False,,,
D04642,drugbank:DB17024,CHELERYTHRINE,,,,False,,,
D04643,chembl:CHEMBL1452868,SPHONDIN,,,,False,,,
D04644,rxcui:84108,ROSIGLITAZONE,Hypoglycemic Agents,,,True,,,
D04645,chembl:CHEMBL509256,GERALDOL,,,,False,,,
D04646,iuphar.ligand:4145,BENZAMIL,,,,False,,,
D04647,iuphar.ligand:12479,BAY-805,,inhibitor,,False,,,
D04648,chembl:CHEMBL291481,HEXAMETHYLENEBISACETAMIDE,,,,False,,,
D04649,rxcui:10231,SULFURIC ACID,,,,True,,,
D04650,ncit:C1517,STALLIMYCIN,,,,False,,,
D04651,ncit:C2386,GP100 ANTIGEN,,,,False,,,
D04652,ncit:C28724,MART-1 ANTIGEN,,,,False,,,
D04653,ncit:C582,DNA INTERCALATING AGENT,,,,False,,,
D04654,chembl:CHEMBL443462,DEMETHYLENCECALIN,,,,False,,,
D04655,chembl:CHEMBL267475,FPL-55712,,,,False,,,
D04656,chembl:CHEMBL222808,CHEMBL:CHEMBL222808,,,,False,,,
D04657,ncit:C81529,DALCETRAPIB,,inhibitor,,False,,,
D04658,chembl:CHEMBL1474177,SUPROFEN METHYL ESTER,,,,False,,,
D04659,chembl:CHEMBL311389,7-CHLOROKYNURENIC ACID,,,,False,,,
D04660,chembl:CHEMBL8747,REV-5901,,,,False,,,
D04661,ncit:C81118,SOFALCONE,,,,False,,,
D04662,ncit:C66686,ZARDAVERINE,,,,False,,,
D04663,rxcui:22293,DANTHRON,,,,True,,,
D04664,iuphar.ligand:11729,MK-8262,,inhibitor,,False,,,
D04665,iuphar.ligand:5451,N-ACETYLSEROTONIN,,,,False,,,
D04666,ncit:C66036,LORECLEZOLE,,,,False,,,
D04667,chembl:CHEMBL228281,NORSTICTIC ACID,,,,False,,,
D04668,chembl:CHEMBL529138,CHEMBL:CHEMBL529138,,,,False,,,
D04669,chembl:CHEMBL1591258,"3,4-DIMETHOXYDALBERGIONE",,,,False,,,
D04670,chembl:CHEMBL607309,CHEMBL:CHEMBL607309,,,,False,,,
D04671,rxcui:2643210,AMENTOFLAVONE,,,,False,,,
D04672,rxcui:235828,MECYSTEINE HYDROCHLORIDE,,,,False,,,
D04673,ncit:C26666,TARENFLURBIL,,,,False,,,
D04674,chembl:CHEMBL1256832,DIHYDREXIDINE HYDROCHLORIDE,,,,False,,,
D04675,chembl:CHEMBL1415085,PEUCENIN,,,,False,,,
D04676,rxcui:42935,TOLMETIN SODIUM,,,,True,,,
D04677,ncit:C166804,EVACETRAPIB,,inhibitor,,False,,,
D04678,rxcui:7440,NITRAZEPAM,Anticonvulsants,,,False,,,
D04679,chembl:CHEMBL105310,"2',4'-DIHYDROXYCHALCONE",,,,False,,,
D04680,iuphar.ligand:408,FLAVANONE,,,,False,,,
D04681,rxcui:23350,DIOXYBENZONE,,,,False,,,
D04682,chembl:CHEMBL261123,CHEMBL:CHEMBL261123,,,,False,,,
D04683,ncit:C75251,ANACETRAPIB,Small molecule,inhibitor,,False,,,
D04684,chembl:CHEMBL531709,CHEMBL:CHEMBL531709,,,,False,,,
D04685,chembl:CHEMBL1328088,LEOIDIN,,,,False,,,
D04686,iuphar.ligand:10721,DRL-17822,,inhibitor,,False,,,
D04687,chembl:CHEMBL50300,FOSFONET,,,,False,,,
D04688,chembl:CHEMBL155265,DNQX,,,,False,,,
D04689,chembl:CHEMBL1485420,CHEMBL:CHEMBL1485420,,,,False,,,
D04690,drugbank:DB01931,"5,7-DICHLOROKYNURENIC ACID",,,,False,,,
D04691,chembl:CHEMBL1368535,CHEMBL:CHEMBL1368535,,,,False,,,
D04692,chembl:CHEMBL539507,CLORGYLINE HYDROCHLORIDE,,,,False,,,
D04693,chembl:CHEMBL1256191,CHEMBL:CHEMBL1256191,,,,False,,,
D04694,drugbank:DB11448,PHOSMET,,,,False,,,
D04695,rxcui:57330,TRANILAST,,,,False,,,
D04696,ncit:C175167,OBICETRAPIB,,inhibitor,,False,,,
D04697,ncit:C76978,SULFANITRAN,,,,False,,,
D04698,chembl:CHEMBL1388908,CHEMBL:CHEMBL1388908,,,,False,,,
D04699,chembl:CHEMBL104560,CHLORPROPHAM,,,,False,,,
D04700,chembl:CHEMBL1451434,"2',BETA-DIHYDROXYCHALCONE",,,,False,,,
D04701,chembl:CHEMBL502257,CHEMBL:CHEMBL502257,,,,False,,,
D04702,iuphar.ligand:11900,5-HYDROXYINDOLEACETIC ACID,,,,False,,,
D04703,rxcui:21290,CLOROPHENE,,,,False,,,
D04704,chembl:CHEMBL277148,CHEMBL:CHEMBL277148,,,,False,,,
D04705,chembl:CHEMBL150372,3-HYDROXYCOUMARIN,,,,False,,,
D04706,chembl:CHEMBL1313005,PHENAMIPHOS,,,,False,,,
D04707,chembl:CHEMBL585269,CHEMBL:CHEMBL585269,,,,False,,,
D04708,ncit:C2036,KETANSERIN TARTRATE,,,,False,,,
D04709,rxcui:38377,TOLFENAMIC ACID,,,,False,,,
D04710,chembl:CHEMBL1160008,IODOPHTHALEIN,,,,False,,,
D04711,rxcui:1536070,FLAVONE,,,,True,,,
D04712,rxcui:3129,DIETHYLTOLUAMIDE,,,,False,,,
D04713,chembl:CHEMBL109095,TRICLOFENOL,,,,False,,,
D04714,iuphar.ligand:9978,ONC201,,modulator,,False,,,
D04715,iuphar.ligand:13172,COMPOUND 16Z [PMID: 35609303],,activator,,False,,,
D04716,ncit:C2731,RHODACYANINE ANALOG MKT-077,,,,False,,,
D04717,chembl:CHEMBL2108401,ENLIMOMAB PEGOL,,inhibitor,,False,,,
D04718,rxcui:5463,HYALURONIC ACID,glycosaminoglycan,,,True,,,
D04719,ncit:C188612,ENLIMOMAB,,inhibitor,,False,,,
D04720,chembl:CHEMBL2109482,BI-505,antibody,inhibitor,,False,,,
D04721,rxcui:1801820,LIFITEGRAST,small molecule,,,True,,,
D04722,ncit:C169771,ALICAFORSEN,antisense oligo,,,False,,,
D04723,ncit:C1203,RECOMBINANT PROTHYMOSIN ALPHA,,,,False,,,
D04724,ncit:C1052,CL 246738,,,,False,,,
D04725,ncit:C95794,RONTALIZUMAB,,inhibitor,,False,,,
D04726,ncit:C990,CORYNEBACTERIUM GRANULOSUM P40,,,,False,,,
D04727,ncit:C95061,SIFALIMUMAB,monoclonal antibody,inhibitor,,False,,,
D04728,ncit:C188538,FARALIMOMAB,,binder,,False,,,
D04729,rxcui:59943,IMIQUIMOD,Small Molecule,,,True,,,
D04730,rxcui:1825,BUSERELIN,,,,True,,,
D04731,chembl:CHEMBL408687,SANDOSTATIN,,,,False,,,
D04732,ncit:C106118,XENTUZUMAB,,inhibitor,,False,,,
D04733,ncit:C82683,DUSIGITUMAB,,inhibitor,,False,,,
D04734,rxcui:2632852,TROFINETIDE,small molecule,,,True,,,
D04735,chembl:CHEMBL4297850,XENTUZUMAB,,,,False,,,
D04736,iuphar.ligand:11759,GALEGENIMAB,,antibody,,False,,,
D04737,drugbank:DB06323,AZX-100,,,,False,,,
D04738,drugbank:DB11848,MANNOSE 6-PHOSPHATE,,,,False,,,
D04739,rxcui:142153,ALBUTEROL SULFATE,Small Molecule,,,True,,,
D04740,rxcui:24698,FLUDARABINE,Antineoplastic Agents,,,True,,,
D04741,ncit:C71531,GANITUMAB,Therapeutic Antibodies,,,False,,,
D04742,drugbank:DB08577,3-[(3-(2-CARBOXYETHYL)-4-METHYLPYRROL-2-YL)METHYLENE]-2-INDOLINONE,,,,False,,,
D04743,ncit:C584,RECOMBINANT INTERFERON,,,,False,,,
D04744,ncit:C70982,LINSITINIB,IGF1R Inhibitor,,,False,,,
D04745,rxcui:25389,FUMARIC ACID,,,,True,,,
D04746,ncit:C585,RECOMBINANT INTERLEUKIN-1-BETA,,,,False,,,
D04747,rxcui:2104604,EMAPALUMAB,,inhibitor,,True,,,
D04748,ncit:C87765,FONTOLIZUMAB,monoclonal antibody,inhibitor,,False,,,
D04749,ncit:C978,DOXIFLURIDINE,,,,False,,,
D04750,ncit:C28681,THERAPEUTIC AUTOLOGOUS LYMPHOCYTES,,,,False,,,
D04751,chembl:CHEMBL2109450,AMG-811,,inhibitor,,False,,,
D04752,rxcui:5880,INTERFERON ALFA-2B,Antineoplastic Agents,,,True,,,
D04753,chembl:CHEMBL530280,CHEMBL:CHEMBL530280,,,,False,,,
D04754,ncit:C911,TUBERCIDIN,,,,False,,,
D04755,chembl:CHEMBL482050,CHEMBL:CHEMBL482050,,,,False,,,
D04756,chembl:CHEMBL600353,CHEMBL:CHEMBL600353,,,,False,,,
D04757,chembl:CHEMBL1257013,CHEMBL:CHEMBL1257013,,,,False,,,
D04758,rxcui:203199,PROTRIPTYLINE HYDROCHLORIDE,,,,True,,,
D04759,chembl:CHEMBL583558,CHEMBL:CHEMBL583558,,,,False,,,
D04760,chembl:CHEMBL1437888,CHEMBL:CHEMBL1437888,,,,False,,,
D04761,chembl:CHEMBL1490332,CHEMBL:CHEMBL1490332,,,,False,,,
D04762,chembl:CHEMBL578294,CHEMBL:CHEMBL578294,,,,False,,,
D04763,chembl:CHEMBL191611,CHEMBL:CHEMBL191611,,,,False,,,
D04764,chembl:CHEMBL596633,CHEMBL:CHEMBL596633,,,,False,,,
D04765,chembl:CHEMBL1889303,CHEMBL:CHEMBL1889303,,,,False,,,
D04766,ncit:C146807,ELIMUSERTIB,,,,False,,,
D04767,chembl:CHEMBL580918,CHEMBL:CHEMBL580918,,,,False,,,
D04768,chembl:CHEMBL591178,CHEMBL:CHEMBL591178,,,,False,,,
D04769,chembl:CHEMBL276139,"2,4-DIACETYLPHLOROGLUCINOL",,,,False,,,
D04770,chembl:CHEMBL580609,CHEMBL:CHEMBL580609,,,,False,,,
D04771,chembl:CHEMBL268584,CHEMBL:CHEMBL268584,,,,False,,,
D04772,rxcui:2623641,OLUTASIDENIB,,inhibitor,,True,,,
D04773,drugbank:DB12515,9-AMINOCAMPTOTHECIN,,,,False,,,
D04774,rxcui:2049873,IVOSIDENIB,IDH1 inhibitor,inhibitor,,True,,,
D04775,rxcui:236186,TENONITROZOLE,,,,False,,,
D04776,chembl:CHEMBL456881,DEOXYVASICINONE,,,,False,,,
D04777,rxcui:1940331,ENASIDENIB MESYLATE,,,,True,,,
D04778,chembl:CHEMBL1255944,CHEMBL:CHEMBL1255944,,,,False,,,
D04779,chembl:CHEMBL600773,CHEMBL:CHEMBL600773,,,,False,,,
D04780,rxcui:91125,TRIFLUPROMAZINE HYDROCHLORIDE,,,,True,,,
D04781,ncit:C342,CARBOQUONE,,,,False,,,
D04782,iuphar.ligand:12340,LY3410738,,,,False,,,
D04783,chembl:CHEMBL578719,CHEMBL:CHEMBL578719,,,,False,,,
D04784,chembl:CHEMBL1520837,CHEMBL:CHEMBL1520837,,,,False,,,
D04785,chembl:CHEMBL411066,KINETIN RIBOSIDE,,,,False,,,
D04786,iuphar.ligand:9240,AGI-5198,,,,False,,,
D04787,chembl:CHEMBL1459149,CHEMBL:CHEMBL1459149,,,,False,,,
D04788,chembl:CHEMBL538542,CHEMBL:CHEMBL538542,,,,False,,,
D04789,chembl:CHEMBL530682,CHEMBL:CHEMBL530682,,,,False,,,
D04790,chembl:CHEMBL1256737,METHIOTHEPIN MESYLATE,,,,False,,,
D04791,chembl:CHEMBL4650282,DS-1001B,,inhibitor,,False,,,
D04792,chembl:CHEMBL609438,CHEMBL:CHEMBL609438,,,,False,,,
D04793,chembl:CHEMBL581194,CHEMBL:CHEMBL581194,,,,False,,,
D04794,rxcui:339270,TEGASEROD MALEATE,,,,True,,,
D04795,rxcui:2690647,VORASIDENIB,,inhibitor,,True,,,
D04796,rxcui:91130,TRIFLUOPERAZINE HYDROCHLORIDE,,,,True,,,
D04797,ncit:C148134,SAFUSIDENIB,,,,False,,,
D04798,chembl:CHEMBL598270,CHEMBL:CHEMBL598270,,,,False,,,
D04799,chembl:CHEMBL1256661,PROPIONYLPROMAZINE HYDROCHLORIDE,,,,False,,,
D04800,chembl:CHEMBL487356,CHEMBL:CHEMBL487356,,,,False,,,
D04801,chembl:CHEMBL494668,CHEMBL:CHEMBL494668,,,,False,,,
D04802,drugbank:DB07348,BREFELDIN A,,,,False,,,
D04803,chembl:CHEMBL4167360,IDH305,,inhibitor,,False,,,
D04804,chembl:CHEMBL547101,CHEMBL:CHEMBL547101,,,,False,,,
D04805,chembl:CHEMBL532909,CHEMBL:CHEMBL532909,,,,False,,,
D04806,chembl:CHEMBL526952,CHEMBL:CHEMBL526952,,,,False,,,
D04807,rxcui:258230,METHIXENE HYDROCHLORIDE,,,,True,,,
D04808,chembl:CHEMBL77552,CENTAUREIDIN,,,,False,,,
D04809,chembl:CHEMBL121556,CHEMBL:CHEMBL121556,,,,False,,,
D04810,chembl:CHEMBL576208,CHEMBL:CHEMBL576208,,,,False,,,
D04811,ncit:C162573,LUXEPTINIB,,,,False,,,
D04812,rxcui:2592960,CHALCONE,,,,False,,,
D04813,chembl:CHEMBL486504,N-ACETYLCOLCHINOL,,,,False,,,
D04814,chembl:CHEMBL597251,CHEMBL:CHEMBL597251,,,,False,,,
D04815,chembl:CHEMBL1327172,CHEMBL:CHEMBL1327172,,,,False,,,
D04816,chembl:CHEMBL602718,CHEMBL:CHEMBL602718,,,,False,,,
D04817,chembl:CHEMBL464658,GITOXIGENIN,,,,False,,,
D04818,chembl:CHEMBL1451921,CHEMBL:CHEMBL1451921,,,,False,,,
D04819,chembl:CHEMBL548458,CHEMBL:CHEMBL548458,,,,False,,,
D04820,chembl:CHEMBL530609,CHEMBL:CHEMBL530609,,,,False,,,
D04821,chembl:CHEMBL405317,CHEMBL:CHEMBL405317,,,,False,,,
D04822,chembl:CHEMBL109317,GITOXIN,,,,False,,,
D04823,chembl:CHEMBL582055,CHEMBL:CHEMBL582055,,,,False,,,
D04824,chembl:CHEMBL598679,CHEMBL:CHEMBL598679,,,,False,,,
D04825,chembl:CHEMBL1489769,LASALOCID A SODIUM,,,,False,,,
D04826,chembl:CHEMBL176045,FANCHININ,,,,False,,,
D04827,chembl:CHEMBL602126,CHEMBL:CHEMBL602126,,,,False,,,
D04828,chembl:CHEMBL375781,NEOCUPROINE,,,,False,,,
D04829,chembl:CHEMBL394883,CHEMBL:CHEMBL394883,,,,False,,,
D04830,chembl:CHEMBL582030,CHEMBL:CHEMBL582030,,,,False,,,
D04831,iuphar.ligand:6287,ISOVELLERAL,,,,False,,,
D04832,chembl:CHEMBL515617,CHEMBL:CHEMBL515617,,,,False,,,
D04833,chembl:CHEMBL598903,CHEMBL:CHEMBL598903,,,,False,,,
D04834,drugbank:DB04177,DIGITOXIGENIN,,,,False,,,
D04835,chembl:CHEMBL408980,ANISOCOUMARIN H,,,,False,,,
D04836,chembl:CHEMBL1256708,APOMORPHINE HYDROCHLORIDE HEMIHYDRATE,,,,False,,,
D04837,rxcui:30202,MOFEBUTAZONE,,,,False,,,
D04838,ncit:C95312,ANISOMYCIN,,,,False,,,
D04839,chembl:CHEMBL601351,CHEMBL:CHEMBL601351,,,,False,,,
D04840,chembl:CHEMBL601400,CHEMBL:CHEMBL601400,,,,False,,,
D04841,chembl:CHEMBL596631,CHEMBL:CHEMBL596631,,,,False,,,
D04842,rxcui:4325,FENBENDAZOLE,,,,True,,,
D04843,chembl:CHEMBL514057,GERONTOXANTHONE H,,,,False,,,
D04844,ncit:C96285,MEVASTATIN,,,,False,,,
D04845,chembl:CHEMBL548017,CHEMBL:CHEMBL548017,,,,False,,,
D04846,rxcui:9066,QUINESTROL,Hormone Replacement Agents,,,True,,,
D04847,chembl:CHEMBL1312050,CHEMBL:CHEMBL1312050,,,,False,,,
D04848,chembl:CHEMBL84010,CHEMBL:CHEMBL84010,,,,False,,,
D04849,chembl:CHEMBL604321,CHEMBL:CHEMBL604321,,,,False,,,
D04850,chembl:CHEMBL581152,CHEMBL:CHEMBL581152,,,,False,,,
D04851,ncit:C80807,AMCINAFIDE,,,,False,,,
D04852,chembl:CHEMBL1420457,CHEMBL:CHEMBL1420457,,,,False,,,
D04853,rxcui:160372,LEVOMEPROMAZINE MALEATE,,,,False,,,
D04854,chembl:CHEMBL588038,CHEMBL:CHEMBL588038,,,,False,,,
D04855,chembl:CHEMBL587564,CHEMBL:CHEMBL587564,,,,False,,,
D04856,chembl:CHEMBL453207,LYNGBYABELLIN A,,,,False,,,
D04857,chembl:CHEMBL1343568,CHEMBL:CHEMBL1343568,,,,False,,,
D04858,chembl:CHEMBL530049,CHEMBL:CHEMBL530049,,,,False,,,
D04859,chembl:CHEMBL1362503,CHEMBL:CHEMBL1362503,,,,False,,,
D04860,chembl:CHEMBL426,CHEMBL:CHEMBL426,,,,False,,,
D04861,rxcui:11199,VINBLASTINE SULFATE,,,,True,,,
D04862,rxcui:1940332,ENASIDENIB,IDH2 inhibitor,,,True,,,
D04863,chembl:CHEMBL584269,CHEMBL:CHEMBL584269,,,,False,,,
D04864,ncit:C120553,PAMIPARIB,,,,False,,,
D04865,chembl:CHEMBL4206033,BAY1436032,,inhibitor,,False,,,
D04866,chembl:CHEMBL590919,CHEMBL:CHEMBL590919,,,,False,,,
D04867,chembl:CHEMBL582675,CHEMBL:CHEMBL582675,,,,False,,,
D04868,chembl:CHEMBL589694,CHEMBL:CHEMBL589694,,,,False,,,
D04869,chembl:CHEMBL600173,CHEMBL:CHEMBL600173,,,,False,,,
D04870,chembl:CHEMBL587579,CHEMBL:CHEMBL587579,,,,False,,,
D04871,chembl:CHEMBL1256742,PREGNENOLONE SULFATE SODIUM,,,,False,,,
D04872,chembl:CHEMBL22062,CHEMBL:CHEMBL22062,,,,False,,,
D04873,chembl:CHEMBL221190,DIPHYLLIN,,,,False,,,
D04874,chembl:CHEMBL579957,CHEMBL:CHEMBL579957,,,,False,,,
D04875,rxcui:27929,LANATOSIDE C,,,,True,,,
D04876,chembl:CHEMBL448114,DOLASTATIN 12,,,,False,,,
D04877,chembl:CHEMBL388979,CHEMBL:CHEMBL388979,,,,False,,,
D04878,rxcui:2688460,CUCURBITACIN B,,,,True,,,
D04879,chembl:CHEMBL599102,CHEMBL:CHEMBL599102,,,,False,,,
D04880,ncit:C975,AFIMOXIFENE,,,,False,,,
D04881,chembl:CHEMBL1317506,CHEMBL:CHEMBL1317506,,,,False,,,
D04882,rxcui:203213,EPIRUBICIN HYDROCHLORIDE,,,,True,,,
D04883,chembl:CHEMBL469036,ENNIATIN B,,,,False,,,
D04884,ncit:C116355,BERZOSERTIB,,,,False,,,
D04885,chembl:CHEMBL95704,CHEMBL:CHEMBL95704,,,,False,,,
D04886,chembl:CHEMBL532160,CHEMBL:CHEMBL532160,,,,False,,,
D04887,ncit:C61745,ENCLOMIPHENE CITRATE,,,,False,,,
D04888,chembl:CHEMBL606532,CHEMBL:CHEMBL606532,,,,False,,,
D04889,rxcui:27901,ISOCONAZOLE,,,,False,,,
D04890,chembl:CHEMBL535307,CHEMBL:CHEMBL535307,,,,False,,,
D04891,chembl:CHEMBL546493,CHEMBL:CHEMBL546493,,,,False,,,
D04892,chembl:CHEMBL609027,CHEMBL:CHEMBL609027,,,,False,,,
D04893,chembl:CHEMBL1200751,MERCAPTOPURINE,,,,False,,,
D04894,chembl:CHEMBL1939691,CHEMBL:CHEMBL1939691,,,,False,,,
D04895,rxcui:20791,CHLORHEXIDINE GLUCONATE,,,,True,,,
D04896,rxcui:33169,PERHEXILINE MALEATE,,,,True,,,
D04897,chembl:CHEMBL268089,WR-159412,,,,False,,,
D04898,chembl:CHEMBL353764,CHEMBL:CHEMBL353764,,,,False,,,
D04899,chembl:CHEMBL593211,CHEMBL:CHEMBL593211,,,,False,,,
D04900,rxcui:82130,MEFLOQUINE HYDROCHLORIDE,,,,True,,,
D04901,chembl:CHEMBL578929,CHEMBL:CHEMBL578929,,,,False,,,
D04902,chembl:CHEMBL1256971,METAPHIT METHANESULFONATE,,,,False,,,
D04903,chembl:CHEMBL1873045,CHEMBL:CHEMBL1873045,,,,False,,,
D04904,chembl:CHEMBL1256655,AMSACRINE HYDROCHLORIDE,,,,False,,,
D04905,chembl:CHEMBL525106,CHEMBL:CHEMBL525106,,,,False,,,
D04906,chembl:CHEMBL486196,ANGUSTIBALIN,,,,False,,,
D04907,chembl:CHEMBL1256995,CHEMBL:CHEMBL1256995,,,,False,,,
D04908,rxcui:7762,OUABAIN,small molecule,,,False,,,
D04909,chembl:CHEMBL579742,CHEMBL:CHEMBL579742,,,,False,,,
D04910,chembl:CHEMBL1329349,CHEMBL:CHEMBL1329349,,,,False,,,
D04911,iuphar.ligand:730,CP55940,,,,False,,,
D04912,chembl:CHEMBL1453126,CHEMBL:CHEMBL1453126,,,,False,,,
D04913,chembl:CHEMBL1537417,CHEMBL:CHEMBL1537417,,,,False,,,
D04914,chembl:CHEMBL581257,CHEMBL:CHEMBL581257,,,,False,,,
D04915,chembl:CHEMBL528119,CHEMBL:CHEMBL528119,,,,False,,,
D04916,chembl:CHEMBL578502,CHEMBL:CHEMBL578502,,,,False,,,
D04917,ncit:C81040,CYCLOVALONE,,,,False,,,
D04918,chembl:CHEMBL74644,CHEMBL:CHEMBL74644,,,,False,,,
D04919,rxcui:164308,TRIMEPRAZINE TARTRATE,,,,True,,,
D04920,chembl:CHEMBL1565444,CHEMBL:CHEMBL1565444,,,,False,,,
D04921,chembl:CHEMBL527584,CHEMBL:CHEMBL527584,,,,False,,,
D04922,chembl:CHEMBL580183,CHEMBL:CHEMBL580183,,,,False,,,
D04923,chembl:CHEMBL602209,CHEMBL:CHEMBL602209,,,,False,,,
D04924,chembl:CHEMBL579640,CHEMBL:CHEMBL579640,,,,False,,,
D04925,ncit:C152485,SYROSINGOPINE,,,,False,,,
D04926,chembl:CHEMBL598263,CHEMBL:CHEMBL598263,,,,False,,,
D04927,chembl:CHEMBL1503729,CHEMBL:CHEMBL1503729,,,,False,,,
D04928,chembl:CHEMBL1431017,CHEMBL:CHEMBL1431017,,,,False,,,
D04929,rxcui:10638,TOLONIUM CHLORIDE,,,,False,,,
D04930,chembl:CHEMBL591834,CHEMBL:CHEMBL591834,,,,False,,,
D04931,chembl:CHEMBL536166,CHEMBL:CHEMBL536166,,,,False,,,
D04932,chembl:CHEMBL584458,CHEMBL:CHEMBL584458,,,,False,,,
D04933,chembl:CHEMBL1256667,CHEMBL:CHEMBL1256667,,,,False,,,
D04934,ncit:C77259,AMPEROZIDE HYDROCHLORIDE,,,,False,,,
D04935,ncit:C80010,THIOPROPERAZINE MESYLATE,,,,False,,,
D04936,chembl:CHEMBL333442,LESCOL,,,,False,,,
D04937,chembl:CHEMBL192626,CHEMBL:CHEMBL192626,,,,False,,,
D04938,ncit:C83611,CEPHARANTHINE,,,,False,,,
D04939,chembl:CHEMBL589238,CHEMBL:CHEMBL589238,,,,False,,,
D04940,chembl:CHEMBL1257031,CHEMBL:CHEMBL1257031,,,,False,,,
D04941,ncit:C151929,CINOBUFOTALIN,,,,False,,,
D04942,chembl:CHEMBL600734,CHEMBL:CHEMBL600734,,,,False,,,
D04943,chembl:CHEMBL528647,CHEMBL:CHEMBL528647,,,,False,,,
D04944,ncit:C80864,SANGUINARIUM CHLORIDE,,,,False,,,
D04945,rxcui:2174385,COLCHICEINE,,,,True,,,
D04946,chembl:CHEMBL592316,CHEMBL:CHEMBL592316,,,,False,,,
D04947,chembl:CHEMBL598883,CHEMBL:CHEMBL598883,,,,False,,,
D04948,iuphar.ligand:2453,DIHYDROSPHINGOSINE,,,,False,,,
D04949,chembl:CHEMBL486706,CHEMBL:CHEMBL486706,,,,False,,,
D04950,chembl:CHEMBL536008,CHEMBL:CHEMBL536008,,,,False,,,
D04951,chembl:CHEMBL590168,CHEMBL:CHEMBL590168,,,,False,,,
D04952,chembl:CHEMBL537045,CHEMBL:CHEMBL537045,,,,False,,,
D04953,chembl:CHEMBL533602,CHEMBL:CHEMBL533602,,,,False,,,
D04954,chembl:CHEMBL283078,THIOGUANOSINE,,,,False,,,
D04955,chembl:CHEMBL1529479,CHEMBL:CHEMBL1529479,,,,False,,,
D04956,ncit:C844,STREPTONIGRIN,,,,False,,,
D04957,chembl:CHEMBL1606,CHEMBL:CHEMBL1606,,,,False,,,
D04958,chembl:CHEMBL1834675,SPHAEROPSIDIN A,,,,False,,,
D04959,chembl:CHEMBL579318,CHEMBL:CHEMBL579318,,,,False,,,
D04960,chembl:CHEMBL472437,KAMEBANIN,,,,False,,,
D04961,chembl:CHEMBL530361,CHEMBL:CHEMBL530361,,,,False,,,
D04962,chembl:CHEMBL338474,HELENALIN,,,,False,,,
D04963,drugbank:DB13756,PERUVOSIDE,,,,False,,,
D04964,chembl:CHEMBL610622,CHEMBL:CHEMBL610622,,,,False,,,
D04965,chembl:CHEMBL583584,CHEMBL:CHEMBL583584,,,,False,,,
D04966,ncit:C175602,RANOSIDENIB,,,,False,,,
D04967,chembl:CHEMBL1530911,CHEMBL:CHEMBL1530911,,,,False,,,
D04968,chembl:CHEMBL1588679,CHEMBL:CHEMBL1588679,,,,False,,,
D04969,rxcui:203130,NORTRIPTYLINE HYDROCHLORIDE,,,,True,,,
D04970,rxcui:3403,DIGITOXIN,small molecule,,,True,,,
D04971,chembl:CHEMBL528791,CHEMBL:CHEMBL528791,,,,False,,,
D04972,chembl:CHEMBL448515,"2,6-DIMETHOXYQUINONE",,,,False,,,
D04973,iuphar.ligand:7014,BIX-01294,,,,False,,,
D04974,chembl:CHEMBL106562,"2-METHOXY-1,4-NAPHTHOQUINONE",,,,False,,,
D04975,chembl:CHEMBL111743,STROPHANTHIDIN,,,,False,,,
D04976,drugbank:DB03671,DIGOXIGENIN,,,,False,,,
D04977,rxcui:104728,CHLORPROMAZINE HYDROCHLORIDE,,,,True,,,
D04978,ncit:C66598,THIETHYLPERAZINE MALATE,,,,True,,,
D04979,ncit:C152873,VIDOFLUDIMUS,small molecule,,,False,,,
D04980,rxcui:1923319,SARILUMAB,,antibody; inhibitor,,True,,,
D04981,rxcui:2391541,SATRALIZUMAB,,inhibitor,,True,,,
D04982,ncit:C173804,LEVILIMAB,,inhibitor,,False,,,
D04983,iuphar.ligand:8363,VOBARILIZUMAB,,,,False,,,
D04984,iuphar.ligand:4998,IL-6,,agonist,,False,,,
D04985,ncit:C152901,VOBARILIZUMAB,,inhibitor,,False,,,
D04986,rxcui:1441386,BAZEDOXIFENE,Small molecule,,,True,,,
D04987,ncit:C152371,SIRUKUMAB,antibody,,,False,,,
D04988,ncit:C171844,ZILTIVEKIMAB,,binder,,False,,,
D04989,ncit:C2663,CHINESE HERBS,,,,False,,,
D04990,chembl:CHEMBL2109613,PF-04236921,monoclonal antibody,inhibitor,,False,,,
D04991,chembl:CHEMBL2109615,MRA 003 US,,inhibitor,,False,,,
D04992,ncit:C2189,SIGNAL TRANSDUCTION INHIBITOR,,,,False,,,
D04993,rxcui:1535218,SILTUXIMAB,,inhibitor,,True,,,
D04994,ncit:C82359,CLAZAKIZUMAB,monoclonal antibody,antibody; inhibitor,,False,,,
D04995,rxcui:25544,GALLIUM NITRATE,,,,True,,,
D04996,rxcui:476250,DULOXETINE HYDROCHLORIDE,Antidepressive Agents,,,True,,,
D04997,chembl:CHEMBL2109614,MEDI-5117,,inhibitor,,False,,,
D04998,ncit:C1807,BIAFINE CREAM,,,,False,,,
D04999,ncit:C188564,ELSILIMOMAB,,inhibitor,,False,,,
D05000,ncit:C172654,OLOKIZUMAB,monoclonal antibody,inhibitor,,False,,,
D05001,ncit:C1655,HMG-COA REDUCTASE INHIBITOR,,,,False,,,
D05002,rxcui:228041,ECHINACEA PREPARATION,,,,True,,,
D05003,ncit:C471,ENZYME INHIBITOR,,,,False,,,
D05004,rxcui:35406,VITAMIN A PALMITATE,,,,True,,,
D05005,drugbank:DB05017,YSIL6,,,,False,,,
D05006,iuphar.ligand:9195,CLAZAKIZUMAB,,,,False,,,
D05007,ncit:C1821,SELECTIVE ESTROGEN RECEPTOR MODULATOR,,,,False,,,
D05008,ncit:C2338,IMIPENEM-CILASTATIN SODIUM,,,,False,,,
D05009,iuphar.ligand:11552,ZILTIVEKIMAB,,,,False,,,
D05010,rxcui:281,ACYCLOVIR,,,,True,,,
D05011,ncit:C1516,LISOFYLLINE,Small molecule,,,False,,,
D05012,ncit:C29723,PROTON PUMP INHIBITOR,,,,False,,,
D05013,chembl:CHEMBL2109460,SCH-708980,,inhibitor,,False,,,
D05014,rxcui:2604685,ILODECAKIN,,,,False,,,
D05015,ncit:C113295,PEGILODECAKIN,,,,False,,,
D05016,chembl:CHEMBL2109606,GSK-1070806,,inhibitor,,False,,,
D05017,ncit:C1680,IBOCTADEKIN,,,,False,,,
D05018,ncit:C152488,TADEKINIG ALFA,,inhibitor,,False,,,
D05019,chembl:CHEMBL2109604,CAMOTESKIMAB,,,,False,,,
D05020,ncit:C38726,SYNTHETIC HUMAN PAPILLOMAVIRUS 16 E6 PEPTIDE,,,,False,,,
D05021,ncit:C179215,CAMOTESKIMAB,,modulator,,False,,,
D05022,iuphar.ligand:8714,DECTREKUMAB,monoclonal antibody,,,False,,,
D05023,rxcui:2589225,TRALOKINUMAB,monoclonal antibody,inhibitor,,True,,,
D05024,chembl:CHEMBL2109465,QAX-576,,inhibitor,,False,,,
D05025,ncit:C174791,ROMILKIMAB,,inhibitor,,False,,,
D05026,ncit:C174792,CENDAKIMAB,,inhibitor,,False,,,
D05027,chembl:CHEMBL4298097,ROMILKIMAB,,,,False,,,
D05028,chembl:CHEMBL2109466,TNX-650,monoclonal antibody,inhibitor,,False,,,
D05029,rxcui:2693758,LEBRIKIZUMAB,,inhibitor,,True,,,
D05030,chembl:CHEMBL2109464,CNTO-5825,,inhibitor,,False,,,
D05031,ncit:C95781,ANRUKINZUMAB,,inhibitor,,False,,,
D05032,ncit:C1545,RECOMBINANT HUMAN INTERLEUKIN-15,,agonist,,False,,,
D05033,ncit:C146636,IL-2/9/15 GAMMA CHAIN RECEPTOR INHIBITOR BNZ-1,,,,False,,,
D05034,iuphar.ligand:9615,ALT-803,,,,False,,,
D05035,iuphar.ligand:4981,IL-15,,agonist,,False,,,
D05036,rxcui:1989100,BENRALIZUMAB,monoclonal antibody,,,True,,,
D05037,rxcui:1746889,RESLIZUMAB,monoclonal antibody,inhibitor,,True,,,
D05038,ncit:C175768,DEPEMOKIMAB,,inhibitor,,False,,,
D05039,rxcui:1311225,INTERLEUKIN-3,,,,False,,,
D05040,rxcui:1720597,MEPOLIZUMAB,monoclonal antibody,inhibitor,,True,,,
D05041,ncit:C88618,PASCOLIZUMAB,,inhibitor,,False,,,
D05042,ncit:C76817,TEPOXALIN,,,,False,,,
D05043,rxcui:75635,EPTIFIBATIDE,Platelet Aggregation Inhibitors,inhibitor,,True,,,
D05044,drugbank:DB05491,ATN-161,,inhibitor,,False,,,
D05045,rxcui:83929,ABCIXIMAB,monoclonal antibody,inhibitor,,True,,,
D05046,chembl:CHEMBL2071606,CYPATE,,,,False,,,
D05047,ncit:C61070,INTETUMUMAB,monoclonal antibody,inhibitor,,False,,,
D05048,ncit:C96223,INTEGRIN RECEPTOR ANTAGONIST GLPG0187,Small molecule,,,False,,,
D05049,ncit:C180665,ZALUNFIBAN,,inhibitor,,False,,,
D05050,ncit:C1834,CILENGITIDE,peptide,inhibitor,,False,,,
D05051,rxcui:253202,TIROFIBAN HYDROCHLORIDE,,inhibitor,,True,,,
D05052,ncit:C82422,ABITUZUMAB,,inhibitor,,False,,,
D05053,rxcui:73137,TIROFIBAN,small molecule,,,True,,,
D05054,ncit:C73227,GANTOFIBAN,Small molecule,,,False,,,
D05055,ncit:C1800,ETARACIZUMAB,,inhibitor,,False,,,
D05056,ncit:C88626,TADOCIZUMAB,,inhibitor,,False,,,
D05057,rxcui:190353,DACLIZUMAB,monoclonal antibody,,,True,,,
D05058,hemonc:59,BCG VACCINE,,,,True,,,
D05059,ncit:C162537,LORUKAFUSP ALFA,,,,False,,,
D05060,rxcui:10591,TICARCILLIN,,,,False,,,
D05061,drugbank:DB14865,HUMAN INTERLEUKIN-2,,,,False,,,
D05062,chembl:CHEMBL540990,AZIRIDINE,,,,False,,,
D05063,chembl:CHEMBL4650517,MESMULOGENE ANCOVACIVEC,,,,False,,,
D05064,ncit:C2122,CELL DIFFERENTIATING AGENT,,,,False,,,
D05065,drugbank:DB17303,LEUVECTIN,,,,False,,,
D05066,chembl:CHEMBL1200598,DIETHYLSTILBESTROL DIPHOSPHATE,,,,True,,,
D05067,ncit:C29069,GARLIC EXTRACT,,,,False,,,
D05068,ncit:C2241,MESMULOGENE ANCOVACIVEC,,vaccine,,False,,,
D05069,ncit:C2703,MISTLETOE EXTRACT,,,,False,,,
D05070,ncit:C898,RECOMBINANT TRANSFORMING GROWTH FACTOR-BETA,,,,False,,,
D05071,rxcui:1545986,IMIPENEM ANHYDROUS,,,,True,,,
D05072,ncit:C2342,RECOMBINANT SOLUBLE HUMAN CD4 PROTEIN,,,,False,,,
D05073,ncit:C91090,CARBOXYAMIDOTRIAZOLE OROTATE,,,,False,,,
D05074,ncit:C152593,THYMOCTONAN,,,,False,,,
D05075,rxcui:20481,CEFEPIME,,,,True,,,
D05076,rxcui:7995,PENTAMIDINE ISETHIONATE,,,,True,,,
D05077,rxcui:267036,METOCLOPRAMIDE HYDROCHLORIDE,Antiemetics,,,True,,,
D05078,ncit:C1120,HALOFUGINONE,Small molecule,,,False,,,
D05079,ncit:C1364,DIDEMNIN B,,,,False,,,
D05080,rxcui:68149,MYCOPHENOLATE MOFETIL,Immunosuppressive Agents,inhibitor,,True,,,
D05081,ncit:C66172,MIZORIBINE,,inhibitor,,False,,,
D05082,chembl:CHEMBL1683024,CHEMBL:CHEMBL1683024,,,,False,,,
D05083,rxcui:237112,MYCOPHENOLATE MOFETIL HYDROCHLORIDE,,inhibitor,,True,,,
D05084,drugbank:DB05500,AVN-944,Small molecule,inhibitor,,False,,,
D05085,rxcui:408142,MYCOPHENOLATE SODIUM,,inhibitor,,True,,,
D05086,rxcui:214470,DENILEUKIN DIFTITOX,fusion protein,binder,,True,,,
D05087,rxcui:29451,MEGESTROL ACETATE,Progestins,,,True,,,
D05088,ncit:C28168,LENTINAN,,,,False,,,
D05089,rxcui:196102,BASILIXIMAB,monoclonal antibody,antibody; inhibitor,,True,,,
D05090,rxcui:6064,ISOTRETINOIN,Keratolytic Agents,,,True,,,
D05091,ncit:C29091,HEPATITIS B VACCINE,,,,False,,,
D05092,ncit:C121949,CAMIDANLUMAB TESIRINE,,binder,,False,,,
D05093,ncit:C2649,DHA-PACLITAXEL,,,,False,,,
D05094,ncit:C2349,MONOCLONAL ANTIBODY R24,,,,False,,,
D05095,chembl:CHEMBL449158,BRYOSTATIN 1,Small molecule,,,False,,,
D05096,ncit:C587,RECOMBINANT INTERLEUKIN-2,protein,,,False,,,
D05097,ncit:C2549,INTERLEUKIN-2 GENE,,,,False,,,
D05098,rxcui:40068,DEXTRAN SULFATE,,,,False,,,
D05099,ncit:C170069,INOLIMOMAB,,inhibitor,,False,,,
D05100,chembl:CHEMBL2109367,LMB-2,,binder,,False,,,
D05101,chembl:CHEMBL1201438,ALDESLEUKIN,protein,,,False,,,
D05102,chembl:CHEMBL2109366,ANTI-TAC 90 Y-HAT,,binder,,False,,,
D05103,ncit:C2700,HUMAN THYMOSIN-FRACTION 5,,,,False,,,
D05104,ncit:C1840,"FARNESYLTRANSFERASE/GERANYLGERANYLTRANSFERASE INHIBITOR L-778,123",,,,False,,,
D05105,ncit:C48426,VOLOCIXIMAB,monoclonal antibody,antibody; inhibitor,,False,,,
D05106,rxcui:354770,NATALIZUMAB,monoclonal antibody,inhibitor,,True,,,
D05107,ncit:C76692,FIRATEGRAST,Small molecule,inhibitor,,False,,,
D05108,chembl:CHEMBL4297822,SAN-300,antibody,,,False,,,
D05109,drugbank:DB05122,R1295,unknown,,,False,,,
D05110,chembl:CHEMBL2109622,PF-04605412,,antibody,,False,,,
D05111,drugbank:DB04997,ATL1102,siRNA,,,False,,,
D05112,rxcui:3455,DIMETHYL SULFOXIDE,,,,True,,,
D05113,iuphar.ligand:4905,M-CSF,,,,False,,,
D05114,ncit:C1150,MAFOSFAMIDE,,,,False,,,
D05115,ncit:C97945,GEVOKIZUMAB,monoclonal antibody,negative modulator,,False,,,
D05116,ncit:C166465,LUTIKIZUMAB,,inhibitor,,False,,,
D05117,drugbank:DB12899,TT-301,,,,False,,,
D05118,rxcui:16818,ACITRETIN,Keratolytic Agents,,,True,,,
D05119,rxcui:4845,GLUCOSAMINE,,,,True,,,
D05120,rxcui:1450910,CEFACLOR ANHYDROUS,,,,True,,,
D05121,rxcui:7994,PENTAMIDINE,,,,True,,,
D05122,rxcui:55685,RISEDRONIC ACID,small molecule,,,True,,,
D05123,ncit:C20972,AUTOANTIGEN,,,,False,,,
D05124,chembl:CHEMBL2109459,CDP-484,,inhibitor,,False,,,
D05125,ncit:C2848,POLYVALENT VACCINE,,,,False,,,
D05126,ncit:C72978,SARAKALIM,,potentiator,,False,,,
D05127,rxcui:10464,THIAMYLAL,small molecule,,,True,,,
D05128,ncit:C79109,CROMAKALIM,,activator,,False,,,
D05129,rxcui:10635,TOLBUTAMIDE,Hypoglycemic Agents,inhibitor,,True,,,
D05130,ncit:C77076,NAMINIDIL,,potentiator,,False,,,
D05131,rxcui:2394936,PRALSETINIB,,inhibitor,,True,,,
D05132,rxcui:2370147,SELPERCATINIB,,inhibitor,,True,,,
D05133,ncit:C71750,AMUVATINIB,Small molecule,inhibitor,,False,,,
D05134,chembl:CHEMBL1201733,PAZOPANIB HYDROCHLORIDE,,,,False,,,
D05135,ncit:C48404,TANDUTINIB,Kinase Inhibitors,inhibitor,,False,,,
D05136,drugbank:DB18087,IDRX-42,,,,False,,,
D05137,chembl:CHEMBL4650283,FF-10101,,,,False,,,
D05138,chembl:CHEMBL2109325,AMG-191,,inhibitor,,False,,,
D05139,ncit:C138997,CATEQUENTINIB,,inhibitor,,False,,,
D05140,rxcui:2183103,PEXIDARTINIB HYDROCHLORIDE,,inhibitor,,True,,,
D05141,iuphar.ligand:12703,AZD3229,,,,False,,,
D05142,rxcui:805452,ROMIPLOSTIM,hematopoiesis stimulating agent,,,True,,,
D05143,rxcui:1145944,TOCERANIB PHOSPHATE,,inhibitor,,True,,,
D05144,chembl:CHEMBL3545427,CM-082,,inhibitor,,False,,,
D05145,hemonc:38662,FLUMATINIB,,,,False,,,
D05146,rxcui:2272107,AVAPRITINIB,,inhibitor,,True,,,
D05147,ncit:C121647,BEZUCLASTINIB,,,,False,,,
D05148,drugbank:DB06134,SNS-314,small molecule,,,False,,,
D05149,ncit:C48374,MOTESANIB DIPHOSPHATE,,,,False,,,
D05150,drugbank:DB16750,THE-630,,,,False,,,
D05151,ncit:C80997,NERISPIRDINE,,blocker,,False,,,
D05152,ncit:C72585,TEDISAMIL,,blocker,,False,,,
D05153,rxcui:2106337,AMIFAMPRIDINE PHOSPHATE,,blocker,,True,,,
D05154,rxcui:50676,GUANIDINE HYDROCHLORIDE,,blocker,,True,,,
D05155,iuphar.ligand:11919,INSL5-A13NR,,inhibitor,,False,,,
D05156,rxcui:4089,ESTRAMUSTINE,,,,True,,,
D05157,iuphar.ligand:11906,COMPOUND 10D [PMID: 34855388],,agonist,,False,,,
D05158,rxcui:301739,ABARELIX,Antineoplastic Agents,,,True,,,
D05159,chembl:CHEMBL2364656,TOPSALYSIN,fusion protein,,,False,,,
D05160,iuphar.ligand:11460,COMPOUND 4 [PMID: 30824200],,agonist,,False,,,
D05161,iuphar.ligand:12505,DC591053,,agonist,,False,,,
D05162,iuphar.ligand:3789,[125I]RELAXIN-3-B/INSL5 A CHIMERA,,agonist,,False,,,
D05163,ncit:C1562,RHENIUM RE 186 ETIDRONATE,,,,False,,,
D05164,iuphar.ligand:4374,EUROPIUM-LABELLED RELAXIN-3-B/INSL5 A CHIMERA,,agonist,,False,,,
D05165,iuphar.ligand:6522,EUROPIUM-LABELLED MOUSE INSL5,,agonist,,False,,,
D05166,iuphar.ligand:12504,HINSL5: A8-21 (T15K),,agonist,,False,,,
D05167,iuphar.ligand:8336,MINIMISED RELAXIN-3 ANALOGUE 2,,agonist,,False,,,
D05168,iuphar.ligand:1997,RELAXIN-3 (B CHAIN),,agonist,,False,,,
D05169,iuphar.ligand:11907,WNN0109-C011,,agonist,,False,,,
D05170,ncit:C1828,CHRYSANTHEMUM MORIFOLIUM/GANODERMA LUCIDUM/GLYCYRRHIZA GLABRA/ISATIS INDIGOTICA/PANAX PSEUDOGINSENG/RABDOSIA RUBESCENS/SCUTELLARIA BAICALENSIS/SERONA REPENS SUPPLEMENT,,,,False,,,
D05171,iuphar.ligand:8486,COMPOUND 20 [PMID: 23692593],,inhibitor,,False,,,
D05172,iuphar.ligand:11465,NANOLUC R3/I5 CHIMERA,,agonist,,False,,,
D05173,ncit:C38681,RILIMOGENE GALVACIREPVEC,,,,False,,,
D05174,iuphar.ligand:2001,[125I]INSL5 (HUMAN),,agonist,,False,,,
D05175,iuphar.ligand:9324,HINSL5: A8-21 (T9R),,agonist,,False,,,
D05176,iuphar.ligand:4375,EUROPIUM-LABELLED INSL5,,,,False,,,
D05177,iuphar.ligand:11918,ANALOGUE 13: B7-24,,agonist,,False,,,
D05178,iuphar.ligand:1999,[125I]RELAXIN-3 (HUMAN),,agonist,,False,,,
D05179,ncit:C1512,IMMUNOCONJUGATE,,,,False,,,
D05180,ncit:C1651,MOTEXAFIN LUTETIUM,,,,False,,,
D05181,iuphar.ligand:11915,INSL5 ANALOGUE 13,,agonist,,False,,,
D05182,iuphar.ligand:1990,RELAXIN-3,,agonist,,False,,,
D05183,iuphar.ligand:1998,R3/I5,,agonist,,False,,,
D05184,iuphar.ligand:2000,INSL5,,agonist,,False,,,
D05185,iuphar.ligand:11916,&DELTA;R3/I5,,agonist,,False,,,
D05186,iuphar.ligand:8326,MINIMISED RELAXIN-3 ANALOGUE 3,,inhibitor,,False,,,
D05187,ncit:C120103,LISTERIA MONOCYTOGENES-LLO-PSA VACCINE ADXS31-142,,,,False,,,
D05188,iuphar.ligand:8334,MINIMISED INSL5 ANALOGUE 7,,agonist,,False,,,
D05189,iuphar.ligand:8350,INSL5 AMIDE (HUMAN),,agonist,,False,,,
D05190,iuphar.ligand:3907,R3(B&DELTA;23-27)R/I5 CHIMERIC PEPTIDE,,inhibitor,,False,,,
D05191,iuphar.ligand:11917,COMPOUND 7A [PMID: 33730669],,agonist,,False,,,
D05192,iuphar.ligand:11458,JK1,,agonist,,False,,,
D05193,ncit:C169799,AVORALSTAT,small molecule,,,False,,,
D05194,rxcui:2571074,MARALIXIBAT,,,,True,,,
D05195,rxcui:2563966,ODEVIXIBAT,,,,True,,,
D05196,iuphar.ligand:11478,RY785,,inhibitor,,False,,,
D05197,iuphar.ligand:7760,GXTX-1E,,inhibitor,,False,,,
D05198,iuphar.ligand:7759,RY796,,inhibitor,,False,,,
D05199,iuphar.ligand:4126,AG+,,inhibitor,,False,,,
D05200,iuphar.ligand:10939,5-HYDROXYMETHYL-2-FURFURAL,,blocker,,False,,,
D05201,chembl:CHEMBL265686,CHEMBL:CHEMBL265686,,,,False,,,
D05202,iuphar.ligand:13041,COMPOUND 1 [PMID: 23113556],,inhibitor,,False,,,
D05203,ncit:C74090,ELPAMOTIDE,,,,False,,,
D05204,drugbank:DB05198,CYC116,Small molecule,,,False,,,
D05205,chembl:CHEMBL237347,GW559768X,,,,False,,,
D05206,ncit:C118290,ALTIRATINIB,,inhibitor,,False,,,
D05207,ncit:C2504,VADIMEZAN,small molecule,,,False,,,
D05208,ncit:C74012,RIVOCERANIB MESYLATE,,inhibitor,,False,,,
D05209,rxcui:1302966,CARFILZOMIB,Other,,,True,,,
D05210,iuphar.ligand:10460,PAMUFETINIB,,inhibitor,,False,,,
D05211,ncit:C82363,GOLVATINIB,,inhibitor,,False,,,
D05212,ncit:C162879,CONBERCEPT,,,,False,,,
D05213,chembl:CHEMBL3545155,JI-101,,inhibitor,,False,,,
D05214,ncit:C152237,RIVOCERANIB,,,,False,,,
D05215,hemonc:40,APATINIB,Kinase Inhibitors,inhibitor,,False,,,
D05216,drugbank:DB16256,NINGETINIB,,inhibitor,,False,,,
D05217,ncit:C61438,ALACIZUMAB PEGOL,,inhibitor,,False,,,
D05218,ncit:C93263,CP-547632,,,,False,,,
D05219,chembl:CHEMBL4080062,BFH-772,,inhibitor,,False,,,
D05220,chembl:CHEMBL1738697,PF-00337210,,inhibitor,,False,,,
D05221,ncit:C2037,IMC-1C11,,inhibitor,,False,,,
D05222,chembl:CHEMBL276780,DELPHINIDIN,,,,False,,,
D05223,chembl:CHEMBL3545050,BMS-817378,,inhibitor,,False,,,
D05224,chembl:CHEMBL536151,IMD-0354,,,,False,,,
D05225,ncit:C62791,PEGDINETANIB,recombinant protein,inhibitor,,False,,,
D05226,chembl:CHEMBL281872,ZD-4190,,inhibitor,,False,,,
D05227,drugbank:DB13019,HENATINIB,,inhibitor,,False,,,
D05228,chembl:CHEMBL5095212,ASP-8477,,,,False,,,
D05229,chembl:CHEMBL487402,EUPATORIN,,,,False,,,
D05230,ncit:C102877,OLINVACIMAB,,inhibitor,,False,,,
D05231,iuphar.ligand:12614,METATINIB,,inhibitor,,False,,,
D05232,chembl:CHEMBL464404,CASTANIN,,,,False,,,
D05233,iuphar.ligand:5241,PD98059,,,,False,,,
D05234,ncit:C171872,DANOPREVIR,,inhibitor,,False,,,
D05235,chembl:CHEMBL3545069,PELAREOREP,Ras Inhibitor,inhibitor,,False,,,
D05236,ncit:C71146,SALIRASIB,,inhibitor,,False,,,
D05237,rxcui:2274803,TEPROTUMUMAB,,,,True,,,
D05238,ncit:C166554,NARLAPREVIR,,inhibitor,,False,,,
D05239,rxcui:1940635,GLECAPREVIR,,inhibitor,,True,,,
D05240,ncit:C155850,VOCIPROTAFIB,,,,False,,,
D05241,rxcui:2550714,SOTORASIB,,inhibitor,,True,,,
D05242,drugbank:DB05698,GI-4000,vaccine,,,False,,,
D05243,ncit:C76016,CILUPREVIR,,inhibitor,,False,,,
D05244,ncit:C166437,FURAPREVIR,,inhibitor,,False,,,
D05245,rxcui:1652103,ASUNAPREVIR,,inhibitor,,True,,,
D05246,ncit:C171746,FALDAPREVIR,,inhibitor,,False,,,
D05247,ncit:C159200,BCL-2 INHIBITOR,Chemotherapy,,,False,,,
D05248,ncit:C152411,SOVAPREVIR,,inhibitor,,False,,,
D05249,rxcui:1484518,SIMEPREVIR SODIUM,,inhibitor,,True,,,
D05250,ncit:C2438,RAS PEPTIDE CANCER VACCINE,,vaccine,,False,,,
D05251,rxcui:1939323,VOXILAPREVIR,,inhibitor,,True,,,
D05252,ncit:C152216,RIGOSERTIB,small molecule,,,False,,,
D05253,ncit:C152843,VEDROPREVIR,,inhibitor,,False,,,
D05254,rxcui:1734630,GRAZOPREVIR,,inhibitor,,True,,,
D05255,rxcui:1597373,PARITAPREVIR,,inhibitor,,True,,,
D05256,ncit:C147521,CET KRAS ANTISENSE OLIGONUCLEOTIDE AZD4785,,,,False,,,
D05257,drugbank:DB12876,GS-9256,,inhibitor,,False,,,
D05258,ncit:C95722,MUC1-TARGETED PEPTIDE GO-203-2C,,,,False,,,
D05259,rxcui:1102129,BOCEPREVIR,,inhibitor,,True,,,
D05260,ncit:C107684,PI3KBETA INHIBITOR AZD8186,,,,False,,,
D05261,ncit:C173995,DIVARASIB,,,,False,,,
D05262,ncit:C192673,KRAS G12D INHIBITOR HRS-4642,,,,False,,,
D05263,ncit:C95738,MEK INHIBITOR GDC-0623,,,,False,,,
D05264,ncit:C179103,MIBAVADEMAB,,agonist,,False,,,
D05265,rxcui:1491625,METRELEPTIN,,agonist,,True,,,
D05266,rxcui:2469247,SETMELANOTIDE,,,,True,,,
D05267,chembl:CHEMBL38934,DIPHENYLETHER,,,,False,,,
D05268,chembl:CHEMBL444161,CHEMBL:CHEMBL444161,,,,False,,,
D05269,ncit:C169757,ACEBILUSTAT,,inhibitor,,False,,,
D05270,chembl:CHEMBL224318,CHEMBL:CHEMBL224318,,,,False,,,
D05271,drugbank:DB05177,DG051,Small molecule,,,False,,,
D05272,chembl:CHEMBL398021,CHEMBL:CHEMBL398021,,,,False,,,
D05273,ncit:C1015,UBENIMEX,,,,False,,,
D05274,chembl:CHEMBL455078,CHEMBL:CHEMBL455078,,,,False,,,
D05275,rxcui:20352,CARVEDILOL,Small Molecule,,,True,,,
D05276,ncit:C263,ANTICOAGULANT AGENT,,,,False,,,
D05277,rxcui:15996,MIRTAZAPINE,Small Molecule,,,True,,,
D05278,chembl:CHEMBL5314358,"LACTOSE, ANHYDROUS",,,,False,,,
D05279,iuphar.ligand:11315,SAR100842,,,,False,,,
D05280,chembl:CHEMBL519155,CHEMBL:CHEMBL519155,,,,False,,,
D05281,chembl:CHEMBL2108869,TIPLIMOTIDE,,,,False,,,
D05282,chembl:CHEMBL2063681,CHEMBL:CHEMBL2063681,,,,False,,,
D05283,chembl:CHEMBL2089002,DEMETHYLWEDELOLACTONE,,,,False,,,
D05284,chembl:CHEMBL329785,CHEMBL:CHEMBL329785,,,,False,,,
D05285,chembl:CHEMBL1076184,CIMIRACEMATE A,,,,False,,,
D05286,chembl:CHEMBL2333548,CHEMBL:CHEMBL2333548,,,,False,,,
D05287,chembl:CHEMBL4650280,ASN007,,inhibitor,,False,,,
D05288,chembl:CHEMBL1224789,VOLVALERENAL D,,,,False,,,
D05289,chembl:CHEMBL2333543,CHEMBL:CHEMBL2333543,,,,False,,,
D05290,chembl:CHEMBL1288831,PESUDOGINSENOSIDE RP1 METHYL ESTER,,,,False,,,
D05291,chembl:CHEMBL2333546,MADOLIN U,,,,False,,,
D05292,chembl:CHEMBL2088730,CHEMBL:CHEMBL2088730,,,,False,,,
D05293,chembl:CHEMBL269881,CHEMBL:CHEMBL269881,,,,False,,,
D05294,chembl:CHEMBL2063687,CHEMBL:CHEMBL2063687,,,,False,,,
D05295,chembl:CHEMBL2333541,ARISTOYUNNOLIN A,,,,False,,,
D05296,drugbank:DB07794,"5-(2-PHENYLPYRAZOLO[1,5-A]PYRIDIN-3-YL)-1H-PYRAZOLO[3,4-C]PYRIDAZIN-3-AMINE",,inhibitor,,False,,,
D05297,drugbank:DB14680,COMBRETASTATIN A4,,,,False,,,
D05298,chembl:CHEMBL1288830,SPINASAPONIN A METHYL ESTER,,,,False,,,
D05299,chembl:CHEMBL2088731,CHEMBL:CHEMBL2088731,,,,False,,,
D05300,chembl:CHEMBL389685,CHEMBL:CHEMBL389685,,,,False,,,
D05301,chembl:CHEMBL1934283,OPHIOBOLIN O,,,,False,,,
D05302,chembl:CHEMBL2333547,ARISTOLACTONE,,,,False,,,
D05303,ncit:C121950,XANTHOHUMOL,,,,False,,,
D05304,chembl:CHEMBL2333550,MADOLIN T,,,,False,,,
D05305,chembl:CHEMBL1224785,MADOLIN A,,,,False,,,
D05306,chembl:CHEMBL151649,PHENETHYLISOTHIOCYANATE,,,,False,,,
D05307,ncit:C72927,NAFTOPIDIL,,,,True,,,
D05308,iuphar.ligand:611,LITHOCHOLIC ACID,,,,False,,,
D05309,chembl:CHEMBL1814509,CHEMBL:CHEMBL1814509,,,,False,,,
D05310,ncit:C177060,LADUVIGLUSIB,,,,False,,,
D05311,rxcui:1362,DIPHENHYDRAMINE HYDROCHLORIDE,,,,True,,,
D05312,chembl:CHEMBL258893,CHELERYTHRINE CHLORIDE,,,,False,,,
D05313,ncit:C2152,PHOSPHATIDYLINOSITIDE 3-KINASE INHIBITOR,,,,False,,,
D05314,iuphar.ligand:5259,RO31-8220,,,,False,,,
D05315,chembl:CHEMBL531322,CHEMBL:CHEMBL531322,,,,False,,,
D05316,ncit:C29819,ETHER,,,,False,,,
D05317,chembl:CHEMBL428789,CHEMBL:CHEMBL428789,,,,False,,,
D05318,drugbank:DB06518,R-1487,,,,False,,,
D05319,chembl:CHEMBL597035,CHEMBL:CHEMBL597035,,,,False,,,
D05320,chembl:CHEMBL547833,CHEMBL:CHEMBL547833,,,,False,,,
D05321,rxcui:1379,BENZALKONIUM CHLORIDE,,,,True,,,
D05322,drugbank:DB15586,PATULIN,,,,False,,,
D05323,chembl:CHEMBL1493528,CHEMBL:CHEMBL1493528,,,,False,,,
D05324,chembl:CHEMBL580340,CHEMBL:CHEMBL580340,,,,False,,,
D05325,rxcui:319868,"1,4-BENZOQUINONE",,,,False,,,
D05326,rxcui:1984,CANTHARIDIN,,,,True,,,
D05327,chembl:CHEMBL1270169,CHEMBL:CHEMBL1270169,,,,False,,,
D05328,iuphar.ligand:9176,WZ4002,,,,False,,,
D05329,chembl:CHEMBL1485809,CHEMBL:CHEMBL1485809,,,,False,,,
D05330,rxcui:114970,ZAFIRLUKAST,Anti-Asthmatic Agents,,,True,,,
D05331,chembl:CHEMBL609606,CHEMBL:CHEMBL609606,,,,False,,,
D05332,rxcui:51487,IPRIFLAVONE,,,,False,,,
D05333,chembl:CHEMBL1519374,CHEMBL:CHEMBL1519374,,,,False,,,
D05334,iuphar.ligand:5998,JNK INHIBITOR VIII,,,,False,,,
D05335,drugbank:DB05157,KC706,Small molecule,,,False,,,
D05336,chembl:CHEMBL227075,DIHYDROTANSHINONE I,,,,False,,,
D05337,rxcui:28165,KERACYANIN,,,,False,,,
D05338,ncit:C96535,SEMAPIMOD,small molecule,,,False,,,
D05339,drugbank:DB05470,VX-702,small molecule,,,False,,,
D05340,drugbank:DB12696,BMS-582949,Small molecule,,,False,,,
D05341,drugbank:DB07941,PH-797804,small molecule,,,False,,,
D05342,chembl:CHEMBL92129,CRYPTOLEPINE HYDROCHLORIDE,,,,False,,,
D05343,chembl:CHEMBL45830,MILTIRONE,,,,False,,,
D05344,chembl:CHEMBL3545243,AS-703988,,inhibitor,,False,,,
D05345,drugbank:DB06061,AZD-8330,Small molecule,inhibitor,,False,,,
D05346,rxcui:1722380,COBIMETINIB FUMARATE,,inhibitor,,True,,,
D05347,drugbank:DB12933,RO-4987655,,inhibitor,,False,,,
D05348,drugbank:DB15254,AVUTOMETINIB,,inhibitor,,False,,,
D05349,drugbank:DB11982,GDC-0623,Kinase Inhibitors,inhibitor,,False,,,
D05350,iuphar.ligand:9909,GDC-0623,,inhibitor,,False,,,
D05351,drugbank:DB11687,E-6201,,inhibitor,,False,,,
D05352,chembl:CHEMBL3545383,RG-7167,,inhibitor,,False,,,
D05353,chembl:CHEMBL3545359,ARRY-300,Small molecule,,,False,,,
D05354,iuphar.ligand:8474,AZD8330,Kinase Inhibitors,inhibitor,,False,,,
D05355,iuphar.ligand:5676,CI-1040,,modulator,,False,,,
D05356,drugbank:DB07101,MIRDAMETINIB,Kinase Inhibitors,inhibitor,,False,,,
D05357,chembl:CHEMBL3545145,WX-554,small molecule,inhibitor,,False,,,
D05358,iuphar.ligand:6007,MEK INHIBITOR II,,inhibitor,,False,,,
D05359,iuphar.ligand:9911,TAK-733,,modulator,,False,,,
D05360,iuphar.ligand:7942,REFAMETINIB,,modulator,,False,,,
D05361,chembl:CHEMBL1956073,CHEMBL:CHEMBL1956073,,,,False,,,
D05362,iuphar.ligand:10563,MS432,,inhibitor,,False,,,
D05363,ncit:C76769,BALAMAPIMOD,,inhibitor,,False,,,
D05364,rxcui:2361596,SELUMETINIB SULFATE,,inhibitor,,True,,,
D05365,iuphar.ligand:11679,ZAPNOMETINIB,,inhibitor,,False,,,
D05366,iuphar.ligand:12872,NEDOMETINIB,,inhibitor,,False,,,
D05367,iuphar.ligand:10606,COMPOUND 3 [PMID: 31804822],,modulator,,False,,,
D05368,rxcui:279950,PARECOXIB,small molecule,,,True,,,
D05369,rxcui:1291,BACITRACIN,,,,True,,,
D05370,rxcui:1425932,TALACTOFERRIN ALFA,,,,False,,,
D05371,rxcui:1922448,SAFINAMIDE,small molecule,inhibitor,,True,,,
D05372,chembl:CHEMBL1927670,CHEMBL:CHEMBL1927670,,,,False,,,
D05373,rxcui:30121,MOCLOBEMIDE,Small Molecule,inhibitor,,True,,,
D05374,chembl:CHEMBL1927684,CHEMBL:CHEMBL1927684,,,,False,,,
D05375,ncit:C169812,BIFEMELANE,,inhibitor,,False,,,
D05376,ncit:C80969,MEBANAZINE,,inhibitor,,True,,,
D05377,rxcui:82069,PARGYLINE HYDROCHLORIDE,,inhibitor,,True,,,
D05378,chembl:CHEMBL602260,CHEMBL:CHEMBL602260,,,,False,,,
D05379,rxcui:6011,ISOCARBOXAZID,small molecule,inhibitor,,True,,,
D05380,rxcui:1311214,SEROTONIN,,,,False,,,
D05381,chembl:CHEMBL2023193,[18F]FLUORORASAGILINE,,,,False,,,
D05382,rxcui:134748,RASAGILINE,Small Molecule,inhibitor,,True,,,
D05383,chembl:CHEMBL1642672,CHEMBL:CHEMBL1642672,,,,False,,,
D05384,drugbank:DB09251,PHENOXYPROPAZINE,,inhibitor,,True,,,
D05385,ncit:C80964,LAZABEMIDE,,inhibitor,,False,,,
D05386,chembl:CHEMBL1813518,CHEMBL:CHEMBL1813518,,,,False,,,
D05387,rxcui:1922449,SAFINAMIDE MESYLATE,,inhibitor,,True,,,
D05388,ncit:C939,COBALAMIN,,,,False,,,
D05389,ncit:C97711,RASAGILINE TARTRATE,,inhibitor,,True,,,
D05390,chembl:CHEMBL2107771,RALFINAMIDE,,inhibitor,,False,,,
D05391,rxcui:203137,SELEGILINE HYDROCHLORIDE,,inhibitor,,True,,,
D05392,chembl:CHEMBL2088303,CHEMBL:CHEMBL2088303,,,,False,,,
D05393,rxcui:7930,PARGYLINE,,,,False,,,
D05394,ncit:C83968,MOFEGILINE,,,,False,,,
D05395,chembl:CHEMBL3707400,INDANTADOL,small molecule,,,False,,,
D05396,chembl:CHEMBL55934,NAPHTHOQUINONE,,,,False,,,
D05397,rxcui:6816,METHAMPHETAMINE,Small Molecule,,,True,,,
D05398,chembl:CHEMBL602466,CHEMBL:CHEMBL602466,,,,False,,,
D05399,chembl:CHEMBL2088301,CHEMBL:CHEMBL2088301,,,,False,,,
D05400,ncit:C76401,RILAPLADIB,,inhibitor,,False,,,
D05401,iuphar.ligand:5057,SU11274,,,,False,,,
D05402,chembl:CHEMBL3545074,LEO-15520,,inhibitor,,False,,,
D05403,chembl:CHEMBL3545398,PG-760564,,inhibitor,,False,,,
D05404,ncit:C593,RECOMBINANT INTERLEUKIN,,,,False,,,
D05405,ncit:C29709,ALPHA-ADRENERGIC AGONIST,,,,False,,,
D05406,chembl:CHEMBL190333,RWJ-67657,,inhibitor,,False,,,
D05407,chembl:CHEMBL3544968,GSK-610677,,inhibitor,,False,,,
D05408,chembl:CHEMBL1208829,ITX-5061,,inhibitor,,False,,,
D05409,drugbank:DB07943,SD-0006,,inhibitor,,False,,,
D05410,iuphar.ligand:9797,COMPOUND 37 [PMID: 29193967],,inhibitor,,False,,,
D05411,chembl:CHEMBL203567,RO-3201195,,inhibitor,,False,,,
D05412,chembl:CHEMBL3544998,LY-3007113,,inhibitor,,False,,,
D05413,iuphar.ligand:9796,(S)-23 [PMID: 27933945],,inhibitor,,False,,,
D05414,chembl:CHEMBL3545216,FX-005,,inhibitor,,False,,,
D05415,chembl:CHEMBL3544930,SC-80036,,inhibitor,,False,,,
D05416,chembl:CHEMBL3545139,PS-516895,,inhibitor,,False,,,
D05417,chembl:CHEMBL3545117,AVE-9940,,inhibitor,,False,,,
D05418,ncit:C2543,TOSITUMOMAB,,,,False,,,
D05419,ncit:C105853,RALIMETINIB MESYLATE,,inhibitor,,False,,,
D05420,chembl:CHEMBL1614702,SCIO-323,,inhibitor,,False,,,
D05421,chembl:CHEMBL3545201,TA-5493,,inhibitor,,False,,,
D05422,ncit:C1286,RECOMBINANT TRANSFORMING GROWTH FACTOR-BETA-2,,,,False,,,
D05423,chembl:CHEMBL9960,AZD-7624,,inhibitor,,False,,,
D05424,chembl:CHEMBL476351,GW775608X,,,,False,,,
D05425,ncit:C72985,DARAPLADIB,Small molecule,inhibitor,,False,,,
D05426,chembl:CHEMBL585902,AMG-548,,inhibitor,,False,,,
D05427,rxcui:1545992,DOXYCYCLINE ANHYDROUS,,,,True,,,
D05428,iuphar.ligand:3576,C5A,,,,False,,,
D05429,chembl:CHEMBL3545384,SB-85635,,inhibitor,,False,,,
D05430,ncit:C81347,CILOBRADINE,,,,False,,,
D05431,iuphar.ligand:2359,ZD7288,,,,False,,,
D05432,drugbank:DB15356,SLV-334,,,,False,,,
D05433,rxcui:16738,RACECADOTRIL,,inhibitor,,True,,,
D05434,iuphar.ligand:7896,PL37,small molecule,,,False,,,
D05435,ncit:C162629,SACUBITRIL/VALSARTAN,,,,False,,,
D05436,chembl:CHEMBL4297884,PEPINEMAB,,,,False,,,
D05437,ncit:C87731,ILEPATRIL,unknown,inhibitor,,False,,,
D05438,rxcui:4648,GALLOPAMIL,,,,False,,,
D05439,rxcui:1656328,SACUBITRIL,,inhibitor,,True,,,
D05440,ncit:C132269,SAMPATRILAT,,,,False,,,
D05441,rxcui:2362165,CAPMATINIB,Kinase Inhibitors,inhibitor,,True,,,
D05442,ncit:C119619,ANTI-C-MET MONOCLONAL ANTIBODY SAIT301,,,,False,,,
D05443,drugbank:DB12064,BMS-777607,Kinase Inhibitors,inhibitor,,False,,,
D05444,drugbank:DB15639,AMG-337,,inhibitor,,False,,,
D05445,ncit:C74062,MET TYROSINE KINASE INHIBITOR SGX523,small molecule,inhibitor,,False,,,
D05446,drugbank:DB08079,AMG-208,,inhibitor,,False,,,
D05447,ncit:C82348,ONARTUZUMAB,Therapeutic Antibodies,inhibitor; antibody,,False,,,
D05448,ncit:C62437,TIVANTINIB,Small molecule,inhibitor,,False,,,
D05449,chembl:CHEMBL3545299,BMS-698769,,inhibitor,,False,,,
D05450,ncit:C95729,MERESTINIB,,inhibitor,,False,,,
D05451,ncit:C104732,SAVOLITINIB,MET inhibitor,inhibitor,,False,,,
D05452,chembl:CHEMBL3960488,EMD-1204831,,inhibitor,,False,,,
D05453,ncit:C95732,EMIBETUZUMAB,Therapeutic Antibodies,antibody; inhibitor,,False,,,
D05454,chembl:CHEMBL2171206,EUCALYPTIN A,,,,False,,,
D05455,ncit:C129717,VEBRELTINIB,,,,False,,,
D05456,iuphar.ligand:6308,OLEOCANTHAL,,,,False,,,
D05457,drugbank:DB13113,JNJ-38877605,,inhibitor,,False,,,
D05458,chembl:CHEMBL3545236,BPI-9016,,inhibitor,,False,,,
D05459,ncit:C106262,TELISOTUZUMAB,,inhibitor,,False,,,
D05460,chembl:CHEMBL264938,GALLOCATECHIN GALLATE,,,,False,,,
D05461,chembl:CHEMBL2108332,BEPERMINOGENE PERPLASMID,,agonist,,False,,,
D05462,chembl:CHEMBL2323775,MK-8033,,inhibitor,,False,,,
D05463,ncit:C175863,TEREVALEFIM,,agonist,,False,,,
D05464,drugbank:DB15382,SAR-125844,,inhibitor,,False,,,
D05465,ncit:C95203,C-MET INHIBITOR AMG 337,,,,False,,,
D05466,chembl:CHEMBL2348314,TYROSOL SINAPATE,,,,False,,,
D05467,rxcui:2362259,CAPMATINIB HYDROCHLORIDE,,inhibitor,,True,,,
D05468,ncit:C133878,ANTI-EGFR MONOCLONAL ANTIBODY,,,,False,,,
D05469,chembl:CHEMBL496102,AMG-208,Kinase Inhibitors,inhibitor,,False,,,
D05470,ncit:C143099,C-MET INHIBITOR,,,,False,,,
D05471,iuphar.ligand:7953,BMS-777607,,inhibitor,,False,,,
D05472,chembl:CHEMBL396609,MACROCARPAL A,,,,False,,,
D05473,ncit:C90591,C-MET INHIBITOR MK2461,,inhibitor,,False,,,
D05474,iuphar.ligand:7748,EMIBETUZUMAB,,,,False,,,
D05475,chembl:CHEMBL396848,MACROCARPAL B,,,,False,,,
D05476,ncit:C82677,C-MET INHIBITOR AMG 208,,inhibitor,,False,,,
D05477,ncit:C118571,TELISOTUZUMAB VEDOTIN,,binder,,False,,,
D05478,chembl:CHEMBL399530,CHEMBL:CHEMBL399530,,,,False,,,
D05479,rxcui:2477104,TEPOTINIB HYDROCHLORIDE,,inhibitor,,True,,,
D05480,chembl:CHEMBL2022560,APRATOXIN F,,,,False,,,
D05481,chembl:CHEMBL2001019,PF-04217903,,inhibitor,,False,,,
D05482,drugbank:DB06314,SGX-523,,inhibitor,,False,,,
D05483,ncit:C70650,TOSEDOSTAT,,inhibitor,,False,,,
D05484,ncit:C90656,BELORANIB,small molecule,inhibitor,,False,,,
D05485,drugbank:DB05864,PPI-2458,small molecule,,,False,,,
D05486,ncit:C128030,EVEXOMOSTAT,,,,False,,,
D05487,ncit:C88321,FUMAGILLIN-DERIVED POLYMER CONJUGATE XMT-1107,small molecule,,,False,,,
D05488,iuphar.ligand:12714,M8891,,,,False,,,
D05489,drugbank:DB02893,D-METHIONINE,,,,False,,,
D05490,ncit:C169760,ACLIMOSTAT,,inhibitor,,False,,,
D05491,ncit:C65886,IGURATIMOD,,inhibitor,,False,,,
D05492,ncit:C104260,IMALUMAB,,inhibitor,,False,,,
D05493,chembl:CHEMBL524449,CHEMBL:CHEMBL524449,,,,False,,,
D05494,iuphar.ligand:9984,ISO-1,,,,False,,,
D05495,ncit:C1106,FOTEMUSTINE,,,,False,,,
D05496,ncit:C902,TRIAZENE COMPOUND,,,,False,,,
D05497,chembl:CHEMBL485756,CHEMBL:CHEMBL485756,,,,False,,,
D05498,ncit:C699,NITROSOUREA COMPOUND,,,,False,,,
D05499,hemonc:34886,G207,,,,False,,,
D05500,ncit:C1875,REBIMASTAT,,inhibitor,,False,,,
D05501,rxcui:82012,DOXYCYCLINE CALCIUM,,inhibitor,,True,,,
D05502,chembl:CHEMBL1201516,PENTOSAN POLYSULFATE SODIUM,,,,False,,,
D05503,rxcui:2539967,DOSTARLIMAB,,,,True,,,
D05504,rxcui:1875534,AVELUMAB,,,,True,,,
D05505,ncit:C114986,E-101 SOLUTION,,,,False,,,
D05506,rxcui:1311380,INTERLEUKIN-11,protein,,,True,,,
D05507,ncit:C152861,VERDIPERSTAT,,inhibitor,,False,,,
D05508,ncit:C1637,XANTHINE OXIDASE INHIBITOR,,,,False,,,
D05509,ncit:C849,SULFONE ANTI-INFECTIVE AGENT,,,,False,,,
D05510,iuphar.ligand:12154,MITIPERSTAT,,,,False,,,
D05511,rxcui:10636,TOLMETIN,small molecule,,,True,,,
D05512,rxcui:259280,TENECTEPLASE,recombinant protein,,,True,,,
D05513,ncit:C1050,ASULACRINE ISETHIONATE,,,,False,,,
D05514,ncit:C62483,AMATUXIMAB,monoclonal antibody,inhibitor,,False,,,
D05515,ncit:C201275,ANTI-MESOTHELIN CAR T CELLS PREPARATION,,,,False,,,
D05516,ncit:C147031,ANTI-MUC16/MMAE ANTIBODY-DRUG CONJUGATE DMUC4064A,,,,False,,,
D05517,drugbank:DB18591,LMB-100,,binder,,False,,,
D05518,drugbank:DB17579,SS1(DSFV)-PE38,fusion protein,binder,,False,,,
D05519,ncit:C98293,ANETUMAB RAVTANSINE,,binder,,False,,,
D05520,chembl:CHEMBL2109281,RG-7600,,binder,,False,,,
D05521,drugbank:DB17323,CRS-207,,,,False,,,
D05522,ncit:C148160,AUTOLOGOUS MESOTHELIN-SPECIFIC CAR-T CELLS,,,,False,,,
D05523,ncit:C1784,OREGOVOMAB,monoclonal antibody,other/unknown,,False,,,
D05524,ncit:C188577,IGOVOMAB,,binder,,True,,,
D05525,ncit:C106119,SOFITUZUMAB VEDOTIN,,binder,,False,,,
D05526,rxcui:42569,BUSERELIN ACETATE,,,,True,,,
D05527,ncit:C26449,ABAGOVOMAB,monoclonal antibody,other/unknown,,False,,,
D05528,chembl:CHEMBL3545372,SOFITUZUMAB VEDOTIN,,,,False,,,
D05529,drugbank:DB05151,TST10088,recombinant protein,,,False,,,
D05530,drugbank:DB08490,CTS-1027,,inhibitor,,False,,,
D05531,ncit:C1811,PRINOMASTAT,,vaccine,,False,,,
D05532,ncit:C102851,ULINASTATIN,,,,False,,,
D05533,ncit:C1798,SHARK CARTILAGE EXTRACT AE-941,shark cartilage extract,,,False,,,
D05534,drugbank:DB12149,S-3304,,vaccine,,False,,,
D05535,ncit:C2454,INCYCLINIDE,Small molecule,,,False,,,
D05536,chembl:CHEMBL242530,OBOVATAL,,,,False,,,
D05537,drugbank:DB11961,AZD-1236,,inhibitor,,False,,,
D05538,ncit:C1654,MULTIVITAMIN,,,,False,,,
D05539,ncit:C107240,L-METHYLFOLATE,,,,False,,,
D05540,rxcui:7486,NITROUS OXIDE,,,,True,,,
D05541,rxcui:11248,VITAMIN B12,,,,True,,,
D05542,iuphar.ligand:8567,RS 39066,,inhibitor,,False,,,
D05543,iuphar.ligand:8629,SL422,,inhibitor,,False,,,
D05544,ncit:C113332,ANTI-PD-1 MONOCLONAL ANTIBODY MEDI0680,,,,False,,,
D05545,chembl:CHEMBL252716,BERKELEYTRIONE,,,,False,,,
D05546,chembl:CHEMBL252921,BERKELEYACETAL B,,,,False,,,
D05547,chembl:CHEMBL468640,BERKELEYAMIDE B,,,,False,,,
D05548,chembl:CHEMBL400514,BERKELEYDIONE,,,,False,,,
D05549,chembl:CHEMBL468641,BERKELEYAMIDE C,,,,False,,,
D05550,chembl:CHEMBL400716,BERKELEYACETAL C,,,,False,,,
D05551,chembl:CHEMBL252920,BERKELEYACETAL A,,,,False,,,
D05552,chembl:CHEMBL2109637,HUHMFG1,,other/unknown,,False,,,
D05553,ncit:C95782,CANTUZUMAB MERTANSINE,,binder,,False,,,
D05554,ncit:C2195,EMEPEPIMUT-S,,vaccine,,False,,,
D05555,drugbank:DB15008,GO-203-2C,peptide,,,False,,,
D05556,drugbank:DB18563,PEMTUMOMAB,,binder,,False,,,
D05557,ncit:C175781,EPITUMOMAB CITUXETAN,,binder,,False,,,
D05558,ncit:C38697,SONTUZUMAB,monoclonal antibody,other/unknown,,False,,,
D05559,chembl:CHEMBL2109635,SAR-566658,,binder,,False,,,
D05560,chembl:CHEMBL2109284,CMB-401,,binder,,False,,,
D05561,chembl:CHEMBL2108341,SONTUZUMAB,,,,False,,,
D05562,chembl:CHEMBL2109365,HUPAM4,,binder,,False,,,
D05563,ncit:C101262,LIPOSOMAL MUC1/PET-LIPID A VACCINE ONT-10,,,,False,,,
D05564,chembl:CHEMBL2109364,AR-20.5,,other/unknown,,False,,,
D05565,chembl:CHEMBL2108403,EPITUMOMAB,,binder,,False,,,
D05566,ncit:C61576,CANTUZUMAB RAVTANSINE,,binder,,False,,,
D05567,iuphar.ligand:8087,YTTRIUM (90Y) CLIVATUZUMAB TETRAXETAN,monoclonal antibody,,,False,,,
D05568,chembl:CHEMBL2109360,AS-1403,,binder,,False,,,
D05569,ncit:C94220,GATIPOTUZUMAB,,inhibitor,,False,,,
D05570,ncit:C1125,HEXAMETHYLENE BISACETAMIDE,,,,False,,,
D05571,drugbank:DB17403,IMMUCIN,,,,False,,,
D05572,chembl:CHEMBL180239,CURCUMIN PYRAZOLE,,,,False,,,
D05573,chembl:CHEMBL3990023,TOZULERISTIDE,,,,False,,,
D05574,chembl:CHEMBL1161830,CARBOXYLATED GLUCOSAMINE,,,,False,,,
D05575,ncit:C105803,ANDECALIXIMAB,,inhibitor,,False,,,
D05576,drugbank:DB05820,DP-B99,,,,False,,,
D05577,ncit:C270,ANTIHYPERTENSIVE AGENT,,,,False,,,
D05578,iuphar.ligand:2459,DECAVANADATE,,inhibitor,,False,,,
D05579,iuphar.ligand:4124,ADENOPHOSTIN A,,activator,,False,,,
D05580,iuphar.ligand:4222,IP3,,activator,,False,,,
D05581,iuphar.ligand:4223,"INOSITOL 2,4,5-TRISPHOSPHATE",,activator,,False,,,
D05582,ncit:C38714,LORVOTUZUMAB MERTANSINE,,binder,,False,,,
D05583,chembl:CHEMBL2109634,ONCOLYSIN S,,binder,,False,,,
D05584,chembl:CHEMBL2109484,BB-10901,,binder,,False,,,
D05585,drugbank:DB11752,BRYOSTATIN 1,Small molecule,,,False,,,
D05586,iuphar.ligand:5016,LIF,,,,False,,,
D05587,rxcui:1440264,AMINOPTERIN,,,,False,,,
D05588,ncit:C1434,LOBAPLATIN,,,,False,,,
D05589,ncit:C91392,PREXASERTIB,,,,False,,,
D05590,drugbank:DB05103,AN-9,,,,False,,,
D05591,rxcui:2174090,POLATUZUMAB VEDOTIN,,,,True,,,
D05592,ncit:C29105,HYPOXANTHINE,,,,False,,,
D05593,rxcui:4103,ESTRONE,Hormone Replacement Agents,,,True,,,
D05594,iuphar.ligand:8060,AMG-900,Kinase Inhibitors,,,False,,,
D05595,ncit:C1477,MILODISTIM,,,,False,,,
D05596,ncit:C1472,BIZELESIN,,,,False,,,
D05597,rxcui:1545987,AMIFOSTINE ANHYDROUS,Radiation-Protective Agents,,,True,,,
D05598,ncit:C28239,COBALT CO-60,,,,False,,,
D05599,ncit:C1290,RECOMBINANT MACROPHAGE COLONY-STIMULATING FACTOR,,,,False,,,
D05600,ncit:C2088,ORNITHINE DECARBOXYLASE INHIBITOR,,,,False,,,
D05601,ncit:C1080,ELSAMITRUCIN,,,,False,,,
D05602,ncit:C986,ACIVICIN,,,,False,,,
D05603,iuphar.ligand:4997,IL-5,,,,False,,,
D05604,ncit:C62518,PHOSPHORODIAMIDATE MORPHOLINO OLIGOMER AVI-4126,antisense oligo,,,False,,,
D05605,ncit:C661,MITOGUAZONE,,,,False,,,
D05606,ncit:C1270,ADOZELESIN,,,,False,,,
D05607,chembl:CHEMBL2108708,YTTRIUM Y 90 CLIVATUZUMAB TETRAXETAN,,binder,,False,,,
D05608,ncit:C90532,ENSITUXIMAB,,other/unknown,,False,,,
D05609,ncit:C166491,CLIVATUZUMAB TETRAXETAN,,binder,,False,,,
D05610,rxcui:2277607,ENFORTUMAB VEDOTIN,,binder,,True,,,
D05611,chembl:CHEMBL3301589,ENFORTUMAB VEDOTIN,antibody-drug conjugate,,,False,,,
D05612,drugbank:DB13062,ME-344,,inhibitor,,False,,,
D05613,rxcui:235743,METFORMIN HYDROCHLORIDE,,inhibitor,,True,,,
D05614,chembl:CHEMBL3545135,NV-128,,inhibitor,,False,,,
D05615,rxcui:569,EFLORNITHINE,Small molecule,inhibitor,,True,,,
D05616,rxcui:81945,EFLORNITHINE HYDROCHLORIDE,,inhibitor,,True,,,
D05617,iuphar.ligand:5139,APA,,inhibitor,,False,,,
D05618,rxcui:2284718,REMDESIVIR,,,,True,,,
D05619,ncit:C1214,RESINIFERATOXIN,small molecule,,,False,,,
D05620,rxcui:6904,METHYLTESTOSTERONE,Small molecule,,,True,,,
D05621,ncit:C1464,TIRAPAZAMINE,,,,False,,,
D05622,iuphar.ligand:5127,7NI,,inhibitor,,False,,,
D05623,iuphar.ligand:5113,3-BROMO-7NI,,inhibitor,,False,,,
D05624,ncit:C1012,BENZODIAZEPINE,,,,False,,,
D05625,rxcui:283567,GREEN TEA LEAF EXTRACT,,,,True,,,
D05626,wikidata:Q12190,PENICILLIN,,,,False,,,
D05627,iuphar.ligand:9849,GW274150,,inhibitor,,False,,,
D05628,iuphar.ligand:9147,COMPOUND 14J [PMID: 27050842],,inhibitor,,False,,,
D05629,ncit:C1406,IDOXIFENE,,,,False,,,
D05630,iuphar.ligand:8759,L-NNA,,inhibitor,,False,,,
D05631,ncit:C90899,TILARGININE ACETATE,,inhibitor,,False,,,
D05632,iuphar.ligand:12316,ZZL-7,,,,False,,,
D05633,drugbank:DB06096,NXN-188,small molecule,,,False,,,
D05634,ncit:C29856,THIOURACIL,,,,False,,,
D05635,ncit:C29701,ANTI-ULCER AGENT,,,,False,,,
D05636,chembl:CHEMBL496867,CHELIDONINE,,,,False,,,
D05637,ncit:C127817,TAPOTOCLAX,,,,False,,,
D05638,ncit:C90557,EG5 KINESIN-RELATED MOTOR PROTEIN INHIBITOR 4SC-205,Small molecule,,,False,,,
D05639,iuphar.ligand:7518,I-BET151,,,,False,,,
D05640,ncit:C185864,ICOVAMENIB,,,,False,,,
D05641,ncit:C74052,IODINE I 131-6-BETA-IODOMETHYL-19-NORCHOLESTEROL,,,,False,,,
D05642,iuphar.ligand:11783,AZD5991,,,,False,,,
D05643,chembl:CHEMBL4858364,MRTX-1133,,,,False,,,
D05644,ncit:C125603,BCL-2 INHIBITOR BCL201,,,,False,,,
D05645,ncit:C151943,BIVALENT BRD4 INHIBITOR AZD5153,,,,False,,,
D05646,ncit:C177916,OPNURASIB,,,,False,,,
D05647,ncit:C176018,ANTI-CD19 CAR T CELLS PREPARATION,,,,False,,,
D05648,ncit:C127116,DUBERMATINIB,,,,False,,,
D05649,ncit:C207942,MEK/RAF MOLECULAR GLUE IK-595,,,,False,,,
D05650,iuphar.ligand:5424,CYTOSPORONE B,,,,False,,,
D05651,ncit:C95719,TAREXTUMAB,monoclonal antibody,inhibitor,,False,,,
D05652,ncit:C49175,NOTCH SIGNALING PATHWAY INHIBITOR MK0752,Other,other/unknown,,False,,,
D05653,drugbank:DB12852,MK-0752,Gamma secretase inhibitor,,,False,,,
D05654,ncit:C82367,ENOTICUMAB,Other,other/unknown,,False,,,
D05655,iuphar.ligand:7338,RO4929097,Other,other/unknown,,False,,,
D05656,ncit:C156061,MUPADOLIMAB,,,,False,,,
D05657,ncit:C123914,OLECLUMAB,,inhibitor,,False,,,
D05658,rxcui:10612,TINIDAZOLE,,,,True,,,
D05659,rxcui:117466,TENOFOVIR,,,,True,,,
D05660,rxcui:141400,ADEFOVIR DIPIVOXIL,,,,True,,,
D05661,rxcui:1659152,ALIROCUMAB,antibody,inhibitor,,True,,,
D05662,ncit:C174940,ONGERICIMAB,,inhibitor,,False,,,
D05663,ncit:C171839,TAFOLECIMAB,,inhibitor,,False,,,
D05664,rxcui:1665684,EVOLOCUMAB,,inhibitor,,True,,,
D05665,chembl:CHEMBL2109539,RG-7652,,inhibitor,,False,,,
D05666,ncit:C166723,BOCOCIZUMAB,,inhibitor,,False,,,
D05667,chembl:CHEMBL4298016,FROVOCIMAB,,,,False,,,
D05668,iuphar.ligand:7730,BOCOCIZUMAB,,,,False,,,
D05669,ncit:C152149,RALPANCIZUMAB,,inhibitor,,False,,,
D05670,ncit:C175808,LERODALCIBEP,,inhibitor,,False,,,
D05671,ncit:C175068,FROVOCIMAB,,inhibitor,,False,,,
D05672,rxcui:10582,LEVOTHYROXINE,Small Molecule,,,True,,,
D05673,ncit:C419,DEMECOLCINE,,,,False,,,
D05674,iuphar.ligand:4186,ETHYLISOPROPYLAMILORIDE,,,,False,,,
D05675,chembl:CHEMBL461193,CHEMBL:CHEMBL461193,,,,False,,,
D05676,chembl:CHEMBL531268,CHEMBL:CHEMBL531268,,,,False,,,
D05677,ncit:C75267,ENPIROLINE,,,,False,,,
D05678,chembl:CHEMBL1351908,CHEMBL:CHEMBL1351908,,,,False,,,
D05679,ncit:C76757,PINAFIDE,,,,False,,,
D05680,chembl:CHEMBL493863,CHEMBL:CHEMBL493863,,,,False,,,
D05681,chembl:CHEMBL509617,RESACTIN A,,,,False,,,
D05682,rxcui:1740238,IMIDOCARB DIPROPIONATE,,,,True,,,
D05683,chembl:CHEMBL1200512,IRINOTECAN HYDROCHLORIDE HYDRATE,,,,False,,,
D05684,chembl:CHEMBL590643,CHEMBL:CHEMBL590643,,,,False,,,
D05685,chembl:CHEMBL580955,CHEMBL:CHEMBL580955,,,,False,,,
D05686,drugbank:DB05315,MC-1,Small molecule,,,False,,,
D05687,chembl:CHEMBL2349065,PETROSIOL A,,,,False,,,
D05688,rxcui:115238,BECAPLERMIN,recombinant protein,agonist,,True,,,
D05689,ncit:C152224,RINUCUMAB,,inhibitor,,False,,,
D05690,ncit:C62435,DOVITINIB LACTATE,,,,False,,,
D05691,ncit:C2411,CEP-2563 DIHYDROCHLORIDE,,inhibitor,,False,,,
D05692,rxcui:10735,TRAPIDIL,,,,False,,,
D05693,chembl:CHEMBL2109544,CDP-860,,inhibitor,,False,,,
D05694,rxcui:1492039,PRALMORELIN,,,,False,,,
D05695,rxcui:25734,GESTODENE,Small molecule,agonist,,True,,,
D05696,ncit:C114298,CRIDANIMOD SODIUM,,,,False,,,
D05697,rxcui:31930,NOMEGESTROL,,agonist,,True,,,
D05698,rxcui:14584,ETONOGESTREL,Small Molecule,agonist,,True,,,
D05699,rxcui:11636,DROSPIRENONE,Small Molecule,agonist,,True,,,
D05700,chembl:CHEMBL3545239,PF-05019702,,inhibitor,,False,,,
D05701,rxcui:7518,NORGESTREL,small molecule,agonist,,True,,,
D05702,rxcui:7515,NORETHYNODREL,,agonist,,True,,,
D05703,rxcui:326374,NORELGESTROMIN,Small molecule,agonist,,True,,,
D05704,rxcui:31994,NORGESTIMATE,"Contraceptives, Oral, Synthetic",agonist,,True,,,
D05705,ncit:C148505,VILAPRISAN,,modulator,,False,,,
D05706,rxcui:22968,DIENOGEST,Small molecule,,,True,,,
D05707,rxcui:525,ALLYLESTRENOL,,agonist,,True,,,
D05708,ncit:C104057,TELAPRISTONE,small molecule,,,False,,,
D05709,wikidata:Q85759692,ETHINYLESTRADIOL/DROSPIRENONE/PRASTERONE,,,,False,,,
D05710,rxcui:4170,ETHYNODIOL DIACETATE,small molecule,agonist,,True,,,
D05711,ncit:C77017,TOSAGESTIN,,,,False,,,
D05712,wikidata:Q60218116,ESTRADIOL VALERATE/DIENOGEST,,,,False,,,
D05713,rxcui:6703,MEGESTROL,"Antineoplastic Agents, Hormonal",,,True,,,
D05714,rxcui:2055977,SEGESTERONE ACETATE,,agonist,,True,,,
D05715,rxcui:12488,HYDROXYPROGESTERONE CAPROATE (USP),,agonist,,True,,,
D05716,rxcui:2369,CHLORMADINONE ACETATE,,modulator,,True,,,
D05717,ncit:C152746,TRIMEGESTONE,,agonist,,False,,,
D05718,rxcui:53744,NOMEGESTROL ACETATE,,agonist,,False,,,
D05719,ncit:C71532,LONAPRISAN,,inhibitor,,False,,,
D05720,rxcui:22656,DESOGESTREL,small molecule,agonist,,True,,,
D05721,rxcui:203146,GOSERELIN ACETATE,"Antineoplastic Agents, Hormonal",,,True,,,
D05722,chembl:CHEMBL2059711,CHEMBL:CHEMBL2059711,,,,False,,,
D05723,rxcui:22054,CYPROTERONE ACETATE,,agonist,,True,,,
D05724,ncit:C104055,TELAPRISTONE ACETATE,,modulator,,False,,,
D05725,wikidata:Q45071,PROGESTOGEN,small molecule,,,True,,,
D05726,ncit:C65504,ECABET,Small molecule,,,False,,,
D05727,ncit:C152832,VARESPLADIB,small molecule,inhibitor,,False,,,
D05728,ncit:C152833,VARESPLADIB METHYL,,inhibitor,,False,,,
D05729,rxcui:2878,CORTISONE,,,,True,,,
D05730,ncit:C170125,LOMOFUNGIN,,,,False,,,
D05731,chembl:CHEMBL1784538,CYCLIC CRYPEVEIC,,,,False,,,
D05732,chembl:CHEMBL187734,TETRADECYLTHIOACETIC ACID,,,,False,,,
D05733,iuphar.ligand:2832,XCT790,,,,False,,,
D05734,iuphar.ligand:1716,2-CHLOROADENOSINE-5-TRIPHOSPHATE,,,,False,,,
D05735,chembl:CHEMBL551842,LOBARIC ACID,,,,False,,,
D05736,drugbank:DB11974,PF-04691502,PI3K/mTOR Inhibitors,inhibitor,,False,,,
D05737,drugbank:DB05210,SF1126,Kinase Inhibitors,inhibitor,,False,,,
D05738,drugbank:DB11962,GSK-1059615,,inhibitor,,False,,,
D05739,drugbank:DB05241,XL765,small molecule,,,False,,,
D05740,chembl:CHEMBL2326966,SF-1126,,inhibitor,,False,,,
D05741,drugbank:DB12986,VS-5584,,inhibitor,,False,,,
D05742,chembl:CHEMBL3545385,WX-037,,inhibitor,,False,,,
D05743,ncit:C158603,IZORLISIB,,inhibitor,,False,,,
D05744,ncit:C142973,BUPARLISIB HYDROCHLORIDE,,inhibitor,,False,,,
D05745,drugbank:DB14980,AZD-6482,,inhibitor,,False,,,
D05746,drugbank:DB12904,ZSTK-474,,inhibitor,,False,,,
D05747,drugbank:DB17046,PI-103,Kinase Inhibitors,inhibitor,,False,,,
D05748,ncit:C71704,VOXTALISIB,Kinase Inhibitors,inhibitor,,False,,,
D05749,chembl:CHEMBL3545006,PWT-33587,,inhibitor,,False,,,
D05750,ncit:C152168,RECILISIB,,inhibitor,,False,,,
D05751,ncit:C1438,TROXACITABINE,,inhibitor,,False,,,
D05752,ncit:C153327,ASPACYTARABINE,,inhibitor,,False,,,
D05753,rxcui:44151,CLOFARABINE,Small Molecule,inhibitor,,True,,,
D05754,ncit:C65755,FORODESINE,Small molecule,,,False,,,
D05755,rxcui:1591890,GUANOSINE,,,,False,,,
D05756,ncit:C26655,FORODESINE HYDROCHLORIDE,,inhibitor,,False,,,
D05757,ncit:C152793,ULODESINE,Small molecule,inhibitor,,False,,,
D05758,chembl:CHEMBL269864,ULODESINE,,,,False,,,
D05759,ncit:C1650,PELDESINE,,,,False,,,
D05760,iuphar.ligand:9942,AZD0156,,,,False,,,
D05761,iuphar.ligand:8004,TORIN 1,,,,False,,,
D05762,chembl:CHEMBL4795065,BORUSSERTIB,,,,False,,,
D05763,ncit:C179330,PI3K-ALPHA INHIBITOR HS-10352,,,,False,,,
D05764,rxcui:1494066,MILTEFOSINE,,,,True,,,
D05765,iuphar.ligand:5196,GSK690693,,,,False,,,
D05766,chembl:CHEMBL3545323,PWT-33579,,inhibitor,,False,,,
D05767,ncit:C92575,ONATASERTIB,mTOR Inhibitor,,,False,,,
D05768,ncit:C103861,PI3K ALPHA/BETA INHIBITOR BAY1082439,,,,False,,,
D05769,drugbank:DB13109,PKI-179,,inhibitor,,False,,,
D05770,ncit:C198692,PI3K-ALPHA INHIBITOR TOS-358,,,,False,,,
D05771,iuphar.ligand:11102,A-1331852,,,,False,,,
D05772,iuphar.ligand:5704,PP-242,,,,False,,,
D05773,chembl:CHEMBL1379243,CHEMBL:CHEMBL1379243,,,,False,,,
D05774,ncit:C208266,MUTANT-SELECTIVE PI3K-ALPHA H1047R INHIBITOR OKI-219,,,,False,,,
D05775,ncit:C159499,PI3K/MTOR KINASE INHIBITOR WXFL10030390,,,,False,,,
D05776,drugbank:DB15054,TAS-117,,,,False,,,
D05777,drugbank:DB16751,RLY-2608,,,,False,,,
D05778,drugbank:DB13051,CH-5132799,,,,False,,,
D05779,ncit:C101786,MULTI-AGC KINASE INHIBITOR AT13148,,,,False,,,
D05780,ncit:C128632,MTOR KINASE INHIBITOR PP242,,,,False,,,
D05781,iuphar.ligand:8010,NU-7441,,,,False,,,
D05782,iuphar.ligand:7714,AZD8055,Kinase Inhibitors,,,False,,,
D05783,ncit:C126661,APILIMOD DIMESYLATE CAPSULE,,,,False,,,
D05784,ncit:C71355,RIGOSERTIB SODIUM,,,,False,,,
D05785,chembl:CHEMBL589258,CHEMBL:CHEMBL589258,,,,False,,,
D05786,chembl:CHEMBL3644672,BAY-1082439,,inhibitor,,False,,,
D05787,drugbank:DB12740,CC-115,,,,False,,,
D05788,ncit:C29855,THEAFLAVIN,,,,False,,,
D05789,iuphar.ligand:10908,BAY1125976,,,,False,,,
D05790,iuphar.ligand:7512,MS417,,,,False,,,
D05791,ncit:C74073,PI3K INHIBITOR BGT226,,inhibitor,,False,,,
D05792,iuphar.ligand:5984,HERBIMYCIN A,,,,False,,,
D05793,ncit:C1135,INDOLE-3-CARBINOL,,,,False,,,
D05794,ncit:C88329,VISTUSERTIB,,,,False,,,
D05795,ncit:C84837,PI3K/MTOR KINASE INHIBITOR PF-04691502,,inhibitor,,False,,,
D05796,ncit:C187335,MUTANT-SELECTIVE PI3K-ALPHA H1047R INHIBITOR LOXO-783,,,,False,,,
D05797,chembl:CHEMBL263664,CHEMBL:CHEMBL263664,,,,False,,,
D05798,rxcui:11055,UROKINASE,protein,,,True,,,
D05799,ncit:C138994,COPANLISIB HYDROCHLORIDE,,inhibitor,,True,,,
D05800,chembl:CHEMBL1939433,CHEMBL:CHEMBL1939433,,,,False,,,
D05801,ncit:C95737,AKT INHIBITOR LY2780301,,,,False,,,
D05802,ncit:C178401,RISOVALISIB,,,,False,,,
D05803,drugbank:DB12387,OSI-027,Kinase Inhibitors,,,False,,,
D05804,ncit:C49061,RIDAFOROLIMUS,Kinase Inhibitors,,,False,,,
D05805,rxcui:1232150,AFLIBERCEPT,fusion protein,inhibitor; antibody,,True,,,
D05806,rxcui:253166,"SYNTHETIC CONJUGATED ESTROGENS, A",,,,False,,,
D05807,rxcui:2478456,TIGILANOL TIGLATE,,activator,,False,,,
D05808,ncit:C80631,SOTRASTAURIN ACETATE,,,,False,,,
D05809,chembl:CHEMBL574737,UCN-01,,inhibitor,,False,,,
D05810,rxcui:2596,CLOMIPHENE,Fertility Agents,,,True,,,
D05811,ncit:C29869,"SN-1,2-DIDECANOYLGLYCEROL",,,,False,,,
D05812,ncit:C29713,ALPHA-ADRENERGIC ANTAGONIST,,,,False,,,
D05813,ncit:C29576,BETA-ADRENERGIC ANTAGONIST,,,,False,,,
D05814,ncit:C1891,PROGESTERONE ANTAGONIST,,,,False,,,
D05815,chembl:CHEMBL1698,BUPROPION HYDROCHLORIDE,,,,False,,,
D05816,rxcui:1310069,HYPOXIS HEMEROCALLIDEA ROOT EXTRACT,,,,True,,,
D05817,rxcui:18994,BENZNIDAZOLE,,,,True,,,
D05818,ncit:C1484,TYRPHOSTIN A25,,,,False,,,
D05819,rxcui:142432,CLONIDINE HYDROCHLORIDE,Small Molecule,,,True,,,
D05820,rxcui:4501,FLURAZEPAM,small molecule,,,True,,,
D05821,rxcui:4494,FLUOXYMESTERONE,Anabolic Agents,,,True,,,
D05822,rxcui:22690,DEXAMETHASONE ACETATE,,,,True,,,
D05823,rxcui:10378,TESTOLACTONE,small molecule,,,True,,,
D05824,ncit:C29710,ANTIPSYCHOTIC AGENT,,,,False,,,
D05825,ncit:C1091,ESTRONE SULFATE,,,,False,,,
D05826,ncit:C1910,GONADOTROPIN-RELEASING HORMONE ANALOG,,,,False,,,
D05827,ncit:C1538,RECOMBINANT FAS LIGAND,,,,False,,,
D05828,rxcui:772,ANCROD,,,,False,,,
D05829,rxcui:9913,SODIUM TETRADECYL SULFATE,Sclerosing Agents,,,True,,,
D05830,chembl:CHEMBL5315087,PROTEIN C CONCENTRATE (HUMAN),,,,True,,,
D05831,wikidata:Q123598631,3K3A-ACTIVATED PROTEIN C,,,,False,,,
D05832,ncit:C124652,ICT-121 DENDRITIC CELL VACCINE,,,,False,,,
D05833,drugbank:DB05161,ELAFIN,recombinant protein,,,False,,,
D05834,ncit:C152650,TIPRELESTAT,,,,False,,,
D05835,iuphar.ligand:7028,AMI-1,,inhibitor,,False,,,
D05836,iuphar.ligand:8955,MS023,,inhibitor,,False,,,
D05837,ncit:C200720,STILBAMIDINE,,,,False,,,
D05838,drugbank:DB13706,EOSIN,,,,False,,,
D05839,iuphar.ligand:7029,RM65,,inhibitor,,False,,,
D05840,chembl:CHEMBL1092740,CHEMBL:CHEMBL1092740,,,,False,,,
D05841,iuphar.ligand:7037,C21,,inhibitor,,False,,,
D05842,iuphar.ligand:11749,ONAMETOSTAT,,inhibitor,,False,,,
D05843,iuphar.ligand:9527,LLY-283,,inhibitor,,False,,,
D05844,ncit:C142177,PEMRAMETOSTAT,,inhibitor,,False,,,
D05845,iuphar.ligand:12116,MRTX1719,,inhibitor,,False,,,
D05846,iuphar.ligand:8395,DS-437,,inhibitor,,False,,,
D05847,iuphar.ligand:11844,PF-06939999,,inhibitor,,False,,,
D05848,iuphar.ligand:8288,CMP5 [PMID: 25742700],,inhibitor,,False,,,
D05849,iuphar.ligand:8287,EPZ015666,,inhibitor,,False,,,
D05850,iuphar.ligand:13320,TNG908,,inhibitor,,False,,,
D05851,iuphar.ligand:8954,GSK591,,inhibitor,,False,,,
D05852,ncit:C88295,BIRINAPANT,,,,False,,,
D05853,rxcui:2471078,TIRBANIBULIN,Kinase Inhibitors,,,True,,,
D05854,chembl:CHEMBL4303309,CX-5461,,,,False,,,
D05855,iuphar.ligand:8105,UMI-77,,,,False,,,
D05856,drugbank:DB12380,GDC-0152,,,,False,,,
D05857,ncit:C2670,MEK INHIBITOR CI-1040,,,,False,,,
D05858,chembl:CHEMBL4227505,BLZ945,,,,False,,,
D05859,iuphar.ligand:5928,KU-55933,,,,False,,,
D05860,iuphar.ligand:12338,RMC-5552,,,,False,,,
D05861,ncit:C2201,MTOR INHIBITOR,,,,False,,,
D05862,drugbank:DB16106,GSK2256098,,,,False,,,
D05863,iuphar.ligand:8041,KU-60019,,,,False,,,
D05864,iuphar.ligand:9368,CX-6258,,,,False,,,
D05865,rxcui:1723735,IXAZOMIB,,inhibitor,,True,,,
D05866,drugbank:DB16741,BORTEZOMIB D-MANNITOL,,inhibitor,,True,,,
D05867,ncit:C91388,OPROZOMIB,small molecule,inhibitor,,False,,,
D05868,rxcui:1723734,IXAZOMIB CITRATE,Small molecule,inhibitor,,True,,,
D05869,ncit:C64634,MARIZOMIB,,inhibitor,,False,,,
D05870,ncit:C72107,ANTRAFENINE,,inhibitor,,True,,,
D05871,drugbank:DB07610,"1,2-DIHYDROXYNAPHTHALENE",,,,False,,,
D05872,chembl:CHEMBL2109480,AHN-12,,binder,,False,,,
D05873,ncit:C2527,IODINE I 131 APAMISTAMAB,,,,False,,,
D05874,chembl:CHEMBL2109630,BC8 131I,,binder,,False,,,
D05875,ncit:C878,RECOMBINANT HUMAN THROMBOPOIETIN,,,,False,,,
D05876,rxcui:20343,CARPROFEN,"Anti-Inflammatory Agents, Non-Steroidal",inhibitor,,True,,,
D05877,rxcui:1294612,INDOMETHACIN SODIUM,,inhibitor,,True,,,
D05878,ncit:C81061,DARBUFELONE,,,,False,,,
D05879,ncit:C170327,PIRPROFEN,,inhibitor,,True,,,
D05880,ncit:C80544,ESFLURBIPROFEN,,inhibitor,,True,,,
D05881,rxcui:19737,BROMFENAC,"Anti-Inflammatory Agents, Non-Steroidal",,,True,,,
D05882,rxcui:17393,ALOXIPRIN,,inhibitor,,True,,,
D05883,rxcui:37790,TENOXICAM,"Anti-Inflammatory Agents, Non-Steroidal",,,False,,,
D05884,rxcui:9525,SALICYLIC ACID,Keratolytic Agents,,,True,,,
D05885,rxcui:237162,DEXKETOPROFEN,,inhibitor,,True,,,
D05886,rxcui:307296,ETORICOXIB,Small Molecule,inhibitor,,True,,,
D05887,rxcui:10255,SUPROFEN,small molecule,inhibitor,,True,,,
D05888,rxcui:31448,NABUMETONE,small molecule,inhibitor,,True,,,
D05889,rxcui:36761,IBUPROFEN LYSINE,,inhibitor,,True,,,
D05890,rxcui:16689,ACECLOFENAC,,inhibitor,,True,,,
D05891,ncit:C96750,IBUFENAC,,inhibitor,,True,,,
D05892,rxcui:18747,BALSALAZIDE,Small molecule,,,True,,,
D05893,rxcui:153718,BALSALAZIDE DISODIUM,,inhibitor,,True,,,
D05894,rxcui:28200,KETOROLAC TROMETHAMINE,Small Molecule,inhibitor,,True,,,
D05895,rxcui:81963,BENZYDAMINE HYDROCHLORIDE,,inhibitor,,True,,,
D05896,ncit:C83989,NAPROXCINOD,Small molecule,inhibitor,,False,,,
D05897,rxcui:24605,ETODOLAC,Small Molecule,inhibitor,,True,,,
D05898,ncit:C174668,DICLOFENAC ETALHYALURONATE SODIUM,,inhibitor,,False,,,
D05899,rxcui:660767,OXAPROZIN POTASSIUM,,inhibitor,,True,,,
D05900,rxcui:20890,LORNOXICAM,,inhibitor,,True,,,
D05901,drugbank:DB12354,IMRECOXIB,,,,False,,,
D05902,ncit:C77551,CIMICOXIB,Small molecule,inhibitor,,False,,,
D05903,ncit:C63957,LICOFELONE,Small molecule,,,False,,,
D05904,rxcui:91351,FLURBIPROFEN SODIUM,,inhibitor,,True,,,
D05905,rxcui:41493,MELOXICAM,small molecule,inhibitor,,True,,,
D05906,rxcui:36108,SALSALATE,small molecule,,,True,,,
D05907,rxcui:40968,DICLOFENAC EPOLAMINE,,inhibitor,,True,,,
D05908,rxcui:7833,AMINOSALICYLIC ACID,,,,True,,,
D05909,rxcui:1250203,ROBENACOXIB,,inhibitor,,True,,,
D05910,ncit:C74021,APRICOXIB,Small molecule,inhibitor,,False,,,
D05911,rxcui:1029,APAZONE,,inhibitor,,True,,,
D05912,ncit:C65643,FENCLOFENAC,,inhibitor,,True,,,
D05913,rxcui:19478,BISMUTH SUBSALICYLATE,,inhibitor,,True,,,
D05914,iuphar.ligand:13505,TIGEMOCOXIB,,,,False,,,
D05915,ncit:C66652,VEDAPROFEN,,inhibitor,,False,,,
D05916,ncit:C61499,NITRIC OXIDE-RELEASING ACETYLSALICYLIC ACID DERIVATIVE,Small molecule,,,False,,,
D05917,rxcui:32613,OXAPROZIN,"Anti-Inflammatory Agents, Non-Steroidal",inhibitor,,True,,,
D05918,rxcui:6142,KETOPROFEN,Small Molecule,inhibitor,,True,,,
D05919,chembl:CHEMBL427526,(R)-IBUPROPHEN,,,,False,,,
D05920,ncit:C170335,POLMACOXIB,Small molecule,inhibitor,,False,,,
D05921,ncit:C83801,INDOPROFEN,,inhibitor,,True,,,
D05922,rxcui:298665,NEPAFENAC,Antiinflammatory agent,inhibitor,,True,,,
D05923,drugbank:DB12009,GW-406381,,inhibitor,,False,,,
D05924,rxcui:24830,FENBUFEN,,,,False,,,
D05925,ncit:C174926,ENFLICOXIB,,inhibitor,,False,,,
D05926,ncit:C166529,NAPROXEN ETEMESIL,Small molecule,inhibitor,,False,,,
D05927,rxcui:81997,DICLOFENAC POTASSIUM,,inhibitor,,True,,,
D05928,rxcui:3523,DIPYRONE,,inhibitor,,True,,,
D05929,rxcui:4301,OMEGA-3 FATTY ACIDS,,,,True,,,
D05930,ncit:C80558,ISOXICAM,,inhibitor,,True,,,
D05931,rxcui:104123,OLSALAZINE SODIUM,,inhibitor,,True,,,
D05932,rxcui:1425,BENZYDAMINE,,inhibitor,,True,,,
D05933,ncit:C76639,MAVACOXIB,,inhibitor,,False,,,
D05934,rxcui:588003,MECLOFENAMATE,"Anti-Inflammatory Agents, Non-Steroidal",,,True,,,
D05935,chembl:CHEMBL443095,E163,,,,False,,,
D05936,rxcui:16695,ACEMETACIN,,inhibitor,,True,,,
D05937,chembl:CHEMBL2171117,CHEMBL:CHEMBL2171117,,,,False,,,
D05938,rxcui:473298,FIROCOXIB,,inhibitor,,False,,,
D05939,ncit:C166907,DEXIBUPROFEN,,inhibitor,,True,,,
D05940,ncit:C77348,CLOMETACIN,,inhibitor,,True,,,
D05941,rxcui:28908,LOXOPROFEN,,inhibitor,,True,,,
D05942,ncit:C77949,DERSALAZINE,Small molecule,,,False,,,
D05943,rxcui:279951,PARECOXIB SODIUM,,inhibitor,,True,,,
D05944,rxcui:4331,FENOPROFEN,"Anti-Inflammatory Agents, Non-Steroidal",,,True,,,
D05945,rxcui:278567,VALDECOXIB,,inhibitor,,True,,,
D05946,rxcui:267171,FENOPROFEN CALCIUM,,inhibitor,,True,,,
D05947,rxcui:47364,BROMFENAC SODIUM,,inhibitor,,True,,,
D05948,chembl:CHEMBL3301581,ABALOPARATIDE,,,,False,,,
D05949,chembl:CHEMBL2108078,PARATHYROID HORMONE,recombinant protein,,,False,,,
D05950,chembl:CHEMBL4802222,OSTABOLIN-C,peptide,,,False,,,
D05951,rxcui:1427222,PARATHYROID HORMONE,recombinant protein,,,True,,,
D05952,chembl:CHEMBL2068504,STIBOGLUCONATE,small molecule,,,False,,,
D05953,ncit:C139559,BATOPROTAFIB,,inhibitor,,False,,,
D05954,rxcui:3446,SUCCIMER,,,,True,,,
D05955,chembl:CHEMBL510966,CHEMBL:CHEMBL510966,,,,False,,,
D05956,drugbank:DB15412,LB-100,,,,False,,,
D05957,ncit:C123828,COFETUZUMAB PELIDOTIN,,,,False,,,
D05958,drugbank:DB05933,MK-4721,,inhibitor,,False,,,
D05959,ncit:C128031,AUTOLOGOUS PROSTATE STEM CELL ANTIGEN-SPECIFIC CAR T CELLS BPX-601,,,,False,,,
D05960,chembl:CHEMBL2109548,MK-4721,monoclonal antibody,,,False,,,
D05961,ncit:C71157,ANTI-PSCA MONOCLONAL ANTIBODY AGS-1C4D4,monoclonal antibody,,,False,,,
D05962,chembl:CHEMBL3545173,IRX4310,,inhibitor,,False,,,
D05963,drugbank:DB05785,LGD-1550,Small molecule,,,False,,,
D05964,rxcui:4182,ETRETINATE,,agonist,,True,,,
D05965,iuphar.ligand:8276,PALOVAROTENE,small molecule,,,False,,,
D05966,iuphar.ligand:4055,AC55649,,,,False,,,
D05967,ncit:C63667,MOFAROTENE,,modulator,,False,,,
D05968,chembl:CHEMBL554475,CHEMBL:CHEMBL554475,,,,False,,,
D05969,chembl:CHEMBL563777,CHEMBL:CHEMBL563777,,,,False,,,
D05970,chembl:CHEMBL562095,CHEMBL:CHEMBL562095,,,,False,,,
D05971,chembl:CHEMBL579882,CHEMBL:CHEMBL579882,,,,False,,,
D05972,iuphar.ligand:11057,NSC 23766,,,,False,,,
D05973,rxcui:349730,ANHYDROUS DEXTROSE,,,,True,,,
D05974,rxcui:679314,PALIPERIDONE,Antipsychotic Agents,,,True,,,
D05975,rxcui:46303,AMISULPRIDE,Small molecule,,,True,,,
D05976,ncit:C74594,REBEMADLIN,,,,False,,,
D05977,drugbank:DB18193,VCN-01,,,,False,,,
D05978,ncit:C125899,DALPICICLIB,,,,False,,,
D05979,rxcui:2044896,FOSTAMATINIB,Small molecule,,,True,,,
D05980,rxcui:2479690,TRILACICLIB,,,,True,,,
D05981,ncit:C165238,AURORA A KINASE INHIBITOR LY3295668 ERBUMINE,,,,False,,,
D05982,drugbank:DB18019,LY3295668,,,,False,,,
D05983,iuphar.ligand:5707,R547,,,,False,,,
D05984,rxcui:105556,ESTRAMUSTINE PHOSPHATE,,,,False,,,
D05985,chembl:CHEMBL456559,CHEMBL:CHEMBL456559,,,,False,,,
D05986,ncit:C1519,ROQUINIMEX,,,,False,,,
D05987,chembl:CHEMBL4297978,BTI-410,,,,False,,,
D05988,chembl:CHEMBL2109124,DORLIMOMAB ARITOX,,inhibitor,,False,,,
D05989,chembl:CHEMBL4297789,MT-3724,,inhibitor,,False,,,
D05990,ncit:C169791,ATALUREN,,modulator,,True,,,
D05991,ncit:C174918,EXALUREN,,modulator,,False,,,
D05992,iuphar.ligand:4271,NS004,,activator,,False,,,
D05993,chembl:CHEMBL235934,CLAUSINE E,,,,False,,,
D05994,iuphar.ligand:4272,NS1619,,activator,,False,,,
D05995,ncit:C198976,RET INHIBITOR APS03118,,,,False,,,
D05996,ncit:C79844,VOLASERTIB,PLK1 inhibitor,,,False,,,
D05997,ncit:C167210,ENBEZOTINIB,,,,False,,,
D05998,drugbank:DB05169,AT9283,Small molecule,inhibitor,,False,,,
D05999,ncit:C199307,RET INHIBITOR TY-1091,,,,False,,,
D06000,iuphar.ligand:5933,AZD1480,Kinase Inhibitors,,,False,,,
D06001,rxcui:1727454,ALECTINIB HYDROCHLORIDE,,inhibitor,,True,,,
D06002,chembl:CHEMBL4074884,MITOQUINONE MESYLATE,,,,False,,,
D06003,ncit:C187107,RET INHIBITOR SY-5007,,,,False,,,
D06004,ncit:C48402,LESTAURTINIB,Pan-TK inhibitor,inhibitor,,False,,,
D06005,ncit:C200562,RET INHIBITOR FHND5071,,,,False,,,
D06006,chembl:CHEMBL3355009,GSK-3179106,,,,False,,,
D06007,ncit:C189067,RET INHIBITOR EP0031,,,,False,,,
D06008,ncit:C91394,JAK2 INHIBITOR AZD1480,,,,False,,,
D06009,ncit:C176968,VEPAFESTINIB,,,,False,,,
D06010,ncit:C186653,RET INHIBITOR HS-10365,,,,False,,,
D06011,chembl:CHEMBL4650296,BOS-589,,inhibitor,,False,,,
D06012,ncit:C75190,MURAGLITAZAR,Small molecule,,,False,,,
D06013,chembl:CHEMBL3969876,IMARIKIREN HYDROCHLORIDE,,inhibitor,,False,,,
D06014,chembl:CHEMBL4297361,1.ALPHA.-HYDROXYVITAMIN D5,Small molecule,,,False,,,
D06015,chembl:CHEMBL1667,ALISKIREN FUMARATE,,inhibitor,,True,,,
D06016,chembl:CHEMBL60550,TERLAKIREN,,,,False,,,
D06017,iuphar.ligand:12196,SITOKIREN,,inhibitor,,False,,,
D06018,ncit:C73099,REMIKIREN,Antihypertensive Agents,,,False,,,
D06019,rxcui:325646,ALISKIREN,Antihypertensive Agents,,,True,,,
D06020,drugbank:DB12416,VTP-27999,small molecule,,,False,,,
D06021,rxcui:233272,BEXAROTENE,Small Molecule,agonist,,True,,,
D06022,ncit:C140551,RETINOID X RECEPTOR AGONIST IRX4204,,,,False,,,
D06023,iuphar.ligand:10186,"COMPOUND 28 [HEITEL ET AL., 2019]",,agonist,,False,,,
D06024,chembl:CHEMBL75133,IRX-4204,,agonist,,False,,,
D06025,rxcui:7300,NEOMYCIN SULFATE,,inhibitor,,True,,,
D06026,rxcui:1549556,DIHYDROSTREPTOMYCIN SULFATE,,inhibitor,,True,,,
D06027,rxcui:6398,LINCOMYCIN,,inhibitor,,True,,,
D06028,ncit:C83613,CETHROMYCIN,,inhibitor,,False,,,
D06029,ncit:C166991,NAFITHROMYCIN,,inhibitor,,False,,,
D06030,rxcui:1870193,GENTAMICIN SULFATE,,inhibitor,,True,,,
D06031,rxcui:4055,ERYTHROMYCIN ESTOLATE,,inhibitor,,True,,,
D06032,rxcui:4556,FRAMYCETIN,,inhibitor,,True,,,
D06033,rxcui:142446,TETRACYCLINE HYDROCHLORIDE,,inhibitor,,True,,,
D06034,rxcui:82036,LINCOMYCIN HYDROCHLORIDE,,inhibitor,,True,,,
D06035,rxcui:203183,KANAMYCIN SULFATE,,inhibitor,,True,,,
D06036,rxcui:1368468,TYLVALOSIN TARTRATE,,inhibitor,,False,,,
D06037,ncit:C152482,SUTEZOLID,,inhibitor,,False,,,
D06038,rxcui:81982,CLINDAMYCIN HYDROCHLORIDE,,inhibitor,,True,,,
D06039,rxcui:1367291,PIRLIMYCIN HYDROCHLORIDE,,inhibitor,,False,,,
D06040,rxcui:10864,TROLEANDOMYCIN,,inhibitor,,True,,,
D06041,rxcui:24351,ERYTHROMYCIN STEARATE,,inhibitor,,True,,,
D06042,ncit:C65248,BEKANAMYCIN,,inhibitor,,False,,,
D06043,rxcui:2582,CLINDAMYCIN,,inhibitor,,True,,,
D06044,rxcui:6084,JOSAMYCIN,,inhibitor,,False,,,
D06045,rxcui:384455,TIGECYCLINE,,inhibitor,,True,,,
D06046,rxcui:82065,OXYTETRACYCLINE CALCIUM,,inhibitor,,True,,,
D06047,chembl:CHEMBL3137691,QUINUPRISTIN/DALFOPRISTIN,,inhibitor,,True,,,
D06048,rxcui:9991,SPIRAMYCIN,,inhibitor,,True,,,
D06049,ncit:C66655,VIOMYCIN SULFATE,,inhibitor,,True,,,
D06050,rxcui:9806,SISOMICIN,,inhibitor,,False,,,
D06051,rxcui:203162,MECLOCYCLINE SULFOSALICYLATE,,inhibitor,,True,,,
D06052,rxcui:1113697,GAMITHROMYCIN,,inhibitor,,False,,,
D06053,rxcui:2052872,PLAZOMICIN SULFATE,,inhibitor,,True,,,
D06054,rxcui:2055906,ERAVACYCLINE,,inhibitor,,True,,,
D06055,ncit:C81442,RADEZOLID,,inhibitor,,False,,,
D06056,rxcui:203193,NETILMICIN SULFATE,,inhibitor,,True,,,
D06057,rxcui:47998,CHLORAMPHENICOL SODIUM SUCCINATE,,inhibitor,,True,,,
D06058,rxcui:2059268,OMADACYCLINE TOSYLATE,,inhibitor,,True,,,
D06059,rxcui:229367,QUINUPRISTIN,,inhibitor,,True,,,
D06060,rxcui:42545,CHLORTETRACYCLINE HYDROCHLORIDE,,inhibitor,,True,,,
D06061,rxcui:2198943,LEFAMULIN ACETATE,,inhibitor,,True,,,
D06062,ncit:C171693,CONTEZOLID,,inhibitor,,False,,,
D06063,rxcui:1540825,TEDIZOLID,,inhibitor,,True,,,
D06064,rxcui:66912,PAROMOMYCIN SULFATE,,inhibitor,,True,,,
D06065,rxcui:10110,STREPTOMYCIN SULFATE,,inhibitor,,True,,,
D06066,rxcui:1987,CAPREOMYCIN SULFATE,,inhibitor,,True,,,
D06067,rxcui:1540824,TEDIZOLID PHOSPHATE,,inhibitor,,True,,,
D06068,rxcui:229369,DALFOPRISTIN,,inhibitor,,True,,,
D06069,rxcui:1306059,TILDIPIROSIN,,inhibitor,,False,,,
D06070,rxcui:24346,ERYTHROMYCIN GLUCEPTATE,,inhibitor,,True,,,
D06071,ncit:C166717,DELPAZOLID,,inhibitor,,False,,,
D06072,rxcui:20767,CHLORAMPHENICOL PALMITATE,,inhibitor,,True,,,
D06073,rxcui:10627,TOBRAMYCIN,,inhibitor,,True,,,
D06074,rxcui:23437,DIRITHROMYCIN,,inhibitor,,True,,,
D06075,ncit:C169864,CONTEZOLID ACEFOSAMIL,,inhibitor,,False,,,
D06076,rxcui:81993,DEMECLOCYCLINE HYDROCHLORIDE,,inhibitor,,True,,,
D06077,rxcui:24347,ERYTHROMYCIN LACTOBIONATE,,inhibitor,,True,,,
D06078,ncit:C118642,CADAZOLID,,inhibitor,,False,,,
D06079,rxcui:267342,SPECTINOMYCIN HYDROCHLORIDE,,inhibitor,,True,,,
D06080,rxcui:1309314,TULATHROMYCIN,,inhibitor,,True,,,
D06081,rxcui:2055907,ERAVACYCLINE DIHYDROCHLORIDE,,inhibitor,,True,,,
D06082,rxcui:2105975,TETRACYCLINE PHOSPHATE COMPLEX,,inhibitor,,True,,,
D06083,ncit:C152637,TIOCARLIDE,,,,False,,,
D06084,drugbank:DB13024,MK-8245,,,,False,,,
D06085,drugbank:DB11860,ARAMCHOL,,,,False,,,
D06086,ncit:C184934,IDREVLORIDE,,blocker,,False,,,
D06087,chembl:CHEMBL4297254,552-02,Small molecule,,,False,,,
D06088,chembl:CHEMBL585502,CHEMBL:CHEMBL585502,,,,False,,,
D06089,ncit:C78840,INDATUXIMAB RAVTANSINE,,binder,,False,,,
D06090,chembl:CHEMBL3187683,ARUNDIC ACID,,,,False,,,
D06091,rxcui:535,ALPHA 1-ANTITRYPSIN,Enzyme Replacement Agents,,,True,,,
D06092,ncit:C170052,IGMESINE,,,,False,,,
D06093,ncit:C102786,RIVIPANSEL,Small molecule,inhibitor,,False,,,
D06094,ncit:C72942,BIMOSIAMOSE,Small molecule,inhibitor,,False,,,
D06095,ncit:C171823,ASELIZUMAB,,inhibitor,,False,,,
D06096,chembl:CHEMBL375586,SIALYL LEWIS X,,,,False,,,
D06097,drugbank:DB17605,CY-1503,,,,False,,,
D06098,chembl:CHEMBL2109486,CDP-850,,inhibitor,,False,,,
D06099,drugbank:DB18092,GMI-1359,,,,False,,,
D06100,ncit:C119743,UPROLESELAN,,inhibitor,,False,,,
D06101,rxcui:274964,CICLESONIDE,Anti-Inflammatory Agents,,,True,,,
D06102,rxcui:7910,PARAMETHASONE,small molecule,,,True,,,
D06103,iuphar.ligand:4631,DL-TBOA,,inhibitor,,False,,,
D06104,rxcui:1169,ASPARTIC ACID,,,,True,,,
D06105,iuphar.ligand:4698,[3H]D-ASPARTIC ACID,,,,False,,,
D06106,iuphar.ligand:4573,THREO-3-METHYLGLUTAMATE,,inhibitor,,False,,,
D06107,ncit:C2446,MONOCLONAL ANTIBODY 11D10,,,,False,,,
D06108,ncit:C152467,SULODEXIDE,Antithrombotic Agents,,,True,,,
D06109,rxcui:104466,TINZAPARIN SODIUM,Anticoagulants,,,True,,,
D06110,ncit:C72739,DIAPLASININ,,,,False,,,
D06111,ncit:C29750,THROMBOLYTIC AGENT,,,,False,,,
D06112,chembl:CHEMBL4802182,THR-18,,,,False,,,
D06113,rxcui:7426,NIMODIPINE,small molecule,,,True,,,
D06114,rxcui:11017,URIDINE,,,,True,,,
D06115,rxcui:4099,"ESTROGENS, CONJUGATED (USP)",Hormone Replacement Agents,,,True,,,
D06116,ncit:C77020,TIPLASININ,,,,False,,,
D06117,rxcui:1311089,DEFIBROTIDE,,,,True,,,
D06118,rxcui:68147,CETRORELIX,peptide,,,True,,,
D06119,ncit:C76071,ALEPLASININ,,inhibitor,,False,,,
D06120,iuphar.ligand:3929,E55888,,agonist,,False,,,
D06121,rxcui:1040027,LURASIDONE HYDROCHLORIDE,Small molecule,inhibitor,,True,,,
D06122,iuphar.ligand:3237,SB656104,,inhibitor,,False,,,
D06123,iuphar.ligand:8431,DR-4004,,inhibitor,,False,,,
D06124,iuphar.ligand:3248,[3H]5-HT,,agonist,,False,,,
D06125,iuphar.ligand:8433,AS-19,,agonist,,False,,,
D06126,iuphar.ligand:154,(+)-LSD,,agonist,,False,,,
D06127,iuphar.ligand:284,OLEAMIDE,,modulator,,False,,,
D06128,iuphar.ligand:262,[3H]5-CT,,agonist,,False,,,
D06129,iuphar.ligand:281,SB 258719,,inhibitor,,False,,,
D06130,iuphar.ligand:8432,JNJ-18038683,,inhibitor,,False,,,
D06131,iuphar.ligand:257,SB 207710,,inhibitor,,False,,,
D06132,iuphar.ligand:3233,SB269970,,inhibitor,,False,,,
D06133,iuphar.ligand:11959,EGIS-11150,,inhibitor,,False,,,
D06134,ncit:C66417,PIRENPERONE,,inhibitor,,False,,,
D06135,iuphar.ligand:219,[3H]LSD,,agonist,,False,,,
D06136,iuphar.ligand:272,2-BROMO-LSD,,inhibitor,,False,,,
D06137,ncit:C73316,FLUPERLAPINE,,inhibitor,,False,,,
D06138,ncit:C83940,MESULERGINE,,inhibitor,,False,,,
D06139,iuphar.ligand:5050,PROTEIN S,,,,False,,,
D06140,iuphar.ligand:8247,LDC1267,,inhibitor,,False,,,
D06141,iuphar.ligand:4935,GROWTH ARREST SPECIFIC PROTEIN 6,,,,False,,,
D06142,iuphar.ligand:13302,UNC8969,,inhibitor,,False,,,
D06143,iuphar.ligand:8135,COMPOUND 21 [PMID: 23312943],,inhibitor,,False,,,
D06144,iuphar.ligand:12320,SLC-391,,inhibitor,,False,,,
D06145,iuphar.ligand:10131,UNC4203,,inhibitor,,False,,,
D06146,rxcui:85247,ALOSETRON HYDROCHLORIDE,,,,True,,,
D06147,chembl:CHEMBL1255758,CHEMBL:CHEMBL1255758,,,,False,,,
D06148,rxcui:2562549,MAGNOLOL,,,,False,,,
D06149,chembl:CHEMBL537445,FENOTEROL HBR,,,,False,,,
D06150,rxcui:23321,DINOPROST TROMETHAMINE,Abortifacient Agents,,,True,,,
D06151,rxcui:20814,ACETYLCHOLINE CHLORIDE,,,,True,,,
D06152,rxcui:10369,TERBUTALINE SULFATE,,,,True,,,
D06153,chembl:CHEMBL387632,CHEMBL:CHEMBL387632,,,,False,,,
D06154,chembl:CHEMBL1255831,E1001,,,,False,,,
D06155,chembl:CHEMBL399705,(S)-ONDANSETRON,,,,False,,,
D06156,rxcui:2562546,HONOKIOL,,,,False,,,
D06157,chembl:CHEMBL601970,CHEMBL:CHEMBL601970,,,,False,,,
D06158,rxcui:203121,DOBUTAMINE HYDROCHLORIDE,,,,True,,,
D06159,chembl:CHEMBL1256576,BETAINE ALDEHYDE CHLORIDE,,,,False,,,
D06160,chembl:CHEMBL1644904,2-(1-PHENYLETHYLIDENE)HYDRAZINECARBOXIMIDAMIDE,,,,False,,,
D06161,chembl:CHEMBL589421,CHEMBL:CHEMBL589421,,,,False,,,
D06162,ncit:C1612,GLUFOSFAMIDE,Small molecule,,,False,,,
D06163,rxcui:2638675,SOTAGLIFLOZIN,Small molecule,inhibitor,,True,,,
D06164,ncit:C150375,LICOGLIFLOZIN,,inhibitor,,False,,,
D06165,chembl:CHEMBL4297965,GSK-1614235,,,,False,,,
D06166,ncit:C116747,LIFASTUZUMAB VEDOTIN,,binder,,False,,,
D06167,iuphar.ligand:4643,[3H]2-DEOXYGLUCOSE,,,,False,,,
D06168,ncit:C963,SARCNU,,,,False,,,
D06169,ncit:C112001,LADIRATUZUMAB VEDOTIN,,binder,,False,,,
D06170,iuphar.ligand:8737,IGN523,,,,False,,,
D06171,chembl:CHEMBL2109571,AMG-167,,inhibitor,,False,,,
D06172,ncit:C152352,SETRUSUMAB,,inhibitor,,False,,,
D06173,chembl:CHEMBL4297918,SETRUSUMAB,,,,False,,,
D06174,rxcui:2123126,ROMOSOZUMAB,,inhibitor,,True,,,
D06175,chembl:CHEMBL2109572,ANTI-SCLEROSTIN,,inhibitor,,False,,,
D06176,ncit:C171830,BLOSOZUMAB,,inhibitor,,False,,,
D06177,chembl:CHEMBL1742993,BLOSOZUMAB,,,,False,,,
D06178,rxcui:2634995,TOFERSEN,antisense oligo,,,True,,,
D06179,iuphar.ligand:9578,SR8185,,inhibitor,,False,,,
D06180,iuphar.ligand:9580,MPI-0485520,,inhibitor,,False,,,
D06181,iuphar.ligand:8006,BX-795,,inhibitor,,False,,,
D06182,iuphar.ligand:10343,GSK8612,,inhibitor,,False,,,
D06183,iuphar.ligand:9579,COMPOUND II [PMID: 21329883],,inhibitor,,False,,,
D06184,iuphar.ligand:8062,MRT67307,,inhibitor,,False,,,
D06185,iuphar.ligand:8196,COMPOUND 17D [PMID: 23099093],,inhibitor,,False,,,
D06186,iuphar.ligand:10597,BAY-985,,inhibitor,,False,,,
D06187,rxcui:228790,DUTASTERIDE,Small molecule,inhibitor,,True,,,
D06188,chembl:CHEMBL85826,CHEMBL:CHEMBL85826,,,,False,,,
D06189,ncit:C48416,PICOPLATIN,,,,False,,,
D06190,chembl:CHEMBL388529,GUTTIFERONE K,,,,False,,,
D06191,chembl:CHEMBL363332,CHEMBL:CHEMBL363332,,,,False,,,
D06192,chembl:CHEMBL1374370,CHEMBL:CHEMBL1374370,,,,False,,,
D06193,rxcui:1294569,ESOMEPRAZOLE SODIUM,"GI Anti-Ulcer Agents, Proton-pump Inhibitors",,,True,,,
D06194,rxcui:1426886,CYSTEAMINE HYDROCHLORIDE,Small molecule,,,True,,,
D06195,ncit:C2132,BOMBESIN ANTAGONIST,,,,False,,,
D06196,ncit:C924,VALINOMYCIN,,,,False,,,
D06197,rxcui:2473,CHONDROITIN SULFATES,,,,True,,,
D06198,chembl:CHEMBL2109530,ASK-8007,,inhibitor,,False,,,
D06199,ncit:C81569,IFETROBAN SODIUM,,,,False,,,
D06200,ncit:C96923,TERBOGREL,,inhibitor,,False,,,
D06201,ncit:C96931,RIDOGREL,,,,False,,,
D06202,ncit:C90671,SERATRODAST,,inhibitor,,True,,,
D06203,chembl:CHEMBL3910075,CE-245677,,inhibitor,,False,,,
D06204,ncit:C152161,RAZUPROTAFIB,,,,False,,,
D06205,ncit:C152162,REBASTINIB,,,,False,,,
D06206,rxcui:1294580,GEMTUZUMAB OZOGAMICIN,monoclonal antibody,,,True,,,
D06207,iuphar.ligand:4994,IL-3,,,,False,,,
D06208,rxcui:42319,NIZATIDINE,small molecule,,,True,,,
D06209,rxcui:899420,GINGER ALLERGENIC EXTRACT,,,,True,,,
D06210,rxcui:6926,MEXILETINE,small molecule,,,True,,,
D06211,ncit:C100098,ADEMETIONINE,,,,False,,,
D06212,ncit:C78450,TRANSFERRIN RECEPTOR-TARGETED ANTI-RRM2 SIRNA CALAA-01,,,,False,,,
D06213,rxcui:6873,METHYLCELLULOSE,,,,True,,,
D06214,ncit:C82384,TSP-1 MIMETIC FUSION PROTEIN CVX-045,,antibody,,False,,,
D06215,iuphar.ligand:5044,PEPTIDOGLYCAN,,agonist,,False,,,
D06216,ncit:C169880,DEFOSLIMOD,,,,False,,,
D06217,ncit:C120554,TOMARALIMAB,,inhibitor,,False,,,
D06218,iuphar.ligand:10341,DIPROVOCIM-1,,agonist,,False,,,
D06219,ncit:C77884,TLR AGONIST CADI-05,,,,False,,,
D06220,wikidata:Q106715128,DIAPEP277,vaccine,,,False,,,
D06221,chembl:CHEMBL504510,RESVERATROL HEXANOIC ACID,,,,False,,,
D06222,chembl:CHEMBL1836411,CHEMBL:CHEMBL1836411,,,,False,,,
D06223,iuphar.ligand:8888,COMPOUND 13 [PMID: 23098072],,agonist,,False,,,
D06224,iuphar.ligand:9408,TOMARALIMAB,,antibody,,False,,,
D06225,rxcui:9794,SILYMARIN,,,,False,,,
D06226,chembl:CHEMBL1743022,FRESOLIMUMAB,,antibody,,False,,,
D06227,ncit:C124229,BINTRAFUSP ALFA,,binder,,False,,,
D06228,ncit:C132250,NISEVOKITUG,,,,False,,,
D06229,ncit:C116357,VACTOSERTIB,,,,False,,,
D06230,rxcui:2678930,SOTATERCEPT,fusion protein,,,True,,,
D06231,ncit:C116891,GALUNISERTIB,,,,False,,,
D06232,ncit:C166687,DISITERTIDE,,,,False,,,
D06233,ncit:C63546,FRESOLIMUMAB,,inhibitor,,False,,,
D06234,rxcui:5653,IDOXURIDINE,,,,True,,,
D06235,chembl:CHEMBL2109585,LY-2382770,,inhibitor,,False,,,
D06236,ncit:C166745,METELIMUMAB,,inhibitor,,False,,,
D06237,ncit:C2418,BOVINE CARTILAGE,,,,False,,,
D06238,rxcui:2045114,ANDEXANET ALFA,,inhibitor,,True,,,
D06239,chembl:CHEMBL4297890,ARC-19499,,,,False,,,
D06240,ncit:C166914,CONCIZUMAB,,inhibitor,,False,,,
D06241,ncit:C28896,CREMOPHOR,,,,False,,,
D06242,ncit:C166436,MARSTACIMAB,,inhibitor,,False,,,
D06243,chembl:CHEMBL4297904,BAY-1093884,,inhibitor,,False,,,
D06244,ncit:C152614,TIFACOGIN,,,,False,,,
D06245,chembl:CHEMBL4297730,CONCIZUMAB,,,,False,,,
D06246,chembl:CHEMBL2109495,E2.3,,inhibitor,,False,,,
D06247,ncit:C170281,PABINAFUSP ALFA,,binder,,False,,,
D06248,chembl:CHEMBL2109494,A27.15,,inhibitor,,False,,,
D06249,rxcui:13982,TIRATRICOL,,,,False,,,
D06250,rxcui:3292,DEXTROTHYROXINE,,agonist,,True,,,
D06251,rxcui:40070,DEXTROTHYROXINE SODIUM,,agonist,,True,,,
D06252,ncit:C1925,LYSOZYME,,,,False,,,
D06253,chembl:CHEMBL2109600,RO-5458640,,inhibitor,,False,,,
D06254,chembl:CHEMBL2109598,BIIB-023,,inhibitor,,False,,,
D06255,ncit:C166480,NERELIMOMAB,,inhibitor,,False,,,
D06256,rxcui:3538,CROMOLYN SODIUM,,,,True,,,
D06257,ncit:C170329,PLACULUMAB,,inhibitor,,False,,,
D06258,rxcui:819300,GOLIMUMAB,Immunosuppressive Agents,inhibitor,,True,,,
D06259,rxcui:25789,GLIMEPIRIDE,Hypoglycemic Agents,,,True,,,
D06260,ncit:C166662,LENERCEPT,,inhibitor,,False,,,
D06261,iuphar.ligand:9597,REMTOLUMAB,,,,False,,,
D06262,ncit:C174799,LENABASUM,,,,False,,,
D06263,rxcui:1311625,MAGNESIUM SULFATE ANHYDROUS,,,,True,,,
D06264,ncit:C745,PICIBANIL,,,,False,,,
D06265,rxcui:4461,FLUOCINOLONE ACETONIDE,Small Molecule,,,True,,,
D06266,ncit:C175183,OZORALIZUMAB,antibody fragment,inhibitor,,False,,,
D06267,ncit:C90875,PEGSUNERCEPT,,inhibitor,,False,,,
D06268,chembl:CHEMBL4297682,ABBV-257,,,,False,,,
D06269,iuphar.ligand:10469,COVA322,,,,False,,,
D06270,ncit:C97947,CERTOLIZUMAB,,,,False,,,
D06271,drugbank:DB05054,AN0128,,,,False,,,
D06272,ncit:C166960,AFELIMOMAB,,inhibitor,,False,,,
D06273,chembl:CHEMBL2108739,PLACULUMAB,antibody,,,False,,,
D06274,drugbank:DB16201,ISIS 104838,antisense oligo,,,False,,,
D06275,ncit:C26672,SOBLIDOTIN,,,,False,,,
D06276,rxcui:1546029,MEROPENEM ANHYDROUS,,,,True,,,
D06277,rxcui:142435,ETHAMBUTOL HYDROCHLORIDE,,,,True,,,
D06278,drugbank:DB18455,AVX-470,bovine polyclonal antibody,,,False,,,
D06279,drugbank:DB05879,AME-527,monoclonal antibody,,,False,,,
D06280,ncit:C96757,ONERCEPT,,inhibitor,,False,,,
D06281,drugbank:DB05758,CYT007-TNFQB,vaccine,,,False,,,
D06282,rxcui:42933,TIMOLOL MALEATE,,,,True,,,
D06283,iuphar.ligand:12917,ABBV-3373,,binder,,False,,,
D06284,rxcui:6218,LACTULOSE,,,,True,,,
D06285,ncit:C1140,MITOMYCIN C ANALOG KW-2149,,,,False,,,
D06286,rxcui:66925,PROCARBAZINE HYDROCHLORIDE,,,,True,,,
D06287,ncit:C1867,ORTATAXEL,small molecule,,,False,,,
D06288,ncit:C2139,IMMUNOSTIMULANT,,,,False,,,
D06289,ncit:C1643,PNEUMOCOCCAL POLYVALENT VACCINE,,,,False,,,
D06290,chembl:CHEMBL2109587,AZ9773,,inhibitor,,False,,,
D06291,ncit:C152189,REMTOLUMAB,,inhibitor,,False,,,
D06292,ncit:C2626,HUANG LIAN,,,,False,,,
D06293,rxcui:42954,VITAMIN B6,,,,True,,,
D06294,iuphar.ligand:5071,TL1A,,,,False,,,
D06295,ncit:C166566,TIMBETASIN,,,,False,,,
D06296,ncit:C116879,RECOMBINANT ADENOVIRUS 5 ENCODING TUMOR NECROSIS FACTOR-RELATED APOPTOSIS-INDUCING LIGAND,,,,False,,,
D06297,ncit:C64621,LEXATUMUMAB,Therapeutic Antibodies,antibody; agonist,,False,,,
D06298,ncit:C1685,DULANERMIN,Therapeutic Antibodies,antibody; agonist,,False,,,
D06299,ncit:C71693,APOMAB,Therapeutic Antibodies,agonist; antibody,,False,,,
D06300,ncit:C71015,CONATUMUMAB,Therapeutic Antibodies,agonist; antibody,,False,,,
D06301,chembl:CHEMBL2109247,LBY-135,Therapeutic Antibodies,agonist; antibody,,False,,,
D06302,drugbank:DB05895,HGS-TR2J,monoclonal antibody,,,False,,,
D06303,ncit:C62482,TIGATUZUMAB,,agonist,,False,,,
D06304,ncit:C95784,DROZITUMAB,,agonist,,False,,,
D06305,chembl:CHEMBL596082,CHEMBL:CHEMBL596082,,,,False,,,
D06306,ncit:C83999,NEMORUBICIN,,,,False,,,
D06307,chembl:CHEMBL1080077,CHEMBL:CHEMBL1080077,,,,False,,,
D06308,chembl:CHEMBL1822982,TRICITRINOL B,,,,False,,,
D06309,rxcui:1440270,AMONAFIDE,Small molecule,,,False,,,
D06310,ncit:C1733,TAS-103,,,,False,,,
D06311,ncit:C1615,ELINAFIDE,,,,False,,,
D06312,rxcui:42322,FLEROXACIN,,,,False,,,
D06313,ncit:C95148,VOSAROXIN,small molecule,inhibitor,,False,,,
D06314,chembl:CHEMBL2332132,SECAUBRYOLIDE,,,,False,,,
D06315,chembl:CHEMBL2332128,CHEMBL:CHEMBL2332128,,,,False,,,
D06316,rxcui:35797,ROSOXACIN,,,,False,,,
D06317,chembl:CHEMBL479291,UNGEREMINE,,,,False,,,
D06318,ncit:C66331,PAZUFLOXACIN,,inhibitor,,False,,,
D06319,chembl:CHEMBL2023733,CHEMBL:CHEMBL2023733,,,,False,,,
D06320,chembl:CHEMBL594259,CHEMBL:CHEMBL594259,,,,False,,,
D06321,chembl:CHEMBL2171781,CHEMBL:CHEMBL2171781,,,,False,,,
D06322,ncit:C1620,BECATECARIN,Small molecule,inhibitor,,False,,,
D06323,wikidata:Q29004943,CAELYX,Topoisomerase 2 Inhibitors,,,False,,,
D06324,ncit:C26663,PIXANTRONE,,,,True,,,
D06325,chembl:CHEMBL1235969,SIMOCYCLINONE D8,,,,False,,,
D06326,rxcui:2467840,BETULIN,,,,False,,,
D06327,chembl:CHEMBL2171794,CHEMBL:CHEMBL2171794,,,,False,,,
D06328,ncit:C2203,ACRIDINE CARBOXAMIDE,,,,False,,,
D06329,rxcui:239,ACLARUBICIN,,,,False,,,
D06330,iuphar.ligand:13277,KAEMPFERITRIN,,,,False,,,
D06331,chembl:CHEMBL593570,CHEMBL:CHEMBL593570,,,,False,,,
D06332,ncit:C66984,DANIQUIDONE,,,,False,,,
D06333,rxcui:1364321,DAUNORUBICIN CITRATE,,inhibitor,,True,,,
D06334,ncit:C80089,AMRUBICIN,,inhibitor,,False,,,
D06335,rxcui:24614,ETOPOSIDE PHOSPHATE,,inhibitor,,True,,,
D06336,rxcui:1294534,DEXRAZOXANE HYDROCHLORIDE,,inhibitor,,True,,,
D06337,ncit:C2644,DOXORUBICIN-MAGNETIC TARGETED CARRIER COMPLEX,,,,False,,,
D06338,ncit:C1366,DOXORUBICIN-HPMA CONJUGATE,,,,False,,,
D06339,rxcui:28872,LOMEFLOXACIN,,,,False,,,
D06340,chembl:CHEMBL2332126,CHEMBL:CHEMBL2332126,,,,False,,,
D06341,chembl:CHEMBL507986,CHEMBL:CHEMBL507986,,,,False,,,
D06342,chembl:CHEMBL1773343,CHEMBL:CHEMBL1773343,,,,False,,,
D06343,ncit:C47948,AMRUBICIN HYDROCHLORIDE,,inhibitor,,False,,,
D06344,chembl:CHEMBL594153,CHEMBL:CHEMBL594153,,,,False,,,
D06345,drugbank:DB12622,LUPEOL,,,,False,,,
D06346,chembl:CHEMBL5314398,GRC-6211,,,,False,,,
D06347,chembl:CHEMBL253553,LYCOBETAINE,,,,False,,,
D06348,chembl:CHEMBL2332127,CHEMBL:CHEMBL2332127,,,,False,,,
D06349,chembl:CHEMBL465251,DEMETHYLZEYLASTERONE,,,,False,,,
D06350,rxcui:2550,CINOXACIN,,,,True,,,
D06351,chembl:CHEMBL454803,4'-O-ACETYLPATENTIFLORIN B,,,,False,,,
D06352,chembl:CHEMBL509186,MAKALUVAMINE E,,,,False,,,
D06353,ncit:C2642,IDRONOXIL,small molecule,inhibitor,,False,,,
D06354,drugbank:DB06071,DTS-201,Small molecule,,,False,,,
D06355,chembl:CHEMBL594695,CHEMBL:CHEMBL594695,,,,False,,,
D06356,ncit:C152490,TAFLUPOSIDE,,,,False,,,
D06357,ncit:C25838,ANNAMYCIN LIPOSOMAL,,,,False,,,
D06358,chembl:CHEMBL592862,DIAZIRINE,,,,False,,,
D06359,chembl:CHEMBL449905,MAKALUVAMINE A,,,,False,,,
D06360,ncit:C83552,BERUBICIN,,,,False,,,
D06361,chembl:CHEMBL509890,MAKALUVAMINE F,,,,False,,,
D06362,ncit:C114977,ETOPOSIDE TONIRIBATE,Small molecule,,,False,,,
D06363,chembl:CHEMBL594257,CHEMBL:CHEMBL594257,,,,False,,,
D06364,chembl:CHEMBL607534,CHEMBL:CHEMBL607534,,,,False,,,
D06365,chembl:CHEMBL496999,FRANGULIN B,,,,False,,,
D06366,chembl:CHEMBL594379,CHEMBL:CHEMBL594379,,,,False,,,
D06367,chembl:CHEMBL244268,CHEMBL:CHEMBL244268,,,,False,,,
D06368,ncit:C2494,13-DEOXYDOXORUBICIN,Small molecule,,,False,,,
D06369,ncit:C83925,LUCANTHONE,,,,False,,,
D06370,ncit:C1564,PYRAZOLOACRIDINE,,,,False,,,
D06371,rxcui:7240,NALIDIXIC ACID,,,,True,,,
D06372,ncit:C126712,FLUOROQUINOLONE ANTIBIOTIC,,,,False,,,
D06373,chembl:CHEMBL338604,C-1311,Small molecule,inhibitor,,False,,,
D06374,chembl:CHEMBL498230,OLEANDEROLIDE,,,,False,,,
D06375,drugbank:DB05920,RTA 744,small molecule,,,False,,,
D06376,ncit:C82419,DOXORUBICIN-ELUTING BEADS,,,,False,,,
D06377,chembl:CHEMBL3093499,L-377202,,,,False,,,
D06378,chembl:CHEMBL2332131,CARINATIN G,,,,False,,,
D06379,ncit:C61568,BERUBICIN HYDROCHLORIDE,,inhibitor,,False,,,
D06380,ncit:C1706,SABARUBICIN,,,,False,,,
D06381,chembl:CHEMBL450970,MAKALUVAMINE C TFA SALT,,,,False,,,
D06382,ncit:C68921,ALDOXORUBICIN,Small molecule,inhibitor,,False,,,
D06383,rxcui:31435,VALRUBICIN,Antineoplastic Agents,inhibitor,,True,,,
D06384,wikidata:Q28801726,FLUOROQUINOLONE,,,,False,,,
D06385,chembl:CHEMBL470375,HURATOXIN,,,,False,,,
D06386,chembl:CHEMBL2171812,CHEMBL:CHEMBL2171812,,,,False,,,
D06387,chembl:CHEMBL602150,CHEMBL:CHEMBL602150,,,,False,,,
D06388,ncit:C116845,CHK1 INHIBITOR GDC-0575,,,,False,,,
D06389,chembl:CHEMBL408563,CHEMBL:CHEMBL408563,,,,False,,,
D06390,iuphar.ligand:6152,IL-27 SUBUNIT &ALPHA;,,,,False,,,
D06391,chembl:CHEMBL195350,CHEMBL:CHEMBL195350,,,,False,,,
D06392,chembl:CHEMBL363160,PHA-680632,,,,False,,,
D06393,chembl:CHEMBL1389794,CHEMBL:CHEMBL1389794,,,,False,,,
D06394,chembl:CHEMBL99408,CHEMBL:CHEMBL99408,,,,False,,,
D06395,rxcui:38609,TRICLOCARBAN,,,,False,,,
D06396,ncit:C132991,ALRIZOMADLIN,,,,False,,,
D06397,ncit:C102881,THIOUREIDOBUTYRONITRILE,,,,False,,,
D06398,ncit:C171616,MDM2 INHIBITOR AMGMDS3,,,,False,,,
D06399,chembl:CHEMBL592123,CHEMBL:CHEMBL592123,,,,False,,,
D06400,iuphar.ligand:5273,SP600125,,,,False,,,
D06401,chembl:CHEMBL1241268,CHEMBL:CHEMBL1241268,,,,False,,,
D06402,ncit:C171615,ALK INHIBITOR TAE684,,,,False,,,
D06403,rxcui:2549,CINNARIZINE,Anti-Allergic Agents,,,True,,,
D06404,chembl:CHEMBL259422,CHEMBL:CHEMBL259422,,,,False,,,
D06405,ncit:C2830,LONTUCIREV,,,,False,,,
D06406,ncit:C85465,EPRENETAPOPT,,modulator,,False,,,
D06407,chembl:CHEMBL582473,CHEMBL:CHEMBL582473,,,,False,,,
D06408,chembl:CHEMBL407501,CHEMBL:CHEMBL407501,,,,False,,,
D06409,ncit:C99131,IDASANUTLIN,,inhibitor,,False,,,
D06410,rxcui:10805,TRIFLUPROMAZINE,small molecule,,,True,,,
D06411,chembl:CHEMBL591618,CHEMBL:CHEMBL591618,,,,False,,,
D06412,ncit:C28310,DENDRITIC CELL VACCINE,,,,False,,,
D06413,chembl:CHEMBL406557,CHEMBL:CHEMBL406557,,,,False,,,
D06414,drugbank:DB17039,NUTLIN-3,,,,False,,,
D06415,chembl:CHEMBL509523,IOXYNIL,,,,False,,,
D06416,chembl:CHEMBL601140,CHEMBL:CHEMBL601140,,,,False,,,
D06417,rxcui:134547,BENDAMUSTINE,Alkylating agent,,,True,,,
D06418,chembl:CHEMBL1897483,TRIFLOXYSTROBIN,,,,False,,,
D06419,rxcui:2680311,OLEAMIDE,,,,False,,,
D06420,chembl:CHEMBL578890,CHEMBL:CHEMBL578890,,,,False,,,
D06421,rxcui:722,AMOXAPINE,Small Molecule,,,True,,,
D06422,ncit:C114980,MDM2 ANTAGONIST RO6839921,,,,False,,,
D06423,chembl:CHEMBL1702181,CHEMBL:CHEMBL1702181,,,,False,,,
D06424,chembl:CHEMBL1863429,CYAZOFAMID,,,,False,,,
D06425,iuphar.ligand:4638,[3H]GBR12935,,,,False,,,
D06426,chembl:CHEMBL1333386,CHEMBL:CHEMBL1333386,,,,False,,,
D06427,ncit:C132252,EZABENLIMAB,,,,False,,,
D06428,rxcui:6541,ETHOPROPAZINE HYDROCHLORIDE,,,,True,,,
D06429,ncit:C118669,SULANEMADLIN,,,,False,,,
D06430,chembl:CHEMBL528807,CHEMBL:CHEMBL528807,,,,False,,,
D06431,ncit:C116867,HDM2 INHIBITOR MK-8242,,,,False,,,
D06432,iuphar.ligand:4672,OCHRATOXIN A,,,,False,,,
D06433,chembl:CHEMBL261693,CHEMBL:CHEMBL261693,,,,False,,,
D06434,chembl:CHEMBL429335,CHEMBL:CHEMBL429335,,,,False,,,
D06435,ncit:C117730,MAGROLIMAB,,,,False,,,
D06436,chembl:CHEMBL260213,CHEMBL:CHEMBL260213,,,,False,,,
D06437,chembl:CHEMBL528712,CHEMBL:CHEMBL528712,,,,False,,,
D06438,chembl:CHEMBL16685,CHEMBL:CHEMBL16685,,,,False,,,
D06439,chembl:CHEMBL261118,CHEMBL:CHEMBL261118,,,,False,,,
D06440,chembl:CHEMBL203191,KRESOXIM-METHYL,,,,False,,,
D06441,chembl:CHEMBL264931,(R)-INDOPROFEN,,,,False,,,
D06442,chembl:CHEMBL449520,ATRACTYLENOLIDE I,,,,False,,,
D06443,ncit:C2471,CONTUSUGENE LADENOVEC,,,,False,,,
D06444,chembl:CHEMBL1522984,CHEMBL:CHEMBL1522984,,,,False,,,
D06445,ncit:C84018,NIGULDIPINE,,,,False,,,
D06446,chembl:CHEMBL1346468,CHEMBL:CHEMBL1346468,,,,False,,,
D06447,rxcui:117055,ALEMTUZUMAB,monoclonal antibody,,,True,,,
D06448,rxcui:2178390,SELINEXOR,,,,True,,,
D06449,chembl:CHEMBL600347,CHEMBL:CHEMBL600347,,,,False,,,
D06450,chembl:CHEMBL1892987,DINOSEB,,,,False,,,
D06451,ncit:C82349,AURORA KINASE INHIBITOR AMG 900,,,,False,,,
D06452,chembl:CHEMBL599088,CHEMBL:CHEMBL599088,,,,False,,,
D06453,iuphar.ligand:9599,RG7112,,,,False,,,
D06454,chembl:CHEMBL275787,PRODIGIOSIN,,,,False,,,
D06455,chembl:CHEMBL1869551,CHLORFENAPYR,,,,False,,,
D06456,drugbank:DB06852,CHIR-124,,,,False,,,
D06457,rxcui:974779,OBINUTUZUMAB,monoclonal antibody,,,True,,,
D06458,chembl:CHEMBL1801219,CHEMBL:CHEMBL1801219,,,,False,,,
D06459,ncit:C29474,TRANSFERRIN RECEPTOR-TARGETED LIPOSOMAL P53 CDNA,,,,False,,,
D06460,chembl:CHEMBL327919,BENOMYL,,,,False,,,
D06461,rxcui:39937,ZINC CHLORIDE,,,,True,,,
D06462,chembl:CHEMBL388757,N6-BENZYLADENOSINE,,,,False,,,
D06463,chembl:CHEMBL4297574,TEPRASIRAN,,,,False,,,
D06464,chembl:CHEMBL405914,CHEMBL:CHEMBL405914,,,,False,,,
D06465,chembl:CHEMBL600334,CHEMBL:CHEMBL600334,,,,False,,,
D06466,ncit:C175961,P53 Y220C MUTANT REACTIVATOR PC14586,,,,False,,,
D06467,drugbank:DB17507,COTI-2,,,,False,,,
D06468,chembl:CHEMBL1552997,RHODOMYRTOXIN B,,,,False,,,
D06469,ncit:C81084,VANOXERINE,,,,False,,,
D06470,chembl:CHEMBL519873,PYRACLOSTROBIN,,,,False,,,
D06471,chembl:CHEMBL444376,CHEMBL:CHEMBL444376,,,,False,,,
D06472,chembl:CHEMBL260560,CHEMBL:CHEMBL260560,,,,False,,,
D06473,chembl:CHEMBL582715,CHEMBL:CHEMBL582715,,,,False,,,
D06474,drugbank:DB12541,SAR-405838,,,,False,,,
D06475,chembl:CHEMBL260028,CHEMBL:CHEMBL260028,,,,False,,,
D06476,chembl:CHEMBL260451,CHEMBL:CHEMBL260451,,,,False,,,
D06477,ncit:C131827,BOMEDEMSTAT,,,,False,,,
D06478,chembl:CHEMBL599100,CHEMBL:CHEMBL599100,,,,False,,,
D06479,ncit:C823,SAPONIN,,,,False,,,
D06480,ncit:C96429,NAPABUCASIN,,,,False,,,
D06481,chembl:CHEMBL259805,CHEMBL:CHEMBL259805,,,,False,,,
D06482,rxcui:4888,GLUTARAL,,,,True,,,
D06483,chembl:CHEMBL320361,CHEMBL:CHEMBL320361,,,,False,,,
D06484,iuphar.ligand:11277,AZD1390,,,,False,,,
D06485,chembl:CHEMBL563919,CHEMBL:CHEMBL563919,,,,False,,,
D06486,chembl:CHEMBL1303948,CHEMBL:CHEMBL1303948,,,,False,,,
D06487,iuphar.ligand:13432,"L-733,060",,,,False,,,
D06488,rxcui:155036,MECHLORETHAMINE HYDROCHLORIDE,,,,True,,,
D06489,drugbank:DB14791,GDC-0425,,,,False,,,
D06490,chembl:CHEMBL579550,CHEMBL:CHEMBL579550,,,,False,,,
D06491,iuphar.ligand:8183,PD166285,,,,False,,,
D06492,iuphar.ligand:11103,GSK2830371,,,,False,,,
D06493,chembl:CHEMBL1346946,"DIBENZ[A,H]ANTHRACENE",,,,False,,,
D06494,rxcui:4601,FURAZOLIDONE,,,,True,,,
D06495,chembl:CHEMBL599943,CHEMBL:CHEMBL599943,,,,False,,,
D06496,iuphar.ligand:547,SR59230A,,,,False,,,
D06497,chembl:CHEMBL1897070,TEBUFENPYRAD,,,,False,,,
D06498,ncit:C156709,BRIGIMADLIN,,,,False,,,
D06499,chembl:CHEMBL554041,ALEXIDINE DIHYDROCHLORIDE,,,,False,,,
D06500,ncit:C1154,CARBENDAZIM,,,,False,,,
D06501,chembl:CHEMBL227959,CHEMBL:CHEMBL227959,,,,False,,,
D06502,chembl:CHEMBL1416084,PROPARGITE,,,,False,,,
D06503,ncit:C1682,"L-744,832",,,,False,,,
D06504,chembl:CHEMBL1494650,CHEMBL:CHEMBL1494650,,,,False,,,
D06505,rxcui:33764,PIRARUBICIN,,,,False,,,
D06506,chembl:CHEMBL473735,CHEMBL:CHEMBL473735,,,,False,,,
D06507,chembl:CHEMBL411085,CHEMBL:CHEMBL411085,,,,False,,,
D06508,rxcui:139953,PRAMLINTIDE,peptide,,,True,,,
D06509,chembl:CHEMBL546170,CHEMBL:CHEMBL546170,,,,False,,,
D06510,chembl:CHEMBL590665,CHEMBL:CHEMBL590665,,,,False,,,
D06511,ncit:C116325,SIREMADLIN,,inhibitor,,False,,,
D06512,chembl:CHEMBL1456697,(Z)-PIPLARTINE,,,,False,,,
D06513,chembl:CHEMBL1869353,ACEQUINOCYL,,,,False,,,
D06514,ncit:C77904,SERDEMETAN,,,,False,,,
D06515,drugbank:DB15386,ALT-801,,,,False,,,
D06516,ncit:C148241,AUTOLOGOUS DENDRITIC CELLS TRANSDUCED WITH WILD-TYPE P53 ADENOVIRUS VACCINE,,vaccine,,False,,,
D06517,chembl:CHEMBL602922,CHEMBL:CHEMBL602922,,,,False,,,
D06518,chembl:CHEMBL233194,CHEMBL:CHEMBL233194,,,,False,,,
D06519,chembl:CHEMBL545900,CHEMBL:CHEMBL545900,,,,False,,,
D06520,chembl:CHEMBL4091801,APG115,,inhibitor,,False,,,
D06521,chembl:CHEMBL408653,CHEMBL:CHEMBL408653,,,,False,,,
D06522,ncit:C62538,COLLOIDAL GOLD-BOUND TUMOR NECROSIS FACTOR,gold particle-fused protein,,,False,,,
D06523,chembl:CHEMBL2109590,GSK-1995057,,inhibitor,,False,,,
D06524,ncit:C76460,DEXTOFISOPAM,,,,False,,,
D06525,ncit:C80669,ALPIDEM,,agonist,,True,,,
D06526,rxcui:2356,CHLORDIAZEPOXIDE,Hypnotics and Sedatives,,,True,,,
D06527,rxcui:2622,CLOTIAZEPAM,small molecule,,,True,,,
D06528,rxcui:2353,CLORAZEPATE,small molecule,,,True,,,
D06529,ncit:C62508,DIAZEPINOMICIN,small molecule,,,False,,,
D06530,ncit:C82906,EMAPUNIL,,agonist,,False,,,
D06531,drugbank:DB14802,ONO-2952,,inhibitor,,False,,,
D06532,rxcui:2373,CHLORMEZANONE,Anti-anxiety Agents,,,True,,,
D06533,ncit:C174604,OLESOXIME,small molecule,,,False,,,
D06534,rxcui:4457,FLUMAZENIL,small molecule,,,True,,,
D06535,rxcui:461016,ESZOPICLONE,Small molecule,,,True,,,
D06536,rxcui:8627,PRAZEPAM,Anti-anxiety Agents,,,True,,,
D06537,ncit:C77635,CINOLAZEPAM,Hypnotics and Sedatives,,,False,,,
D06538,rxcui:35185,QUAZEPAM,small molecule,,,True,,,
D06539,iuphar.ligand:4275,NS5818,,blocker,,False,,,
D06540,ncit:C65709,FLUDIAZEPAM,small molecule,,,False,,,
D06541,rxcui:40001,ZOPICLONE,small molecule,,,True,,,
D06542,rxcui:74667,ZALEPLON,Small Molecule,,,True,,,
D06543,rxcui:26412,HALAZEPAM,small molecule,,,True,,,
D06544,rxcui:4077,ESTAZOLAM,Anti-anxiety Agents,,,True,,,
D06545,ncit:C76531,ADINAZOLAM,small molecule,,,False,,,
D06546,rxcui:3322,DIAZEPAM,Hypnotics and Sedatives,,,True,,,
D06547,ncit:C626,MAYTANSINE,,,,False,,,
D06548,ncit:C78480,OMBRABULIN,small molecule,inhibitor,,False,,,
D06549,chembl:CHEMBL214154,MAYTANSINOL,,,,False,,,
D06550,chembl:CHEMBL4297935,RG-7841,,inhibitor,,False,,,
D06551,drugbank:DB05903,KOS-1584,,modulator,,False,,,
D06552,chembl:CHEMBL1795737,CHEMBL:CHEMBL1795737,,,,False,,,
D06553,ncit:C77882,LEXIBULIN,,inhibitor,,False,,,
D06554,ncit:C96747,VERUBULIN,,negative modulator,,False,,,
D06555,ncit:C77880,MILATAXEL,Small molecule,inhibitor,,False,,,
D06556,ncit:C104167,PINATUZUMAB VEDOTIN,,inhibitor,,False,,,
D06557,drugbank:DB12254,ABT-751,,inhibitor,,False,,,
D06558,rxcui:114527,VINORELBINE TARTRATE,,inhibitor,,True,,,
D06559,chembl:CHEMBL2109288,BIVATUZUMAB MERTANSINE,,inhibitor,,False,,,
D06560,ncit:C61564,VINFLUNINE,,inhibitor,,True,,,
D06561,rxcui:2473230,PACLITAXEL POLIGLUMEX,,modulator,,False,,,
D06562,rxcui:1147320,BRENTUXIMAB VEDOTIN,fusion protein,inhibitor,,True,,,
D06563,ncit:C116748,VANDORTUZUMAB VEDOTIN,,inhibitor,,False,,,
D06564,drugbank:DB05297,PACLITAXEL DOCOSAHEXAENOIC ACID,,modulator,,False,,,
D06565,drugbank:DB17551,AGS-16C3F,,negative modulator,,False,,,
D06566,chembl:CHEMBL582439,ZAMPANOLIDE,,,,False,,,
D06567,ncit:C1623,PATUPILONE,,modulator,,False,,,
D06568,drugbank:DB18167,ANG1005,fusion protein,inhibitor,,False,,,
D06569,chembl:CHEMBL4297804,PF-06263507,,inhibitor,,False,,,
D06570,chembl:CHEMBL453818,CHEMBL:CHEMBL453818,,,,False,,,
D06571,ncit:C101524,INDUSATUMAB VEDOTIN,,inhibitor,,False,,,
D06572,chembl:CHEMBL1242194,CYCLOSTREPTIN,,,,False,,,
D06573,chembl:CHEMBL2036119,CHEMBL:CHEMBL2036119,,,,False,,,
D06574,ncit:C66938,CROLIBULIN,,inhibitor,,False,,,
D06575,rxcui:2571094,TISOTUMAB VEDOTIN,,inhibitor,,True,,,
D06576,chembl:CHEMBL2109574,ASG-5ME,,inhibitor,,False,,,
D06577,ncit:C48427,LAROTAXEL,,modulator,,False,,,
D06578,chembl:CHEMBL39541,DOLASTATIN-10,,inhibitor,,False,,,
D06579,rxcui:2387834,BELANTAMAB MAFODOTIN,,inhibitor,,True,,,
D06580,drugbank:DB12068,T-900607,,negative modulator,,False,,,
D06581,ncit:C169878,DAVUNETIDE,,modulator,,False,,,
D06582,ncit:C62444,PLINABULIN,,inhibitor,,False,,,
D06583,ncit:C132017,ENAPOTAMAB VEDOTIN,,inhibitor,,False,,,
D06584,ncit:C2049,INDIBULIN,,inhibitor,,False,,,
D06585,ncit:C61072,SAGOPILONE,,modulator,,False,,,
D06586,rxcui:11203,VINCRISTINE SULFATE,,inhibitor,,True,,,
D06587,ncit:C76266,VINFLUNINE DITARTRATE,,inhibitor,,True,,,
D06588,ncit:C2503,FOSBRETABULIN DISODIUM,,inhibitor,,False,,,
D06589,chembl:CHEMBL2036124,CHEMBL:CHEMBL2036124,,,,False,,,
D06590,ncit:C95888,PLOCABULIN,,inhibitor,,False,,,
D06591,ncit:C2672,EPOTHILONE D,Small molecule,modulator,,True,,,
D06592,ncit:C62639,BMS-275183,,modulator,,False,,,
D06593,ncit:C122816,AZINTUXIZUMAB VEDOTIN,,inhibitor,,False,,,
D06594,ncit:C83721,FOSBRETABULIN TROMETHAMINE,,negative modulator,,False,,,
D06595,chembl:CHEMBL2205166,GAMBOGENIC ACID,,,,False,,,
D06596,drugbank:DB05448,PX-12,small molecule,inhibitor,,False,,,
D06597,chembl:CHEMBL2205161,BIOTINYLATED GAMBOGIC ACID,,,,False,,,
D06598,rxcui:2671939,EPLONTERSEN,,,,True,,,
D06599,rxcui:2099289,INOTERSEN,,inhibitor,,True,,,
D06600,chembl:CHEMBL133714,BENZYL CAFFEATE,,,,False,,,
D06601,rxcui:2053490,PATISIRAN,,,,True,,,
D06602,rxcui:1727003,TAFAMIDIS MEGLUMINE,,modulator,,True,,,
D06603,chembl:CHEMBL1976696,DIHYDROGUAIARETIC ACID,,,,False,,,
D06604,chembl:CHEMBL17347,ETHYL CAFFEATE,,,,False,,,
D06605,rxcui:1545063,TAFAMIDIS,,inhibitor; modulator,,True,,,
D06606,rxcui:2604578,VUTRISIRAN,,,,True,,,
D06607,ncit:C170791,ACORAMIDIS,,modulator,,False,,,
D06608,ncit:C267,ANTIEMETIC AGENT,,,,False,,,
D06609,rxcui:6211,LACTOSE,,,,True,,,
D06610,rxcui:6672,MEBENDAZOLE,Small molecule,,,True,,,
D06611,ncit:C114381,TELAGLENASTAT,,,,False,,,
D06612,iuphar.ligand:10564,ARV-771,,,,False,,,
D06613,rxcui:2567226,BELZUTIFAN,,,,True,,,
D06614,ncit:C176964,MYELOID CELL LEUKEMIA 1 INHIBITOR PRT1419,,,,False,,,
D06615,iuphar.ligand:12667,EXAMPLE 15 [WO2015079413],,inhibitor,,False,,,
D06616,rxcui:498509,PEGAPTANIB,"Treatment for age-related macular degeneration, AMD",inhibitor,,True,,,
D06617,rxcui:2204915,BROLUCIZUMAB,,inhibitor,,True,,,
D06618,ncit:C118578,VANUCIZUMAB,,inhibitor,,False,,,
D06619,chembl:CHEMBL2108752,PEGAPTANIB OCTASODIUM,,inhibitor,,False,,,
D06620,drugbank:DB06423,ENDOSTATIN,,inhibitor,,False,,,
D06621,ncit:C174693,ABICIPAR PEGOL,,inhibitor,,False,,,
D06622,chembl:CHEMBL4297529,RISUTEGANIB,,,,False,,,
D06623,ncit:C2210,SELECTIVE CYTOKINE INHIBITORY DRUG CC-1088,,,,False,,,
D06624,drugbank:DB05890,VEGLIN,antisense oligo,,,False,,,
D06625,chembl:CHEMBL4297684,ABICIPAR PEGOL,,,,False,,,
D06626,drugbank:DB12818,NM-3,,,,False,,,
D06627,chembl:CHEMBL3707253,BEVACIZUMAB 111IN,,binder,,False,,,
D06628,rxcui:2591519,FARICIMAB,,inhibitor,,True,,,
D06629,ncit:C116750,DILPACIMAB,,,,False,,,
D06630,drugbank:DB17484,BI-836880,,,,False,,,
D06631,rxcui:2268037,BEVACIZUMAB-BVZR,,,,True,,,
D06632,ncit:C119620,NAVICIXIZUMAB,,,,False,,,
D06633,drugbank:DB13101,4SC-202,Small molecule,,,False,,,
D06634,ncit:C169809,BEVASIRANIB,siRNA,,,False,,,
D06635,rxcui:31538,NARINGIN,,,,False,,,
D06636,chembl:CHEMBL532452,CHEMBL:CHEMBL532452,,,,False,,,
D06637,drugbank:DB03203,SPHINGOSINE,,,,False,,,
D06638,chembl:CHEMBL1448793,CHEMBL:CHEMBL1448793,,,,False,,,
D06639,chembl:CHEMBL581880,CHEMBL:CHEMBL581880,,,,False,,,
D06640,chembl:CHEMBL1256357,SPERMINE TETRAHYDROCHLORIDE,,,,False,,,
D06641,chembl:CHEMBL1534034,CHEMBL:CHEMBL1534034,,,,False,,,
D06642,chembl:CHEMBL1290361,ASN06356088,,,,False,,,
D06643,chembl:CHEMBL591404,CHEMBL:CHEMBL591404,,,,False,,,
D06644,iuphar.ligand:5919,AKT INHIBITOR IV,,,,False,,,
D06645,ncit:C65871,HYDROXYSTILBAMIDINE ISETHIONATE,,,,True,,,
D06646,rxcui:1427088,URIC ACID,,,,False,,,
D06647,chembl:CHEMBL4297847,VGX-100,,,,False,,,
D06648,ncit:C1260,TRIBUTYRIN,,,,False,,,
D06649,chembl:CHEMBL275200,CHEMBL:CHEMBL275200,,,,False,,,
D06650,chembl:CHEMBL102936,CHEMBL:CHEMBL102936,,,,False,,,
D06651,iuphar.ligand:8642,SB-633825,,,,False,,,
D06652,chembl:CHEMBL1789962,GW643971X,,,,False,,,
D06653,chembl:CHEMBL518953,GSK-1023156A,,,,False,,,
D06654,chembl:CHEMBL329040,CHEMBL:CHEMBL329040,,,,False,,,
D06655,chembl:CHEMBL272028,GW300660X,,,,False,,,
D06656,chembl:CHEMBL518968,GSK-1030061A,,,,False,,,
D06657,chembl:CHEMBL176553,GW631581B,,,,False,,,
D06658,chembl:CHEMBL485745,GW434756X,,,,False,,,
D06659,chembl:CHEMBL185939,GW828525X,,,,False,,,
D06660,chembl:CHEMBL468963,GW779439X,,,,False,,,
D06661,chembl:CHEMBL273564,GW795493X,,,,False,,,
D06662,chembl:CHEMBL365663,GW780159X,,,,False,,,
D06663,chembl:CHEMBL95207,CHEMBL:CHEMBL95207,,,,False,,,
D06664,chembl:CHEMBL1909404,GW581744X,,,,False,,,
D06665,chembl:CHEMBL346551,CHEMBL:CHEMBL346551,,,,False,,,
D06666,chembl:CHEMBL275473,GW572401X,,,,False,,,
D06667,chembl:CHEMBL260417,CHEMBL:CHEMBL260417,,,,False,,,
D06668,chembl:CHEMBL506153,GW876790X,,,,False,,,
D06669,chembl:CHEMBL520037,GW837331X,,,,False,,,
D06670,chembl:CHEMBL517907,GW680191X,,,,False,,,
D06671,chembl:CHEMBL188247,GW832467X,,,,False,,,
D06672,chembl:CHEMBL410072,GW301784X,,,,False,,,
D06673,chembl:CHEMBL230597,GSK-586581A,,,,False,,,
D06674,chembl:CHEMBL218720,GSK-466314A,,,,False,,,
D06675,chembl:CHEMBL352222,CHEMBL:CHEMBL352222,,,,False,,,
D06676,chembl:CHEMBL179465,GW621970X,,,,False,,,
D06677,chembl:CHEMBL196022,GW642125X,,,,False,,,
D06678,chembl:CHEMBL372474,GW678313X,,,,False,,,
D06679,chembl:CHEMBL211045,CHEMBL:CHEMBL211045,,,,False,,,
D06680,chembl:CHEMBL251549,GW782612X,,,,False,,,
D06681,chembl:CHEMBL272165,GW300657X,,,,False,,,
D06682,iuphar.ligand:8077,5Z-7-OXOZEAENOL,,,,False,,,
D06683,chembl:CHEMBL486124,GW874091X,,,,False,,,
D06684,drugbank:DB08597,DORSOMORPHIN,,,,False,,,
D06685,chembl:CHEMBL514554,CHEMBL:CHEMBL514554,,,,False,,,
D06686,chembl:CHEMBL1909397,GW279320X,,,,False,,,
D06687,chembl:CHEMBL268885,GSK-711701A,,,,False,,,
D06688,chembl:CHEMBL427058,GSK-466317A,,,,False,,,
D06689,chembl:CHEMBL101804,CHEMBL:CHEMBL101804,,,,False,,,
D06690,iuphar.ligand:9994,BMS-509744,,,,False,,,
D06691,chembl:CHEMBL185238,GW786460X,,,,False,,,
D06692,chembl:CHEMBL361237,GW785804X,,,,False,,,
D06693,chembl:CHEMBL205798,GW703087X,,,,False,,,
D06694,chembl:CHEMBL473420,GSK-1030058A,,,,False,,,
D06695,chembl:CHEMBL365248,GW810372X,,,,False,,,
D06696,chembl:CHEMBL261129,CHEMBL:CHEMBL261129,,,,False,,,
D06697,chembl:CHEMBL359963,GW805758X,,,,False,,,
D06698,chembl:CHEMBL189353,GW809897X,,,,False,,,
D06699,chembl:CHEMBL408732,CHEMBL:CHEMBL408732,,,,False,,,
D06700,chembl:CHEMBL482326,GSK-1030062A,,,,False,,,
D06701,chembl:CHEMBL441702,GSK-270822A,,,,False,,,
D06702,chembl:CHEMBL1794055,GW589933X,,,,False,,,
D06703,chembl:CHEMBL261440,CHEMBL:CHEMBL261440,,,,False,,,
D06704,chembl:CHEMBL1888586,CHEMBL:CHEMBL1888586,,,,False,,,
D06705,chembl:CHEMBL373751,GSK-319347A,,,,False,,,
D06706,chembl:CHEMBL408564,CHEMBL:CHEMBL408564,,,,False,,,
D06707,chembl:CHEMBL275168,CHEMBL:CHEMBL275168,,,,False,,,
D06708,chembl:CHEMBL188257,GW827106X,,,,False,,,
D06709,chembl:CHEMBL103098,CHEMBL:CHEMBL103098,,,,False,,,
D06710,chembl:CHEMBL189415,GW819077X,,,,False,,,
D06711,chembl:CHEMBL205158,GW695874X,,,,False,,,
D06712,chembl:CHEMBL365297,GW827099X,,,,False,,,
D06713,chembl:CHEMBL157258,CHEMBL:CHEMBL157258,,,,False,,,
D06714,chembl:CHEMBL362155,GW827102X,,,,False,,,
D06715,iuphar.ligand:10133,COMPOUND 27 [PMID: 24900635],,,,False,,,
D06716,chembl:CHEMBL1885746,GW561436X,,,,False,,,
D06717,chembl:CHEMBL270054,GW280670X,,,,False,,,
D06718,iuphar.ligand:7806,PURVALANOL B,,,,False,,,
D06719,chembl:CHEMBL186213,GW827105X,,,,False,,,
D06720,chembl:CHEMBL237570,CHEMBL:CHEMBL237570,,,,False,,,
D06721,chembl:CHEMBL505187,GSK-718429A,,,,False,,,
D06722,chembl:CHEMBL208437,GW711782X,,,,False,,,
D06723,chembl:CHEMBL275798,CHEMBL:CHEMBL275798,,,,False,,,
D06724,chembl:CHEMBL160937,CHEMBL:CHEMBL160937,,,,False,,,
D06725,chembl:CHEMBL103104,GW831090X,,,,False,,,
D06726,chembl:CHEMBL475599,GSK-300014A,,,,False,,,
D06727,chembl:CHEMBL269450,CHEMBL:CHEMBL269450,,,,False,,,
D06728,chembl:CHEMBL1880739,GW305074X,,,,False,,,
D06729,chembl:CHEMBL519881,GW861893X,,,,False,,,
D06730,rxcui:1357536,TOFACITINIB,Kinase Inhibitors,,,True,,,
D06731,iuphar.ligand:9513,MLKL COMPOUND 1,,,,False,,,
D06732,chembl:CHEMBL374453,GSK-299115A,,,,False,,,
D06733,drugbank:DB06999,PLX-4720,,,,False,,,
D06734,chembl:CHEMBL95502,CHEMBL:CHEMBL95502,,,,False,,,
D06735,chembl:CHEMBL1785002,CHEMBL:CHEMBL1785002,,,,False,,,
D06736,chembl:CHEMBL182283,GW819230X,,,,False,,,
D06737,chembl:CHEMBL401570,CHEMBL:CHEMBL401570,,,,False,,,
D06738,chembl:CHEMBL103115,GW831091X,,,,False,,,
D06739,chembl:CHEMBL191705,GW621431X,,,,False,,,
D06740,chembl:CHEMBL475761,GW784684X,,,,False,,,
D06741,chembl:CHEMBL1882194,GW780056X,,,,False,,,
D06742,chembl:CHEMBL359999,GW801372X,,,,False,,,
D06743,chembl:CHEMBL179311,GW580509X,,,,False,,,
D06744,chembl:CHEMBL202891,GW679410X,,,,False,,,
D06745,chembl:CHEMBL275724,CHEMBL:CHEMBL275724,,,,False,,,
D06746,chembl:CHEMBL480382,GSK-312948A,,,,False,,,
D06747,chembl:CHEMBL189459,GW833373X,,,,False,,,
D06748,chembl:CHEMBL381948,GW680975X,,,,False,,,
D06749,chembl:CHEMBL274863,CHEMBL:CHEMBL274863,,,,False,,,
D06750,chembl:CHEMBL156263,CHEMBL:CHEMBL156263,,,,False,,,
D06751,chembl:CHEMBL318892,CHEMBL:CHEMBL318892,,,,False,,,
D06752,chembl:CHEMBL1096290,GSK-1000163A,,,,False,,,
D06753,chembl:CHEMBL479079,GW612286X,,,,False,,,
D06754,chembl:CHEMBL188794,GW829115X,,,,False,,,
D06755,chembl:CHEMBL384073,GSK-180736A,,,,False,,,
D06756,chembl:CHEMBL103080,CHEMBL:CHEMBL103080,,,,False,,,
D06757,chembl:CHEMBL531804,GW301888X,,,,False,,,
D06758,chembl:CHEMBL407113,CHEMBL:CHEMBL407113,,,,False,,,
D06759,chembl:CHEMBL514162,GW852849X,,,,False,,,
D06760,chembl:CHEMBL373073,GW642138X,,,,False,,,
D06761,drugbank:DB12494,SGI-1776,small molecule,,,False,,,
D06762,chembl:CHEMBL230911,GSK-625137A,,,,False,,,
D06763,chembl:CHEMBL427159,GW827396X,,,,False,,,
D06764,chembl:CHEMBL160333,CHEMBL:CHEMBL160333,,,,False,,,
D06765,chembl:CHEMBL215993,GW284372X,,,,False,,,
D06766,chembl:CHEMBL272026,GW290597X,,,,False,,,
D06767,chembl:CHEMBL189148,GW829055X,,,,False,,,
D06768,chembl:CHEMBL434729,GW829906X,,,,False,,,
D06769,iuphar.ligand:8094,AG14361,,,,False,,,
D06770,drugbank:DB12242,AZD-7762,,,,False,,,
D06771,chembl:CHEMBL206544,GW682841X,,,,False,,,
D06772,chembl:CHEMBL241517,GW856804X,,,,False,,,
D06773,chembl:CHEMBL443563,GW627512B,,,,False,,,
D06774,chembl:CHEMBL396107,GW795486X,,,,False,,,
D06775,iuphar.ligand:5131,ABT702,,,,False,,,
D06776,chembl:CHEMBL1789961,GW513184X,,,,False,,,
D06777,chembl:CHEMBL1477760,GRINIMIBINE,,,,False,,,
D06778,chembl:CHEMBL528181,CHEMBL:CHEMBL528181,,,,False,,,
D06779,ncit:C95742,EGAPTIVON PEGOL,aptamer,inhibitor,,False,,,
D06780,rxcui:4257,FACTOR VIII,recombinant protein,,,True,,,
D06781,drugbank:DB08633,TNP-470,,,,False,,,
D06782,ncit:C81127,HUMAN COAGULATION FACTOR VIII/VON WILLEBRAND FACTOR COMPLEX,,,,True,,,
D06783,rxcui:1812589,VONICOG ALFA,,,,True,,,
D06784,rxcui:2110605,CAPLACIZUMAB,antibody fragment,inhibitor,,True,,,
D06785,iuphar.ligand:12459,AMAROGENTIN,,agonist,,False,,,
D06786,iuphar.ligand:9675,ANDROGRAPHOLIDE,,agonist,,False,,,
