StanceID,DrugID,BiomarkerID,PaperID,JournalID,StanceValue
ST00001,D00008,BM00022,15988617,,unclear
ST00002,D00012,BM00022,15988617,,unclear
ST00003,D00030,BM00034,11928713,,unclear
ST00004,D00031,BM00034,15578913,,unclear
ST00005,D00032,BM00034,25143324,,unclear
ST00006,D00033,BM00034,16014023,,unclear
ST00007,D00034,BM00034,25143324,,unclear
ST00008,D00034,BM00034,21449848,,unclear
ST00009,D00034,BM00034,17261659,,unclear
ST00010,D00035,BM00034,25278896,,unclear
ST00011,D00036,BM00034,10642325,,unclear
ST00012,D00037,BM00034,15576665,,unclear
ST00013,D00038,BM00034,3023023,,unclear
ST00014,D00040,BM00034,12693379,,unclear
ST00015,D00040,BM00034,11849656,,unclear
ST00016,D00041,BM00034,14735111,,unclear
ST00017,D00043,BM00034,25278896,,unclear
ST00018,D00044,BM00034,7581027,,unclear
ST00019,D00045,BM00034,25278896,,unclear
ST00020,D00047,BM00034,20824505,,unclear
ST00021,D00048,BM00019,10037708,,unclear
ST00022,D00049,BM00019,8764614,,unclear
ST00023,D00050,BM00019,10037708,,unclear
ST00024,D00077,BM00029,1711749,,unclear
ST00025,D00078,BM00029,66166,,unclear
ST00026,D00079,BM00029,2427033,,unclear
ST00027,D00079,BM00029,1382827,,unclear
ST00028,D00080,BM00029,1716990,,unclear
ST00029,D00081,BM00029,14990409,,unclear
ST00030,D00083,BM00029,2581382,,unclear
ST00031,D00085,BM00029,1701323,,unclear
ST00032,D00086,BM00029,1711749,,unclear
ST00033,D00087,BM00029,15770640,,unclear
ST00034,D00088,BM00029,9016855,,unclear
ST00035,D00089,BM00029,2427033,,unclear
ST00036,D00090,BM00029,2443931,,unclear
ST00037,D00091,BM00029,11242656,,unclear
ST00038,D00092,BM00029,10226829,,unclear
ST00039,D00093,BM00029,9891062,,unclear
ST00040,D00094,BM00029,6197072,,unclear
ST00041,D00047,BM00029,7515237,,unclear
ST00042,D00095,BM00029,6155303,,unclear
ST00043,D00096,BM00029,7543774,,unclear
ST00044,D00097,BM00029,9492341,,unclear
ST00045,D00098,BM00029,2424628,,unclear
ST00046,D00100,BM00029,15770640,,unclear
ST00047,D00101,BM00029,2452471,,unclear
ST00048,D00102,BM00028,15305892,,unclear
ST00049,D00103,BM00028,17194889,,unclear
ST00050,D00104,BM00028,16567542,,unclear
ST00051,D00105,BM00028,17142138,,unclear
ST00052,D00303,BM00015,6202298,,unclear
ST00053,D00319,BM00015,6663071,,unclear
ST00054,D00320,BM00015,2432677,,unclear
ST00055,D00362,BM00050,25502615,,unclear
ST00056,D00049,BM00038,2158468,,unclear
ST00057,D00370,BM00038,9371720,,unclear
ST00058,D00372,BM00038,9057855,,unclear
ST00059,D00373,BM00038,16870454,,unclear
ST00060,D00389,BM00045,11751205,,unclear
ST00061,D00390,BM00045,15652703,,unclear
ST00062,D00390,BM00045,14623241,,unclear
ST00063,D00390,BM00045,11306068,,unclear
ST00064,D00391,BM00045,29097388,,unclear
ST00065,D00392,BM00045,9666306,,unclear
ST00066,D00392,BM00045,11133156,,unclear
ST00067,D00041,BM00045,29097388,,unclear
ST00068,D00394,BM00041,20166697,,unclear
ST00069,D00395,BM00041,22934575,,unclear
ST00070,D00400,BM00041,25675144,,unclear
ST00071,D00405,BM00041,22026410,,unclear
ST00072,D00406,BM00041,10187855,,unclear
ST00073,D00409,BM00041,20855208,,unclear
ST00074,D00412,BM00041,17513867,,unclear
ST00075,D00413,BM00041,17603540,,unclear
ST00076,D00421,BM00041,19110422,,unclear
ST00077,D00431,BM00041,17472962,,unclear
ST00078,D00432,BM00041,21440338,,unclear
ST00079,D00433,BM00041,22148921,,unclear
ST00080,D00434,BM00041,17911251,,unclear
ST00081,D00437,BM00041,24844664,,unclear
ST00082,D00439,BM00041,19465931,,unclear
ST00083,D00442,BM00041,18559524,,unclear
ST00084,D00449,BM00041,20822912,,unclear
ST00085,D00450,BM00041,20726569,,unclear
ST00086,D00457,BM00041,16767085,,unclear
ST00087,D00460,BM00041,26372073,,unclear
ST00088,D00461,BM00041,17980607,,unclear
ST00089,D00472,BM00039,21561086,,unclear
ST00090,D00473,BM00039,21561086,,unclear
ST00091,D00474,BM00039,21561086,,unclear
ST00092,D00368,BM00039,21561086,,unclear
ST00093,D00545,BM00046,18854779,,unclear
ST00094,D00546,BM00046,31686598,,unclear
ST00095,D00546,BM00046,29507678,,unclear
ST00096,D00546,BM00046,18854779,,unclear
ST00097,D00547,BM00046,15909415,,unclear
ST00098,D00547,BM00046,14987799,,unclear
ST00099,D00547,BM00046,12652939,,unclear
ST00100,D00349,BM00046,29507678,,unclear
ST00101,D00087,BM00046,29507678,,unclear
ST00102,D00548,BM00046,18854779,,unclear
ST00103,D00549,BM00046,2185582,,unclear
ST00104,D00549,BM00046,7907815,,unclear
ST00105,D00558,BM00049,33124499,,unclear
ST00106,D00561,BM00049,33124499,,unclear
ST00107,D00571,BM00049,33124499,,unclear
ST00108,D00575,BM00049,33124499,,unclear
ST00109,D00390,BM00049,10691970,,unclear
ST00110,D00548,BM00044,18854779,,unclear
ST00111,D00817,BM00044,35455734,,unclear
ST00112,D00545,BM00044,18854779,,unclear
ST00113,D01024,BM00048,24225399,,unclear
ST00114,D01028,BM00081,9150415,,unclear
ST00115,D01030,BM00081,20031551,,unclear
ST00116,D01030,BM00081,19667110,,unclear
ST00117,D01030,BM00081,17289397,,unclear
ST00118,D01031,BM00081,11413081,,unclear
ST00119,D00390,BM00081,3468509,,unclear
ST00120,D01033,BM00081,16677856,,unclear
ST00121,D01034,BM00081,12615656,,unclear
ST00122,D00078,BM00081,1903065,,unclear
ST00123,D01036,BM00081,12076219,,unclear
ST00124,D01039,BM00081,12827021,,unclear
ST00125,D01041,BM00081,11948667,,unclear
ST00126,D01042,BM00081,15057551,,unclear
ST00127,D01045,BM00081,15585195,,unclear
ST00128,D01045,BM00081,12105166,,unclear
ST00129,D01049,BM00081,9617572,,unclear
ST00130,D01049,BM00081,10686578,,unclear
ST00131,D00103,BM00081,12042669,,unclear
ST00132,D01051,BM00081,27567841,,unclear
ST00133,D01051,BM00081,24951635,,unclear
ST00134,D01053,BM00081,1709885,,unclear
ST00135,D01054,BM00081,24951635,,unclear
ST00136,D00077,BM00081,23247396,,unclear
ST00137,D01056,BM00081,14512205,,unclear
ST00138,D01058,BM00081,16322528,,unclear
ST00139,D01060,BM00081,12752312,,unclear
ST00140,D01070,BM00081,23247396,,unclear
ST00141,D01071,BM00081,24951635,,unclear
ST00142,D01072,BM00081,12398019,,unclear
ST00143,D01073,BM00081,3185288,,unclear
ST00144,D01075,BM00081,12684092,,unclear
ST00145,D01076,BM00081,3021887,,unclear
ST00146,D01077,BM00081,14753754,,unclear
ST00147,D01078,BM00081,30363031,,unclear
ST00148,D01078,BM00081,17289397,,unclear
ST00149,D01079,BM00081,1902348,,unclear
ST00150,D01080,BM00081,17700364,,unclear
ST00151,D01080,BM00081,15809899,,unclear
ST00152,D01081,BM00081,15699298,,unclear
ST00153,D01118,BM00073,12818361,,unclear
ST00154,D01053,BM00073,9530505,,unclear
ST00155,D01152,BM00073,22455312,,unclear
ST00156,D00705,BM00073,32461665,,unclear
ST00157,D01187,BM00073,11133992,,unclear
ST00158,D00349,BM00073,32461665,,unclear
ST00159,D01234,BM00084,25026457,,unclear
ST00160,D01238,BM00084,23959273,,unclear
ST00161,D01080,BM00078,15809899,,unclear
ST00162,D01322,BM00071,22399804,,unclear
ST00163,D01323,BM00071,10766173,,unclear
ST00164,D01324,BM00071,26206338,,unclear
ST00165,D01325,BM00071,31176623,,unclear
ST00166,D01326,BM00071,37968472,,unclear
ST00167,D01328,BM00071,31176623,,unclear
ST00168,D01329,BM00071,17065059,,unclear
ST00169,D01329,BM00071,12097272,,unclear
ST00170,D01330,BM00071,20890287,,unclear
ST00171,D01334,BM00071,32762028,,unclear
ST00172,D01334,BM00071,17909047,,unclear
ST00173,D01335,BM00071,9934849,,unclear
ST00174,D01339,BM00071,22753465,,unclear
ST00175,D01342,BM00071,15314234,,unclear
ST00176,D01344,BM00071,35849876,,unclear
ST00177,D01345,BM00071,34590610,,unclear
ST00178,D01346,BM00071,20811697,,unclear
ST00179,D00371,BM00071,19755659,,unclear
ST00180,D01348,BM00071,37968472,,unclear
ST00181,D01350,BM00071,17909047,,unclear
ST00182,D01353,BM00071,26206338,,unclear
ST00183,D01354,BM00071,20080688,,unclear
ST00184,D01354,BM00071,18768809,,unclear
ST00185,D01355,BM00071,21531761,,unclear
ST00186,D01356,BM00071,12856637,,unclear
ST00187,D01357,BM00071,32762028,,unclear
ST00188,D01358,BM00071,20473900,,unclear
ST00189,D01361,BM00071,15087381,,unclear
ST00190,D00362,BM00071,17909047,,unclear
ST00191,D01363,BM00074,1764091,,unclear
ST00192,D01365,BM00074,12952980,,unclear
ST00193,D00581,BM00074,3130065,,unclear
ST00194,D00547,BM00074,10956052,,unclear
ST00195,D01371,BM00074,18691996,,unclear
ST00196,D00390,BM00074,9392425,,unclear
ST00197,D01373,BM00074,1446618,,unclear
ST00198,D01374,BM00074,17538878,,unclear
ST00199,D01375,BM00074,11470238,,unclear
ST00200,D01376,BM00074,17554340,,unclear
ST00201,D01380,BM00074,10488140,,unclear
ST00202,D01393,BM00072,26225229,,unclear
ST00203,D01395,BM00079,16417409,,unclear
ST00204,D01404,BM00079,35237305,,unclear
ST00205,D01080,BM00079,16417409,,unclear
ST00206,D01080,BM00079,15809899,,unclear
ST00207,D01418,BM00064,2144851,,unclear
ST00208,D01421,BM00064,8503863,,unclear
ST00209,D00012,BM00064,15022342,,unclear
ST00210,D01433,BM00064,11468004,,unclear
ST00211,D01435,BM00064,8503863,,unclear
ST00212,D00037,BM00064,1712816,,unclear
ST00213,D00008,BM00064,12887795,,unclear
ST00214,D00008,BM00064,12639897,,unclear
ST00215,D00078,BM00064,2144977,,unclear
ST00216,D01041,BM00064,1444457,,unclear
ST00217,D00012,BM00077,7670964,,unclear
ST00218,D01452,BM00077,16152760,,unclear
ST00219,D01452,BM00077,15522931,,unclear
ST00220,D01455,BM00077,36145636,,unclear
ST00221,D00431,BM00077,7662319,,unclear
ST00222,D00431,BM00077,2351867,,unclear
ST00223,D00431,BM00077,1588827,,unclear
ST00224,D00103,BM00077,12606523,,unclear
ST00225,D00103,BM00077,20724655,,unclear
ST00226,D01460,BM00077,36145636,,unclear
ST00227,D00547,BM00077,8576634,,unclear
ST00228,D01464,BM00077,3906004,,unclear
ST00229,D01465,BM00077,11936850,,unclear
ST00230,D01466,BM00077,9598838,,unclear
ST00231,D01466,BM00077,15864114,,unclear
ST00232,D01466,BM00077,15353498,,unclear
ST00233,D01466,BM00077,12562847,,unclear
ST00234,D01466,BM00077,12145148,,unclear
ST00235,D01466,BM00077,12119202,,unclear
ST00236,D01466,BM00077,11882317,,unclear
ST00237,D01466,BM00077,10537160,,unclear
ST00238,D01466,BM00077,10357840,,unclear
ST00239,D01468,BM00077,9521691,,unclear
ST00240,D01468,BM00077,2457642,,unclear
ST00241,D01030,BM00077,8312689,,unclear
ST00242,D00717,BM00077,16149735,,unclear
ST00243,D00460,BM00077,7595077,,unclear
ST00244,D01473,BM00077,36145636,,unclear
ST00245,D01039,BM00077,15614026,,unclear
ST00246,D01039,BM00077,15453913,,unclear
ST00247,D00037,BM00077,1597147,,unclear
ST00248,D01474,BM00077,7649489,,unclear
ST00249,D00102,BM00077,12869587,,unclear
ST00250,D01477,BM00077,36145636,,unclear
ST00251,D00008,BM00075,8706754,,unclear
ST00252,D00389,BM00075,7918317,,unclear
ST00253,D00450,BM00065,16408090,,unclear
ST00254,D01602,BM00065,16408090,,unclear
ST00255,D01334,BM00112,16584347,,unclear
ST00256,D01606,BM00112,9543133,,unclear
ST00257,D01607,BM00112,16259615,,unclear
ST00258,D01608,BM00112,9857648,,unclear
ST00259,D01609,BM00112,8990171,,unclear
ST00260,D01610,BM00112,15746052,,unclear
ST00261,D01612,BM00112,14512092,,unclear
ST00262,D00093,BM00112,8781053,,unclear
ST00263,D01613,BM00112,17120184,,unclear
ST00264,D01614,BM00112,10666026,,unclear
ST00265,D01615,BM00112,7813627,,unclear
ST00266,D01616,BM00112,9578515,,unclear
ST00267,D01617,BM00112,15956019,,unclear
ST00268,D01618,BM00112,17349020,,unclear
ST00269,D01619,BM00112,8243271,,unclear
ST00270,D01620,BM00112,6805917,,unclear
ST00271,D01621,BM00112,17002490,,unclear
ST00272,D01622,BM00112,8243271,,unclear
ST00273,D01623,BM00112,9578515,,unclear
ST00274,D01624,BM00112,9380378,,unclear
ST00275,D00575,BM00112,16130441,,unclear
ST00276,D00008,BM00112,9388207,,unclear
ST00277,D01335,BM00112,3492836,,unclear
ST00278,D01625,BM00112,17224308,,unclear
ST00279,D01626,BM00112,2655592,,unclear
ST00280,D01423,BM00112,1997509,,unclear
ST00281,D01627,BM00112,9286759,,unclear
ST00282,D01627,BM00112,12412816,,unclear
ST00283,D01628,BM00112,16204952,,unclear
ST00284,D00121,BM00112,15998769,,unclear
ST00285,D01466,BM00112,16820635,,unclear
ST00286,D01629,BM00112,12967649,,unclear
ST00287,D00412,BM00112,16267019,,unclear
ST00288,D01630,BM00112,2655592,,unclear
ST00289,D01631,BM00112,17203194,,unclear
ST00290,D01631,BM00112,14680578,,unclear
ST00291,D01631,BM00112,12808286,,unclear
ST00292,D01632,BM00112,8758124,,unclear
ST00293,D01632,BM00112,8256242,,unclear
ST00294,D01633,BM00112,12793001,,unclear
ST00295,D01653,BM00110,15813915,,unclear
ST00296,D01656,BM00110,15813915,,unclear
ST00297,D01680,BM00101,9609129,,unclear
ST00298,D01681,BM00101,7672871,,unclear
ST00299,D01238,BM00108,11345644,,unclear
ST00300,D01690,BM00108,10198815,,unclear
ST00301,D01692,BM00108,14631501,,unclear
ST00302,D01702,BM00108,25376930,,unclear
ST00303,D01051,BM00108,16083542,,unclear
ST00304,D01051,BM00108,15989517,,unclear
ST00305,D01028,BM00108,7937594,,unclear
ST00306,D01711,BM00108,14631501,,unclear
ST00307,D01054,BM00108,23540646,,unclear
ST00308,D01712,BM00108,27031121,,unclear
ST00309,D01712,BM00108,12881446,,unclear
ST00310,D01713,BM00108,12443046,,unclear
ST00311,D01715,BM00108,33774263,,unclear
ST00312,D01715,BM00108,33024248,,unclear
ST00313,D01715,BM00108,29318929,,unclear
ST00314,D01715,BM00108,2915989,,unclear
ST00315,D01715,BM00108,27031121,,unclear
ST00316,D01715,BM00108,26398623,,unclear
ST00317,D01715,BM00108,25054547,,unclear
ST00318,D01715,BM00108,22053728,,unclear
ST00319,D01715,BM00108,21637541,,unclear
ST00320,D01715,BM00108,21228368,,unclear
ST00321,D01715,BM00108,21029050,,unclear
ST00322,D01715,BM00108,18075469,,unclear
ST00323,D01715,BM00108,15731589,,unclear
ST00324,D01715,BM00108,1415224,,unclear
ST00325,D01715,BM00108,12881446,,unclear
ST00326,D01715,BM00108,12724618,,unclear
ST00327,D01536,BM00111,15464068,,unclear
ST00328,D01717,BM00111,12038986,,unclear
ST00329,D00462,BM00111,14512210,,unclear
ST00330,D01718,BM00111,17974009,,unclear
ST00331,D01719,BM00111,16300803,,unclear
ST00332,D01720,BM00111,16962724,,unclear
ST00333,D00933,BM00111,10430952,,unclear
ST00334,D00121,BM00111,15598146,,unclear
ST00335,D01721,BM00111,15857384,,unclear
ST00336,D00436,BM00111,19641488,,unclear
ST00337,D01653,BM00111,15657181,,unclear
ST00338,D00581,BM00111,17924870,,unclear
ST00339,D01722,BM00111,1946455,,unclear
ST00340,D01723,BM00111,15857384,,unclear
ST00341,D01725,BM00111,12814375,,unclear
ST00342,D01726,BM00111,15505074,,unclear
ST00343,D00048,BM00111,11274788,,unclear
ST00344,D01727,BM00111,17052849,,unclear
ST00345,D00087,BM00111,10728907,,unclear
ST00346,D01729,BM00111,7821394,,unclear
ST00347,D01179,BM00111,16890350,,unclear
ST00348,D01435,BM00111,7982951,,unclear
ST00349,D00104,BM00111,9299565,,unclear
ST00350,D00104,BM00111,16650607,,unclear
ST00351,D01730,BM00111,11077070,,unclear
ST00352,D01042,BM00111,17924870,,unclear
ST00353,D01731,BM00111,11571589,,unclear
ST00354,D01732,BM00111,18815270,,unclear
ST00355,D01732,BM00111,18563704,,unclear
ST00356,D01733,BM00111,15488477,,unclear
ST00357,D00220,BM00111,12393228,,unclear
ST00358,D00086,BM00111,25096645,,unclear
ST00359,D01735,BM00111,12606293,,unclear
ST00360,D01736,BM00111,12969721,,unclear
ST00361,D01543,BM00111,18182069,,unclear
ST00362,D01737,BM00111,11746354,,unclear
ST00363,D01739,BM00111,8724667,,unclear
ST00364,D01051,BM00111,17990049,,unclear
ST00365,D01740,BM00111,12515318,,unclear
ST00366,D00077,BM00111,16790237,,unclear
ST00367,D01356,BM00111,8288635,,unclear
ST00368,D01741,BM00111,14736076,,unclear
ST00369,D01615,BM00111,17131419,,unclear
ST00370,D01744,BM00111,16797499,,unclear
ST00371,D01746,BM00111,16330021,,unclear
ST00372,D01747,BM00111,14580934,,unclear
ST00373,D01748,BM00111,12742641,,unclear
ST00374,D01749,BM00111,22179955,,unclear
ST00375,D01750,BM00111,9406937,,unclear
ST00376,D00208,BM00111,18408624,,unclear
ST00377,D00090,BM00111,16956981,,unclear
ST00378,D01049,BM00111,18088439,,unclear
ST00379,D01752,BM00111,17392473,,unclear
ST00380,D01711,BM00111,16738805,,unclear
ST00381,D01753,BM00111,17616550,,unclear
ST00382,D01754,BM00111,12941963,,unclear
ST00383,D01755,BM00111,10748141,,unclear
ST00384,D01680,BM00111,8895887,,unclear
ST00385,D01237,BM00111,16651634,,unclear
ST00386,D01489,BM00111,12359151,,unclear
ST00387,D01756,BM00111,16457953,,unclear
ST00388,D01757,BM00111,25096645,,unclear
ST00389,D01758,BM00111,9406930,,unclear
ST00390,D01759,BM00111,16210356,,unclear
ST00391,D00093,BM00111,10899924,,unclear
ST00392,D01760,BM00111,16390493,,unclear
ST00393,D00441,BM00111,17044036,,unclear
ST00394,D01761,BM00111,16026835,,unclear
ST00395,D01762,BM00111,9878821,,unclear
ST00396,D01763,BM00111,18630696,,unclear
ST00397,D00085,BM00111,17464718,,unclear
ST00398,D01413,BM00111,14966352,,unclear
ST00399,D01764,BM00111,18420184,,unclear
ST00400,D01764,BM00111,17617388,,unclear
ST00401,D00183,BM00111,24595507,,unclear
ST00402,D01765,BM00111,9677306,,unclear
ST00403,D01766,BM00111,16778834,,unclear
ST00404,D00100,BM00111,15569250,,unclear
ST00405,D01767,BM00111,16711005,,unclear
ST00406,D01768,BM00111,10683584,,unclear
ST00407,D01769,BM00111,17823123,,unclear
ST00408,D01705,BM00111,18394312,,unclear
ST00409,D01102,BM00111,16522641,,unclear
ST00410,D01773,BM00111,10428835,,unclear
ST00411,D01775,BM00111,21733227,,unclear
ST00412,D00088,BM00111,15816864,,unclear
ST00413,D01126,BM00111,15081599,,unclear
ST00414,D01778,BM00111,16286649,,unclear
ST00415,D01779,BM00111,11923430,,unclear
ST00416,D01780,BM00111,17074039,,unclear
ST00417,D01056,BM00111,16740621,,unclear
ST00418,D01781,BM00111,14978196,,unclear
ST00419,D00109,BM00111,25096645,,unclear
ST00420,D01783,BM00111,17292805,,unclear
ST00421,D01784,BM00111,10536212,,unclear
ST00422,D00432,BM00111,15569250,,unclear
ST00423,D01785,BM00111,15183516,,unclear
ST00424,D01786,BM00111,18047562,,unclear
ST00425,D01787,BM00111,16903870,,unclear
ST00426,D01788,BM00111,10215909,,unclear
ST00427,D00410,BM00111,19414708,,unclear
ST00428,D00349,BM00111,18702703,,unclear
ST00429,D01789,BM00111,9133581,,unclear
ST00430,D01790,BM00111,16531049,,unclear
ST00431,D00770,BM00093,15674352,,unclear
ST00432,D01580,BM00118,23913015,,unclear
ST00433,D01834,BM00138,10878362,,unclear
ST00434,D01851,BM00131,25222877,,unclear
ST00435,D01358,BM00131,17684099,,unclear
ST00436,D01865,BM00131,19035792,,unclear
ST00437,D01883,BM00131,25222877,,unclear
ST00438,D01883,BM00131,24869598,,unclear
ST00439,D01883,BM00131,27199251,,unclear
ST00440,D00184,BM00139,26503818,,unclear
ST00441,D01889,BM00139,25494040,,unclear
ST00442,D01917,BM00127,322,,unclear
ST00443,D01917,BM00127,15,,unclear
ST00444,D01917,BM00127,75,,unclear
ST00445,D01917,BM00127,1682772,,unclear
ST00446,D01917,BM00127,26510020,,unclear
ST00447,D00087,BM00126,12698198,,unclear
ST00448,D01615,BM00126,9133444,,unclear
ST00449,D01606,BM00126,15750629,,unclear
ST00450,D01606,BM00126,11130383,,unclear
ST00451,D01606,BM00126,16636335,,unclear
ST00452,D01606,BM00126,16331614,,unclear
ST00453,D01606,BM00126,15197194,,unclear
ST00454,D01766,BM00126,12684687,,unclear
ST00455,D00705,BM00126,16982732,,unclear
ST00456,D00804,BM00126,14694444,,unclear
ST00457,D01322,BM00126,14559807,,unclear
ST00458,D01608,BM00126,15782115,,unclear
ST00459,D01971,BM00126,12684687,,unclear
ST00460,D00092,BM00126,14559807,,unclear
ST00461,D01980,BM00126,14583453,,unclear
ST00462,D01917,BM00126,25366685,,unclear
ST00463,D01917,BM00126,20609467,,unclear
ST00464,D01983,BM00126,17229870,,unclear
ST00465,D01985,BM00126,12611456,,unclear
ST00466,D01024,BM00126,12684687,,unclear
ST00467,D01991,BM00120,18667312,,unclear
ST00468,D01993,BM00120,18667312,,unclear
ST00469,D01995,BM00141,24521109,,unclear
ST00470,D02006,BM00125,26137449,,unclear
ST00471,D02006,BM00125,26577700,,unclear
ST00472,D01797,BM00125,37656784,,unclear
ST00473,D01797,BM00125,30575814,,unclear
ST00474,D01797,BM00125,34108213,,unclear
ST00475,D01797,BM00125,27388325,,unclear
ST00476,D01797,BM00125,35630083,,unclear
ST00477,D01797,BM00125,18794803,,unclear
ST00478,D01797,BM00125,20538618,,unclear
ST00479,D01797,BM00125,38795180,,unclear
ST00480,D01797,BM00125,18519791,,unclear
ST00481,D01797,BM00125,23792568,,unclear
ST00482,D01797,BM00125,23629727,,unclear
ST00483,D01797,BM00125,24885690,,unclear
ST00484,D01797,BM00125,16880785,,unclear
ST00485,D01797,BM00125,22394203,,unclear
ST00486,D01797,BM00125,23715574,,unclear
ST00487,D01797,BM00125,14679157,,unclear
ST00488,D01797,BM00125,25157968,,unclear
ST00489,D01797,BM00125,19537845,,unclear
ST00490,D01797,BM00125,21129611,,unclear
ST00491,D01797,BM00125,12068308,,unclear
ST00492,D01797,BM00125,18186519,,unclear
ST00493,D01797,BM00125,22310681,,unclear
ST00494,D01797,BM00125,20350999,,unclear
ST00495,D01797,BM00125,26619011,,unclear
ST00496,D01797,BM00125,20619739,,unclear
ST00497,D01797,BM00125,24727320,,unclear
ST00498,D01797,BM00125,20526349,,unclear
ST00499,D01797,BM00125,28362716,,unclear
ST00500,D01324,BM00125,34108213,,unclear
ST00501,D01324,BM00125,35319964,,unclear
ST00502,D01324,BM00125,37656784,,unclear
ST00503,D01324,BM00125,31566661,,unclear
ST00504,D01324,BM00125,23414587,,unclear
ST00505,D01324,BM00125,35385748,,unclear
ST00506,D01324,BM00125,31227518,,unclear
ST00507,D01324,BM00125,29903896,,unclear
ST00508,D01324,BM00125,39072179,,unclear
ST00509,D01324,BM00125,29245078,,unclear
ST00510,D01324,BM00125,26577700,,unclear
ST00511,D01324,BM00125,28152546,,unclear
ST00512,D01324,BM00125,39313594,,unclear
ST00513,D01324,BM00125,38854737,,unclear
ST00514,D01324,BM00125,36442478,,unclear
ST00515,D01324,BM00125,37729428,,unclear
ST00516,D01324,BM00125,28551618,,unclear
ST00517,D01324,BM00125,37269335,,unclear
ST00518,D01324,BM00125,35882450,,unclear
ST00519,D01324,BM00125,38691346,,unclear
ST00520,D01324,BM00125,39391046,,unclear
ST00521,D01324,BM00125,35696748,,unclear
ST00522,D01324,BM00125,39255538,,unclear
ST00523,D01324,BM00125,31566309,,unclear
ST00524,D01324,BM00125,36763936,,unclear
ST00525,D01324,BM00125,39461261,,unclear
ST00526,D01324,BM00125,33043759,,unclear
ST00527,D01324,BM00125,36608320,,unclear
ST00528,D01324,BM00125,30959471,,unclear
ST00529,D01324,BM00125,37270692,,unclear
ST00530,D01324,BM00125,38446982,,unclear
ST00531,D01324,BM00125,39392364,,unclear
ST00532,D01324,BM00125,30219628,,unclear
ST00533,D01324,BM00125,29573941,,unclear
ST00534,D01324,BM00125,38885476,,unclear
ST00535,D01324,BM00125,38343359,,unclear
ST00536,D01324,BM00125,36011019,,unclear
ST00537,D01324,BM00125,30181415,,unclear
ST00538,D01324,BM00125,27307593,,unclear
ST00539,D02007,BM00125,29674508,,unclear
ST00540,D02007,BM00125,22351686,,unclear
ST00541,D00403,BM00125,24265152,,unclear
ST00542,D02008,BM00125,37656784,,unclear
ST00543,D02008,BM00125,37978284,,unclear
ST00544,D02008,BM00125,32540409,,unclear
ST00545,D02008,BM00125,37219686,,unclear
ST00546,D02008,BM00125,31618628,,unclear
ST00547,D02010,BM00125,21383288,,unclear
ST00548,D02010,BM00125,38795180,,unclear
ST00549,D02010,BM00125,36759733,,unclear
ST00550,D02010,BM00125,31937621,,unclear
ST00551,D02010,BM00125,22281684,,unclear
ST00552,D02010,BM00125,27924459,,unclear
ST00553,D02010,BM00125,27523909,,unclear
ST00554,D02010,BM00125,23242808,,unclear
ST00555,D02010,BM00125,24983357,,unclear
ST00556,D02010,BM00125,27217440,,unclear
ST00557,D02010,BM00125,26461489,,unclear
ST00558,D02010,BM00125,20538618,,unclear
ST00559,D02010,BM00125,26573800,,unclear
ST00560,D02010,BM00125,18287029,,unclear
ST00561,D02010,BM00125,26351322,,unclear
ST00562,D02010,BM00125,24265153,,unclear
ST00563,D02010,BM00125,19915144,,unclear
ST00564,D00438,BM00125,8006,,unclear
ST00565,D00438,BM00125,2015,,unclear
ST00566,D00438,BM00125,26392102,,unclear
ST00567,D00438,BM00125,23470635,,unclear
ST00568,D00438,BM00125,27080216,,unclear
ST00569,D00438,BM00125,23489023,,unclear
ST00570,D00438,BM00125,20818844,,unclear
ST00571,D00438,BM00125,38,,unclear
ST00572,D00438,BM00125,2014,,unclear
ST00573,D00438,BM00125,8009,,unclear
ST00574,D00438,BM00125,2013,,unclear
ST00575,D00438,BM00125,22608338,,unclear
ST00576,D00438,BM00125,23524406,,unclear
ST00577,D00438,BM00125,39107839,,unclear
ST00578,D00438,BM00125,38766698,,unclear
ST00579,D00438,BM00125,29171936,,unclear
ST00580,D00438,BM00125,28512244,,unclear
ST00581,D00438,BM00125,33637608,,unclear
ST00582,D00438,BM00125,33704186,,unclear
ST00583,D00438,BM00125,35319964,,unclear
ST00584,D00438,BM00125,29494756,,unclear
ST00585,D00438,BM00125,38662982,,unclear
ST00586,D00438,BM00125,36686670,,unclear
ST00587,D00438,BM00125,38479107,,unclear
ST00588,D00438,BM00125,38770091,,unclear
ST00589,D00438,BM00125,36505826,,unclear
ST00590,D00438,BM00125,26732095,,unclear
ST00591,D00438,BM00125,37656784,,unclear
ST00592,D00438,BM00125,31519698,,unclear
ST00593,D00438,BM00125,36217799,,unclear
ST00594,D00438,BM00125,33669326,,unclear
ST00595,D00438,BM00125,35709404,,unclear
ST00596,D00438,BM00125,31824282,,unclear
ST00597,D00438,BM00125,28800030,,unclear
ST00598,D00438,BM00125,38781546,,unclear
ST00599,D00438,BM00125,34108213,,unclear
ST00600,D00438,BM00125,35135105,,unclear
ST00601,D00438,BM00125,35022320,,unclear
ST00602,D00438,BM00125,33020648,,unclear
ST00603,D00438,BM00125,36375115,,unclear
ST00604,D00438,BM00125,31566661,,unclear
ST00605,D00438,BM00125,30285222,,unclear
ST00606,D00438,BM00125,26811525,,unclear
ST00607,D00438,BM00125,31506385,,unclear
ST00608,D00438,BM00125,31811016,,unclear
ST00609,D00438,BM00125,38283732,,unclear
ST00610,D00438,BM00125,34590045,,unclear
ST00611,D00438,BM00125,30248172,,unclear
ST00612,D00438,BM00125,31158244,,unclear
ST00613,D00438,BM00125,36039514,,unclear
ST00614,D00438,BM00125,27255157,,unclear
ST00615,D00438,BM00125,38844796,,unclear
ST00616,D00438,BM00125,27523909,,unclear
ST00617,D00438,BM00125,30926357,,unclear
ST00618,D00438,BM00125,31569065,,unclear
ST00619,D00438,BM00125,32981611,,unclear
ST00620,D00438,BM00125,32540409,,unclear
ST00621,D00438,BM00125,29903896,,unclear
ST00622,D00438,BM00125,28891408,,unclear
ST00623,D00438,BM00125,33020646,,unclear
ST00624,D00438,BM00125,27659046,,unclear
ST00625,D00438,BM00125,27770002,,unclear
ST00626,D00438,BM00125,28947956,,unclear
ST00627,D00438,BM00125,39424923,,unclear
ST00628,D00438,BM00125,39500140,,unclear
ST00629,D00438,BM00125,33216826,,unclear
ST00630,D00438,BM00125,35598548,,unclear
ST00631,D00438,BM00125,36221356,,unclear
ST00632,D00438,BM00125,32388065,,unclear
ST00633,D00438,BM00125,33250737,,unclear
ST00634,D00438,BM00125,33472910,,unclear
ST00635,D00438,BM00125,32922664,,unclear
ST00636,D00438,BM00125,23031422,,unclear
ST00637,D00438,BM00125,31925410,,unclear
ST00638,D00438,BM00125,38854737,,unclear
ST00639,D00438,BM00125,31980996,,unclear
ST00640,D00438,BM00125,27797976,,unclear
ST00641,D00438,BM00125,25370473,,unclear
ST00642,D00438,BM00125,24265153,,unclear
ST00643,D00438,BM00125,35705814,,unclear
ST00644,D00438,BM00125,24265154,,unclear
ST00645,D00438,BM00125,36442478,,unclear
ST00646,D00438,BM00125,29631033,,unclear
ST00647,D00438,BM00125,37729428,,unclear
ST00648,D00438,BM00125,38565920,,unclear
ST00649,D00438,BM00125,37838724,,unclear
ST00650,D00438,BM00125,36759733,,unclear
ST00651,D00438,BM00125,36622773,,unclear
ST00652,D00438,BM00125,33568355,,unclear
ST00653,D00438,BM00125,28714990,,unclear
ST00654,D00438,BM00125,36702949,,unclear
ST00655,D00438,BM00125,38960393,,unclear
ST00656,D00438,BM00125,33595872,,unclear
ST00657,D00438,BM00125,37213293,,unclear
ST00658,D00438,BM00125,29431699,,unclear
ST00659,D00438,BM00125,32234759,,unclear
ST00660,D00438,BM00125,36825105,,unclear
ST00661,D00438,BM00125,28984141,,unclear
ST00662,D00438,BM00125,37733309,,unclear
ST00663,D00438,BM00125,35491008,,unclear
ST00664,D00438,BM00125,31549998,,unclear
ST00665,D00438,BM00125,35026411,,unclear
ST00666,D00438,BM00125,27697975,,unclear
ST00667,D00438,BM00125,36531075,,unclear
ST00668,D00438,BM00125,35242981,,unclear
ST00669,D00438,BM00125,33043759,,unclear
ST00670,D00438,BM00125,30323086,,unclear
ST00671,D00438,BM00125,36847048,,unclear
ST00672,D00438,BM00125,36157689,,unclear
ST00673,D00438,BM00125,27312529,,unclear
ST00674,D00438,BM00125,34969785,,unclear
ST00675,D00438,BM00125,32843432,,unclear
ST00676,D00438,BM00125,34178685,,unclear
ST00677,D00438,BM00125,32238401,,unclear
ST00678,D00438,BM00125,39234402,,unclear
ST00679,D00438,BM00125,38109210,,unclear
ST00680,D00438,BM00125,32206360,,unclear
ST00681,D00438,BM00125,39232586,,unclear
ST00682,D00438,BM00125,36372281,,unclear
ST00683,D00438,BM00125,32818466,,unclear
ST00684,D00438,BM00125,38716076,,unclear
ST00685,D00438,BM00125,30036245,,unclear
ST00686,D00438,BM00125,31085763,,unclear
ST00687,D00438,BM00125,34956922,,unclear
ST00688,D00438,BM00125,38715777,,unclear
ST00689,D00438,BM00125,39376796,,unclear
ST00690,D00438,BM00125,28919011,,unclear
ST00691,D00438,BM00125,27283860,,unclear
ST00692,D00438,BM00125,39143272,,unclear
ST00693,D00438,BM00125,35382161,,unclear
ST00694,D00438,BM00125,33461766,,unclear
ST00695,D00438,BM00125,37643378,,unclear
ST00696,D00438,BM00125,34838156,,unclear
ST00697,D00438,BM00125,31217909,,unclear
ST00698,D00438,BM00125,32923904,,unclear
ST00699,D00438,BM00125,31345255,,unclear
ST00700,D00438,BM00125,29632053,,unclear
ST00701,D00438,BM00125,38820503,,unclear
ST00702,D00438,BM00125,33537843,,unclear
ST00703,D00438,BM00125,30556047,,unclear
ST00704,D00438,BM00125,22389471,,unclear
ST00705,D00438,BM00125,25399551,,unclear
ST00706,D00438,BM00125,28268064,,unclear
ST00707,D00438,BM00125,38814411,,unclear
ST00708,D00438,BM00125,34476331,,unclear
ST00709,D00438,BM00125,36108341,,unclear
ST00710,D00438,BM00125,27048246,,unclear
ST00711,D00438,BM00125,36011019,,unclear
ST00712,D00438,BM00125,24885690,,unclear
ST00713,D00438,BM00125,38756640,,unclear
ST00714,D00438,BM00125,31502039,,unclear
ST00715,D00438,BM00125,29880583,,unclear
ST00716,D00438,BM00125,39399174,,unclear
ST00717,D00438,BM00125,28784858,,unclear
ST00718,D00438,BM00125,30181415,,unclear
ST00719,D00438,BM00125,25549723,,unclear
ST00720,D00438,BM00125,25285888,,unclear
ST00721,D00438,BM00125,29621181,,unclear
ST00722,D00438,BM00125,31109800,,unclear
ST00723,D00438,BM00125,22735384,,unclear
ST00724,D00438,BM00125,23715574,,unclear
ST00725,D00438,BM00125,22180495,,unclear
ST00726,D00438,BM00125,18541894,,unclear
ST00727,D00438,BM00125,23812671,,unclear
ST00728,D00438,BM00125,14679157,,unclear
ST00729,D00438,BM00125,21594703,,unclear
ST00730,D00438,BM00125,12460918,,unclear
ST00731,D00438,BM00125,24586605,,unclear
ST00732,D00438,BM00125,22038996,,unclear
ST00733,D00438,BM00125,22773810,,unclear
ST00734,D00438,BM00125,21163703,,unclear
ST00735,D00438,BM00125,22649091,,unclear
ST00736,D00438,BM00125,22356324,,unclear
ST00737,D00438,BM00125,25370471,,unclear
ST00738,D00438,BM00125,19001320,,unclear
ST00739,D00438,BM00125,24388723,,unclear
ST00740,D00438,BM00125,22743296,,unclear
ST00741,D00438,BM00125,22586120,,unclear
ST00742,D00438,BM00125,24354346,,unclear
ST00743,D00438,BM00125,20630094,,unclear
ST00744,D00438,BM00125,23020132,,unclear
ST00745,D00438,BM00125,23549875,,unclear
ST00746,D00438,BM00125,19561230,,unclear
ST00747,D00438,BM00125,22351686,,unclear
ST00748,D00438,BM00125,22663011,,unclear
ST00749,D00438,BM00125,23614898,,unclear
ST00750,D00438,BM00125,25656898,,unclear
ST00751,D00438,BM00125,19255327,,unclear
ST00752,D00438,BM00125,24594804,,unclear
ST00753,D00438,BM00125,25157968,,unclear
ST00754,D00438,BM00125,22805292,,unclear
ST00755,D00438,BM00125,24107445,,unclear
ST00756,D00438,BM00125,23918947,,unclear
ST00757,D00438,BM00125,19238210,,unclear
ST00758,D00438,BM00125,23833300,,unclear
ST00759,D00438,BM00125,21683865,,unclear
ST00760,D00438,BM00125,19537845,,unclear
ST00761,D00438,BM00125,19018267,,unclear
ST00762,D00438,BM00125,23251002,,unclear
ST00763,D00438,BM00125,21975775,,unclear
ST00764,D00438,BM00125,21639808,,unclear
ST00765,D00438,BM00125,21129611,,unclear
ST00766,D00438,BM00125,24576830,,unclear
ST00767,D00438,BM00125,19773371,,unclear
ST00768,D00438,BM00125,19404918,,unclear
ST00769,D00438,BM00125,20368568,,unclear
ST00770,D00438,BM00125,22241789,,unclear
ST00771,D00438,BM00125,24163374,,unclear
ST00772,D00438,BM00125,20857202,,unclear
ST00773,D00438,BM00125,20413299,,unclear
ST00774,D00438,BM00125,24583796,,unclear
ST00775,D00438,BM00125,19010912,,unclear
ST00776,D00438,BM00125,12068308,,unclear
ST00777,D00438,BM00125,22972589,,unclear
ST00778,D00438,BM00125,23325582,,unclear
ST00779,D00438,BM00125,15035987,,unclear
ST00780,D00438,BM00125,21156289,,unclear
ST00781,D00438,BM00125,23612012,,unclear
ST00782,D00438,BM00125,21426297,,unclear
ST00783,D00438,BM00125,26678033,,unclear
ST00784,D00438,BM00125,25989278,,unclear
ST00785,D00438,BM00125,12460919,,unclear
ST00786,D00438,BM00125,23406027,,unclear
ST00787,D00438,BM00125,22997239,,unclear
ST00788,D00438,BM00125,22048237,,unclear
ST00789,D00438,BM00125,24396464,,unclear
ST00790,D00438,BM00125,23845441,,unclear
ST00791,D00438,BM00125,21663470,,unclear
ST00792,D00438,BM00125,25024077,,unclear
ST00793,D00438,BM00125,22536370,,unclear
ST00794,D00438,BM00125,23934108,,unclear
ST00795,D00438,BM00125,20350999,,unclear
ST00796,D00438,BM00125,24508103,,unclear
ST00797,D00438,BM00125,24570209,,unclear
ST00798,D00438,BM00125,22281684,,unclear
ST00799,D00438,BM00125,22448344,,unclear
ST00800,D00438,BM00125,26619011,,unclear
ST00801,D00438,BM00125,21483012,,unclear
ST00802,D00438,BM00125,20619739,,unclear
ST00803,D00438,BM00125,23844038,,unclear
ST00804,D00416,BM00125,22180495,,unclear
ST00805,D00416,BM00125,18541894,,unclear
ST00806,D00416,BM00125,23812671,,unclear
ST00807,D00416,BM00125,14679157,,unclear
ST00808,D00416,BM00125,21594703,,unclear
ST00809,D00416,BM00125,12460918,,unclear
ST00810,D00416,BM00125,24586605,,unclear
ST00811,D00416,BM00125,22389471,,unclear
ST00812,D00416,BM00125,22038996,,unclear
ST00813,D00416,BM00125,22773810,,unclear
ST00814,D00416,BM00125,21163703,,unclear
ST00815,D00416,BM00125,22608338,,unclear
ST00816,D00416,BM00125,22649091,,unclear
ST00817,D00416,BM00125,22356324,,unclear
ST00818,D00416,BM00125,25370471,,unclear
ST00819,D00416,BM00125,19001320,,unclear
ST00820,D00416,BM00125,24388723,,unclear
ST00821,D00416,BM00125,22743296,,unclear
ST00822,D00416,BM00125,22586120,,unclear
ST00823,D00416,BM00125,24354346,,unclear
ST00824,D00416,BM00125,20630094,,unclear
ST00825,D00416,BM00125,23020132,,unclear
ST00826,D00416,BM00125,23549875,,unclear
ST00827,D00416,BM00125,19561230,,unclear
ST00828,D00416,BM00125,22351686,,unclear
ST00829,D00416,BM00125,22663011,,unclear
ST00830,D00416,BM00125,23614898,,unclear
ST00831,D00416,BM00125,25656898,,unclear
ST00832,D00416,BM00125,19255327,,unclear
ST00833,D00416,BM00125,24594804,,unclear
ST00834,D00416,BM00125,25157968,,unclear
ST00835,D00416,BM00125,22805292,,unclear
ST00836,D00416,BM00125,24107445,,unclear
ST00837,D00416,BM00125,23918947,,unclear
ST00838,D00416,BM00125,19238210,,unclear
ST00839,D00416,BM00125,23833300,,unclear
ST00840,D00416,BM00125,21683865,,unclear
ST00841,D00416,BM00125,19537845,,unclear
ST00842,D00416,BM00125,19018267,,unclear
ST00843,D00416,BM00125,23251002,,unclear
ST00844,D00416,BM00125,21975775,,unclear
ST00845,D00416,BM00125,21639808,,unclear
ST00846,D00416,BM00125,21129611,,unclear
ST00847,D00416,BM00125,24576830,,unclear
ST00848,D00416,BM00125,19773371,,unclear
ST00849,D00416,BM00125,19404918,,unclear
ST00850,D00416,BM00125,20368568,,unclear
ST00851,D00416,BM00125,22241789,,unclear
ST00852,D00416,BM00125,24163374,,unclear
ST00853,D00416,BM00125,20818844,,unclear
ST00854,D00416,BM00125,20857202,,unclear
ST00855,D00416,BM00125,20413299,,unclear
ST00856,D00416,BM00125,24583796,,unclear
ST00857,D00416,BM00125,19010912,,unclear
ST00858,D00416,BM00125,12068308,,unclear
ST00859,D00416,BM00125,22972589,,unclear
ST00860,D00416,BM00125,23325582,,unclear
ST00861,D00416,BM00125,15035987,,unclear
ST00862,D00416,BM00125,21156289,,unclear
ST00863,D00416,BM00125,23612012,,unclear
ST00864,D00416,BM00125,21426297,,unclear
ST00865,D00416,BM00125,26678033,,unclear
ST00866,D00416,BM00125,25989278,,unclear
ST00867,D00416,BM00125,12460919,,unclear
ST00868,D00416,BM00125,23489023,,unclear
ST00869,D00416,BM00125,23406027,,unclear
ST00870,D00416,BM00125,22997239,,unclear
ST00871,D00416,BM00125,22048237,,unclear
ST00872,D00416,BM00125,24396464,,unclear
ST00873,D00416,BM00125,23845441,,unclear
ST00874,D00416,BM00125,21663470,,unclear
ST00875,D00416,BM00125,23031422,,unclear
ST00876,D00416,BM00125,23470635,,unclear
ST00877,D00416,BM00125,25024077,,unclear
ST00878,D00416,BM00125,22536370,,unclear
ST00879,D00416,BM00125,23934108,,unclear
ST00880,D00416,BM00125,20350999,,unclear
ST00881,D00416,BM00125,23524406,,unclear
ST00882,D00416,BM00125,24508103,,unclear
ST00883,D00416,BM00125,24570209,,unclear
ST00884,D00416,BM00125,22281684,,unclear
ST00885,D00416,BM00125,22448344,,unclear
ST00886,D00416,BM00125,26619011,,unclear
ST00887,D00416,BM00125,21483012,,unclear
ST00888,D00416,BM00125,22735384,,unclear
ST00889,D00416,BM00125,20619739,,unclear
ST00890,D00416,BM00125,231718,,unclear
ST00891,D00416,BM00125,23288408,,unclear
ST00892,D00416,BM00125,22621641,,unclear
ST00893,D00416,BM00125,25462267,,unclear
ST00894,D00416,BM00125,33560788,,unclear
ST00895,D00416,BM00125,35319964,,unclear
ST00896,D00416,BM00125,37164118,,unclear
ST00897,D00416,BM00125,37656784,,unclear
ST00898,D00416,BM00125,26732095,,unclear
ST00899,D00416,BM00125,30575814,,unclear
ST00900,D00416,BM00125,24035431,,unclear
ST00901,D00416,BM00125,34108213,,unclear
ST00902,D00416,BM00125,24283590,,unclear
ST00903,D00416,BM00125,26582644,,unclear
ST00904,D00416,BM00125,26343583,,unclear
ST00905,D00416,BM00125,32534646,,unclear
ST00906,D00416,BM00125,31566661,,unclear
ST00907,D00416,BM00125,24265152,,unclear
ST00908,D00416,BM00125,31171876,,unclear
ST00909,D00416,BM00125,26287849,,unclear
ST00910,D00416,BM00125,28783719,,unclear
ST00911,D00416,BM00125,22798288,,unclear
ST00912,D00416,BM00125,31182949,,unclear
ST00913,D00416,BM00125,29903896,,unclear
ST00914,D00416,BM00125,26343582,,unclear
ST00915,D00416,BM00125,32540409,,unclear
ST00916,D00416,BM00125,25706985,,unclear
ST00917,D00416,BM00125,29051322,,unclear
ST00918,D00416,BM00125,26137449,,unclear
ST00919,D00416,BM00125,29674508,,unclear
ST00920,D00416,BM00125,27196754,,unclear
ST00921,D00416,BM00125,30482852,,unclear
ST00922,D00416,BM00125,26984758,,unclear
ST00923,D00416,BM00125,27760111,,unclear
ST00924,D00416,BM00125,31959346,,unclear
ST00925,D00416,BM00125,22113612,,unclear
ST00926,D00416,BM00125,32669268,,unclear
ST00927,D00416,BM00125,34178685,,unclear
ST00928,D00416,BM00125,26996308,,unclear
ST00929,D00416,BM00125,33947696,,unclear
ST00930,D00416,BM00125,32859654,,unclear
ST00931,D00416,BM00125,30559419,,unclear
ST00932,D00416,BM00125,38854737,,unclear
ST00933,D00416,BM00125,31980996,,unclear
ST00934,D00416,BM00125,29605720,,unclear
ST00935,D00416,BM00125,30341394,,unclear
ST00936,D00416,BM00125,29880583,,unclear
ST00937,D00416,BM00125,24265153,,unclear
ST00938,D00416,BM00125,28514312,,unclear
ST00939,D00416,BM00125,36442478,,unclear
ST00940,D00416,BM00125,28655712,,unclear
ST00941,D00416,BM00125,26267534,,unclear
ST00942,D00416,BM00125,24448821,,unclear
ST00943,D00416,BM00125,28986383,,unclear
ST00944,D00416,BM00125,21383288,,unclear
ST00945,D00416,BM00125,25515853,,unclear
ST00946,D00416,BM00125,28951457,,unclear
ST00947,D00416,BM00125,30036146,,unclear
ST00948,D00416,BM00125,21107323,,unclear
ST00949,D00416,BM00125,34376578,,unclear
ST00950,D00416,BM00125,38593698,,unclear
ST00951,D00416,BM00125,38894534,,unclear
ST00952,D00416,BM00125,38728872,,unclear
ST00953,D00416,BM00125,37808191,,unclear
ST00954,D00416,BM00125,36921494,,unclear
ST00955,D00416,BM00125,36759733,,unclear
ST00956,D00416,BM00125,36343387,,unclear
ST00957,D00416,BM00125,36198029,,unclear
ST00958,D00416,BM00125,34818649,,unclear
ST00959,D00416,BM00125,34433654,,unclear
ST00960,D00416,BM00125,34330842,,unclear
ST00961,D00416,BM00125,33979489,,unclear
ST00962,D00416,BM00125,37325052,,unclear
ST00963,D00416,BM00125,31937621,,unclear
ST00964,D00416,BM00125,27297867,,unclear
ST00965,D00416,BM00125,35145907,,unclear
ST00966,D00416,BM00125,27048246,,unclear
ST00967,D00416,BM00125,27048951,,unclear
ST00968,D00416,BM00125,25665005,,unclear
ST00969,D00416,BM00125,26603897,,unclear
ST00970,D00416,BM00125,25589621,,unclear
ST00971,D00416,BM00125,24523613,,unclear
ST00972,D00416,BM00125,36638198,,unclear
ST00973,D00416,BM00125,23365119,,unclear
ST00974,D00416,BM00125,28649441,,unclear
ST00975,D00416,BM00125,36409971,,unclear
ST00976,D00416,BM00125,33669326,,unclear
ST00977,D00416,BM00125,35046062,,unclear
ST00978,D00416,BM00125,35382161,,unclear
ST00979,D00416,BM00125,27480103,,unclear
ST00980,D00416,BM00125,38096472,,unclear
ST00981,D00416,BM00125,33356422,,unclear
ST00982,D00416,BM00125,34232949,,unclear
ST00983,D00416,BM00125,36855200,,unclear
ST00984,D00416,BM00125,33976643,,unclear
ST00985,D00416,BM00125,32067683,,unclear
ST00986,D00416,BM00125,24859340,,unclear
ST00987,D00416,BM00125,35689405,,unclear
ST00988,D00416,BM00125,27312529,,unclear
ST00989,D00416,BM00125,26460303,,unclear
ST00990,D00416,BM00125,38976815,,unclear
ST00991,D00416,BM00125,36967525,,unclear
ST00992,D00416,BM00125,26490654,,unclear
ST00993,D00416,BM00125,37417899,,unclear
ST00994,D00416,BM00125,26918217,,unclear
ST00995,D00416,BM00125,27460442,,unclear
ST00996,D00416,BM00125,38489728,,unclear
ST00997,D00416,BM00125,26200454,,unclear
ST00998,D00416,BM00125,23733758,,unclear
ST00999,D00416,BM00125,39190425,,unclear
ST01000,D00416,BM00125,30351999,,unclear
ST01001,D00416,BM00125,31217909,,unclear
ST01002,D00416,BM00125,31386052,,unclear
ST01003,D00416,BM00125,28961848,,unclear
ST01004,D00416,BM00125,31158244,,unclear
ST01005,D00416,BM00125,29320312,,unclear
ST01006,D00416,BM00125,32029534,,unclear
ST01007,D00416,BM00125,26352686,,unclear
ST01008,D00416,BM00125,36713531,,unclear
ST01009,D00416,BM00125,27523909,,unclear
ST01010,D00416,BM00125,23715574,,unclear
ST01011,D01358,BM00125,37713162,,unclear
ST01012,D01358,BM00125,36759733,,unclear
ST01013,D01358,BM00125,27222538,,unclear
ST01014,D01358,BM00125,22649091,,unclear
ST01015,D01358,BM00125,23242808,,unclear
ST01016,D01358,BM00125,12460918,,unclear
ST01017,D01358,BM00125,25157968,,unclear
ST01018,D01358,BM00125,19238210,,unclear
ST01019,D01358,BM00125,23833300,,unclear
ST01020,D01358,BM00125,19537845,,unclear
ST01021,D01358,BM00125,21129611,,unclear
ST01022,D01358,BM00125,19010912,,unclear
ST01023,D01358,BM00125,12068308,,unclear
ST01024,D01358,BM00125,18186519,,unclear
ST01025,D01358,BM00125,22310681,,unclear
ST01026,D01358,BM00125,12460919,,unclear
ST01027,D01358,BM00125,20350999,,unclear
ST01028,D01358,BM00125,26619011,,unclear
ST01029,D01358,BM00125,21483012,,unclear
ST01030,D01986,BM00125,31515458,,unclear
ST01031,D01986,BM00125,37040395,,unclear
ST01032,D01986,BM00125,26637369,,unclear
ST01033,D01986,BM00125,37352476,,unclear
ST01034,D02012,BM00125,21216929,,unclear
ST01035,D02012,BM00125,34178685,,unclear
ST01036,D02012,BM00125,22180495,,unclear
ST01037,D02013,BM00125,33926920,,unclear
ST01038,D01326,BM00125,22180495,,unclear
ST01039,D01326,BM00125,18541894,,unclear
ST01040,D01326,BM00125,23812671,,unclear
ST01041,D01326,BM00125,14679157,,unclear
ST01042,D01326,BM00125,21594703,,unclear
ST01043,D01326,BM00125,12460918,,unclear
ST01044,D01326,BM00125,24586605,,unclear
ST01045,D01326,BM00125,22389471,,unclear
ST01046,D01326,BM00125,22038996,,unclear
ST01047,D01326,BM00125,22773810,,unclear
ST01048,D01326,BM00125,21163703,,unclear
ST01049,D01326,BM00125,22608338,,unclear
ST01050,D01326,BM00125,22649091,,unclear
ST01051,D01326,BM00125,22356324,,unclear
ST01052,D01326,BM00125,25370471,,unclear
ST01053,D01326,BM00125,19001320,,unclear
ST01054,D01326,BM00125,24388723,,unclear
ST01055,D01326,BM00125,22743296,,unclear
ST01056,D01326,BM00125,22586120,,unclear
ST01057,D01326,BM00125,24354346,,unclear
ST01058,D01326,BM00125,20630094,,unclear
ST01059,D01326,BM00125,23020132,,unclear
ST01060,D01326,BM00125,23549875,,unclear
ST01061,D01326,BM00125,19561230,,unclear
ST01062,D01326,BM00125,22351686,,unclear
ST01063,D01326,BM00125,22663011,,unclear
ST01064,D01326,BM00125,23614898,,unclear
ST01065,D01326,BM00125,22798288,,unclear
ST01066,D01326,BM00125,25656898,,unclear
ST01067,D01326,BM00125,19255327,,unclear
ST01068,D01326,BM00125,24594804,,unclear
ST01069,D01326,BM00125,25157968,,unclear
ST01070,D01326,BM00125,22805292,,unclear
ST01071,D01326,BM00125,24107445,,unclear
ST01072,D01326,BM00125,23918947,,unclear
ST01073,D01326,BM00125,19238210,,unclear
ST01074,D01326,BM00125,23833300,,unclear
ST01075,D01326,BM00125,21683865,,unclear
ST01076,D01326,BM00125,19537845,,unclear
ST01077,D01326,BM00125,19018267,,unclear
ST01078,D01326,BM00125,23251002,,unclear
ST01079,D01326,BM00125,21975775,,unclear
ST01080,D01326,BM00125,21639808,,unclear
ST01081,D01326,BM00125,21129611,,unclear
ST01082,D01326,BM00125,24576830,,unclear
ST01083,D01326,BM00125,19773371,,unclear
ST01084,D01326,BM00125,19404918,,unclear
ST01085,D01326,BM00125,20368568,,unclear
ST01086,D01326,BM00125,22241789,,unclear
ST01087,D01326,BM00125,24163374,,unclear
ST01088,D01326,BM00125,20818844,,unclear
ST01089,D01326,BM00125,2493360,,unclear
ST01090,D01326,BM00125,20857202,,unclear
ST01091,D01326,BM00125,20413299,,unclear
ST01092,D01326,BM00125,24583796,,unclear
ST01093,D01326,BM00125,19010912,,unclear
ST01094,D01326,BM00125,12068308,,unclear
ST01095,D01326,BM00125,22972589,,unclear
ST01096,D01326,BM00125,23325582,,unclear
ST01097,D01326,BM00125,15035987,,unclear
ST01098,D01326,BM00125,21156289,,unclear
ST01099,D01326,BM00125,23612012,,unclear
ST01100,D01326,BM00125,21426297,,unclear
ST01101,D01326,BM00125,26678033,,unclear
ST01102,D01326,BM00125,25989278,,unclear
ST01103,D01326,BM00125,12460919,,unclear
ST01104,D01326,BM00125,23489023,,unclear
ST01105,D01326,BM00125,23406027,,unclear
ST01106,D01326,BM00125,22997239,,unclear
ST01107,D01326,BM00125,22048237,,unclear
ST01108,D01326,BM00125,23715574,,unclear
ST01109,D01326,BM00125,24396464,,unclear
ST01110,D01326,BM00125,23845441,,unclear
ST01111,D01326,BM00125,21663470,,unclear
ST01112,D01326,BM00125,23031422,,unclear
ST01113,D01326,BM00125,23470635,,unclear
ST01114,D01326,BM00125,25024077,,unclear
ST01115,D01326,BM00125,22536370,,unclear
ST01116,D01326,BM00125,23934108,,unclear
ST01117,D01326,BM00125,20350999,,unclear
ST01118,D01326,BM00125,23524406,,unclear
ST01119,D01326,BM00125,24508103,,unclear
ST01120,D01326,BM00125,24570209,,unclear
ST01121,D01326,BM00125,22281684,,unclear
ST01122,D01326,BM00125,22448344,,unclear
ST01123,D01326,BM00125,26619011,,unclear
ST01124,D01326,BM00125,21483012,,unclear
ST01125,D01326,BM00125,22735384,,unclear
ST01126,D01326,BM00125,20619739,,unclear
ST01127,D01326,BM00125,8006,,unclear
ST01128,D01326,BM00125,2015,,unclear
ST01129,D01326,BM00125,26392102,,unclear
ST01130,D01326,BM00125,23248257,,unclear
ST01131,D01326,BM00125,20526349,,unclear
ST01132,D01326,BM00125,24345920,,unclear
ST01133,D01326,BM00125,24727320,,unclear
ST01134,D01326,BM00125,39107839,,unclear
ST01135,D01326,BM00125,38766698,,unclear
ST01136,D01326,BM00125,29171936,,unclear
ST01137,D01326,BM00125,28512244,,unclear
ST01138,D01326,BM00125,33637608,,unclear
ST01139,D01326,BM00125,33704186,,unclear
ST01140,D01326,BM00125,35319964,,unclear
ST01141,D01326,BM00125,29494756,,unclear
ST01142,D01326,BM00125,38662982,,unclear
ST01143,D01326,BM00125,36686670,,unclear
ST01144,D01326,BM00125,38479107,,unclear
ST01145,D01326,BM00125,38770091,,unclear
ST01146,D01326,BM00125,36505826,,unclear
ST01147,D01326,BM00125,32991018,,unclear
ST01148,D01326,BM00125,34011980,,unclear
ST01149,D01326,BM00125,37463056,,unclear
ST01150,D01326,BM00125,29903880,,unclear
ST01151,D01326,BM00125,37656784,,unclear
ST01152,D01326,BM00125,26732095,,unclear
ST01153,D01326,BM00125,30575814,,unclear
ST01154,D01326,BM00125,34108213,,unclear
ST01155,D01326,BM00125,36217799,,unclear
ST01156,D01326,BM00125,39152269,,unclear
ST01157,D01326,BM00125,33669326,,unclear
ST01158,D01326,BM00125,35709404,,unclear
ST01159,D01326,BM00125,31824282,,unclear
ST01160,D01326,BM00125,28800030,,unclear
ST01161,D01326,BM00125,35135105,,unclear
ST01162,D01326,BM00125,35022320,,unclear
ST01163,D01326,BM00125,33020648,,unclear
ST01164,D01326,BM00125,24265152,,unclear
ST01165,D01326,BM00125,31566661,,unclear
ST01166,D01326,BM00125,30285222,,unclear
ST01167,D01326,BM00125,26811525,,unclear
ST01168,D01326,BM00125,36375115,,unclear
ST01169,D01326,BM00125,33861486,,unclear
ST01170,D01326,BM00125,31704811,,unclear
ST01171,D01326,BM00125,38283732,,unclear
ST01172,D01326,BM00125,28783719,,unclear
ST01173,D01326,BM00125,34590045,,unclear
ST01174,D01326,BM00125,30248172,,unclear
ST01175,D01326,BM00125,24933606,,unclear
ST01176,D01326,BM00125,28344857,,unclear
ST01177,D01326,BM00125,31158244,,unclear
ST01178,D01326,BM00125,36039514,,unclear
ST01179,D01326,BM00125,38844796,,unclear
ST01180,D01326,BM00125,28784858,,unclear
ST01181,D01326,BM00125,30926357,,unclear
ST01182,D01326,BM00125,31569065,,unclear
ST01183,D01326,BM00125,29903896,,unclear
ST01184,D01326,BM00125,32981611,,unclear
ST01185,D01326,BM00125,39224677,,unclear
ST01186,D01326,BM00125,32540409,,unclear
ST01187,D01326,BM00125,25706985,,unclear
ST01188,D01326,BM00125,28891408,,unclear
ST01189,D01326,BM00125,33020646,,unclear
ST01190,D01326,BM00125,27760111,,unclear
ST01191,D01326,BM00125,27770002,,unclear
ST01192,D01326,BM00125,28947956,,unclear
ST01193,D01326,BM00125,31924734,,unclear
ST01194,D01326,BM00125,26343583,,unclear
ST01195,D01326,BM00125,31980996,,unclear
ST01196,D01326,BM00125,25370473,,unclear
ST01197,D01326,BM00125,39500140,,unclear
ST01198,D01326,BM00125,33216826,,unclear
ST01199,D01326,BM00125,35598548,,unclear
ST01200,D01326,BM00125,36221356,,unclear
ST01201,D01326,BM00125,32388065,,unclear
ST01202,D01326,BM00125,34376578,,unclear
ST01203,D01326,BM00125,33250737,,unclear
ST01204,D01326,BM00125,33472910,,unclear
ST01205,D01326,BM00125,32922664,,unclear
ST01206,D01326,BM00125,31925410,,unclear
ST01207,D01326,BM00125,38854737,,unclear
ST01208,D01326,BM00125,29880583,,unclear
ST01209,D01326,BM00125,26469692,,unclear
ST01210,D01326,BM00125,37713162,,unclear
ST01211,D01326,BM00125,27797976,,unclear
ST01212,D01326,BM00125,24265153,,unclear
ST01213,D01326,BM00125,35705814,,unclear
ST01214,D01326,BM00125,24265154,,unclear
ST01215,D01326,BM00125,28655712,,unclear
ST01216,D01326,BM00125,36442478,,unclear
ST01217,D01326,BM00125,28986383,,unclear
ST01218,D01326,BM00125,29631033,,unclear
ST01219,D01326,BM00125,37729428,,unclear
ST01220,D01326,BM00125,36622773,,unclear
ST01221,D01326,BM00125,38992135,,unclear
ST01222,D01326,BM00125,38565920,,unclear
ST01223,D01326,BM00125,36759733,,unclear
ST01224,D01326,BM00125,36343387,,unclear
ST01225,D01326,BM00125,35882450,,unclear
ST01226,D01326,BM00125,33568355,,unclear
ST01227,D01326,BM00125,33318037,,unclear
ST01228,D01326,BM00125,33229459,,unclear
ST01229,D01326,BM00125,30833748,,unclear
ST01230,D01326,BM00125,39121480,,unclear
ST01231,D01326,BM00125,28714990,,unclear
ST01232,D01326,BM00125,36702949,,unclear
ST01233,D01326,BM00125,38960393,,unclear
ST01234,D01326,BM00125,27297867,,unclear
ST01235,D01326,BM00125,37213293,,unclear
ST01236,D01326,BM00125,35145907,,unclear
ST01237,D01326,BM00125,26916115,,unclear
ST01238,D01326,BM00125,29431699,,unclear
ST01239,D01326,BM00125,32234759,,unclear
ST01240,D01326,BM00125,25665005,,unclear
ST01241,D01326,BM00125,36825105,,unclear
ST01242,D01326,BM00125,28984141,,unclear
ST01243,D01326,BM00125,37733309,,unclear
ST01244,D01326,BM00125,35491008,,unclear
ST01245,D01326,BM00125,31549998,,unclear
ST01246,D01326,BM00125,35026411,,unclear
ST01247,D01326,BM00125,27697975,,unclear
ST01248,D01326,BM00125,36531075,,unclear
ST01249,D01326,BM00125,35242981,,unclear
ST01250,D01326,BM00125,33043759,,unclear
ST01251,D01326,BM00125,30323086,,unclear
ST01252,D01326,BM00125,36847048,,unclear
ST01253,D01326,BM00125,36157689,,unclear
ST01254,D01326,BM00125,27312529,,unclear
ST01255,D01326,BM00125,34969785,,unclear
ST01256,D01326,BM00125,32843432,,unclear
ST01257,D01326,BM00125,34178685,,unclear
ST01258,D01326,BM00125,32238401,,unclear
ST01259,D01326,BM00125,39234402,,unclear
ST01260,D01326,BM00125,38109210,,unclear
ST01261,D01326,BM00125,32206360,,unclear
ST01262,D01326,BM00125,39232586,,unclear
ST01263,D01326,BM00125,36372281,,unclear
ST01264,D01326,BM00125,32818466,,unclear
ST01265,D01326,BM00125,38716076,,unclear
ST01266,D01326,BM00125,30036245,,unclear
ST01267,D01326,BM00125,31085763,,unclear
ST01268,D01326,BM00125,34956922,,unclear
ST01269,D01326,BM00125,38715777,,unclear
ST01270,D01326,BM00125,39376796,,unclear
ST01271,D01326,BM00125,28919011,,unclear
ST01272,D01326,BM00125,27080216,,unclear
ST01273,D01326,BM00125,27283860,,unclear
ST01274,D01326,BM00125,39143272,,unclear
ST01275,D01326,BM00125,35382161,,unclear
ST01276,D01326,BM00125,33461766,,unclear
ST01277,D01326,BM00125,37643378,,unclear
ST01278,D01326,BM00125,34838156,,unclear
ST01279,D01326,BM00125,31217909,,unclear
ST01280,D01326,BM00125,32923904,,unclear
ST01281,D01326,BM00125,31345255,,unclear
ST01282,D01326,BM00125,29632053,,unclear
ST01283,D01326,BM00125,38820503,,unclear
ST01284,D01326,BM00125,33537843,,unclear
ST01285,D01326,BM00125,30556047,,unclear
ST01286,D01326,BM00125,25399551,,unclear
ST01287,D01326,BM00125,28268064,,unclear
ST01288,D01326,BM00125,38814411,,unclear
ST01289,D01326,BM00125,34476331,,unclear
ST01290,D01326,BM00125,36108341,,unclear
ST01291,D01326,BM00125,27048246,,unclear
ST01292,D01326,BM00125,39399174,,unclear
ST01293,D01326,BM00125,36011019,,unclear
ST01294,D01326,BM00125,25309914,,unclear
ST01295,D01326,BM00125,32758030,,unclear
ST01296,D01326,BM00125,27222538,,unclear
ST01297,D01326,BM00125,27488531,,unclear
ST01298,D00740,BM00125,33537843,,unclear
ST01299,D02015,BM00125,26140595,,unclear
ST01300,D02016,BM00125,32540409,,unclear
ST01301,D02016,BM00125,36442478,,unclear
ST01302,D02016,BM00125,31848189,,unclear
ST01303,D02016,BM00125,38728872,,unclear
ST01304,D02017,BM00125,31227518,,unclear
ST01305,D02018,BM00125,39121480,,unclear
ST01306,D02019,BM00125,37656784,,unclear
ST01307,D02019,BM00125,26996308,,unclear
ST01308,D02019,BM00125,19276360,,unclear
ST01309,D01992,BM00125,30833748,,unclear
ST01310,D01799,BM00125,32534646,,unclear
ST01311,D01799,BM00125,31171876,,unclear
ST01312,D01799,BM00125,29723688,,unclear
ST01313,D02020,BM00125,26996308,,unclear
ST01314,D02020,BM00125,26351322,,unclear
ST01315,D02020,BM00125,27523909,,unclear
ST01316,D02020,BM00125,23398453,,unclear
ST01317,D02022,BM00125,25873592,,unclear
ST01318,D02023,BM00125,35882450,,unclear
ST01319,D02025,BM00125,26996308,,unclear
ST01320,D02025,BM00125,26272063,,unclear
ST01321,D02025,BM00125,37326340,,unclear
ST01322,D02025,BM00125,38714355,,unclear
ST01323,D02025,BM00125,26573800,,unclear
ST01324,D02025,BM00125,25422890,,unclear
ST01325,D02025,BM00125,26267534,,unclear
ST01326,D02025,BM00125,27488531,,unclear
ST01327,D02025,BM00125,16273091,,unclear
ST01328,D02026,BM00125,34108213,,unclear
ST01329,D02026,BM00125,33560788,,unclear
ST01330,D02026,BM00125,26996308,,unclear
ST01331,D02026,BM00125,38922339,,unclear
ST01332,D02026,BM00125,32534646,,unclear
ST01333,D02026,BM00125,31171876,,unclear
ST01334,D02026,BM00125,31566661,,unclear
ST01335,D02026,BM00125,22084396,,unclear
ST01336,D02026,BM00125,29903896,,unclear
ST01337,D02026,BM00125,33953400,,unclear
ST01338,D02026,BM00125,34433654,,unclear
ST01339,D02026,BM00125,34376578,,unclear
ST01340,D02026,BM00125,38854737,,unclear
ST01341,D02026,BM00125,30341394,,unclear
ST01342,D02026,BM00125,36442478,,unclear
ST01343,D02026,BM00125,34667063,,unclear
ST01344,D02026,BM00125,28649441,,unclear
ST01345,D02026,BM00125,36409971,,unclear
ST01346,D02026,BM00125,33669326,,unclear
ST01347,D02026,BM00125,35046062,,unclear
ST01348,D02026,BM00125,35382161,,unclear
ST01349,D02026,BM00125,31217909,,unclear
ST01350,D02026,BM00125,27480103,,unclear
ST01351,D02026,BM00125,38096472,,unclear
ST01352,D02026,BM00125,30867592,,unclear
ST01353,D02026,BM00125,27424159,,unclear
ST01354,D02029,BM00125,23039341,,unclear
ST01355,D02030,BM00125,22319199,,unclear
ST01356,D02031,BM00125,36343387,,unclear
ST01357,D02032,BM00125,18794803,,unclear
ST01358,D02033,BM00125,31937621,,unclear
ST01359,D01237,BM00125,26287849,,unclear
ST01360,D01237,BM00125,31704811,,unclear
ST01361,D01237,BM00125,28783719,,unclear
ST01362,D01237,BM00125,31227518,,unclear
ST01363,D01237,BM00125,39072179,,unclear
ST01364,D01237,BM00125,30559419,,unclear
ST01365,D01237,BM00125,31515458,,unclear
ST01366,D01237,BM00125,28611205,,unclear
ST01367,D01237,BM00125,39424923,,unclear
ST01368,D01237,BM00125,39145064,,unclear
ST01369,D01237,BM00125,32669268,,unclear
ST01370,D01237,BM00125,39313594,,unclear
ST01371,D01237,BM00125,28951457,,unclear
ST01372,D01237,BM00125,25838391,,unclear
ST01373,D01237,BM00125,39121480,,unclear
ST01374,D01237,BM00125,36921494,,unclear
ST01375,D01237,BM00125,37269335,,unclear
ST01376,D01237,BM00125,37040395,,unclear
ST01377,D01237,BM00125,39391046,,unclear
ST01378,D01237,BM00125,23792568,,unclear
ST01379,D01237,BM00125,22281684,,unclear
ST01380,D01237,BM00125,36763936,,unclear
ST01381,D01237,BM00125,39461261,,unclear
ST01382,D01237,BM00125,26208524,,unclear
ST01383,D01237,BM00125,37213293,,unclear
ST01384,D01237,BM00125,26916115,,unclear
ST01385,D01237,BM00125,37352476,,unclear
ST01386,D01237,BM00125,28363909,,unclear
ST01387,D01237,BM00125,35696748,,unclear
ST01388,D01237,BM00125,39255538,,unclear
ST01389,D01237,BM00125,31566309,,unclear
ST01390,D01237,BM00125,37236086,,unclear
ST01391,D01237,BM00125,37981300,,unclear
ST01392,D01237,BM00125,39018564,,unclear
ST01393,D01237,BM00125,27312529,,unclear
ST01394,D01237,BM00125,24523613,,unclear
ST01395,D01237,BM00125,22180495,,unclear
ST01396,D01237,BM00125,33356422,,unclear
ST01397,D01237,BM00125,36307056,,unclear
ST01398,D01237,BM00125,18541894,,unclear
ST01399,D01237,BM00125,23812671,,unclear
ST01400,D01237,BM00125,14679157,,unclear
ST01401,D01237,BM00125,21594703,,unclear
ST01402,D01237,BM00125,12460918,,unclear
ST01403,D01237,BM00125,24586605,,unclear
ST01404,D01237,BM00125,22389471,,unclear
ST01405,D01237,BM00125,22038996,,unclear
ST01406,D01237,BM00125,22773810,,unclear
ST01407,D01237,BM00125,21163703,,unclear
ST01408,D01237,BM00125,22608338,,unclear
ST01409,D01237,BM00125,22649091,,unclear
ST01410,D01237,BM00125,22356324,,unclear
ST01411,D01237,BM00125,25370471,,unclear
ST01412,D01237,BM00125,19001320,,unclear
ST01413,D01237,BM00125,24388723,,unclear
ST01414,D01237,BM00125,22743296,,unclear
ST01415,D01237,BM00125,22586120,,unclear
ST01416,D01237,BM00125,24354346,,unclear
ST01417,D01237,BM00125,20630094,,unclear
ST01418,D01237,BM00125,23020132,,unclear
ST01419,D01237,BM00125,23549875,,unclear
ST01420,D01237,BM00125,19561230,,unclear
ST01421,D01237,BM00125,22351686,,unclear
ST01422,D01237,BM00125,22663011,,unclear
ST01423,D01237,BM00125,23614898,,unclear
ST01424,D01237,BM00125,19255327,,unclear
ST01425,D01237,BM00125,24594804,,unclear
ST01426,D01237,BM00125,25157968,,unclear
ST01427,D01237,BM00125,22805292,,unclear
ST01428,D01237,BM00125,24107445,,unclear
ST01429,D01237,BM00125,23918947,,unclear
ST01430,D01237,BM00125,19238210,,unclear
ST01431,D01237,BM00125,23833300,,unclear
ST01432,D01237,BM00125,21683865,,unclear
ST01433,D01237,BM00125,19537845,,unclear
ST01434,D01237,BM00125,19018267,,unclear
ST01435,D01237,BM00125,23251002,,unclear
ST01436,D01237,BM00125,21975775,,unclear
ST01437,D01237,BM00125,21639808,,unclear
ST01438,D01237,BM00125,21129611,,unclear
ST01439,D01237,BM00125,24576830,,unclear
ST01440,D01237,BM00125,19773371,,unclear
ST01441,D01237,BM00125,19404918,,unclear
ST01442,D01237,BM00125,20368568,,unclear
ST01443,D01237,BM00125,22241789,,unclear
ST01444,D01237,BM00125,24163374,,unclear
ST01445,D01237,BM00125,20818844,,unclear
ST01446,D01237,BM00125,20857202,,unclear
ST01447,D01237,BM00125,20413299,,unclear
ST01448,D01237,BM00125,24583796,,unclear
ST01449,D01237,BM00125,19010912,,unclear
ST01450,D01237,BM00125,12068308,,unclear
ST01451,D01237,BM00125,22972589,,unclear
ST01452,D01237,BM00125,23325582,,unclear
ST01453,D01237,BM00125,15035987,,unclear
ST01454,D01237,BM00125,21156289,,unclear
ST01455,D01237,BM00125,23612012,,unclear
ST01456,D01237,BM00125,21426297,,unclear
ST01457,D01237,BM00125,26678033,,unclear
ST01458,D01237,BM00125,25989278,,unclear
ST01459,D01237,BM00125,12460919,,unclear
ST01460,D01237,BM00125,23489023,,unclear
ST01461,D01237,BM00125,23406027,,unclear
ST01462,D01237,BM00125,22997239,,unclear
ST01463,D01237,BM00125,22048237,,unclear
ST01464,D01237,BM00125,24396464,,unclear
ST01465,D01237,BM00125,23845441,,unclear
ST01466,D01237,BM00125,21663470,,unclear
ST01467,D01237,BM00125,23031422,,unclear
ST01468,D01237,BM00125,23470635,,unclear
ST01469,D01237,BM00125,25024077,,unclear
ST01470,D01237,BM00125,22536370,,unclear
ST01471,D01237,BM00125,23934108,,unclear
ST01472,D01237,BM00125,20350999,,unclear
ST01473,D01237,BM00125,23524406,,unclear
ST01474,D01237,BM00125,24508103,,unclear
ST01475,D01237,BM00125,24570209,,unclear
ST01476,D01237,BM00125,22448344,,unclear
ST01477,D01237,BM00125,26619011,,unclear
ST01478,D01237,BM00125,21483012,,unclear
ST01479,D01237,BM00125,22735384,,unclear
ST01480,D01237,BM00125,20619739,,unclear
ST01481,D02034,BM00125,24398428,,unclear
ST01482,D00063,BM00125,26090892,,unclear
ST01483,D02036,BM00125,36343387,,unclear
ST01484,D02036,BM00125,27924459,,unclear
ST01485,D02037,BM00125,32816843,,unclear
ST01486,D02039,BM00125,26438159,,unclear
ST01487,D02040,BM00125,30120161,,unclear
ST01488,D02040,BM00125,25838391,,unclear
ST01489,D02040,BM00125,33568355,,unclear
ST01490,D02040,BM00125,23629727,,unclear
ST01491,D02040,BM00125,21170960,,unclear
ST01492,D02041,BM00125,21216929,,unclear
ST01493,D01798,BM00125,36130145,,unclear
ST01494,D01798,BM00125,33556898,,unclear
ST01495,D01798,BM00125,30742119,,unclear
ST01496,D01798,BM00125,38960393,,unclear
ST01497,D01798,BM00125,29723688,,unclear
ST01498,D01798,BM00125,30630828,,unclear
ST01499,D01798,BM00125,30422243,,unclear
ST01500,D02042,BM00125,38795180,,unclear
ST01501,D02042,BM00125,26169970,,unclear
ST01502,D02043,BM00125,30585255,,unclear
ST01503,D02044,BM00125,20538618,,unclear
ST01504,D02044,BM00125,27523909,,unclear
ST01505,D02046,BM00125,17210691,,unclear
ST01506,D02046,BM00125,15294323,,unclear
ST01507,D02046,BM00125,25500121,,unclear
ST01508,D02047,BM00125,37656784,,unclear
ST01509,D02047,BM00125,38470950,,unclear
ST01510,D02047,BM00125,34433654,,unclear
ST01511,D02047,BM00125,33953400,,unclear
ST01512,D02048,BM00125,37838724,,unclear
ST01513,D00455,BM00125,24265152,,unclear
ST01514,D00455,BM00125,37713162,,unclear
ST01515,D00455,BM00125,22180495,,unclear
ST01516,D02049,BM00125,21216929,,unclear
ST01517,D02050,BM00125,38565920,,unclear
ST01518,D02051,BM00125,36343387,,unclear
ST01519,D02052,BM00125,26137449,,unclear
ST01520,D02053,BM00125,30585255,,unclear
ST01521,D02053,BM00125,23629727,,unclear
ST01522,D02054,BM00125,34433654,,unclear
ST01523,D02055,BM00125,27659046,,unclear
ST01524,D02055,BM00125,26577700,,unclear
ST01525,D02055,BM00125,28951457,,unclear
ST01526,D02055,BM00125,27924459,,unclear
ST01527,D02055,BM00125,27312529,,unclear
ST01528,D02055,BM00125,28363909,,unclear
ST01529,D02056,BM00125,31515458,,unclear
ST01530,D02056,BM00125,36921494,,unclear
ST01531,D02056,BM00125,37040395,,unclear
ST01532,D02056,BM00125,37352476,,unclear
ST01533,D02057,BM00125,37656784,,unclear
ST01534,D02057,BM00125,29880583,,unclear
ST01535,D02057,BM00125,28714990,,unclear
ST01536,D02057,BM00125,27222538,,unclear
ST01537,D02057,BM00125,33595872,,unclear
ST01538,D02057,BM00125,27312529,,unclear
ST01539,D02057,BM00125,26267534,,unclear
ST01540,D02058,BM00125,35630083,,unclear
ST01541,D00394,BM00125,37326340,,unclear
ST01542,D00394,BM00125,21325073,,unclear
ST01543,D00394,BM00125,24042735,,unclear
ST01544,D00398,BM00125,22389471,,unclear
ST01545,D02060,BM00125,36419902,,unclear
ST01546,D02060,BM00125,36221356,,unclear
ST01547,D01348,BM00125,24265152,,unclear
ST01548,D01348,BM00125,27307593,,unclear
ST01549,D02061,BM00125,29247016,,unclear
ST01550,D02061,BM00125,37463056,,unclear
ST01551,D02061,BM00125,37656784,,unclear
ST01552,D02061,BM00125,35551160,,unclear
ST01553,D02061,BM00125,32540409,,unclear
ST01554,D02061,BM00125,34376578,,unclear
ST01555,D02061,BM00125,36442478,,unclear
ST01556,D02061,BM00125,28655712,,unclear
ST01557,D02061,BM00125,35882450,,unclear
ST01558,D02061,BM00125,28939558,,unclear
ST01559,D02061,BM00125,29247021,,unclear
ST01560,D01683,BM00125,30742119,,unclear
ST01561,D01683,BM00125,26645196,,unclear
ST01562,D01683,BM00125,29723688,,unclear
ST01563,D01683,BM00125,37403699,,unclear
ST01564,D01683,BM00125,30630828,,unclear
ST01565,D02062,BM00125,34330842,,unclear
ST01566,D02065,BM00125,30675064,,unclear
ST01567,D02066,BM00125,34818649,,unclear
ST01568,D02066,BM00125,34667063,,unclear
ST01569,D02067,BM00125,34648945,,unclear
ST01570,D02067,BM00125,38854737,,unclear
ST01571,D02067,BM00125,26916115,,unclear
ST01572,D02068,BM00125,23039341,,unclear
ST01573,D02068,BM00125,24448821,,unclear
ST01574,D02068,BM00125,30264293,,unclear
ST01575,D02069,BM00125,25567130,,unclear
ST01576,D02069,BM00125,32234759,,unclear
ST01577,D02070,BM00125,26577700,,unclear
ST01578,D02071,BM00125,33926920,,unclear
ST01579,D02071,BM00125,32540409,,unclear
ST01580,D02071,BM00125,31744895,,unclear
ST01581,D02072,BM00125,26577700,,unclear
ST01582,D02074,BM00125,33537843,,unclear
ST01583,D02075,BM00125,33273059,,unclear
ST01584,D02076,BM00125,32540409,,unclear
ST01585,D01911,BM00125,37729428,,unclear
ST01586,D02077,BM00125,26577700,,unclear
ST01587,D02077,BM00125,26645196,,unclear
ST01588,D02078,BM00125,33979489,,unclear
ST01589,D02080,BM00125,34108213,,unclear
ST01590,D02080,BM00125,27834212,,unclear
ST01591,D02080,BM00125,29880583,,unclear
ST01592,D02080,BM00125,24422853,,unclear
ST01593,D02080,BM00125,32923904,,unclear
ST01594,D02080,BM00125,30559419,,unclear
ST01595,D01917,BM00125,37729428,,unclear
ST01596,D01657,BM00125,27659046,,unclear
ST01597,D01657,BM00125,35882450,,unclear
ST01598,D01657,BM00125,32234759,,unclear
ST01599,D01657,BM00125,24983357,,unclear
ST01600,D01657,BM00125,25665005,,unclear
ST01601,D02082,BM00125,34648945,,unclear
ST01602,D02082,BM00125,36759733,,unclear
ST01603,D02082,BM00125,23242808,,unclear
ST01604,D02082,BM00125,22448344,,unclear
ST01605,D02083,BM00125,26916115,,unclear
ST01606,D02084,BM00125,36343387,,unclear
ST01607,D02085,BM00125,25122067,,unclear
ST01608,D01330,BM00125,36198029,,unclear
ST01609,D02087,BM00125,37713162,,unclear
ST01610,D01325,BM00125,35705814,,unclear
ST01611,D02090,BM00125,23667175,,unclear
ST01612,D02090,BM00125,27669459,,unclear
ST01613,D02090,BM00125,26438159,,unclear
ST01614,D02090,BM00125,25422890,,unclear
ST01615,D02091,BM00125,36759733,,unclear
ST01616,D02091,BM00125,23242808,,unclear
ST01617,D00087,BM00125,27924459,,unclear
ST01618,D02093,BM00125,26637369,,unclear
ST01619,D02094,BM00125,26243863,,unclear
ST01620,D02094,BM00125,34433654,,unclear
ST01621,D02094,BM00125,38854737,,unclear
ST01622,D02095,BM00125,27659046,,unclear
ST01623,D02096,BM00125,38565920,,unclear
ST01624,D02097,BM00125,27974663,,unclear
ST01625,D02097,BM00125,25370473,,unclear
ST01626,D02097,BM00125,24265153,,unclear
ST01627,D02098,BM00125,37147298,,unclear
ST01628,D02099,BM00125,25957812,,unclear
ST01629,D02100,BM00125,27659046,,unclear
ST01630,D02101,BM00125,29423521,,unclear
ST01631,D00414,BM00125,26469692,,unclear
ST01632,D02102,BM00125,26267534,,unclear
ST01633,D02105,BM00125,25637314,,unclear
ST01634,D02106,BM00125,34376578,,unclear
ST01635,D02106,BM00125,33947696,,unclear
ST01636,D02106,BM00125,33472910,,unclear
ST01637,D02106,BM00125,37326340,,unclear
ST01638,D02106,BM00125,27488531,,unclear
ST01639,D02107,BM00125,33229459,,unclear
ST01640,D02108,BM00125,37808191,,unclear
ST01641,D00396,BM00125,23629727,,unclear
ST01642,D00396,BM00125,27217440,,unclear
ST01643,D00396,BM00125,27797976,,unclear
ST01644,D00396,BM00125,20664172,,unclear
ST01645,D02109,BM00125,36343387,,unclear
ST01646,D02110,BM00125,26140595,,unclear
ST01647,D02111,BM00125,29051322,,unclear
ST01648,D02112,BM00125,35022320,,unclear
ST01649,D02114,BM00125,34648945,,unclear
ST01650,D02114,BM00125,31839416,,unclear
ST01651,D00349,BM00125,31515458,,unclear
ST01652,D00349,BM00125,36921494,,unclear
ST01653,D00349,BM00125,37040395,,unclear
ST01654,D00349,BM00125,26637369,,unclear
ST01655,D00349,BM00125,37352476,,unclear
ST01656,D02116,BM00125,22460902,,unclear
ST01657,D00456,BM00125,19915144,,unclear
ST01658,D00456,BM00125,20538618,,unclear
ST01659,D00456,BM00125,19018267,,unclear
ST01660,D02117,BM00125,38691346,,unclear
ST01661,D02119,BM00125,34011980,,unclear
ST01662,D02119,BM00125,34108213,,unclear
ST01663,D02119,BM00125,26732095,,unclear
ST01664,D02119,BM00125,29903896,,unclear
ST01665,D02119,BM00125,31645440,,unclear
ST01666,D02119,BM00125,34433654,,unclear
ST01667,D02119,BM00125,30559419,,unclear
ST01668,D02119,BM00125,26343583,,unclear
ST01669,D02120,BM00125,26573800,,unclear
ST01670,D02121,BM00125,21464044,,unclear
ST01671,D02121,BM00125,23365119,,unclear
ST01672,D02122,BM00125,27297867,,unclear
ST01673,D02123,BM00125,31704811,,unclear
ST01674,D02124,BM00125,34337566,,unclear
ST01675,D01238,BM00125,28783719,,unclear
ST01676,D01238,BM00125,31515458,,unclear
ST01677,D01238,BM00125,32669268,,unclear
ST01678,D01238,BM00125,37040395,,unclear
ST01679,D01238,BM00125,37352476,,unclear
ST01680,D01238,BM00125,22180495,,unclear
ST01681,D01238,BM00125,33356422,,unclear
ST01682,D02128,BM00125,31088841,,unclear
ST01683,D02130,BM00125,19706763,,unclear
ST01684,D01916,BM00125,36759733,,unclear
ST01685,D01920,BM00125,37729428,,unclear
ST01686,D01353,BM00125,36856908,,unclear
ST01687,D01353,BM00125,26137449,,unclear
ST01688,D01350,BM00125,27659046,,unclear
ST01689,D01350,BM00125,27924459,,unclear
ST01690,D01350,BM00125,22180495,,unclear
ST01691,D01350,BM00125,22448344,,unclear
ST01692,D01350,BM00125,36638198,,unclear
ST01693,D02132,BM00125,37656784,,unclear
ST01694,D02132,BM00125,29880583,,unclear
ST01695,D02132,BM00125,30559419,,unclear
ST01696,D02132,BM00125,27523909,,unclear
ST01697,D02133,BM00125,37656784,,unclear
ST01698,D02133,BM00125,32540409,,unclear
ST01699,D02133,BM00125,33568355,,unclear
ST01700,D02133,BM00125,33355204,,unclear
ST01701,D02134,BM00125,37656784,,unclear
ST01702,D02134,BM00125,32540409,,unclear
ST01703,D02134,BM00125,33318037,,unclear
ST01704,D02134,BM00125,31618628,,unclear
ST01705,D02134,BM00125,32182156,,unclear
ST01706,D02134,BM00125,26208524,,unclear
ST01707,D02135,BM00125,39152269,,unclear
ST01708,D02136,BM00125,36343387,,unclear
ST01709,D02136,BM00125,21464044,,unclear
ST01710,D02137,BM00125,17210691,,unclear
ST01711,D02137,BM00125,15294323,,unclear
ST01712,D02137,BM00125,31618628,,unclear
ST01713,D02137,BM00125,25500121,,unclear
ST01714,D02138,BM00125,26272063,,unclear
ST01715,D02140,BM00125,37269335,,unclear
ST01716,D02141,BM00125,22241789,,unclear
ST01717,D02141,BM00125,36856908,,unclear
ST01718,D02141,BM00125,34108213,,unclear
ST01719,D02141,BM00125,38922339,,unclear
ST01720,D02141,BM00125,26343583,,unclear
ST01721,D02141,BM00125,24265152,,unclear
ST01722,D02141,BM00125,31704811,,unclear
ST01723,D02141,BM00125,26137449,,unclear
ST01724,D02141,BM00125,27196754,,unclear
ST01725,D02141,BM00125,26351322,,unclear
ST01726,D02141,BM00125,23406027,,unclear
ST01727,D02141,BM00125,27655129,,unclear
ST01728,D02141,BM00125,22197931,,unclear
ST01729,D02141,BM00125,19915144,,unclear
ST01730,D02141,BM00125,24448821,,unclear
ST01731,D02141,BM00125,35882450,,unclear
ST01732,D02141,BM00125,27312529,,unclear
ST01733,D02141,BM00125,26461489,,unclear
ST01734,D02141,BM00125,35363510,,unclear
ST01735,D02141,BM00125,23942066,,unclear
ST01736,D02141,BM00125,31151904,,unclear
ST01737,D02141,BM00125,27222538,,unclear
ST01738,D02141,BM00125,27217440,,unclear
ST01739,D02141,BM00125,22048237,,unclear
ST01740,D02142,BM00125,26461489,,unclear
ST01741,D02143,BM00125,26577700,,unclear
ST01742,D02143,BM00125,19276360,,unclear
ST01743,D02143,BM00125,24265153,,unclear
ST01744,D01234,BM00125,22180495,,unclear
ST01745,D02144,BM00125,37074042,,unclear
ST01746,D02145,BM00125,20538618,,unclear
ST01747,D02145,BM00125,22351689,,unclear
ST01748,D02145,BM00125,28719152,,unclear
ST01749,D02146,BM00125,38593698,,unclear
ST01750,D02147,BM00125,27196754,,unclear
ST01751,D02148,BM00125,27924459,,unclear
ST01752,D02151,BM00125,39145064,,unclear
ST01753,D02151,BM00125,28351928,,unclear
ST01754,D02152,BM00125,29880583,,unclear
ST01755,D02153,BM00125,33020648,,unclear
ST01756,D02153,BM00125,36702949,,unclear
ST01757,D01024,BM00125,34667063,,unclear
ST01758,D02155,BM00125,25665005,,unclear
ST01759,D02156,BM00125,36130145,,unclear
ST01760,D02156,BM00125,33556898,,unclear
ST01761,D02157,BM00125,38588399,,unclear
ST01762,D02159,BM00125,37403699,,unclear
ST01763,D01334,BM00125,36759733,,unclear
ST01764,D01236,BM00125,28783719,,unclear
ST01765,D01236,BM00125,31227518,,unclear
ST01766,D01236,BM00125,31515458,,unclear
ST01767,D01236,BM00125,27770002,,unclear
ST01768,D01236,BM00125,28514312,,unclear
ST01769,D01236,BM00125,28951457,,unclear
ST01770,D01236,BM00125,36759733,,unclear
ST01771,D01236,BM00125,29431699,,unclear
ST01772,D01236,BM00125,25589621,,unclear
ST01773,D01236,BM00125,36307056,,unclear
ST01774,D01236,BM00125,22180495,,unclear
ST01775,D01236,BM00125,18541894,,unclear
ST01776,D01236,BM00125,23812671,,unclear
ST01777,D01236,BM00125,14679157,,unclear
ST01778,D01236,BM00125,21594703,,unclear
ST01779,D01236,BM00125,12460918,,unclear
ST01780,D01236,BM00125,24586605,,unclear
ST01781,D01236,BM00125,22389471,,unclear
ST01782,D01236,BM00125,22038996,,unclear
ST01783,D01236,BM00125,22773810,,unclear
ST01784,D01236,BM00125,21163703,,unclear
ST01785,D01236,BM00125,22608338,,unclear
ST01786,D01236,BM00125,22649091,,unclear
ST01787,D01236,BM00125,22356324,,unclear
ST01788,D01236,BM00125,25370471,,unclear
ST01789,D01236,BM00125,19001320,,unclear
ST01790,D01236,BM00125,24388723,,unclear
ST01791,D01236,BM00125,22743296,,unclear
ST01792,D01236,BM00125,22586120,,unclear
ST01793,D01236,BM00125,24354346,,unclear
ST01794,D01236,BM00125,20630094,,unclear
ST01795,D01236,BM00125,23020132,,unclear
ST01796,D01236,BM00125,23549875,,unclear
ST01797,D01236,BM00125,19561230,,unclear
ST01798,D01236,BM00125,22351686,,unclear
ST01799,D01236,BM00125,22663011,,unclear
ST01800,D01236,BM00125,23614898,,unclear
ST01801,D01236,BM00125,19255327,,unclear
ST01802,D01236,BM00125,24594804,,unclear
ST01803,D01236,BM00125,25157968,,unclear
ST01804,D01236,BM00125,22805292,,unclear
ST01805,D01236,BM00125,24107445,,unclear
ST01806,D01236,BM00125,23918947,,unclear
ST01807,D01236,BM00125,19238210,,unclear
ST01808,D01236,BM00125,23833300,,unclear
ST01809,D01236,BM00125,21683865,,unclear
ST01810,D01236,BM00125,19537845,,unclear
ST01811,D01236,BM00125,19018267,,unclear
ST01812,D01236,BM00125,23251002,,unclear
ST01813,D01236,BM00125,21975775,,unclear
ST01814,D01236,BM00125,21639808,,unclear
ST01815,D01236,BM00125,21129611,,unclear
ST01816,D01236,BM00125,24576830,,unclear
ST01817,D01236,BM00125,19773371,,unclear
ST01818,D01236,BM00125,19404918,,unclear
ST01819,D01236,BM00125,20368568,,unclear
ST01820,D01236,BM00125,22241789,,unclear
ST01821,D01236,BM00125,24163374,,unclear
ST01822,D01236,BM00125,20818844,,unclear
ST01823,D01236,BM00125,20857202,,unclear
ST01824,D01236,BM00125,20413299,,unclear
ST01825,D01236,BM00125,24583796,,unclear
ST01826,D01236,BM00125,19010912,,unclear
ST01827,D01236,BM00125,12068308,,unclear
ST01828,D01236,BM00125,22972589,,unclear
ST01829,D01236,BM00125,23325582,,unclear
ST01830,D01236,BM00125,15035987,,unclear
ST01831,D01236,BM00125,21156289,,unclear
ST01832,D01236,BM00125,23612012,,unclear
ST01833,D01236,BM00125,21426297,,unclear
ST01834,D01236,BM00125,26678033,,unclear
ST01835,D01236,BM00125,25989278,,unclear
ST01836,D01236,BM00125,12460919,,unclear
ST01837,D01236,BM00125,23489023,,unclear
ST01838,D01236,BM00125,23406027,,unclear
ST01839,D01236,BM00125,22997239,,unclear
ST01840,D01236,BM00125,22048237,,unclear
ST01841,D01236,BM00125,24396464,,unclear
ST01842,D01236,BM00125,23845441,,unclear
ST01843,D01236,BM00125,21663470,,unclear
ST01844,D01236,BM00125,23031422,,unclear
ST01845,D01236,BM00125,23470635,,unclear
ST01846,D01236,BM00125,25024077,,unclear
ST01847,D01236,BM00125,22536370,,unclear
ST01848,D01236,BM00125,23934108,,unclear
ST01849,D01236,BM00125,20350999,,unclear
ST01850,D01236,BM00125,23524406,,unclear
ST01851,D01236,BM00125,24508103,,unclear
ST01852,D01236,BM00125,24570209,,unclear
ST01853,D01236,BM00125,22281684,,unclear
ST01854,D01236,BM00125,22448344,,unclear
ST01855,D01236,BM00125,26619011,,unclear
ST01856,D01236,BM00125,21483012,,unclear
ST01857,D01236,BM00125,22735384,,unclear
ST01858,D01236,BM00125,20619739,,unclear
ST01859,D02160,BM00125,36198029,,unclear
ST01860,D02161,BM00125,26137449,,unclear
ST01861,D01901,BM00125,26461489,,unclear
ST01862,D02162,BM00125,22798288,,unclear
ST01863,D02162,BM00125,26439693,,unclear
ST01864,D02162,BM00125,24398428,,unclear
ST01865,D02163,BM00125,35319964,,unclear
ST01866,D02163,BM00125,37656784,,unclear
ST01867,D02163,BM00125,31566661,,unclear
ST01868,D02163,BM00125,35385748,,unclear
ST01869,D02163,BM00125,32540409,,unclear
ST01870,D02163,BM00125,39072179,,unclear
ST01871,D02163,BM00125,29903896,,unclear
ST01872,D02163,BM00125,26577700,,unclear
ST01873,D02163,BM00125,27307593,,unclear
ST01874,D02163,BM00125,28611198,,unclear
ST01875,D02163,BM00125,39145064,,unclear
ST01876,D02163,BM00125,39313594,,unclear
ST01877,D02163,BM00125,38854737,,unclear
ST01878,D02163,BM00125,28951457,,unclear
ST01879,D02163,BM00125,36442478,,unclear
ST01880,D02163,BM00125,39121480,,unclear
ST01881,D02163,BM00125,37729428,,unclear
ST01882,D02163,BM00125,36759733,,unclear
ST01883,D02163,BM00125,37269335,,unclear
ST01884,D02163,BM00125,37040395,,unclear
ST01885,D02163,BM00125,36763936,,unclear
ST01886,D02163,BM00125,39461261,,unclear
ST01887,D02163,BM00125,28363909,,unclear
ST01888,D02163,BM00125,35696748,,unclear
ST01889,D02163,BM00125,39255538,,unclear
ST01890,D02163,BM00125,27312529,,unclear
ST01891,D02163,BM00125,31566309,,unclear
ST01892,D02163,BM00125,37236086,,unclear
ST01893,D02163,BM00125,36307056,,unclear
ST01894,D02163,BM00125,37981300,,unclear
ST01895,D02163,BM00125,28351928,,unclear
ST01896,D02163,BM00125,33043759,,unclear
ST01897,D02163,BM00125,36608320,,unclear
ST01898,D02163,BM00125,30959471,,unclear
ST01899,D02163,BM00125,37270692,,unclear
ST01900,D02163,BM00125,38446982,,unclear
ST01901,D02163,BM00125,39392364,,unclear
ST01902,D02163,BM00125,30219628,,unclear
ST01903,D02163,BM00125,29573941,,unclear
ST01904,D02163,BM00125,38885476,,unclear
ST01905,D02163,BM00125,38343359,,unclear
ST01906,D02163,BM00125,39018564,,unclear
ST01907,D02163,BM00125,30559419,,unclear
ST01908,D02165,BM00125,27974663,,unclear
ST01909,D01363,BM00164,11389065,,unclear
ST01910,D00547,BM00164,15845868,,unclear
ST01911,D01653,BM00161,20875739,,unclear
ST01912,D02171,BM00172,11408771,,unclear
ST01913,D01443,BM00172,12877820,,unclear
ST01914,D02173,BM00172,15972682,,unclear
ST01915,D01543,BM00172,29222992,,unclear
ST01916,D02174,BM00172,10527858,,unclear
ST01917,D00547,BM00163,25514903,,unclear
ST01918,D00575,BM00175,16219708,,unclear
ST01919,D02181,BM00175,17101734,,unclear
ST01920,D00036,BM00175,18028503,,unclear
ST01921,D00500,BM00175,14976396,,unclear
ST01922,D00012,BM00175,18028503,,unclear
ST01923,D02182,BM00175,17298484,,unclear
ST01924,D01060,BM00175,15194145,,unclear
ST01925,D00496,BM00175,16741367,,unclear
ST01926,D02183,BM00175,15491423,,unclear
ST01927,D02184,BM00175,18028503,,unclear
ST01928,D02185,BM00175,18559731,,unclear
ST01929,D02186,BM00175,15474066,,unclear
ST01930,D02187,BM00175,15194145,,unclear
ST01931,D00037,BM00175,18028503,,unclear
ST01932,D00092,BM00175,15383605,,unclear
ST01933,D02200,BM00176,12161279,,unclear
ST01934,D02206,BM00176,9233607,,unclear
ST01935,D01334,BM00152,22336956,,unclear
ST01936,D00390,BM00156,9013706,,unclear
ST01937,D00031,BM00156,10498619,,unclear
ST01938,D01118,BM00156,15961673,,unclear
ST01939,D02230,BM00156,15364449,,unclear
ST01940,D01784,BM00156,15351734,,unclear
ST01941,D00008,BM00156,8107808,,unclear
ST01942,D00008,BM00156,8910610,,unclear
ST01943,D00389,BM00156,9013706,,unclear
ST01944,D02233,BM00157,36606188,,unclear
ST01945,D02237,BM00155,17964731,,unclear
ST01946,D02239,BM00155,31014225,,unclear
ST01947,D02240,BM00155,12495560,,unclear
ST01948,D01573,BM00155,37829781,,unclear
ST01949,D01573,BM00155,26191294,,unclear
ST01950,D01573,BM00155,29148033,,unclear
ST01951,D02246,BM00155,16447649,,unclear
ST01952,D01073,BM00155,11475715,,unclear
ST01953,D00049,BM00182,15681819,,unclear
ST01954,D00036,BM00183,15153516,,unclear
ST01955,D01612,BM00183,12388372,,unclear
ST01956,D00088,BM00183,17119331,,unclear
ST01957,D00111,BM00177,24495780,,unclear
ST01958,D00111,BM00177,26788534,,unclear
ST01959,D01716,BM00196,22015088,,unclear
ST01960,D00431,BM00196,7506029,,unclear
ST01961,D02276,BM00187,21080703,,unclear
ST01962,D01028,BM00199,11767704,,unclear
ST01963,D02278,BM00179,10861057,,unclear
ST01964,D02279,BM00179,10069890,,unclear
ST01965,D02280,BM00179,10069890,,unclear
ST01966,D02280,BM00179,11238053,,unclear
ST01967,D02281,BM00179,10891429,,unclear
ST01968,D02281,BM00179,15683617,,unclear
ST01969,D02281,BM00179,14747532,,unclear
ST01970,D02281,BM00179,15967069,,unclear
ST01971,D02281,BM00179,11397698,,unclear
ST01972,D02282,BM00179,10069890,,unclear
ST01973,D02282,BM00179,11880151,,unclear
ST01974,D02282,BM00179,14555957,,unclear
ST01975,D02283,BM00179,11397698,,unclear
ST01976,D01716,BM00184,14556981,,unclear
ST01977,D02284,BM00184,12161277,,unclear
ST01978,D01778,BM00185,15560785,,unclear
ST01979,D02285,BM00185,12114504,,unclear
ST01980,D02285,BM00185,11018037,,unclear
ST01981,D02286,BM00185,15675949,,unclear
ST01982,D00030,BM00185,18812665,,unclear
ST01983,D01041,BM00185,15053922,,unclear
ST01984,D02287,BM00185,11409888,,unclear
ST01985,D01053,BM00185,15941869,,unclear
ST01986,D01764,BM00185,16306131,,unclear
ST01987,D00320,BM00185,10952976,,unclear
ST01988,D00078,BM00185,17013807,,unclear
ST01989,D02289,BM00185,16950763,,unclear
ST01990,D01045,BM00185,15770649,,unclear
ST01991,D01356,BM00185,11250650,,unclear
ST01992,D02290,BM00185,17210741,,unclear
ST01993,D02291,BM00185,18292194,,unclear
ST01994,D02292,BM00185,12691286,,unclear
ST01995,D01474,BM00185,12023009,,unclear
ST01996,D01627,BM00185,11181522,,unclear
ST01997,D00121,BM00185,12691286,,unclear
ST01998,D00104,BM00185,11956149,,unclear
ST01999,D02294,BM00185,17446528,,unclear
ST02000,D02295,BM00185,15128880,,unclear
ST02001,D00105,BM00185,17602195,,unclear
ST02002,D02297,BM00190,12176034,,unclear
ST02003,D02299,BM00209,27771748,,unclear
ST02004,D00047,BM00209,31854260,,unclear
ST02005,D00531,BM00209,22920393,,unclear
ST02006,D02304,BM00209,31854260,,unclear
ST02007,D01797,BM00209,35484400,,unclear
ST02008,D02316,BM00223,9346938,,unclear
ST02009,D01631,BM00223,9331108,,unclear
ST02010,D02082,BM00223,15738541,,unclear
ST02011,D02324,BM00223,709521,,unclear
ST02012,D01361,BM00217,10667572,,unclear
ST02013,D02332,BM00205,24220096,,unclear
ST02014,D01865,BM00212,19035792,,unclear
ST02015,D00049,BM00224,6388310,,unclear
ST02016,D02281,BM00222,15937057,,unclear
ST02017,D00389,BM00222,8609714,,unclear
ST02018,D00390,BM00222,15364113,,unclear
ST02019,D02342,BM00215,18469809,,unclear
ST02020,D02354,BM00203,1833207,,unclear
ST02021,D02316,BM00203,15000837,,unclear
ST02022,D02364,BM00203,1998495,,unclear
ST02023,D01834,BM00204,17113913,,unclear
ST02024,D01767,BM00216,16283431,,unclear
ST02025,D02365,BM00216,16170570,,unclear
ST02026,D01656,BM00216,12473386,,unclear
ST02027,D00077,BM00216,16011614,,unclear
ST02028,D02366,BM00216,8943236,,unclear
ST02029,D01238,BM00216,12032863,,unclear
ST02030,D02367,BM00216,16246228,,unclear
ST02031,D02368,BM00216,15122333,,unclear
ST02032,D01613,BM00216,11136536,,unclear
ST02033,D00036,BM00216,11827957,,unclear
ST02034,D02369,BM00216,11718223,,unclear
ST02035,D00349,BM00216,15067352,,unclear
ST02036,D02370,BM00216,11507071,,unclear
ST02037,D02371,BM00216,16818651,,unclear
ST02038,D00768,BM00216,9343371,,unclear
ST02039,D02372,BM00216,16330492,,unclear
ST02040,D01334,BM00216,22336956,,unclear
ST02041,D02109,BM00216,15014036,,unclear
ST02042,D00088,BM00216,11023508,,unclear
ST02043,D02373,BM00216,11162574,,unclear
ST02044,D01766,BM00216,12574211,,unclear
ST02045,D00548,BM00216,12168940,,unclear
ST02046,D02374,BM00216,9343371,,unclear
ST02047,D02375,BM00216,16281084,,unclear
ST02048,D02023,BM00216,8763853,,unclear
ST02049,D02376,BM00216,14634277,,unclear
ST02050,D01060,BM00216,10342319,,unclear
ST02051,D02377,BM00216,9537648,,unclear
ST02052,D02378,BM00216,10997587,,unclear
ST02053,D02135,BM00216,16818651,,unclear
ST02054,D02379,BM00216,16276353,,unclear
ST02055,D02316,BM00219,12821941,,unclear
ST02056,D00049,BM00208,3880756,,unclear
ST02057,D02385,BM00208,2211831,,unclear
ST02058,D02401,BM00245,1547735,,unclear
ST02059,D02402,BM00256,12616983,,unclear
ST02060,D02403,BM00256,9242695,,unclear
ST02061,D00770,BM00256,8619904,,unclear
ST02062,D02404,BM00256,7504610,,unclear
ST02063,D02405,BM00256,7682588,,unclear
ST02064,D01718,BM00256,7741265,,unclear
ST02065,D01060,BM00256,8406056,,unclear
ST02066,D02406,BM00256,8285144,,unclear
ST02067,D01783,BM00256,1533964,,unclear
ST02068,D02290,BM00256,6446099,,unclear
ST02069,D02407,BM00256,1692793,,unclear
ST02070,D01034,BM00256,8619904,,unclear
ST02071,D01768,BM00256,2439635,,unclear
ST02072,D01177,BM00256,6214811,,unclear
ST02073,D01633,BM00256,15754123,,unclear
ST02074,D02410,BM00256,12557918,,unclear
ST02075,D00077,BM00256,7740554,,unclear
ST02076,D01194,BM00256,1427966,,unclear
ST02077,D02411,BM00256,2470133,,unclear
ST02078,D02412,BM00256,9473738,,unclear
ST02079,D02413,BM00256,11721763,,unclear
ST02080,D00100,BM00256,9392881,,unclear
ST02081,D02414,BM00256,489712,,unclear
ST02082,D02415,BM00256,8285144,,unclear
ST02083,D02416,BM00256,10682587,,unclear
ST02084,D02417,BM00231,17320177,,unclear
ST02085,D02418,BM00237,11120850,,unclear
ST02086,D02419,BM00237,19559609,,unclear
ST02087,D02421,BM00237,19559609,,unclear
ST02088,D02422,BM00237,19199792,,unclear
ST02089,D02424,BM00237,27977334,,unclear
ST02090,D02426,BM00237,19199792,,unclear
ST02091,D02427,BM00237,18566250,,unclear
ST02092,D02428,BM00237,19199792,,unclear
ST02093,D02281,BM00234,15015934,,unclear
ST02094,D01748,BM00242,9187248,,unclear
ST02095,D00044,BM00242,7834053,,unclear
ST02096,D01995,BM00230,26724167,,unclear
ST02097,D01750,BM00381,12832291,,unclear
ST02098,D02418,BM00381,12792883,,unclear
ST02099,D00083,BM00381,22450926,,unclear
ST02100,D01334,BM00381,12232050,,unclear
ST02101,D01606,BM00381,16651433,,unclear
ST02102,D00060,BM00381,16572858,,unclear
ST02103,D01036,BM00381,12792883,,unclear
ST02104,D00320,BM00381,15615851,,unclear
ST02105,D00047,BM00381,11353854,,unclear
ST02106,D02434,BM00381,14585835,,unclear
ST02107,D01773,BM00381,15069724,,unclear
ST02108,D01630,BM00381,14693162,,unclear
ST02109,D00049,BM00274,8591991,,unclear
ST02110,D00049,BM00274,2546636,,unclear
ST02111,D00049,BM00274,1717026,,unclear
ST02112,D00049,BM00274,3908292,,unclear
ST02113,D00049,BM00274,8889847,,unclear
ST02114,D00049,BM00274,3497819,,unclear
ST02115,D00049,BM00274,8647916,,unclear
ST02116,D00093,BM00274,9419789,,unclear
ST02117,D00093,BM00274,3265472,,unclear
ST02118,D02443,BM00278,22832316,,unclear
ST02119,D01468,BM00278,7794926,,unclear
ST02120,D01865,BM00278,19035792,,unclear
ST02121,D01859,BM00278,19035792,,unclear
ST02122,D01543,BM00264,29465008,,unclear
ST02123,D02464,BM00277,18518925,,unclear
ST02124,D02464,BM00277,25521358,,unclear
ST02125,D02465,BM00277,22951114,,unclear
ST02126,D02466,BM00277,19035792,,unclear
ST02127,D02292,BM00282,17698593,,unclear
ST02128,D00783,BM00282,18637076,,unclear
ST02129,D01865,BM00276,19035792,,unclear
ST02130,D00041,BM00276,31327267,,unclear
ST02131,D00558,BM00267,27096233,,unclear
ST02132,D01623,BM00267,24602049,,unclear
ST02133,D02473,BM00267,21094359,,unclear
ST02134,D02056,BM00279,25069475,,unclear
ST02135,D01732,BM00279,18000864,,unclear
ST02136,D01238,BM00279,25069475,,unclear
ST02137,D00349,BM00279,25069475,,unclear
ST02138,D02012,BM00279,25069475,,unclear
ST02139,D02477,BM00292,17826736,,unclear
ST02140,D00770,BM00292,17916955,,unclear
ST02141,D02324,BM00292,18822840,,unclear
ST02142,D01626,BM00298,11591765,,unclear
ST02143,D02480,BM00298,11141242,,unclear
ST02144,D02481,BM00298,26339796,,unclear
ST02145,D02482,BM00298,7790818,,unclear
ST02146,D01413,BM00298,17220550,,unclear
ST02147,D01466,BM00298,10559511,,unclear
ST02148,D01053,BM00298,15590984,,unclear
ST02149,D01986,BM00298,16101140,,unclear
ST02150,D02485,BM00298,15315164,,unclear
ST02151,D01080,BM00298,11141242,,unclear
ST02152,D02229,BM00298,26339796,,unclear
ST02153,D01363,BM00298,9681518,,unclear
ST02154,D01741,BM00298,10634213,,unclear
ST02155,D02487,BM00298,11141242,,unclear
ST02156,D00047,BM00307,24367646,,unclear
ST02157,D02489,BM00307,26158282,,unclear
ST02158,D02491,BM00307,31619748,,unclear
ST02159,D02492,BM00307,29160302,,unclear
ST02160,D02492,BM00307,29099735,,unclear
ST02161,D02493,BM00307,29790402,,unclear
ST02162,D01609,BM00307,15225763,,unclear
ST02163,D02494,BM00307,25148392,,unclear
ST02164,D02109,BM00286,11265773,,unclear
ST02165,D01329,BM00286,11265773,,unclear
ST02166,D02509,BM00286,11211143,,unclear
ST02167,D01573,BM00302,9527747,,unclear
ST02168,D02516,BM00302,12218154,,unclear
ST02169,D00959,BM00302,16979119,,unclear
ST02170,D02517,BM00302,2250017,,unclear
ST02171,D02518,BM00302,10630964,,unclear
ST02172,D01944,BM00302,10660968,,unclear
ST02173,D01042,BM00302,12364456,,unclear
ST02174,D02519,BM00302,17122965,,unclear
ST02175,D01717,BM00302,7510691,,unclear
ST02176,D02520,BM00302,8011012,,unclear
ST02177,D02522,BM00302,10630964,,unclear
ST02178,D02414,BM00302,16161451,,unclear
ST02179,D02524,BM00302,15150308,,unclear
ST02180,D02526,BM00302,2163626,,unclear
ST02181,D02012,BM00302,23584701,,unclear
ST02182,D02012,BM00302,19010874,,unclear
ST02183,D00390,BM00302,8900181,,unclear
ST02184,D01624,BM00302,11453524,,unclear
ST02185,D02527,BM00302,9507569,,unclear
ST02186,D02348,BM00302,25695485,,unclear
ST02187,D02348,BM00302,21576632,,unclear
ST02188,D02528,BM00302,17122965,,unclear
ST02189,D02529,BM00302,15150308,,unclear
ST02190,D00986,BM00302,15914533,,unclear
ST02191,D00047,BM00302,12576442,,unclear
ST02192,D01435,BM00302,7510691,,unclear
ST02193,D00279,BM00302,12576442,,unclear
ST02194,D02530,BM00302,9304405,,unclear
ST02195,D00349,BM00302,25589620,,unclear
ST02196,D02532,BM00302,9292787,,unclear
ST02197,D02533,BM00302,10902750,,unclear
ST02198,D02535,BM00302,11852880,,unclear
ST02199,D02536,BM00302,12006522,,unclear
ST02200,D01580,BM00302,12500513,,unclear
ST02201,D02537,BM00302,11228246,,unclear
ST02202,D01834,BM00302,12900342,,unclear
ST02203,D02221,BM00302,26387812,,unclear
ST02204,D02221,BM00302,25695485,,unclear
ST02205,D01361,BM00302,12010777,,unclear
ST02206,D02540,BM00302,12003967,,unclear
ST02207,D02372,BM00302,15878691,,unclear
ST02208,D02544,BM00302,10037173,,unclear
ST02209,D02544,BM00302,10614716,,unclear
ST02210,D01766,BM00302,9271387,,unclear
ST02211,D00404,BM00302,15956251,,unclear
ST02212,D02546,BM00302,10466876,,unclear
ST02213,D00527,BM00302,8919641,,unclear
ST02214,D02548,BM00302,2686646,,unclear
ST02215,D02549,BM00302,17000556,,unclear
ST02216,D01762,BM00302,8995686,,unclear
ST02217,D01045,BM00302,9846973,,unclear
ST02218,D02551,BM00302,9620522,,unclear
ST02219,D01056,BM00302,11418279,,unclear
ST02220,D00546,BM00302,19010874,,unclear
ST02221,D02553,BM00302,9029113,,unclear
ST02222,D01049,BM00302,11285034,,unclear
ST02223,D02555,BM00302,9479645,,unclear
ST02224,D02558,BM00302,26653034,,unclear
ST02225,D01237,BM00302,15908664,,unclear
ST02226,D02559,BM00302,17118622,,unclear
ST02227,D02560,BM00293,3282952,,unclear
ST02228,D02369,BM00300,18542050,,unclear
ST02229,D02562,BM00300,15194436,,unclear
ST02230,D02563,BM00300,17883261,,unclear
ST02231,D02565,BM00300,16439363,,unclear
ST02232,D00095,BM00300,18217952,,unclear
ST02233,D02566,BM00300,18477053,,unclear
ST02234,D02567,BM00300,15194436,,unclear
ST02235,D02568,BM00300,12419803,,unclear
ST02236,D00036,BM00300,7490125,,unclear
ST02237,D01041,BM00300,10354507,,unclear
ST02238,D01732,BM00300,18199827,,unclear
ST02239,D02571,BM00291,28751540,,unclear
ST02240,D02148,BM00291,26861905,,unclear
ST02241,D02575,BM00291,28751540,,unclear
ST02242,D02576,BM00291,28751540,,unclear
ST02243,D02578,BM00291,22889313,,unclear
ST02244,D01345,BM00291,34590610,,unclear
ST02245,D01339,BM00291,22753465,,unclear
ST02246,D02586,BM00291,26521987,,unclear
ST02247,D01334,BM00291,22336956,,unclear
ST02248,D01326,BM00291,26343583,,unclear
ST02249,D02589,BM00291,22889313,,unclear
ST02250,D00459,BM00291,26224873,,unclear
ST02251,D02041,BM00291,27016228,,unclear
ST02252,D02597,BM00291,22889313,,unclear
ST02253,D02599,BM00291,24018191,,unclear
ST02254,D02601,BM00291,28751540,,unclear
ST02255,D01237,BM00291,33574948,,unclear
ST02256,D00012,BM00291,26521987,,unclear
ST02257,D02609,BM00291,21744502,,unclear
ST02258,D02610,BM00291,31992589,,unclear
ST02259,D02614,BM00291,26521987,,unclear
ST02260,D02615,BM00291,28751540,,unclear
ST02261,D01797,BM00291,20347502,,unclear
ST02262,D02114,BM00291,31839416,,unclear
ST02263,D00546,BM00291,26521987,,unclear
ST02264,D00396,BM00291,20347502,,unclear
ST02265,D02621,BM00308,31560202,,unclear
ST02266,D00121,BM00308,22931300,,unclear
ST02267,D00121,BM00308,14744938,,unclear
ST02268,D02627,BM00308,22931300,,unclear
ST02269,D02629,BM00308,9187528,,unclear
ST02270,D02629,BM00308,22931300,,unclear
ST02271,D02632,BM00308,9187528,,unclear
ST02272,D02528,BM00308,9187528,,unclear
ST02273,D02528,BM00308,22931300,,unclear
ST02274,D02642,BM00308,22931300,,unclear
ST02275,D02234,BM00308,22931300,,unclear
ST02276,D02646,BM00308,22931300,,unclear
ST02277,D02647,BM00308,9187528,,unclear
ST02278,D02649,BM00308,30815689,,unclear
ST02279,D02655,BM00308,9187528,,unclear
ST02280,D02655,BM00308,8013282,,unclear
ST02281,D02657,BM00308,22931300,,unclear
ST02282,D00711,BM00308,22931300,,unclear
ST02283,D02664,BM00308,19222165,,unclear
ST02284,D01078,BM00308,16103896,,unclear
ST02285,D02668,BM00308,19117415,,unclear
ST02286,D02668,BM00308,22931300,,unclear
ST02287,D02668,BM00308,9187528,,unclear
ST02288,D02668,BM00308,11353757,,unclear
ST02289,D00431,BM00308,20386561,,unclear
ST02290,D00431,BM00308,18302447,,unclear
ST02291,D00431,BM00308,17655375,,unclear
ST02292,D00431,BM00308,22931300,,unclear
ST02293,D02671,BM00308,9187528,,unclear
ST02294,D02671,BM00308,22931300,,unclear
ST02295,D01346,BM00308,34648813,,unclear
ST02296,D02673,BM00308,19284751,,unclear
ST02297,D02675,BM00308,22931300,,unclear
ST02298,D02676,BM00308,9187528,,unclear
ST02299,D02074,BM00308,22931300,,unclear
ST02300,D02074,BM00308,26291341,,unclear
ST02301,D02074,BM00308,24839948,,unclear
ST02302,D02677,BM00308,23837797,,unclear
ST02303,D00490,BM00308,22931300,,unclear
ST02304,D02678,BM00308,16205037,,unclear
ST02305,D02683,BM00308,22608922,,unclear
ST02306,D02685,BM00308,9187528,,unclear
ST02307,D02686,BM00308,22394315,,unclear
ST02308,D02687,BM00308,9187528,,unclear
ST02309,D02689,BM00308,9187528,,unclear
ST02310,D02691,BM00308,22931300,,unclear
ST02311,D02691,BM00308,12152002,,unclear
ST02312,D02692,BM00308,9187528,,unclear
ST02313,D01752,BM00308,12695546,,unclear
ST02314,D02696,BM00308,9187528,,unclear
ST02315,D01847,BM00308,34153224,,unclear
ST02316,D02698,BM00308,9187528,,unclear
ST02317,D02702,BM00308,22931300,,unclear
ST02318,D02703,BM00308,22931300,,unclear
ST02319,D02042,BM00308,36982571,,unclear
ST02320,D02708,BM00308,9187528,,unclear
ST02321,D01363,BM00308,9187528,,unclear
ST02322,D01363,BM00308,29263648,,unclear
ST02323,D01363,BM00308,23665933,,unclear
ST02324,D01363,BM00308,22931300,,unclear
ST02325,D02709,BM00308,9187528,,unclear
ST02326,D02710,BM00308,22931300,,unclear
ST02327,D02713,BM00308,22931300,,unclear
ST02328,D02069,BM00308,24456472,,unclear
ST02329,D00153,BM00308,21951984,,unclear
ST02330,D00208,BM00308,22931300,,unclear
ST02331,D00059,BM00308,22931300,,unclear
ST02332,D02733,BM00308,22931300,,unclear
ST02333,D02372,BM00308,22931300,,unclear
ST02334,D02736,BM00308,22931300,,unclear
ST02335,D02487,BM00308,22931300,,unclear
ST02336,D00362,BM00308,37574146,,unclear
ST02337,D00362,BM00308,25502615,,unclear
ST02338,D00362,BM00308,22931300,,unclear
ST02339,D01899,BM00308,21393461,,unclear
ST02340,D00445,BM00308,22931300,,unclear
ST02341,D01756,BM00308,18431272,,unclear
ST02342,D01073,BM00308,22931300,,unclear
ST02343,D02738,BM00308,22931300,,unclear
ST02344,D01495,BM00308,22931300,,unclear
ST02345,D02743,BM00308,22931300,,unclear
ST02346,D02744,BM00308,32331352,,unclear
ST02347,D02745,BM00308,9187528,,unclear
ST02348,D02745,BM00308,23665933,,unclear
ST02349,D02745,BM00308,12151071,,unclear
ST02350,D02746,BM00308,22931300,,unclear
ST02351,D02184,BM00308,22931300,,unclear
ST02352,D00103,BM00308,22931300,,unclear
ST02353,D02750,BM00308,18431572,,unclear
ST02354,D00770,BM00308,22931300,,unclear
ST02355,D02755,BM00308,33262574,,unclear
ST02356,D02755,BM00308,28440343,,unclear
ST02357,D00184,BM00308,17504220,,unclear
ST02358,D00184,BM00308,22931300,,unclear
ST02359,D00184,BM00308,23297297,,unclear
ST02360,D02412,BM00308,17180388,,unclear
ST02361,D02760,BM00308,22931300,,unclear
ST02362,D02765,BM00308,22931300,,unclear
ST02363,D02770,BM00308,22931300,,unclear
ST02364,D02775,BM00308,17003103,,unclear
ST02365,D00689,BM00308,21393461,,unclear
ST02366,D00689,BM00308,21447734,,unclear
ST02367,D00689,BM00308,22931300,,unclear
ST02368,D02777,BM00308,22931300,,unclear
ST02369,D02778,BM00308,33277605,,unclear
ST02370,D01350,BM00308,18309947,,unclear
ST02371,D01455,BM00308,19196846,,unclear
ST02372,D02023,BM00308,9187528,,unclear
ST02373,D02783,BM00308,22931300,,unclear
ST02374,D02548,BM00308,21393461,,unclear
ST02375,D02784,BM00308,9187528,,unclear
ST02376,D02784,BM00308,26052884,,unclear
ST02377,D02784,BM00308,22931300,,unclear
ST02378,D02784,BM00308,24996140,,unclear
ST02379,D02784,BM00308,26360048,,unclear
ST02380,D02785,BM00308,23126648,,unclear
ST02381,D00963,BM00308,14576103,,unclear
ST02382,D02793,BM00308,16176117,,unclear
ST02383,D02795,BM00308,22931300,,unclear
ST02384,D00012,BM00308,22931300,,unclear
ST02385,D02121,BM00308,22511346,,unclear
ST02386,D02520,BM00308,22931300,,unclear
ST02387,D02809,BM00308,22931300,,unclear
ST02388,D02810,BM00308,28673292,,unclear
ST02389,D02811,BM00308,21888439,,unclear
ST02390,D02813,BM00308,22931300,,unclear
ST02391,D02813,BM00308,9187528,,unclear
ST02392,D00236,BM00308,9187528,,unclear
ST02393,D01573,BM00308,17987285,,unclear
ST02394,D00877,BM00308,17374625,,unclear
ST02395,D02818,BM00308,22931300,,unclear
ST02396,D02818,BM00308,9187528,,unclear
ST02397,D00349,BM00308,12904931,,unclear
ST02398,D02821,BM00308,9187528,,unclear
ST02399,D02249,BM00308,22931300,,unclear
ST02400,D00090,BM00308,22931300,,unclear
ST02401,D00125,BM00308,9187528,,unclear
ST02402,D02112,BM00308,35135554,,unclear
ST02403,D00087,BM00308,15465924,,unclear
ST02404,D02831,BM00308,18451235,,unclear
ST02405,D02833,BM00308,22931300,,unclear
ST02406,D01606,BM00308,22931300,,unclear
ST02407,D01755,BM00308,9187528,,unclear
ST02408,D02838,BM00308,22931300,,unclear
ST02409,D02842,BM00308,9187528,,unclear
ST02410,D01195,BM00308,22931300,,unclear
ST02411,D02848,BM00308,9187528,,unclear
ST02412,D02849,BM00308,9187528,,unclear
ST02413,D02238,BM00308,16537817,,unclear
ST02414,D02238,BM00308,9187528,,unclear
ST02415,D02238,BM00308,29394111,,unclear
ST02416,D02857,BM00308,21068193,,unclear
ST02417,D02859,BM00308,22931300,,unclear
ST02418,D02861,BM00308,9187528,,unclear
ST02419,D01465,BM00308,17108060,,unclear
ST02420,D01028,BM00308,22931300,,unclear
ST02421,D02869,BM00308,19841155,,unclear
ST02422,D02870,BM00308,22931300,,unclear
ST02423,D02873,BM00308,9187528,,unclear
ST02424,D01625,BM00308,22931300,,unclear
ST02425,D00536,BM00308,22931300,,unclear
ST02426,D02480,BM00308,22931300,,unclear
ST02427,D02882,BM00308,22931300,,unclear
ST02428,D02884,BM00308,9187528,,unclear
ST02429,D02889,BM00308,28343093,,unclear
ST02430,D02891,BM00308,9187528,,unclear
ST02431,D02897,BM00308,22931300,,unclear
ST02432,D02221,BM00308,26810136,,unclear
ST02433,D02221,BM00308,24566734,,unclear
ST02434,D02221,BM00308,17825686,,unclear
ST02435,D02899,BM00308,24044938,,unclear
ST02436,D02900,BM00308,22931300,,unclear
ST02437,D01030,BM00308,17615423,,unclear
ST02438,D02375,BM00308,22931300,,unclear
ST02439,D02375,BM00308,9187528,,unclear
ST02440,D01616,BM00308,22931300,,unclear
ST02441,D02912,BM00308,22931300,,unclear
ST02442,D02912,BM00308,15969931,,unclear
ST02443,D02916,BM00308,9187528,,unclear
ST02444,D02916,BM00308,19440701,,unclear
ST02445,D02916,BM00308,22931300,,unclear
ST02446,D02922,BM00308,9187528,,unclear
ST02447,D02925,BM00308,22931300,,unclear
ST02448,D01102,BM00308,22931300,,unclear
ST02449,D01102,BM00308,9187528,,unclear
ST02450,D00540,BM00308,22931300,,unclear
ST02451,D00303,BM00308,22931300,,unclear
ST02452,D02538,BM00308,22931300,,unclear
ST02453,D02930,BM00308,17178267,,unclear
ST02454,D00102,BM00308,22931300,,unclear
ST02455,D02932,BM00308,9187528,,unclear
ST02456,D02932,BM00308,9871429,,unclear
ST02457,D02540,BM00308,9951426,,unclear
ST02458,D02540,BM00308,9187528,,unclear
ST02459,D00662,BM00308,17655375,,unclear
ST02460,D00662,BM00308,22931300,,unclear
ST02461,D01356,BM00308,22931300,,unclear
ST02462,D02935,BM00308,9187528,,unclear
ST02463,D02937,BM00308,12814973,,unclear
ST02464,D02939,BM00308,22931300,,unclear
ST02465,D01786,BM00308,22931300,,unclear
ST02466,D01786,BM00308,18302447,,unclear
ST02467,D02942,BM00308,22931300,,unclear
ST02468,D02944,BM00308,22931300,,unclear
ST02469,D00527,BM00308,9187528,,unclear
ST02470,D01797,BM00308,28362716,,unclear
ST02471,D02955,BM00308,22931300,,unclear
ST02472,D00093,BM00308,22931300,,unclear
ST02473,D01543,BM00308,12756206,,unclear
ST02474,D02959,BM00308,21393461,,unclear
ST02475,D02962,BM00308,22931300,,unclear
ST02476,D00111,BM00308,17337319,,unclear
ST02477,D01722,BM00308,22931300,,unclear
ST02478,D02974,BM00308,22931300,,unclear
ST02479,D02978,BM00308,9187528,,unclear
ST02480,D02980,BM00308,9187528,,unclear
ST02481,D02981,BM00308,19284751,,unclear
ST02482,D02981,BM00308,19222165,,unclear
ST02483,D01466,BM00308,17200431,,unclear
ST02484,D00083,BM00308,22931300,,unclear
ST02485,D02060,BM00308,37209178,,unclear
ST02486,D02990,BM00308,22931300,,unclear
ST02487,D00037,BM00308,9187528,,unclear
ST02488,D02992,BM00308,22931300,,unclear
ST02489,D02993,BM00308,22931300,,unclear
ST02490,D02995,BM00308,22931300,,unclear
ST02491,D02997,BM00308,22094027,,unclear
ST02492,D01619,BM00308,22931300,,unclear
ST02493,D00036,BM00308,22931300,,unclear
ST02494,D03002,BM00308,22931300,,unclear
ST02495,D01742,BM00308,9187528,,unclear
ST02496,D01742,BM00308,22931300,,unclear
ST02497,D03006,BM00308,22931300,,unclear
ST02498,D03010,BM00308,9187528,,unclear
ST02499,D03011,BM00308,22931300,,unclear
ST02500,D02240,BM00308,22931300,,unclear
ST02501,D03019,BM00308,22931300,,unclear
ST02502,D03021,BM00308,17214607,,unclear
ST02503,D00782,BM00308,22931300,,unclear
ST02504,D03023,BM00308,22931300,,unclear
ST02505,D00247,BM00308,22931300,,unclear
ST02506,D03025,BM00308,22339472,,unclear
ST02507,D02254,BM00308,22931300,,unclear
ST02508,D03030,BM00308,22931300,,unclear
ST02509,D03031,BM00308,22931300,,unclear
ST02510,D00047,BM00308,22931300,,unclear
ST02511,D03039,BM00308,22931300,,unclear
ST02512,D00357,BM00308,22931300,,unclear
ST02513,D03043,BM00308,22931300,,unclear
ST02514,D03044,BM00308,9187528,,unclear
ST02515,D01716,BM00308,23290512,,unclear
ST02516,D03047,BM00308,22931300,,unclear
ST02517,D01608,BM00308,22931300,,unclear
ST02518,D01992,BM00308,22931300,,unclear
ST02519,D03059,BM00308,22931300,,unclear
ST02520,D02516,BM00308,32112986,,unclear
ST02521,D01423,BM00308,9187528,,unclear
ST02522,D00077,BM00308,12851153,,unclear
ST02523,D03071,BM00308,22931300,,unclear
ST02524,D03072,BM00308,16447051,,unclear
ST02525,D01080,BM00308,9187528,,unclear
ST02526,D01080,BM00308,21393461,,unclear
ST02527,D01080,BM00308,21953914,,unclear
ST02528,D03075,BM00308,34512362,,unclear
ST02529,D03079,BM00308,22931300,,unclear
ST02530,D00425,BM00308,20462263,,unclear
ST02531,D00462,BM00308,16669850,,unclear
ST02532,D01060,BM00308,17571057,,unclear
ST02533,D00489,BM00308,9187528,,unclear
ST02534,D01442,BM00308,22931300,,unclear
ST02535,D02148,BM00308,18094422,,unclear
ST02536,D02084,BM00308,22931300,,unclear
ST02537,D00085,BM00308,9187528,,unclear
ST02538,D03105,BM00308,22931300,,unclear
ST02539,D00655,BM00308,22931300,,unclear
ST02540,D02290,BM00308,22931300,,unclear
ST02541,D02348,BM00308,30367352,,unclear
ST02542,D02348,BM00308,22341567,,unclear
ST02543,D03114,BM00308,22931300,,unclear
ST02544,D03117,BM00308,22931300,,unclear
ST02545,D03119,BM00308,22931300,,unclear
ST02546,D00813,BM00308,22931300,,unclear
ST02547,D02216,BM00308,22931300,,unclear
ST02548,D00416,BM00308,31829834,,unclear
ST02549,D00416,BM00308,23116250,,unclear
ST02550,D03127,BM00308,22931300,,unclear
ST02551,D03133,BM00308,9187528,,unclear
ST02552,D03135,BM00308,22931300,,unclear
ST02553,D03136,BM00308,9187528,,unclear
ST02554,D01760,BM00308,22931300,,unclear
ST02555,D03140,BM00308,22931300,,unclear
ST02556,D03144,BM00308,9187528,,unclear
ST02557,D03145,BM00308,24220207,,unclear
ST02558,D00426,BM00308,9187528,,unclear
ST02559,D03155,BM00308,22931300,,unclear
ST02560,D03157,BM00308,9187528,,unclear
ST02561,D01334,BM00308,22336956,,unclear
ST02562,D00508,BM00308,9187528,,unclear
ST02563,D03163,BM00308,9187528,,unclear
ST02564,D03164,BM00308,35560823,,unclear
ST02565,D00646,BM00308,9187528,,unclear
ST02566,D01783,BM00308,22931300,,unclear
ST02567,D00759,BM00308,22931300,,unclear
ST02568,D00546,BM00308,22931300,,unclear
ST02569,D03171,BM00308,22931300,,unclear
ST02570,D03178,BM00308,22931300,,unclear
ST02571,D03180,BM00308,22931300,,unclear
ST02572,D03180,BM00308,21393461,,unclear
ST02573,D03180,BM00308,9187528,,unclear
ST02574,D03182,BM00308,22931300,,unclear
ST02575,D00472,BM00308,22931300,,unclear
ST02576,D03189,BM00308,25453801,,unclear
ST02577,D00079,BM00308,22931300,,unclear
ST02578,D00030,BM00308,9187528,,unclear
ST02579,D01784,BM00308,22931300,,unclear
ST02580,D03195,BM00308,37863485,,unclear
ST02581,D01670,BM00308,21447734,,unclear
ST02582,D02535,BM00308,22931300,,unclear
ST02583,D03201,BM00308,22931300,,unclear
ST02584,D03202,BM00308,22931300,,unclear
ST02585,D02300,BM00308,11743742,,unclear
ST02586,D03207,BM00308,22931300,,unclear
ST02587,D02292,BM00308,22931300,,unclear
ST02588,D03209,BM00308,22931300,,unclear
ST02589,D01753,BM00308,22931300,,unclear
ST02590,D03210,BM00308,22931300,,unclear
ST02591,D03213,BM00308,22931300,,unclear
ST02592,D00371,BM00308,22931300,,unclear
ST02593,D03216,BM00308,22931300,,unclear
ST02594,D03218,BM00308,22931300,,unclear
ST02595,D03221,BM00308,22931300,,unclear
ST02596,D03222,BM00308,21393461,,unclear
ST02597,D03223,BM00308,21393461,,unclear
ST02598,D01759,BM00308,9187528,,unclear
ST02599,D01759,BM00308,29263648,,unclear
ST02600,D01759,BM00308,9832299,,unclear
ST02601,D01794,BM00308,22931300,,unclear
ST02602,D01042,BM00308,22931300,,unclear
ST02603,D03227,BM00308,9187528,,unclear
ST02604,D03228,BM00308,9630823,,unclear
ST02605,D02414,BM00308,22931300,,unclear
ST02606,D03229,BM00306,18187806,,unclear
ST02607,D03231,BM00306,10764452,,unclear
ST02608,D03232,BM00306,7787697,,unclear
ST02609,D00610,BM00306,23600958,,unclear
ST02610,D03233,BM00306,18256205,,unclear
ST02611,D02455,BM00306,18256205,,unclear
ST02612,D03234,BM00306,6409434,,unclear
ST02613,D03235,BM00306,23600958,,unclear
ST02614,D02685,BM00306,35102242,,unclear
ST02615,D02788,BM00306,21482471,,unclear
ST02616,D00111,BM00306,28696411,,unclear
ST02617,D00546,BM00306,29507678,,unclear
ST02618,D00546,BM00306,24958282,,unclear
ST02619,D00546,BM00306,24599932,,unclear
ST02620,D02594,BM00306,18256205,,unclear
ST02621,D02074,BM00306,6854335,,unclear
ST02622,D03238,BM00306,23600958,,unclear
ST02623,D02932,BM00306,8262671,,unclear
ST02624,D03240,BM00306,23600958,,unclear
ST02625,D02862,BM00306,23600958,,unclear
ST02626,D03241,BM00306,23600958,,unclear
ST02627,D01536,BM00306,35102242,,unclear
ST02628,D03242,BM00306,18256205,,unclear
ST02629,D01610,BM00306,18256205,,unclear
ST02630,D00087,BM00306,29507678,,unclear
ST02631,D00349,BM00306,29507678,,unclear
ST02632,D00349,BM00306,24958282,,unclear
ST02633,D00105,BM00306,7079590,,unclear
ST02634,D03245,BM00306,18256205,,unclear
ST02635,D01024,BM00333,22142827,,unclear
ST02636,D01615,BM00017,9712181,,unclear
ST02637,D01617,BM00356,11781826,,unclear
ST02638,D01735,BM00353,9924450,,unclear
ST02639,D03293,BM00353,24185376,,unclear
ST02640,D03313,BM00353,17531305,,unclear
ST02641,D00030,BM00353,16678199,,unclear
ST02642,D01624,BM00354,11694350,,unclear
ST02643,D03351,BM00342,17910634,,unclear
ST02644,D01627,BM00342,17657240,,unclear
ST02645,D03354,BM00342,26780085,,unclear
ST02646,D01766,BM00364,16741060,,unclear
ST02647,D00959,BM00383,17110918,,unclear
ST02648,D02560,BM00383,2146046,,unclear
ST02649,D03076,BM00383,15780189,,unclear
ST02650,D03370,BM00383,6793214,,unclear
ST02651,D02942,BM00383,2146046,,unclear
ST02652,D03371,BM00383,16027086,,unclear
ST02653,D01356,BM00383,3455610,,unclear
ST02654,D00104,BM00383,7276941,,unclear
ST02655,D00090,BM00383,12711954,,unclear
ST02656,D03373,BM00383,7276941,,unclear
ST02657,D00508,BM00365,25369470,,unclear
ST02658,D00047,BM00370,34158603,,unclear
ST02659,D02304,BM00370,34158603,,unclear
ST02660,D03377,BM00386,21051230,,unclear
ST02661,D03378,BM00386,20349977,,unclear
ST02662,D03379,BM00386,20349977,,unclear
ST02663,D03380,BM00386,20349977,,unclear
ST02664,D03381,BM00386,20349977,,unclear
ST02665,D00136,BM00373,21107309,,unclear
ST02666,D01350,BM00372,19969465,,unclear
ST02667,D01350,BM00372,24565969,,unclear
ST02668,D01350,BM00372,23328547,,unclear
ST02669,D01350,BM00372,26773740,,unclear
ST02670,D01350,BM00372,19692684,,unclear
ST02671,D01350,BM00372,24658966,,unclear
ST02672,D01350,BM00372,21233402,,unclear
ST02673,D01350,BM00372,20022809,,unclear
ST02674,D01350,BM00372,23816963,,unclear
ST02675,D01350,BM00372,22753918,,unclear
ST02676,D01350,BM00372,16011858,,unclear
ST02677,D01350,BM00372,2302402,,unclear
ST02678,D01350,BM00372,26720284,,unclear
ST02679,D01350,BM00372,15118125,,unclear
ST02680,D01350,BM00372,26515464,,unclear
ST02681,D01350,BM00372,19455431,,unclear
ST02682,D01350,BM00372,17653080,,unclear
ST02683,D01350,BM00372,20479403,,unclear
ST02684,D01350,BM00372,15118073,,unclear
ST02685,D01350,BM00372,20033049,,unclear
ST02686,D01350,BM00372,22215752,,unclear
ST02687,D01350,BM00372,24623981,,unclear
ST02688,D01350,BM00372,15728811,,unclear
ST02689,D01350,BM00372,22588155,,unclear
ST02690,D01350,BM00372,18199554,,unclear
ST02691,D01350,BM00372,16707764,,unclear
ST02692,D01350,BM00372,25157968,,unclear
ST02693,D01350,BM00372,24636847,,unclear
ST02694,D01350,BM00372,23948351,,unclear
ST02695,D01350,BM00372,24729716,,unclear
ST02696,D01350,BM00372,16043828,,unclear
ST02697,D01350,BM00372,18227510,,unclear
ST02698,D01350,BM00372,24893891,,unclear
ST02699,D01350,BM00372,16204070,,unclear
ST02700,D01350,BM00372,19147750,,unclear
ST02701,D01350,BM00372,15710947,,unclear
ST02702,D01350,BM00372,23945392,,unclear
ST02703,D01350,BM00372,25923550,,unclear
ST02704,D01350,BM00372,16187797,,unclear
ST02705,D01350,BM00372,25923549,,unclear
ST02706,D01350,BM00372,19096302,,unclear
ST02707,D01350,BM00372,19671738,,unclear
ST02708,D01350,BM00372,23816960,,unclear
ST02709,D01350,BM00372,23242437,,unclear
ST02710,D01350,BM00372,22285168,,unclear
ST02711,D01350,BM00372,24894453,,unclear
ST02712,D01350,BM00372,16115929,,unclear
ST02713,D01350,BM00372,15329413,,unclear
ST02714,D01350,BM00372,21194487,,unclear
ST02715,D01350,BM00372,17177598,,unclear
ST02716,D01350,BM00372,23102728,,unclear
ST02717,D01350,BM00372,24065731,,unclear
ST02718,D01350,BM00372,20068085,,unclear
ST02719,D01350,BM00372,16912157,,unclear
ST02720,D01350,BM00372,25668228,,unclear
ST02721,D01350,BM00372,15737014,,unclear
ST02722,D01350,BM00372,18303429,,unclear
ST02723,D01350,BM00372,16258541,,unclear
ST02724,D01350,BM00372,19692680,,unclear
ST02725,D01350,BM00372,21670455,,unclear
ST02726,D01350,BM00372,19922469,,unclear
ST02727,D01350,BM00372,21531810,,unclear
ST02728,D01350,BM00372,21430269,,unclear
ST02729,D01350,BM00372,18458038,,unclear
ST02730,D01350,BM00372,22452896,,unclear
ST02731,D01350,BM00372,21783417,,unclear
ST02732,D01350,BM00372,17332364,,unclear
ST02733,D01350,BM00372,22452895,,unclear
ST02734,D01350,BM00372,20573926,,unclear
ST02735,D01350,BM00372,26619011,,unclear
ST02736,D01350,BM00372,21248300,,unclear
ST02737,D01350,BM00372,20129249,,unclear
ST02738,D01350,BM00372,19381876,,unclear
ST02739,D01350,BM00372,18652519,,unclear
ST02740,D01350,BM00372,18596266,,unclear
ST02741,D01350,BM00372,18349398,,unclear
ST02742,D01350,BM00372,18309947,,unclear
ST02743,D01350,BM00372,18093943,,unclear
ST02744,D01350,BM00372,17285735,,unclear
ST02745,D01350,BM00372,17085664,,unclear
ST02746,D01350,BM00372,15217965,,unclear
ST02747,D01350,BM00372,11255078,,unclear
ST02748,D01350,BM00372,23022519,,unclear
ST02749,D01350,BM00372,22594511,,unclear
ST02750,D01350,BM00372,19339720,,unclear
ST02751,D01350,BM00372,18784101,,unclear
ST02752,D01350,BM00372,18681783,,unclear
ST02753,D01350,BM00372,18316547,,unclear
ST02754,D01350,BM00372,18003960,,unclear
ST02755,D01350,BM00372,16467544,,unclear
ST02756,D01350,BM00372,16377102,,unclear
ST02757,D01350,BM00372,16257339,,unclear
ST02758,D01350,BM00372,14990633,,unclear
ST02759,D01350,BM00372,14990632,,unclear
ST02760,D01350,BM00372,12648464,,unclear
ST02761,D01350,BM00372,26490356,,unclear
ST02762,D01350,BM00372,22982650,,unclear
ST02763,D01350,BM00372,22760226,,unclear
ST02764,D01350,BM00372,22740981,,unclear
ST02765,D01350,BM00372,21969500,,unclear
ST02766,D01350,BM00372,21921847,,unclear
ST02767,D02121,BM00372,22885469,,unclear
ST02768,D02121,BM00372,11255078,,unclear
ST02769,D02121,BM00372,23022519,,unclear
ST02770,D02121,BM00372,22594511,,unclear
ST02771,D02121,BM00372,19339720,,unclear
ST02772,D02121,BM00372,18784101,,unclear
ST02773,D02121,BM00372,18681783,,unclear
ST02774,D02121,BM00372,18316547,,unclear
ST02775,D02121,BM00372,18003960,,unclear
ST02776,D02121,BM00372,16467544,,unclear
ST02777,D02121,BM00372,16377102,,unclear
ST02778,D02121,BM00372,16257339,,unclear
ST02779,D02121,BM00372,14990633,,unclear
ST02780,D02121,BM00372,14990632,,unclear
ST02781,D02121,BM00372,12648464,,unclear
ST02782,D02121,BM00372,25305330,,unclear
ST02783,D02121,BM00372,24355130,,unclear
ST02784,D03387,BM00372,23930994,,unclear
ST02785,D02067,BM00372,23930994,,unclear
ST02786,D02067,BM00372,24565969,,unclear
ST02787,D02067,BM00372,25589191,,unclear
ST02788,D02067,BM00372,22753918,,unclear
ST02789,D02067,BM00372,19692684,,unclear
ST02790,D02067,BM00372,24658966,,unclear
ST02791,D02067,BM00372,21233402,,unclear
ST02792,D02067,BM00372,20022809,,unclear
ST02793,D02067,BM00372,23816963,,unclear
ST02794,D02067,BM00372,16011858,,unclear
ST02795,D02067,BM00372,2302402,,unclear
ST02796,D02067,BM00372,26720284,,unclear
ST02797,D02067,BM00372,15118125,,unclear
ST02798,D02067,BM00372,26515464,,unclear
ST02799,D02067,BM00372,19455431,,unclear
ST02800,D02067,BM00372,17653080,,unclear
ST02801,D02067,BM00372,20479403,,unclear
ST02802,D02067,BM00372,15118073,,unclear
ST02803,D02067,BM00372,20033049,,unclear
ST02804,D02067,BM00372,22215752,,unclear
ST02805,D02067,BM00372,24623981,,unclear
ST02806,D02067,BM00372,15728811,,unclear
ST02807,D02067,BM00372,22588155,,unclear
ST02808,D02067,BM00372,18199554,,unclear
ST02809,D02067,BM00372,16707764,,unclear
ST02810,D02067,BM00372,25157968,,unclear
ST02811,D02067,BM00372,24636847,,unclear
ST02812,D02067,BM00372,23948351,,unclear
ST02813,D02067,BM00372,24729716,,unclear
ST02814,D02067,BM00372,16043828,,unclear
ST02815,D02067,BM00372,18227510,,unclear
ST02816,D02067,BM00372,24893891,,unclear
ST02817,D02067,BM00372,16204070,,unclear
ST02818,D02067,BM00372,19147750,,unclear
ST02819,D02067,BM00372,15710947,,unclear
ST02820,D02067,BM00372,23945392,,unclear
ST02821,D02067,BM00372,25923550,,unclear
ST02822,D02067,BM00372,16187797,,unclear
ST02823,D02067,BM00372,25923549,,unclear
ST02824,D02067,BM00372,19096302,,unclear
ST02825,D02067,BM00372,19671738,,unclear
ST02826,D02067,BM00372,23816960,,unclear
ST02827,D02067,BM00372,23242437,,unclear
ST02828,D02067,BM00372,22285168,,unclear
ST02829,D02067,BM00372,24894453,,unclear
ST02830,D02067,BM00372,16115929,,unclear
ST02831,D02067,BM00372,15329413,,unclear
ST02832,D02067,BM00372,21194487,,unclear
ST02833,D02067,BM00372,23102728,,unclear
ST02834,D02067,BM00372,24065731,,unclear
ST02835,D02067,BM00372,20068085,,unclear
ST02836,D02067,BM00372,16912157,,unclear
ST02837,D02067,BM00372,25668228,,unclear
ST02838,D02067,BM00372,15737014,,unclear
ST02839,D02067,BM00372,18303429,,unclear
ST02840,D02067,BM00372,16258541,,unclear
ST02841,D02067,BM00372,19692680,,unclear
ST02842,D02067,BM00372,21670455,,unclear
ST02843,D02067,BM00372,19922469,,unclear
ST02844,D02067,BM00372,21531810,,unclear
ST02845,D02067,BM00372,21430269,,unclear
ST02846,D02067,BM00372,18458038,,unclear
ST02847,D02067,BM00372,22452896,,unclear
ST02848,D02067,BM00372,21783417,,unclear
ST02849,D02067,BM00372,17332364,,unclear
ST02850,D02067,BM00372,22452895,,unclear
ST02851,D02067,BM00372,20573926,,unclear
ST02852,D02067,BM00372,26619011,,unclear
ST02853,D01354,BM00372,25157968,,unclear
ST02854,D01354,BM00372,24934779,,unclear
ST02855,D01354,BM00372,18089823,,unclear
ST02856,D01237,BM00372,19692684,,unclear
ST02857,D01237,BM00372,24658966,,unclear
ST02858,D01237,BM00372,21233402,,unclear
ST02859,D01237,BM00372,23578570,,unclear
ST02860,D01237,BM00372,22270724,,unclear
ST02861,D01237,BM00372,20022809,,unclear
ST02862,D01237,BM00372,23816963,,unclear
ST02863,D01237,BM00372,22753918,,unclear
ST02864,D01237,BM00372,16011858,,unclear
ST02865,D01237,BM00372,2302402,,unclear
ST02866,D01237,BM00372,26720284,,unclear
ST02867,D01237,BM00372,15118125,,unclear
ST02868,D01237,BM00372,26515464,,unclear
ST02869,D01237,BM00372,19455431,,unclear
ST02870,D01237,BM00372,17653080,,unclear
ST02871,D01237,BM00372,20479403,,unclear
ST02872,D01237,BM00372,15118073,,unclear
ST02873,D01237,BM00372,20033049,,unclear
ST02874,D01237,BM00372,22215752,,unclear
ST02875,D01237,BM00372,24623981,,unclear
ST02876,D01237,BM00372,15728811,,unclear
ST02877,D01237,BM00372,22588155,,unclear
ST02878,D01237,BM00372,18199554,,unclear
ST02879,D01237,BM00372,16707764,,unclear
ST02880,D01237,BM00372,25157968,,unclear
ST02881,D01237,BM00372,24636847,,unclear
ST02882,D01237,BM00372,23948351,,unclear
ST02883,D01237,BM00372,24729716,,unclear
ST02884,D01237,BM00372,16043828,,unclear
ST02885,D01237,BM00372,24934779,,unclear
ST02886,D01237,BM00372,18227510,,unclear
ST02887,D01237,BM00372,24893891,,unclear
ST02888,D01237,BM00372,16204070,,unclear
ST02889,D01237,BM00372,19147750,,unclear
ST02890,D01237,BM00372,15710947,,unclear
ST02891,D01237,BM00372,23945392,,unclear
ST02892,D01237,BM00372,25923550,,unclear
ST02893,D01237,BM00372,16187797,,unclear
ST02894,D01237,BM00372,25923549,,unclear
ST02895,D01237,BM00372,19096302,,unclear
ST02896,D01237,BM00372,19671738,,unclear
ST02897,D01237,BM00372,23816960,,unclear
ST02898,D01237,BM00372,23242437,,unclear
ST02899,D01237,BM00372,22285168,,unclear
ST02900,D01237,BM00372,24894453,,unclear
ST02901,D01237,BM00372,16115929,,unclear
ST02902,D01237,BM00372,15329413,,unclear
ST02903,D01237,BM00372,21194487,,unclear
ST02904,D01237,BM00372,23102728,,unclear
ST02905,D01237,BM00372,24065731,,unclear
ST02906,D01237,BM00372,20068085,,unclear
ST02907,D01237,BM00372,16912157,,unclear
ST02908,D01237,BM00372,25668228,,unclear
ST02909,D01237,BM00372,15737014,,unclear
ST02910,D01237,BM00372,18303429,,unclear
ST02911,D01237,BM00372,16258541,,unclear
ST02912,D01237,BM00372,19692680,,unclear
ST02913,D01237,BM00372,21670455,,unclear
ST02914,D01237,BM00372,19922469,,unclear
ST02915,D01237,BM00372,21531810,,unclear
ST02916,D01237,BM00372,21430269,,unclear
ST02917,D01237,BM00372,18458038,,unclear
ST02918,D01237,BM00372,22452896,,unclear
ST02919,D01237,BM00372,21783417,,unclear
ST02920,D01237,BM00372,17332364,,unclear
ST02921,D01237,BM00372,22452895,,unclear
ST02922,D01237,BM00372,18089823,,unclear
ST02923,D01237,BM00372,20573926,,unclear
ST02924,D01237,BM00372,26619011,,unclear
ST02925,D01237,BM00372,26888827,,unclear
ST02926,D01237,BM00372,25623215,,unclear
ST02927,D01237,BM00372,26059438,,unclear
ST02928,D03392,BM00372,25753330,,unclear
ST02929,D02094,BM00372,11255078,,unclear
ST02930,D02094,BM00372,23022519,,unclear
ST02931,D02094,BM00372,22594511,,unclear
ST02932,D02094,BM00372,19339720,,unclear
ST02933,D02094,BM00372,18784101,,unclear
ST02934,D02094,BM00372,18681783,,unclear
ST02935,D02094,BM00372,18316547,,unclear
ST02936,D02094,BM00372,18003960,,unclear
ST02937,D02094,BM00372,16467544,,unclear
ST02938,D02094,BM00372,16377102,,unclear
ST02939,D02094,BM00372,16257339,,unclear
ST02940,D02094,BM00372,14990633,,unclear
ST02941,D02094,BM00372,14990632,,unclear
ST02942,D02094,BM00372,12648464,,unclear
ST02943,D01993,BM00372,17334377,,unclear
ST02944,D01993,BM00372,23988354,,unclear
ST02945,D01993,BM00372,10346932,,unclear
ST02946,D03405,BM00372,21718029,,unclear
ST02947,D03410,BM00372,22944332,,unclear
ST02948,D00904,BM00372,24355130,,unclear
ST02949,D02056,BM00372,22486600,,unclear
ST02950,D01991,BM00372,23930994,,unclear
ST02951,D03429,BM00372,19601607,,unclear
ST02952,D03430,BM00372,22018877,,unclear
ST02953,D01764,BM00372,25753330,,unclear
ST02954,D03435,BM00372,19601607,,unclear
ST02955,D02082,BM00372,21274259,,unclear
ST02956,D02082,BM00372,22261807,,unclear
ST02957,D02082,BM00372,19969465,,unclear
ST02958,D02082,BM00372,23993328,,unclear
ST02959,D02082,BM00372,20151670,,unclear
ST02960,D03443,BM00372,18652519,,unclear
ST02961,D01883,BM00372,24915291,,unclear
ST02962,D00548,BM00372,16043828,,unclear
ST02963,D00783,BM00372,28703131,,unclear
ST02964,D00433,BM00372,22148921,,unclear
ST02965,D03456,BM00372,25753330,,unclear
ST02966,D02481,BM00372,28703131,,unclear
ST02967,D03462,BM00372,19969465,,unclear
ST02968,D02465,BM00372,22951114,,unclear
ST02969,D01766,BM00372,16043828,,unclear
ST02970,D03466,BM00372,21916433,,unclear
ST02971,D03467,BM00372,22486600,,unclear
ST02972,D03469,BM00372,24423618,,unclear
ST02973,D01346,BM00372,11255078,,unclear
ST02974,D01346,BM00372,23022519,,unclear
ST02975,D01346,BM00372,22594511,,unclear
ST02976,D01346,BM00372,19339720,,unclear
ST02977,D01346,BM00372,18784101,,unclear
ST02978,D01346,BM00372,18681783,,unclear
ST02979,D01346,BM00372,18316547,,unclear
ST02980,D01346,BM00372,18003960,,unclear
ST02981,D01346,BM00372,16467544,,unclear
ST02982,D01346,BM00372,16377102,,unclear
ST02983,D01346,BM00372,16257339,,unclear
ST02984,D01346,BM00372,14990633,,unclear
ST02985,D01346,BM00372,14990632,,unclear
ST02986,D01346,BM00372,12648464,,unclear
ST02987,D00547,BM00372,10092515,,unclear
ST02988,D03479,BM00372,19601607,,unclear
ST02989,D03481,BM00372,16275083,,unclear
ST02990,D03487,BM00372,19601607,,unclear
ST02991,D03488,BM00372,19821562,,unclear
ST02992,D02229,BM00372,28703131,,unclear
ST02993,D02148,BM00372,28762371,,unclear
ST02994,D00349,BM00372,23816762,,unclear
ST02995,D01236,BM00372,22270724,,unclear
ST02996,D03500,BM00372,24424355,,unclear
ST02997,D02688,BM00372,20095624,,unclear
ST02998,D01797,BM00372,26318998,,unclear
ST02999,D01435,BM00366,9492285,,unclear
ST03000,D03509,BM00366,20118940,,unclear
ST03001,D00083,BM00382,22450926,,unclear
ST03002,D01756,BM00361,12063292,,unclear
ST03003,D01615,BM00361,8918469,,unclear
ST03004,D00079,BM00361,9766655,,unclear
ST03005,D00079,BM00361,16849574,,unclear
ST03006,D00655,BM00361,11445852,,unclear
ST03007,D03516,BM00361,11151061,,unclear
ST03008,D01653,BM00361,11489836,,unclear
ST03009,D01238,BM00361,9766655,,unclear
ST03010,D00334,BM00361,15222754,,unclear
ST03011,D00349,BM00361,9766655,,unclear
ST03012,D02290,BM00361,12697671,,unclear
ST03013,D02418,BM00361,16944783,,unclear
ST03014,D02418,BM00361,16640900,,unclear
ST03015,D03517,BM00361,16496386,,unclear
ST03016,D01762,BM00361,12775414,,unclear
ST03017,D03370,BM00361,10454552,,unclear
ST03018,D03518,BM00361,15450938,,unclear
ST03019,D00083,BM00361,14654896,,unclear
ST03020,D00705,BM00361,16849574,,unclear
ST03021,D03519,BM00361,12064460,,unclear
ST03022,D03519,BM00361,11821989,,unclear
ST03023,D00050,BM00361,12754095,,unclear
ST03024,D00077,BM00361,16601104,,unclear
ST03025,D00044,BM00361,9863003,,unclear
ST03026,D00717,BM00361,16274926,,unclear
ST03027,D01766,BM00361,16849574,,unclear
ST03028,D01783,BM00361,15545218,,unclear
ST03029,D02316,BM00361,10207094,,unclear
ST03030,D01435,BM00361,12947120,,unclear
ST03031,D01653,BM00408,20875739,,unclear
ST03032,D03553,BM00408,10978206,,unclear
ST03033,D02332,BM00399,28314991,,unclear
ST03034,D02332,BM00399,22158331,,unclear
ST03035,D01436,BM00396,23220880,,unclear
ST03036,D01436,BM00396,25157968,,unclear
ST03037,D01436,BM00396,26243863,,unclear
ST03038,D01436,BM00396,22908275,,unclear
ST03039,D01436,BM00396,16397024,,unclear
ST03040,D01436,BM00396,26619011,,unclear
ST03041,D01436,BM00396,17216002,,unclear
ST03042,D01436,BM00396,15581051,,unclear
ST03043,D01436,BM00396,16596213,,unclear
ST03044,D01436,BM00396,15236790,,unclear
ST03045,D01436,BM00396,26432108,,unclear
ST03046,D01436,BM00396,22850551,,unclear
ST03047,D01436,BM00396,19840887,,unclear
ST03048,D01436,BM00396,26099744,,unclear
ST03049,D01436,BM00396,20975068,,unclear
ST03050,D01436,BM00396,21107682,,unclear
ST03051,D01436,BM00396,9071,,unclear
ST03052,D01436,BM00396,2017,,unclear
ST03053,D01436,BM00396,26598547,,unclear
ST03054,D01436,BM00396,12525520,,unclear
ST03055,D01436,BM00396,20003286,,unclear
ST03056,D01436,BM00396,26104654,,unclear
ST03057,D01436,BM00396,2605,,unclear
ST03058,D01436,BM00396,2013,,unclear
ST03059,D01761,BM00396,16751417,,unclear
ST03060,D03638,BM00396,22129105,,unclear
ST03061,D02121,BM00396,2015169,,unclear
ST03062,D02121,BM00396,25694417,,unclear
ST03063,D02121,BM00396,9071,,unclear
ST03064,D02121,BM00396,2017,,unclear
ST03065,D02121,BM00396,26598547,,unclear
ST03066,D02121,BM00396,25305330,,unclear
ST03067,D02121,BM00396,24355130,,unclear
ST03068,D02121,BM00396,23220880,,unclear
ST03069,D02121,BM00396,25157968,,unclear
ST03070,D02121,BM00396,26243863,,unclear
ST03071,D02121,BM00396,24516025,,unclear
ST03072,D02121,BM00396,22046346,,unclear
ST03073,D02121,BM00396,16397024,,unclear
ST03074,D02121,BM00396,26619011,,unclear
ST03075,D02121,BM00396,12467226,,unclear
ST03076,D02121,BM00396,26570998,,unclear
ST03077,D03641,BM00396,15300809,,unclear
ST03078,D02067,BM00396,9071,,unclear
ST03079,D02067,BM00396,2017,,unclear
ST03080,D02067,BM00396,26598547,,unclear
ST03081,D02067,BM00396,23632474,,unclear
ST03082,D02067,BM00396,22418700,,unclear
ST03083,D02067,BM00396,20142587,,unclear
ST03084,D03651,BM00396,11759828,,unclear
ST03085,D00904,BM00396,24355130,,unclear
ST03086,D02109,BM00396,11929951,,unclear
ST03087,D03488,BM00396,19821562,,unclear
ST03088,D00396,BM00396,20975068,,unclear
ST03089,D00396,BM00396,21107682,,unclear
ST03090,D01617,BM00396,10318905,,unclear
ST03091,D03653,BM00396,18676149,,unclear
ST03092,D03392,BM00396,25753330,,unclear
ST03093,D01395,BM00396,14520092,,unclear
ST03094,D03655,BM00396,18676149,,unclear
ST03095,D01783,BM00396,14647453,,unclear
ST03096,D03658,BM00396,16417271,,unclear
ST03097,D03232,BM00396,9816327,,unclear
ST03098,D03232,BM00396,10873087,,unclear
ST03099,D00455,BM00396,26104654,,unclear
ST03100,D00455,BM00396,2605,,unclear
ST03101,D00455,BM00396,2013,,unclear
ST03102,D02036,BM00396,16144943,,unclear
ST03103,D01606,BM00396,17266042,,unclear
ST03104,D01606,BM00396,15901136,,unclear
ST03105,D01606,BM00396,11916237,,unclear
ST03106,D01698,BM00396,12063559,,unclear
ST03107,D03665,BM00396,18676149,,unclear
ST03108,D03666,BM00396,16357514,,unclear
ST03109,D03667,BM00396,11830514,,unclear
ST03110,D00372,BM00396,1682063,,unclear
ST03111,D03456,BM00396,25753330,,unclear
ST03112,D02942,BM00396,17177846,,unclear
ST03113,D00037,BM00396,7909787,,unclear
ST03114,D01058,BM00396,8986436,,unclear
ST03115,D01024,BM00396,15581051,,unclear
ST03116,D02094,BM00396,9071,,unclear
ST03117,D02094,BM00396,2017,,unclear
ST03118,D02094,BM00396,26598547,,unclear
ST03119,D02094,BM00396,23632474,,unclear
ST03120,D02094,BM00396,22418700,,unclear
ST03121,D02094,BM00396,20142587,,unclear
ST03122,D02094,BM00396,23220880,,unclear
ST03123,D02094,BM00396,25157968,,unclear
ST03124,D02094,BM00396,26243863,,unclear
ST03125,D02094,BM00396,24516025,,unclear
ST03126,D02094,BM00396,22046346,,unclear
ST03127,D02094,BM00396,16397024,,unclear
ST03128,D02094,BM00396,26619011,,unclear
ST03129,D02082,BM00396,20151670,,unclear
ST03130,D02082,BM00396,16470840,,unclear
ST03131,D02082,BM00396,16818711,,unclear
ST03132,D00923,BM00396,15526167,,unclear
ST03133,D00548,BM00396,30071039,,unclear
ST03134,D01335,BM00396,10025882,,unclear
ST03135,D03678,BM00396,11691913,,unclear
ST03136,D01764,BM00396,25753330,,unclear
ST03137,D02135,BM00396,16101130,,unclear
ST03138,D00804,BM00396,9671406,,unclear
ST03139,D03679,BM00396,11929774,,unclear
ST03140,D03680,BM00396,11034426,,unclear
ST03141,D03681,BM00396,16549824,,unclear
ST03142,D01036,BM00396,15582575,,unclear
ST03143,D01196,BM00396,24456004,,unclear
ST03144,D02526,BM00407,9124348,,unclear
ST03145,D02173,BM00407,15965500,,unclear
ST03146,D00460,BM00393,27092952,,unclear
ST03147,D00111,BM00393,27092952,,unclear
ST03148,D00184,BM00393,27092952,,unclear
ST03149,D00208,BM00393,27092952,,unclear
ST03150,D00183,BM00393,27092952,,unclear
ST03151,D00157,BM00393,27092952,,unclear
ST03152,D00220,BM00393,27092952,,unclear
ST03153,D03688,BM00409,15118525,,unclear
ST03154,D01606,BM00409,14512389,,unclear
ST03155,D01606,BM00409,16818854,,unclear
ST03156,D03704,BM00409,10073976,,unclear
ST03157,D03704,BM00409,9459317,,unclear
ST03158,D03704,BM00409,7968118,,unclear
ST03159,D03704,BM00409,16301339,,unclear
ST03160,D03704,BM00409,16113779,,unclear
ST03161,D03704,BM00409,15467059,,unclear
ST03162,D03704,BM00409,14551147,,unclear
ST03163,D03704,BM00409,12869355,,unclear
ST03164,D03704,BM00409,12138364,,unclear
ST03165,D03704,BM00409,12069454,,unclear
ST03166,D03704,BM00409,12067913,,unclear
ST03167,D03704,BM00409,11859850,,unclear
ST03168,D03704,BM00409,11703344,,unclear
ST03169,D03704,BM00409,11532625,,unclear
ST03170,D03704,BM00409,10943572,,unclear
ST03171,D03705,BM00388,21292492,,unclear
ST03172,D03706,BM00388,21292492,,unclear
ST03173,D03707,BM00388,21292492,,unclear
ST03174,D03708,BM00388,21292492,,unclear
ST03175,D03709,BM00388,19086895,,unclear
ST03176,D02056,BM00391,10470170,,unclear
ST03177,D01436,BM00391,15655555,,unclear
ST03178,D03232,BM00391,15567937,,unclear
ST03179,D03716,BM00391,10431685,,unclear
ST03180,D03717,BM00391,11768621,,unclear
ST03181,D03718,BM00391,23900680,,unclear
ST03182,D03719,BM00391,11768621,,unclear
ST03183,D03721,BM00391,14741172,,unclear
ST03184,D03722,BM00391,15328177,,unclear
ST03185,D03724,BM00391,16619291,,unclear
ST03186,D03725,BM00391,11768621,,unclear
ST03187,D03727,BM00391,12174877,,unclear
ST03188,D03728,BM00391,15382049,,unclear
ST03189,D03731,BM00391,12855617,,unclear
ST03190,D03733,BM00391,2316628,,unclear
ST03191,D01718,BM00391,15637741,,unclear
ST03192,D02121,BM00397,23680147,,unclear
ST03193,D01764,BM00397,25753330,,unclear
ST03194,D02045,BM00397,23680147,,unclear
ST03195,D01436,BM00397,23680147,,unclear
ST03196,D01436,BM00397,30071039,,unclear
ST03197,D03652,BM00397,30071039,,unclear
ST03198,D03743,BM00397,26064441,,unclear
ST03199,D00548,BM00397,30071039,,unclear
ST03200,D03392,BM00397,25753330,,unclear
ST03201,D03456,BM00397,25753330,,unclear
ST03202,D02018,BM00406,24563539,,unclear
ST03203,D02018,BM00406,23023262,,unclear
ST03204,D03754,BM00406,24563539,,unclear
ST03205,D03754,BM00406,23023262,,unclear
ST03206,D00571,BM00405,33124499,,unclear
ST03207,D00575,BM00405,33124499,,unclear
ST03208,D00558,BM00405,33124499,,unclear
ST03209,D00561,BM00405,33124499,,unclear
ST03210,D03795,BM00437,27001119,,unclear
ST03211,D01752,BM00437,17019711,,unclear
ST03212,D03797,BM00437,27001119,,unclear
ST03213,D01056,BM00437,27091189,,unclear
ST03214,D00546,BM00436,16822847,,unclear
ST03215,D03807,BM00436,20124951,,unclear
ST03216,D01865,BM00436,19035792,,unclear
ST03217,D00083,BM00436,16822847,,unclear
ST03218,D00349,BM00436,16822847,,unclear
ST03219,D00396,BM00436,28727815,,unclear
ST03220,D03820,BM00436,16617195,,unclear
ST03221,D03821,BM00434,11943947,,unclear
ST03222,D00090,BM00434,9071932,,unclear
ST03223,D03822,BM00434,16051960,,unclear
ST03224,D00247,BM00434,15738284,,unclear
ST03225,D01466,BM00434,12147302,,unclear
ST03226,D00100,BM00434,8988045,,unclear
ST03227,D03823,BM00434,9730230,,unclear
ST03228,D02148,BM00434,11260393,,unclear
ST03229,D00441,BM00434,12566092,,unclear
ST03230,D02586,BM00434,28373444,,unclear
ST03231,D01028,BM00434,15923512,,unclear
ST03232,D02614,BM00434,28373444,,unclear
ST03233,D03825,BM00434,11740820,,unclear
ST03234,D03826,BM00434,11166762,,unclear
ST03235,D00078,BM00434,11744090,,unclear
ST03236,D03218,BM00434,25710119,,unclear
ST03237,D03828,BM00434,15875663,,unclear
ST03238,D03829,BM00434,8862495,,unclear
ST03239,D01335,BM00434,9071932,,unclear
ST03240,D03716,BM00434,10452107,,unclear
ST03241,D00031,BM00434,10353921,,unclear
ST03242,D00047,BM00434,9071932,,unclear
ST03243,D00091,BM00434,11911014,,unclear
ST03244,D03831,BM00434,8774986,,unclear
ST03245,D03833,BM00434,9279318,,unclear
ST03246,D03834,BM00434,7519916,,unclear
ST03247,D03835,BM00434,9124280,,unclear
ST03248,D02477,BM00434,17071728,,unclear
ST03249,D00087,BM00421,25829401,,unclear
ST03250,D00705,BM00421,25829401,,unclear
ST03251,D02186,BM00421,15833141,,unclear
ST03252,D01045,BM00421,15315341,,unclear
ST03253,D03910,BM00426,17646409,,unclear
ST03254,D02040,BM00426,27399335,,unclear
ST03255,D03652,BM00426,23274910,,unclear
ST03256,D03911,BM00426,32907612,,unclear
ST03257,D02036,BM00426,23274910,,unclear
ST03258,D03912,BM00426,38032106,,unclear
ST03259,D03913,BM00426,23274910,,unclear
ST03260,D01683,BM00426,32371478,,unclear
ST03261,D02393,BM00426,38032106,,unclear
ST03262,D03914,BM00426,38032106,,unclear
ST03263,D03915,BM00426,23274910,,unclear
ST03264,D02031,BM00426,23274910,,unclear
ST03265,D02061,BM00426,32907612,,unclear
ST03266,D03916,BM00426,32907612,,unclear
ST03267,D02041,BM00426,24360397,,unclear
ST03268,D03917,BM00426,38032106,,unclear
ST03269,D03918,BM00426,30060061,,unclear
ST03270,D02080,BM00426,32907612,,unclear
ST03271,D01354,BM00426,18787170,,unclear
ST03272,D01354,BM00426,23558291,,unclear
ST03273,D01354,BM00426,24586741,,unclear
ST03274,D03919,BM00420,11280736,,unclear
ST03275,D03920,BM00420,10930097,,unclear
ST03276,D01134,BM00420,10216102,,unclear
ST03277,D03922,BM00420,10720760,,unclear
ST03278,D03922,BM00420,10444408,,unclear
ST03279,D00546,BM00420,11437491,,unclear
ST03280,D01363,BM00420,10809356,,unclear
ST03281,D03924,BM00420,14659903,,unclear
ST03282,D02084,BM00420,16328060,,unclear
ST03283,D03925,BM00420,9543255,,unclear
ST03284,D00349,BM00420,12845662,,unclear
ST03285,D03926,BM00420,11121139,,unclear
ST03286,D03228,BM00420,9226479,,unclear
ST03287,D03927,BM00420,12660450,,unclear
ST03288,D03927,BM00420,10974031,,unclear
ST03289,D01719,BM00420,15475000,,unclear
ST03290,D02940,BM00420,9811059,,unclear
ST03291,D00272,BM00420,9759874,,unclear
ST03292,D00047,BM00420,15200494,,unclear
ST03293,D00320,BM00420,16271051,,unclear
ST03294,D02942,BM00420,11115403,,unclear
ST03295,D00095,BM00420,11359651,,unclear
ST03296,D00390,BM00420,9792441,,unclear
ST03297,D01767,BM00420,14719092,,unclear
ST03298,D01466,BM00420,16796407,,unclear
ST03299,D03932,BM00420,16540473,,unclear
ST03300,D03936,BM00420,15914559,,unclear
ST03301,D03351,BM00420,12532325,,unclear
ST03302,D00705,BM00420,9935158,,unclear
ST03303,D01049,BM00420,7540953,,unclear
ST03304,D03344,BM00435,35948633,,unclear
ST03305,D03344,BM00435,37270847,,unclear
ST03306,D03344,BM00435,25349422,,unclear
ST03307,D03344,BM00435,26048680,,unclear
ST03308,D03344,BM00435,30761385,,unclear
ST03309,D03344,BM00435,28119489,,unclear
ST03310,D03344,BM00435,30537101,,unclear
ST03311,D03344,BM00435,23786770,,unclear
ST03312,D03344,BM00435,39033323,,unclear
ST03313,D03344,BM00435,33563752,,unclear
ST03314,D03344,BM00435,30045926,,unclear
ST03315,D03344,BM00435,26036639,,unclear
ST03316,D03344,BM00435,29182496,,unclear
ST03317,D03344,BM00435,34250419,,unclear
ST03318,D03344,BM00435,27401245,,unclear
ST03319,D03344,BM00435,31109923,,unclear
ST03320,D03344,BM00435,28034880,,unclear
ST03321,D03344,BM00435,36372281,,unclear
ST03322,D03344,BM00435,27870574,,unclear
ST03323,D03344,BM00435,23443805,,unclear
ST03324,D03344,BM00435,37964396,,unclear
ST03325,D03344,BM00435,34272467,,unclear
ST03326,D03340,BM00435,37682528,,unclear
ST03327,D03340,BM00435,37270847,,unclear
ST03328,D03340,BM00435,37980453,,unclear
ST03329,D03340,BM00435,38603651,,unclear
ST03330,D03340,BM00435,33563752,,unclear
ST03331,D03340,BM00435,28341788,,unclear
ST03332,D03340,BM00435,31340094,,unclear
ST03333,D03340,BM00435,39138436,,unclear
ST03334,D03340,BM00435,36240849,,unclear
ST03335,D03340,BM00435,26324363,,unclear
ST03336,D03340,BM00435,38603650,,unclear
ST03337,D03340,BM00435,31088831,,unclear
ST03338,D03340,BM00435,39226398,,unclear
ST03339,D03340,BM00435,37541273,,unclear
ST03340,D03340,BM00435,34272467,,unclear
ST03341,D02013,BM00435,37270847,,unclear
ST03342,D02013,BM00435,32973082,,unclear
ST03343,D02013,BM00435,33926920,,unclear
ST03344,D02013,BM00435,33563752,,unclear
ST03345,D02013,BM00435,34551969,,unclear
ST03346,D02013,BM00435,37980453,,unclear
ST03347,D02013,BM00435,31109923,,unclear
ST03348,D02013,BM00435,32622884,,unclear
ST03349,D02013,BM00435,36372281,,unclear
ST03350,D02013,BM00435,39232586,,unclear
ST03351,D02013,BM00435,36652354,,unclear
ST03352,D02013,BM00435,34272467,,unclear
ST03353,D02013,BM00435,39226398,,unclear
ST03354,D00422,BM00435,32669708,,unclear
ST03355,D00422,BM00435,25169980,,unclear
ST03356,D00422,BM00435,26351320,,unclear
ST03357,D00422,BM00435,37980453,,unclear
ST03358,D00422,BM00435,32723837,,unclear
ST03359,D00422,BM00435,30537101,,unclear
ST03360,D00422,BM00435,23786770,,unclear
ST03361,D00422,BM00435,32973082,,unclear
ST03362,D00422,BM00435,27401245,,unclear
ST03363,D00422,BM00435,30045926,,unclear
ST03364,D00422,BM00435,22869148,,unclear
ST03365,D00422,BM00435,27179038,,unclear
ST03366,D00422,BM00435,29177434,,unclear
ST03367,D00422,BM00435,27550940,,unclear
ST03368,D00422,BM00435,32463741,,unclear
ST03369,D00422,BM00435,35948633,,unclear
ST03370,D00422,BM00435,34272467,,unclear
ST03371,D00422,BM00435,26294741,,unclear
ST03372,D03347,BM00435,30420614,,unclear
ST03373,D03347,BM00435,38627238,,unclear
ST03374,D03347,BM00435,27627808,,unclear
ST03375,D00441,BM00435,32723837,,unclear
ST03376,D02348,BM00435,23786770,,unclear
ST03377,D02348,BM00435,25695485,,unclear
ST03378,D02348,BM00435,34480077,,unclear
ST03379,D02348,BM00435,36307559,,unclear
ST03380,D01348,BM00435,28119489,,unclear
ST03381,D02033,BM00435,23002168,,unclear
ST03382,D02033,BM00435,23908597,,unclear
ST03383,D02033,BM00435,18552176,,unclear
ST03384,D02033,BM00435,22238366,,unclear
ST03385,D02033,BM00435,26619011,,unclear
ST03386,D02033,BM00435,26048680,,unclear
ST03387,D02033,BM00435,23786770,,unclear
ST03388,D02042,BM00435,34480077,,unclear
ST03389,D02042,BM00435,38346946,,unclear
ST03390,D02042,BM00435,23786770,,unclear
ST03391,D01024,BM00435,38801887,,unclear
ST03392,D03807,BM00435,22238366,,unclear
ST03393,D03807,BM00435,20124951,,unclear
ST03394,D02221,BM00435,23462807,,unclear
ST03395,D02221,BM00435,38354330,,unclear
ST03396,D03486,BM00435,31405822,,unclear
ST03397,D03486,BM00435,36099710,,unclear
ST03398,D03486,BM00435,30807645,,unclear
ST03399,D02039,BM00435,26438159,,unclear
ST03400,D03944,BM00435,22869148,,unclear
ST03401,D03944,BM00435,30537101,,unclear
ST03402,D03944,BM00435,23908597,,unclear
ST03403,D03944,BM00435,30045926,,unclear
ST03404,D03944,BM00435,27179038,,unclear
ST03405,D03944,BM00435,26036639,,unclear
ST03406,D01326,BM00435,32723837,,unclear
ST03407,D01326,BM00435,39033323,,unclear
ST03408,D01326,BM00435,33563752,,unclear
ST03409,D00416,BM00435,32859654,,unclear
ST03410,D03947,BM00435,34114373,,unclear
ST03411,D03948,BM00435,27543601,,unclear
ST03412,D03339,BM00435,37437229,,unclear
ST03413,D03339,BM00435,37270847,,unclear
ST03414,D03339,BM00435,36698015,,unclear
ST03415,D03339,BM00435,37980453,,unclear
ST03416,D03339,BM00435,32315352,,unclear
ST03417,D03339,BM00435,38801887,,unclear
ST03418,D03339,BM00435,36372281,,unclear
ST03419,D03339,BM00435,39232586,,unclear
ST03420,D03339,BM00435,38340384,,unclear
ST03421,D03339,BM00435,32203698,,unclear
ST03422,D03339,BM00435,35176457,,unclear
ST03423,D03339,BM00435,36188486,,unclear
ST03424,D03339,BM00435,35948633,,unclear
ST03425,D03339,BM00435,38710951,,unclear
ST03426,D03339,BM00435,34272467,,unclear
ST03427,D03332,BM00435,28978721,,unclear
ST03428,D03346,BM00435,27136102,,unclear
ST03429,D00442,BM00435,22238366,,unclear
ST03430,D03950,BM00435,26036639,,unclear
ST03431,D02056,BM00435,36244398,,unclear
ST03432,D03951,BM00435,23804704,,unclear
ST03433,D02141,BM00435,19755509,,unclear
ST03434,D02141,BM00435,26438159,,unclear
ST03435,D03953,BM00435,31438996,,unclear
ST03436,D01657,BM00435,30537101,,unclear
ST03437,D03341,BM00435,39226398,,unclear
ST03438,D03341,BM00435,37270847,,unclear
ST03439,D02055,BM00435,28119489,,unclear
ST03440,D01901,BM00435,23786770,,unclear
ST03441,D01901,BM00435,30045926,,unclear
ST03442,D01901,BM00435,22238366,,unclear
ST03443,D03832,BM00435,36244398,,unclear
ST03444,D03954,BM00435,30537101,,unclear
ST03445,D02071,BM00435,33926920,,unclear
ST03446,D03956,BM00435,37916958,,unclear
ST03447,D03957,BM00435,26351320,,unclear
ST03448,D03958,BM00435,33199155,,unclear
ST03449,D03958,BM00435,38282676,,unclear
ST03450,D02040,BM00435,29573334,,unclear
ST03451,D02040,BM00435,33563752,,unclear
ST03452,D03959,BM00435,30301864,,unclear
ST03453,D00455,BM00435,30045926,,unclear
ST03454,D03960,BM00435,18552176,,unclear
ST03455,D03960,BM00435,27535969,,unclear
ST03456,D03960,BM00435,31797489,,unclear
ST03457,D03960,BM00435,34272467,,unclear
ST03458,D03961,BM00435,35948633,,unclear
ST03459,D03961,BM00435,33926920,,unclear
ST03460,D03961,BM00435,26438159,,unclear
ST03461,D03961,BM00435,31109923,,unclear
ST03462,D03961,BM00435,38771739,,unclear
ST03463,D03961,BM00435,30745300,,unclear
ST03464,D03961,BM00435,25169980,,unclear
ST03465,D02143,BM00435,28119489,,unclear
ST03466,D02143,BM00435,30045926,,unclear
ST03467,D02090,BM00435,26438159,,unclear
ST03468,D00349,BM00435,36244398,,unclear
ST03469,D01880,BM00435,37980453,,unclear
ST03470,D01880,BM00435,23908597,,unclear
ST03471,D01880,BM00435,26036639,,unclear
ST03472,D01880,BM00435,23658459,,unclear
ST03473,D01880,BM00435,23443805,,unclear
ST03474,D01880,BM00435,34272467,,unclear
ST03475,D01880,BM00435,22238366,,unclear
ST03476,D01880,BM00435,23002168,,unclear
ST03477,D01880,BM00435,18552176,,unclear
ST03478,D01880,BM00435,26619011,,unclear
ST03479,D01986,BM00435,36244398,,unclear
ST03480,D03962,BM00435,23536011,,unclear
ST03481,D03965,BM00435,38297981,,unclear
ST03482,D03966,BM00435,38437671,,unclear
ST03483,D03966,BM00435,38267212,,unclear
ST03484,D03966,BM00435,38602417,,unclear
ST03485,D00078,BM00451,7511053,,unclear
ST03486,D00759,BM00451,22838948,,unclear
ST03487,D00083,BM00451,9816319,,unclear
ST03488,D00083,BM00451,22838948,,unclear
ST03489,D01629,BM00451,8753752,,unclear
ST03490,D03991,BM00451,12039052,,unclear
ST03491,D01108,BM00451,10861758,,unclear
ST03492,D01690,BM00451,15287089,,unclear
ST03493,D04000,BM00451,10579800,,unclear
ST03494,D04005,BM00453,23242435,,unclear
ST03495,D00012,BM00453,15899836,,unclear
ST03496,D00081,BM00453,25234128,,unclear
ST03497,D04012,BM00453,20085328,,unclear
ST03498,D04013,BM00453,21301589,,unclear
ST03499,D04014,BM00453,12782587,,unclear
ST03500,D00083,BM00453,21317831,,unclear
ST03501,D03927,BM00458,12172378,,unclear
ST03502,D00349,BM00458,29593529,,unclear
ST03503,D00546,BM00458,29593529,,unclear
ST03504,D03651,BM00458,29593529,,unclear
ST03505,D02233,BM00454,24732178,,unclear
ST03506,D02160,BM00445,20124951,,unclear
ST03507,D02221,BM00445,23583911,,unclear
ST03508,D02221,BM00445,21478036,,unclear
ST03509,D02221,BM00445,24086736,,unclear
ST03510,D04036,BM00445,20124951,,unclear
ST03511,D01797,BM00445,24510746,,unclear
ST03512,D01797,BM00445,28362716,,unclear
ST03513,D04048,BM00445,14640546,,unclear
ST03514,D01749,BM00447,26306225,,unclear
ST03515,D02012,BM00482,29208668,,unclear
ST03516,D01609,BM00482,761406,,unclear
ST03517,D01237,BM00482,29208668,,unclear
ST03518,D00047,BM00482,17555340,,unclear
ST03519,D02492,BM00482,30651574,,unclear
ST03520,D00705,BM00484,10399958,,unclear
ST03521,D04094,BM00484,11535546,,unclear
ST03522,D00048,BM00484,12637989,,unclear
ST03523,D01750,BM00484,7615092,,unclear
ST03524,D01618,BM00484,10515588,,unclear
ST03525,D02401,BM00484,11780957,,unclear
ST03526,D04100,BM00494,21107318,,unclear
ST03527,D04101,BM00491,8443268,,unclear
ST03528,D04102,BM00491,1976855,,unclear
ST03529,D03242,BM00491,3427227,,unclear
ST03530,D00098,BM00491,2415236,,unclear
ST03531,D00094,BM00491,9801800,,unclear
ST03532,D04103,BM00491,12312052,,unclear
ST03533,D04104,BM00491,6140904,,unclear
ST03534,D01606,BM00491,2877750,,unclear
ST03535,D00038,BM00491,6744303,,unclear
ST03536,D01625,BM00491,12402220,,unclear
ST03537,D04105,BM00491,10336050,,unclear
ST03538,D01335,BM00491,2571317,,unclear
ST03539,D02184,BM00491,9090444,,unclear
ST03540,D00090,BM00491,9090444,,unclear
ST03541,D02084,BM00491,6138013,,unclear
ST03542,D04106,BM00491,11471882,,unclear
ST03543,D03178,BM00491,9090444,,unclear
ST03544,D00334,BM00491,7712308,,unclear
ST03545,D00549,BM00491,8904971,,unclear
ST03546,D01356,BM00491,7642172,,unclear
ST03547,D01784,BM00491,15736857,,unclear
ST03548,D01741,BM00491,2571317,,unclear
ST03549,D04107,BM00491,6135240,,unclear
ST03550,D03006,BM00491,1346382,,unclear
ST03551,D03006,BM00491,12402220,,unclear
ST03552,D00044,BM00491,16871999,,unclear
ST03553,D04108,BM00491,16352317,,unclear
ST03554,D04108,BM00491,10619383,,unclear
ST03555,D00012,BM00491,2890444,,unclear
ST03556,D01606,BM00477,9883985,,unclear
ST03557,D03373,BM00477,9437188,,unclear
ST03558,D01711,BM00477,17194030,,unclear
ST03559,D04115,BM00477,15653770,,unclear
ST03560,D02290,BM00477,9883985,,unclear
ST03561,D02563,BM00477,9486123,,unclear
ST03562,D01380,BM00477,9437188,,unclear
ST03563,D04125,BM00470,12477050,,unclear
ST03564,D01631,BM00470,15527761,,unclear
ST03565,D00705,BM00470,9013707,,unclear
ST03566,D00705,BM00470,10779360,,unclear
ST03567,D00087,BM00470,7729953,,unclear
ST03568,D00406,BM00470,12066222,,unclear
ST03569,D01042,BM00470,15064713,,unclear
ST03570,D01865,BM00466,19035792,,unclear
ST03571,D02285,BM00466,16400523,,unclear
ST03572,D03727,BM00466,1668889,,unclear
ST03573,D03727,BM00466,1472476,,unclear
ST03574,D02967,BM00486,24577123,,unclear
ST03575,D04133,BM00486,12727111,,unclear
ST03576,D01711,BM00486,14987467,,unclear
ST03577,D00151,BM00486,12770616,,unclear
ST03578,D01056,BM00486,11071708,,unclear
ST03579,D01784,BM00486,10871754,,unclear
ST03580,D00547,BM00486,10550003,,unclear
ST03581,D01718,BM00486,12617957,,unclear
ST03582,D00184,BM00486,16496033,,unclear
ST03583,D02417,BM00486,12727111,,unclear
ST03584,D04134,BM00480,21310620,,unclear
ST03585,D01985,BM00480,12527808,,unclear
ST03586,D04135,BM00480,21310620,,unclear
ST03587,D04136,BM00480,23215884,,unclear
ST03588,D04137,BM00480,21310620,,unclear
ST03589,D04138,BM00480,21310620,,unclear
ST03590,D04139,BM00485,15180942,,unclear
ST03591,D02184,BM00485,15555568,,unclear
ST03592,D00412,BM00485,11895857,,unclear
ST03593,D01335,BM00485,15509713,,unclear
ST03594,D02494,BM00485,15386353,,unclear
ST03595,D04140,BM00485,15670751,,unclear
ST03596,D00079,BM00485,10618379,,unclear
ST03597,D04144,BM00492,25114523,,unclear
ST03598,D00048,BM00483,15485876,,unclear
ST03599,D00705,BM00483,9660546,,unclear
ST03600,D02629,BM00483,22824134,,unclear
ST03601,D01034,BM00483,11705692,,unclear
ST03602,D01034,BM00483,9660546,,unclear
ST03603,D01034,BM00483,9610371,,unclear
ST03604,D01034,BM00483,8101766,,unclear
ST03605,D00547,BM00483,10385658,,unclear
ST03606,D00548,BM00483,11911273,,unclear
ST03607,D04162,BM00476,21292481,,unclear
ST03608,D04167,BM00507,10884030,,unclear
ST03609,D04168,BM00507,10963181,,unclear
ST03610,D04171,BM00507,10667603,,unclear
ST03611,D01762,BM00517,16871233,,unclear
ST03612,D04178,BM00495,3480403,,unclear
ST03613,D04182,BM00495,21669529,,unclear
ST03614,D00087,BM00518,26230641,,unclear
ST03615,D01134,BM00518,26230641,,unclear
ST03616,D01134,BM00525,26230641,,unclear
ST03617,D00087,BM00525,26230641,,unclear
ST03618,D00183,BM00525,23559402,,unclear
ST03619,D03652,BM00526,10639573,,unclear
ST03620,D04242,BM00526,16981845,,unclear
ST03621,D04243,BM00526,26967570,,unclear
ST03622,D00548,BM00526,36988399,,unclear
ST03623,D00548,BM00526,12360105,,unclear
ST03624,D02370,BM00526,1988111,,unclear
ST03625,D02370,BM00526,15779864,,unclear
ST03626,D02710,BM00526,3978635,,unclear
ST03627,D01134,BM00526,10050715,,unclear
ST03628,D04244,BM00526,3753520,,unclear
ST03629,D03144,BM00526,29318929,,unclear
ST03630,D00705,BM00526,11062746,,unclear
ST03631,D00012,BM00526,1302037,,unclear
ST03632,D02548,BM00526,3566185,,unclear
ST03633,D00047,BM00526,24367646,,unclear
ST03634,D01927,BM00526,20938339,,unclear
ST03635,D00183,BM00526,23559402,,unclear
ST03636,D03922,BM00526,12896903,,unclear
ST03637,D04246,BM00526,16921492,,unclear
ST03638,D01986,BM00526,12072547,,unclear
ST03639,D00547,BM00526,1302037,,unclear
ST03640,D04247,BM00526,10806309,,unclear
ST03641,D00044,BM00526,2897875,,unclear
ST03642,D04248,BM00526,10639573,,unclear
ST03643,D00085,BM00526,1302037,,unclear
ST03644,D04107,BM00526,2992773,,unclear
ST03645,D00412,BM00526,11279601,,unclear
ST03646,D03212,BM00526,35527244,,unclear
ST03647,D01077,BM00526,8866791,,unclear
ST03648,D04006,BM00526,11807801,,unclear
ST03649,D01073,BM00526,10050715,,unclear
ST03650,D01073,BM00526,11186134,,unclear
ST03651,D04251,BM00526,1759407,,unclear
ST03652,D04252,BM00526,9382956,,unclear
ST03653,D04094,BM00526,1549603,,unclear
ST03654,D04253,BM00526,9382956,,unclear
ST03655,D03658,BM00526,2882834,,unclear
ST03656,D02990,BM00526,15779864,,unclear
ST03657,D00545,BM00526,19076156,,unclear
ST03658,D00608,BM00526,10900222,,unclear
ST03659,D01238,BM00526,10639573,,unclear
ST03660,D01329,BM00526,11948118,,unclear
ST03661,D01329,BM00526,11960994,,unclear
ST03662,D01036,BM00526,17029404,,unclear
ST03663,D02559,BM00526,15141365,,unclear
ST03664,D00817,BM00526,16282887,,unclear
ST03665,D00094,BM00526,11696442,,unclear
ST03666,D03991,BM00526,6770999,,unclear
ST03667,D00759,BM00526,17264302,,unclear
ST03668,D01474,BM00526,17029404,,unclear
ST03669,D02528,BM00526,8529327,,unclear
ST03670,D04255,BM00526,11721384,,unclear
ST03671,D01764,BM00526,15999103,,unclear
ST03672,D02912,BM00526,16127053,,unclear
ST03673,D00546,BM00526,9382956,,unclear
ST03674,D01773,BM00526,15500952,,unclear
ST03675,D04256,BM00526,11962257,,unclear
ST03676,D00568,BM00526,25589620,,unclear
ST03677,D02332,BM00526,27462924,,unclear
ST03678,D02332,BM00526,25677447,,unclear
ST03679,D00100,BM00522,29938344,,unclear
ST03680,D00100,BM00522,19448608,,unclear
ST03681,D04257,BM00522,15672752,,unclear
ST03682,D02990,BM00522,24192117,,unclear
ST03683,D02990,BM00522,26419450,,unclear
ST03684,D00608,BM00522,11092982,,unclear
ST03685,D02809,BM00522,16608922,,unclear
ST03686,D02474,BM00522,29938344,,unclear
ST03687,D02474,BM00522,19448608,,unclear
ST03688,D04259,BM00522,22849615,,unclear
ST03689,D01073,BM00522,29938344,,unclear
ST03690,D01073,BM00522,19448608,,unclear
ST03691,D04263,BM00528,21642471,,unclear
ST03692,D00047,BM00551,11981761,,unclear
ST03693,D04265,BM00551,10485595,,unclear
ST03694,D00406,BM00551,9603913,,unclear
ST03695,D00412,BM00551,15672869,,unclear
ST03696,D02148,BM00551,11439348,,unclear
ST03697,D04269,BM00551,16885537,,unclear
ST03698,D04270,BM00551,10716612,,unclear
ST03699,D02300,BM00551,16081063,,unclear
ST03700,D00083,BM00551,10732770,,unclear
ST03701,D02385,BM00551,9502079,,unclear
ST03702,D01468,BM00551,15205701,,unclear
ST03703,D01465,BM00551,16449979,,unclear
ST03704,D02560,BM00551,12403787,,unclear
ST03705,D02614,BM00551,15939924,,unclear
ST03706,D04272,BM00551,10773785,,unclear
ST03707,D02517,BM00551,8698619,,unclear
ST03708,D01766,BM00527,12851839,,unclear
ST03709,D00088,BM00527,15595630,,unclear
ST03710,D00546,BM00527,36211438,,unclear
ST03711,D00705,BM00527,12851839,,unclear
ST03712,D00083,BM00527,21887680,,unclear
ST03713,D02614,BM00527,21435719,,unclear
ST03714,D02148,BM00527,25188725,,unclear
ST03715,D00184,BM00527,27168101,,unclear
ST03716,D01077,BM00527,10607731,,unclear
ST03717,D01077,BM00527,11731429,,unclear
ST03718,D01042,BM00527,12732844,,unclear
ST03719,D01764,BM00523,15044619,,unclear
ST03720,D01073,BM00523,11186134,,unclear
ST03721,D00079,BM00523,23677058,,unclear
ST03722,D01042,BM00523,12732844,,unclear
ST03723,D01766,BM00523,26803611,,unclear
ST03724,D04284,BM00523,11191886,,unclear
ST03725,D00087,BM00523,23323945,,unclear
ST03726,D04285,BM00523,12499585,,unclear
ST03727,D02023,BM00523,23323945,,unclear
ST03728,D04094,BM00523,16332662,,unclear
ST03729,D03678,BM00523,15044619,,unclear
ST03730,D03652,BM00523,16765145,,unclear
ST03731,D00768,BM00523,15044619,,unclear
ST03732,D02765,BM00523,23787247,,unclear
ST03733,D02765,BM00523,28686143,,unclear
ST03734,D02765,BM00523,30987408,,unclear
ST03735,D00184,BM00523,27168101,,unclear
ST03736,D04286,BM00523,11595069,,unclear
ST03737,D00092,BM00523,23323945,,unclear
ST03738,D02538,BM00523,23323945,,unclear
ST03739,D00546,BM00523,27785604,,unclear
ST03740,D00546,BM00523,36211438,,unclear
ST03741,D03485,BM00523,2110160,,unclear
ST03742,D02990,BM00523,23677058,,unclear
ST03743,D01238,BM00523,16865249,,unclear
ST03744,D00083,BM00523,17180579,,unclear
ST03745,D04303,BM00563,11687616,,unclear
ST03746,D02627,BM00553,19668019,,unclear
ST03747,D02084,BM00553,32055583,,unclear
ST03748,D00184,BM00553,11266078,,unclear
ST03749,D03990,BM00553,30664875,,unclear
ST03750,D02121,BM00553,26265235,,unclear
ST03751,D02424,BM00553,23521149,,unclear
ST03752,D02481,BM00553,21931540,,unclear
ST03753,D00575,BM00553,32024945,,unclear
ST03754,D02691,BM00553,30664875,,unclear
ST03755,D02691,BM00553,30661239,,unclear
ST03756,D04118,BM00553,35122707,,unclear
ST03757,D04118,BM00553,30242287,,unclear
ST03758,D04118,BM00553,25918017,,unclear
ST03759,D04118,BM00553,20504258,,unclear
ST03760,D04284,BM00553,35169303,,unclear
ST03761,D04284,BM00553,32452529,,unclear
ST03762,D04284,BM00553,26086150,,unclear
ST03763,D00083,BM00553,28444425,,unclear
ST03764,D00783,BM00553,21931540,,unclear
ST03765,D02703,BM00553,17339877,,unclear
ST03766,D01024,BM00553,31616045,,unclear
ST03767,D04304,BM00553,30664875,,unclear
ST03768,D04304,BM00553,30661239,,unclear
ST03769,D00548,BM00553,31616045,,unclear
ST03770,D02376,BM00572,16184763,,unclear
ST03771,D01468,BM00572,7548155,,unclear
ST03772,D01142,BM00572,2193225,,unclear
ST03773,D02563,BM00572,11579132,,unclear
ST03774,D03072,BM00572,12871756,,unclear
ST03775,D00662,BM00572,7770620,,unclear
ST03776,D01719,BM00572,16797496,,unclear
ST03777,D01719,BM00572,16179524,,unclear
ST03778,D01719,BM00572,12732732,,unclear
ST03779,D02548,BM00572,12857801,,unclear
ST03780,D03828,BM00572,8047983,,unclear
ST03781,D00030,BM00572,12047041,,unclear
ST03782,D00218,BM00572,9864262,,unclear
ST03783,D03641,BM00572,12530536,,unclear
ST03784,D04306,BM00572,17024970,,unclear
ST03785,D04307,BM00572,7548155,,unclear
ST03786,D02710,BM00572,12530536,,unclear
ST03787,D01380,BM00572,15827295,,unclear
ST03788,D04308,BM00572,10591146,,unclear
ST03789,D04309,BM00572,9618697,,unclear
ST03790,D02410,BM00572,8047983,,unclear
ST03791,D00088,BM00572,15943180,,unclear
ST03792,D01748,BM00572,8724993,,unclear
ST03793,D04310,BM00572,9383212,,unclear
ST03794,D01653,BM00572,16846475,,unclear
ST03795,D04311,BM00572,9142921,,unclear
ST03796,D00220,BM00572,9864262,,unclear
ST03797,D04312,BM00572,17032922,,unclear
ST03798,D01973,BM00572,11226373,,unclear
ST03799,D01224,BM00572,9645681,,unclear
ST03800,D00406,BM00572,16979664,,unclear
ST03801,D04313,BM00572,3664499,,unclear
ST03802,D04313,BM00572,3170555,,unclear
ST03803,D04313,BM00572,1986403,,unclear
ST03804,D01716,BM00572,9645591,,unclear
ST03805,D03833,BM00572,8625311,,unclear
ST03806,D00080,BM00572,8591993,,unclear
ST03807,D01334,BM00572,16646082,,unclear
ST03808,D03127,BM00572,12047041,,unclear
ST03809,D02297,BM00572,12460647,,unclear
ST03810,D01767,BM00572,11678611,,unclear
ST03811,D02240,BM00572,11523209,,unclear
ST03812,D00208,BM00572,12857801,,unclear
ST03813,D04314,BM00572,8625311,,unclear
ST03814,D00705,BM00572,11478701,,unclear
ST03815,D02418,BM00572,12927909,,unclear
ST03816,D00817,BM00572,12530536,,unclear
ST03817,D00390,BM00566,1348689,,unclear
ST03818,D04318,BM00578,8065161,,unclear
ST03819,D04318,BM00578,7500647,,unclear
ST03820,D04320,BM00578,19296652,,unclear
ST03821,D02174,BM00578,8875961,,unclear
ST03822,D04321,BM00578,7926277,,unclear
ST03823,D04322,BM00578,22435708,,unclear
ST03824,D01765,BM00578,8875961,,unclear
ST03825,D00717,BM00578,19296652,,unclear
ST03826,D00982,BM00578,16041694,,unclear
ST03827,D02418,BM00578,12473058,,unclear
ST03828,D04335,BM00578,22435708,,unclear
ST03829,D01756,BM00578,9925748,,unclear
ST03830,D04307,BM00578,9094264,,unclear
ST03831,D01786,BM00555,25266681,,unclear
ST03832,D00867,BM00575,21273068,,unclear
ST03833,D04341,BM00575,23859777,,unclear
ST03834,D04346,BM00575,21129982,,unclear
ST03835,D04346,BM00575,25756299,,unclear
ST03836,D04347,BM00575,16499313,,unclear
ST03837,D04348,BM00575,17603540,,unclear
ST03838,D04356,BM00575,17603540,,unclear
ST03839,D04357,BM00575,23520985,,unclear
ST03840,D04357,BM00575,17603540,,unclear
ST03841,D04357,BM00575,25277067,,unclear
ST03842,D04357,BM00575,25105924,,unclear
ST03843,D04357,BM00575,22480433,,unclear
ST03844,D04357,BM00575,21764310,,unclear
ST03845,D04358,BM00575,25756299,,unclear
ST03846,D04359,BM00575,16464590,,unclear
ST03847,D04361,BM00575,21129982,,unclear
ST03848,D04361,BM00575,25756299,,unclear
ST03849,D04363,BM00575,25756299,,unclear
ST03850,D02012,BM00575,29871907,,unclear
ST03851,D04365,BM00575,24360559,,unclear
ST03852,D04366,BM00575,21764310,,unclear
ST03853,D02969,BM00575,18020309,,unclear
ST03854,D04368,BM00575,16499313,,unclear
ST03855,D04368,BM00575,24984936,,unclear
ST03856,D04368,BM00575,17603540,,unclear
ST03857,D03443,BM00575,21273068,,unclear
ST03858,D03443,BM00575,18408713,,unclear
ST03859,D03443,BM00575,24984936,,unclear
ST03860,D03443,BM00575,24428777,,unclear
ST03861,D03443,BM00575,18020309,,unclear
ST03862,D03443,BM00575,25277067,,unclear
ST03863,D03443,BM00575,25105924,,unclear
ST03864,D03443,BM00575,21861487,,unclear
ST03865,D03443,BM00575,23859777,,unclear
ST03866,D03443,BM00575,25756299,,unclear
ST03867,D04370,BM00575,21486005,,unclear
ST03868,D04371,BM00554,26151496,,unclear
ST03869,D00575,BM00554,32024945,,unclear
ST03870,D00575,BM00554,25919528,,unclear
ST03871,D03990,BM00554,30664875,,unclear
ST03872,D03990,BM00554,23874514,,unclear
ST03873,D03990,BM00554,20800921,,unclear
ST03874,D03990,BM00554,11034591,,unclear
ST03875,D03990,BM00554,10535882,,unclear
ST03876,D04372,BM00554,34789453,,unclear
ST03877,D02931,BM00554,27839692,,unclear
ST03878,D04373,BM00554,22111603,,unclear
ST03879,D04374,BM00554,34789453,,unclear
ST03880,D04375,BM00554,15121303,,unclear
ST03881,D04375,BM00554,11672906,,unclear
ST03882,D04376,BM00554,32372697,,unclear
ST03883,D04376,BM00554,25987655,,unclear
ST03884,D04376,BM00554,24970932,,unclear
ST03885,D04304,BM00554,30664875,,unclear
ST03886,D04304,BM00554,30661239,,unclear
ST03887,D00047,BM00554,19392989,,unclear
ST03888,D00047,BM00554,15784113,,unclear
ST03889,D03127,BM00554,6103441,,unclear
ST03890,D03107,BM00554,26959717,,unclear
ST03891,D04377,BM00554,24899791,,unclear
ST03892,D04378,BM00554,11756990,,unclear
ST03893,D01078,BM00554,27839692,,unclear
ST03894,D01786,BM00554,27839692,,unclear
ST03895,D02703,BM00554,17339877,,unclear
ST03896,D01730,BM00554,26151496,,unclear
ST03897,D01466,BM00554,27839692,,unclear
ST03898,D02793,BM00554,18301070,,unclear
ST03899,D02473,BM00554,27839692,,unclear
ST03900,D00438,BM00554,27023328,,unclear
ST03901,D00561,BM00554,25919528,,unclear
ST03902,D02691,BM00554,30664875,,unclear
ST03903,D02691,BM00554,23874514,,unclear
ST03904,D02691,BM00554,20800921,,unclear
ST03905,D02691,BM00554,11034591,,unclear
ST03906,D02691,BM00554,10535882,,unclear
ST03907,D02405,BM00554,34789453,,unclear
ST03908,D01404,BM00554,34747637,,unclear
ST03909,D01404,BM00554,33768542,,unclear
ST03910,D00558,BM00554,25919528,,unclear
ST03911,D02627,BM00554,19668019,,unclear
ST03912,D01030,BM00554,27839692,,unclear
ST03913,D03795,BM00554,27020477,,unclear
ST03914,D01625,BM00554,37074725,,unclear
ST03915,D01625,BM00554,24399721,,unclear
ST03916,D01625,BM00554,23830818,,unclear
ST03917,D02765,BM00554,25217962,,unclear
ST03918,D04382,BM00554,27666425,,unclear
ST03919,D02813,BM00554,29233746,,unclear
ST03920,D01624,BM00554,26151496,,unclear
ST03921,D04383,BM00554,20639878,,unclear
ST03922,D00759,BM00554,25217962,,unclear
ST03923,D04384,BM00554,34789453,,unclear
ST03924,D04385,BM00554,11888582,,unclear
ST03925,D01179,BM00567,18495353,,unclear
ST03926,D04390,BM00574,21875802,,unclear
ST03927,D04347,BM00574,16499313,,unclear
ST03928,D04357,BM00574,21920765,,unclear
ST03929,D04357,BM00574,23520985,,unclear
ST03930,D04357,BM00574,25277067,,unclear
ST03931,D04357,BM00574,22480433,,unclear
ST03932,D04357,BM00574,21764310,,unclear
ST03933,D04359,BM00574,16464590,,unclear
ST03934,D04410,BM00574,23362862,,unclear
ST03935,D04346,BM00574,25756299,,unclear
ST03936,D04370,BM00574,21486005,,unclear
ST03937,D00867,BM00574,21273068,,unclear
ST03938,D04358,BM00574,25756299,,unclear
ST03939,D04368,BM00574,16499313,,unclear
ST03940,D04363,BM00574,25756299,,unclear
ST03941,D02969,BM00574,18020309,,unclear
ST03942,D04361,BM00574,25756299,,unclear
ST03943,D04450,BM00574,25313505,,unclear
ST03944,D04366,BM00574,21764310,,unclear
ST03945,D04341,BM00574,21129982,,unclear
ST03946,D04341,BM00574,23859777,,unclear
ST03947,D03443,BM00574,21273068,,unclear
ST03948,D03443,BM00574,18408713,,unclear
ST03949,D03443,BM00574,18020309,,unclear
ST03950,D03443,BM00574,25277067,,unclear
ST03951,D03443,BM00574,21129982,,unclear
ST03952,D03443,BM00574,21861487,,unclear
ST03953,D03443,BM00574,23859777,,unclear
ST03954,D03443,BM00574,23947794,,unclear
ST03955,D03443,BM00574,25756299,,unclear
ST03956,D02354,BM00574,23947794,,unclear
ST03957,D04307,BM00557,3342876,,unclear
ST03958,D03232,BM00557,15161015,,unclear
ST03959,D01465,BM00557,17987129,,unclear
ST03960,D01748,BM00557,17334244,,unclear
ST03961,D01748,BM00557,1939057,,unclear
ST03962,D04648,BM00557,7741753,,unclear
ST03963,D04649,BM00557,1967080,,unclear
ST03964,D04650,BM00557,9161031,,unclear
ST03965,D04651,BM00557,16968820,,unclear
ST03966,D04652,BM00557,16968820,,unclear
ST03967,D00705,BM00557,9427537,,unclear
ST03968,D00705,BM00557,8968078,,unclear
ST03969,D00963,BM00557,9931456,,unclear
ST03970,D01741,BM00557,9161031,,unclear
ST03971,D01194,BM00557,9931456,,unclear
ST03972,D02696,BM00557,14639950,,unclear
ST03973,D04653,BM00557,2914585,,unclear
ST03974,D03680,BM00557,16997859,,unclear
ST03975,D01423,BM00557,18447956,,unclear
ST03976,D01335,BM00568,16997128,,unclear
ST03977,D00362,BM00568,16997128,,unclear
ST03978,D01748,BM00568,9603077,,unclear
ST03979,D04716,BM00573,11156371,,unclear
ST03980,D04107,BM00589,1691765,,unclear
ST03981,D04723,BM00589,12579833,,unclear
ST03982,D04724,BM00589,1722194,,unclear
ST03983,D04726,BM00589,1384603,,unclear
ST03984,D01380,BM00589,10725732,,unclear
ST03985,D04729,BM00589,7534379,,unclear
ST03986,D02368,BM00589,15870881,,unclear
ST03987,D01760,BM00589,7685917,,unclear
ST03988,D01435,BM00595,8557761,,unclear
ST03989,D00012,BM00595,7683312,,unclear
ST03990,D00012,BM00595,1714534,,unclear
ST03991,D04255,BM00595,8645625,,unclear
ST03992,D02402,BM00595,8530593,,unclear
ST03993,D03874,BM00595,9512248,,unclear
ST03994,D03874,BM00595,7525123,,unclear
ST03995,D01356,BM00595,9540232,,unclear
ST03996,D01354,BM00595,11942857,,unclear
ST03997,D01380,BM00595,7688368,,unclear
ST03998,D04730,BM00595,7544746,,unclear
ST03999,D04731,BM00595,9420847,,unclear
ST04000,D00547,BM00595,11894976,,unclear
ST04001,D02560,BM00595,7589849,,unclear
ST04002,D02560,BM00595,1713293,,unclear
ST04003,D01615,BM00595,8619542,,unclear
ST04004,D01615,BM00595,8567796,,unclear
ST04005,D02287,BM00582,10517331,,unclear
ST04006,D00036,BM00581,14974815,,unclear
ST04007,D00220,BM00581,27023437,,unclear
ST04008,D04738,BM00594,20927486,,unclear
ST04009,D04739,BM00594,23992748,,unclear
ST04010,D00389,BM00588,15086558,,unclear
ST04011,D01609,BM00588,15086558,,unclear
ST04012,D02173,BM00588,15086558,,unclear
ST04013,D02417,BM00588,15086558,,unclear
ST04014,D02401,BM00598,9258879,,unclear
ST04015,D01420,BM00593,10495414,,unclear
ST04016,D02082,BM00593,16988945,,unclear
ST04017,D04265,BM00593,9834461,,unclear
ST04018,D00060,BM00593,14746834,,unclear
ST04019,D04742,BM00593,15516981,,unclear
ST04020,D04743,BM00593,15342387,,unclear
ST04021,D00079,BM00593,15019164,,unclear
ST04022,D03245,BM00593,11983488,,unclear
ST04023,D03991,BM00593,2229290,,unclear
ST04024,D01899,BM00593,8265809,,unclear
ST04025,D03519,BM00593,9348194,,unclear
ST04026,D00390,BM00590,9792441,,unclear
ST04027,D00334,BM00590,10784002,,unclear
ST04028,D01436,BM00590,15297404,,unclear
ST04029,D00362,BM00590,8931897,,unclear
ST04030,D04746,BM00590,8383325,,unclear
ST04031,D01413,BM00590,9396353,,unclear
ST04032,D02370,BM00590,9864423,,unclear
ST04033,D00445,BM00590,10996474,,unclear
ST04034,D00092,BM00590,8556994,,unclear
ST04035,D01108,BM00590,1899122,,unclear
ST04036,D04749,BM00590,12553027,,unclear
ST04037,D04750,BM00590,7750192,,unclear
ST04038,D01073,BM00590,10784002,,unclear
ST04039,D03729,BM00590,2121912,,unclear
ST04040,D04752,BM00590,9192993,,unclear
ST04041,D04752,BM00590,10540707,,unclear
ST04042,D00705,BM00590,8044830,,unclear
ST04043,D01681,BM00590,8913387,,unclear
ST04044,D00236,BM00590,11918854,,unclear
ST04045,D02210,BM00590,8673851,,unclear
ST04046,D00320,BM00590,9731747,,unclear
ST04047,D01058,BM00590,2992368,,unclear
ST04048,D00008,BM00590,7543821,,unclear
ST04049,D01618,BM00590,7722866,,unclear
ST04050,D00546,BM00590,10823419,,unclear
ST04051,D01223,BM00584,212383,,unclear
ST04052,D01615,BM00584,7215332,,unclear
ST04053,D00012,BM00584,212383,,unclear
ST04054,D00049,BM00599,8940357,,unclear
ST04055,D00438,BM00587,39500140,,unclear
ST04056,D01346,BM00587,25910950,,unclear
ST04057,D04766,BM00587,34027408,,unclear
ST04058,D04772,BM00587,35639513,,unclear
ST04059,D04774,BM00587,23558169,,unclear
ST04060,D04774,BM00587,2073994,,unclear
ST04061,D04774,BM00587,32416072,,unclear
ST04062,D04774,BM00587,38496920,,unclear
ST04063,D04774,BM00587,37102976,,unclear
ST04064,D04774,BM00587,39232586,,unclear
ST04065,D04774,BM00587,36372281,,unclear
ST04066,D04774,BM00587,29950729,,unclear
ST04067,D04774,BM00587,33832922,,unclear
ST04068,D04774,BM00587,32208957,,unclear
ST04069,D04774,BM00587,32380538,,unclear
ST04070,D04774,BM00587,36222845,,unclear
ST04071,D04774,BM00587,36056177,,unclear
ST04072,D04774,BM00587,35443108,,unclear
ST04073,D04774,BM00587,33119479,,unclear
ST04074,D04774,BM00587,32530764,,unclear
ST04075,D04774,BM00587,29860938,,unclear
ST04076,D04782,BM00587,36056177,,unclear
ST04077,D02036,BM00587,31151327,,unclear
ST04078,D04786,BM00587,31151327,,unclear
ST04079,D04786,BM00587,28148839,,unclear
ST04080,D04786,BM00587,26363012,,unclear
ST04081,D04786,BM00587,23558169,,unclear
ST04082,D04786,BM00587,30651561,,unclear
ST04083,D04791,BM00587,31727689,,unclear
ST04084,D04795,BM00587,37272516,,unclear
ST04085,D04795,BM00587,34078652,,unclear
ST04086,D04795,BM00587,36222845,,unclear
ST04087,D04803,BM00587,36222845,,unclear
ST04088,D01904,BM00587,36374558,,unclear
ST04089,D01904,BM00587,34027408,,unclear
ST04090,D01904,BM00587,28148839,,unclear
ST04091,D02018,BM00587,38334611,,unclear
ST04092,D02091,BM00587,27231123,,unclear
ST04093,D01911,BM00587,34027408,,unclear
ST04094,D01911,BM00587,29339439,,unclear
ST04095,D01911,BM00587,34118569,,unclear
ST04096,D01911,BM00587,28148839,,unclear
ST04097,D01798,BM00587,30742119,,unclear
ST04098,D01752,BM00587,31151327,,unclear
ST04099,D02136,BM00587,38334611,,unclear
ST04100,D01749,BM00587,26363012,,unclear
ST04101,D00705,BM00587,28148839,,unclear
ST04102,D04862,BM00587,25678837,,unclear
ST04103,D01920,BM00587,28148839,,unclear
ST04104,D04864,BM00587,36374558,,unclear
ST04105,D04864,BM00587,32494639,,unclear
ST04106,D04865,BM00587,32733012,,unclear
ST04107,D04865,BM00587,36222845,,unclear
ST04108,D04865,BM00587,28232670,,unclear
ST04109,D03297,BM00587,30651561,,unclear
ST04110,D04884,BM00587,28148839,,unclear
ST04111,D01917,BM00587,36374558,,unclear
ST04112,D01917,BM00587,34994649,,unclear
ST04113,D01917,BM00587,32494639,,unclear
ST04114,D01917,BM00587,34027408,,unclear
ST04115,D01917,BM00587,29339439,,unclear
ST04116,D01917,BM00587,34118569,,unclear
ST04117,D01917,BM00587,28148839,,unclear
ST04118,D01683,BM00587,30742119,,unclear
ST04119,D04466,BM00587,26508549,,unclear
ST04120,D01358,BM00587,27231123,,unclear
ST04121,D03448,BM00587,26762204,,unclear
ST04122,D02165,BM00587,37102976,,unclear
ST04123,D02165,BM00587,27520294,,unclear
ST04124,D02084,BM00587,31151327,,unclear
ST04125,D00094,BM00587,37102976,,unclear
ST04126,D00094,BM00587,35443108,,unclear
ST04127,D00094,BM00587,33119479,,unclear
ST04128,D00094,BM00587,24077805,,unclear
ST04129,D03912,BM00587,34027408,,unclear
ST04130,D02012,BM00587,26762204,,unclear
ST04131,D01927,BM00587,25910950,,unclear
ST04132,D01902,BM00587,32494639,,unclear
ST04133,D01326,BM00587,39500140,,unclear
ST04134,D01329,BM00587,24077826,,unclear
ST04135,D01134,BM00587,29339439,,unclear
ST04136,D00349,BM00597,20860465,,unclear
ST04137,D01334,BM00597,22336956,,unclear
ST04138,D04981,BM00619,23575266,,unclear
ST04139,D00689,BM00619,24456369,,unclear
ST04140,D02614,BM00619,12515619,,unclear
ST04141,D03351,BM00619,18298552,,unclear
ST04142,D04986,BM00619,24456369,,unclear
ST04143,D00349,BM00619,8888499,,unclear
ST04144,D04989,BM00618,15768879,,unclear
ST04145,D04992,BM00618,16525725,,unclear
ST04146,D02537,BM00618,11228246,,unclear
ST04147,D00104,BM00618,17392554,,unclear
ST04148,D00877,BM00618,12111578,,unclear
ST04149,D04995,BM00618,8788232,,unclear
ST04150,D04752,BM00618,10022737,,unclear
ST04151,D04996,BM00618,26556688,,unclear
ST04152,D01769,BM00618,8941582,,unclear
ST04153,D04998,BM00618,9449167,,unclear
ST04154,D00561,BM00618,24253594,,unclear
ST04155,D02647,BM00618,15388451,,unclear
ST04156,D00575,BM00618,24253594,,unclear
ST04157,D02899,BM00618,14561977,,unclear
ST04158,D00817,BM00618,9260581,,unclear
ST04159,D05000,BM00618,24641941,,unclear
ST04160,D05001,BM00618,12953163,,unclear
ST04161,D04312,BM00618,10463595,,unclear
ST04162,D04115,BM00618,16036356,,unclear
ST04163,D02481,BM00618,27812403,,unclear
ST04164,D02481,BM00618,18458677,,unclear
ST04165,D05002,BM00618,9568541,,unclear
ST04166,D05003,BM00618,11928713,,unclear
ST04167,D00103,BM00618,16607077,,unclear
ST04168,D03920,BM00618,12053098,,unclear
ST04169,D02229,BM00618,27812403,,unclear
ST04170,D02229,BM00618,19387461,,unclear
ST04171,D00783,BM00618,27812403,,unclear
ST04172,D00783,BM00618,18458677,,unclear
ST04173,D05004,BM00618,17377406,,unclear
ST04174,D01767,BM00618,16638192,,unclear
ST04175,D04948,BM00618,10022508,,unclear
ST04176,D02212,BM00618,12714806,,unclear
ST04177,D00411,BM00618,15388451,,unclear
ST04178,D05007,BM00618,12901849,,unclear
ST04179,D05007,BM00618,15762036,,unclear
ST04180,D05008,BM00618,7933537,,unclear
ST04181,D01573,BM00618,9527747,,unclear
ST04182,D00558,BM00618,24253594,,unclear
ST04183,D02793,BM00606,24819158,,unclear
ST04184,D01711,BM00606,11942866,,unclear
ST04185,D05010,BM00606,16961277,,unclear
ST04186,D02937,BM00606,16476120,,unclear
ST04187,D05011,BM00606,9227316,,unclear
ST04188,D05012,BM00606,16815316,,unclear
ST04189,D01354,BM00606,12907620,,unclear
ST04190,D01354,BM00606,22094953,,unclear
ST04191,D04270,BM00606,9185758,,unclear
ST04192,D00740,BM00606,16815316,,unclear
ST04193,D02691,BM00606,16815316,,unclear
ST04194,D02540,BM00606,16815316,,unclear
ST04195,D01716,BM00606,12372131,,unclear
ST04196,D00390,BM00606,8982293,,unclear
ST04197,D01087,BM00606,15887108,,unclear
ST04198,D00982,BM00606,15613743,,unclear
ST04199,D00561,BM00606,12759288,,unclear
ST04200,D02487,BM00606,10433557,,unclear
ST04201,D03145,BM00611,12907250,,unclear
ST04202,D05016,BM00611,21157640,,unclear
ST04203,D01433,BM00611,11882036,,unclear
ST04204,D00078,BM00611,12689659,,unclear
ST04205,D01722,BM00611,15281431,,unclear
ST04206,D04743,BM00611,19455410,,unclear
ST04207,D02187,BM00611,11061569,,unclear
ST04208,D02481,BM00611,19455410,,unclear
ST04209,D05019,BM00611,24812504,,unclear
ST04210,D00797,BM00611,16061828,,unclear
ST04211,D02364,BM00611,12559970,,unclear
ST04212,D02229,BM00611,19455410,,unclear
ST04213,D04752,BM00611,19455410,,unclear
ST04214,D05020,BM00611,16125299,,unclear
ST04215,D00783,BM00611,19455410,,unclear
ST04216,D02369,BM00611,16235535,,unclear
ST04217,D00558,BM00608,25712183,,unclear
ST04218,D02424,BM00608,27977334,,unclear
ST04219,D01413,BM00617,1551701,,unclear
ST04220,D01413,BM00617,10836352,,unclear
ST04221,D00033,BM00617,16780678,,unclear
ST04222,D05036,BM00617,22136436,,unclear
ST04223,D00546,BM00617,11006010,,unclear
ST04224,D05039,BM00617,8485042,,unclear
ST04225,D00036,BM00617,9237106,,unclear
ST04226,D00047,BM00616,20921925,,unclear
ST04227,D05043,BM00628,20938371,,unclear
ST04228,D05046,BM00628,22871580,,unclear
ST04229,D05050,BM00628,24095096,,unclear
ST04230,D05053,BM00628,20938371,,unclear
ST04231,D01053,BM00613,9334854,,unclear
ST04232,D01681,BM00613,1598936,,unclear
ST04233,D02372,BM00613,11053919,,unclear
ST04234,D01442,BM00613,8071057,,unclear
ST04235,D03351,BM00613,11477338,,unclear
ST04236,D02978,BM00613,3497888,,unclear
ST04237,D02978,BM00613,2846451,,unclear
ST04238,D00357,BM00613,8564607,,unclear
ST04239,D02655,BM00613,11053919,,unclear
ST04240,D02833,BM00613,2115511,,unclear
ST04241,D05058,BM00613,12707736,,unclear
ST04242,D05060,BM00613,1598936,,unclear
ST04243,D02286,BM00613,16091484,,unclear
ST04244,D04257,BM00613,15905551,,unclear
ST04245,D05062,BM00613,17197726,,unclear
ST04246,D01725,BM00613,3263105,,unclear
ST04247,D01784,BM00613,1598936,,unclear
ST04248,D05064,BM00613,14646537,,unclear
ST04249,D02937,BM00613,1513198,,unclear
ST04250,D05066,BM00613,8083332,,unclear
ST04251,D04253,BM00613,3497116,,unclear
ST04252,D00083,BM00613,9669212,,unclear
ST04253,D01752,BM00613,8682722,,unclear
ST04254,D00184,BM00613,15053234,,unclear
ST04255,D05067,BM00613,8402735,,unclear
ST04256,D01760,BM00613,15456539,,unclear
ST04257,D05069,BM00613,11576848,,unclear
ST04258,D02210,BM00613,9869897,,unclear
ST04259,D00036,BM00613,7529939,,unclear
ST04260,D00036,BM00613,12135706,,unclear
ST04261,D04256,BM00613,10737264,,unclear
ST04262,D02187,BM00613,26894651,,unclear
ST04263,D05070,BM00613,8098027,,unclear
ST04264,D05071,BM00613,7796708,,unclear
ST04265,D02696,BM00613,1330944,,unclear
ST04266,D05072,BM00613,8376811,,unclear
ST04267,D04312,BM00613,15914319,,unclear
ST04268,D01765,BM00613,8394695,,unclear
ST04269,D00151,BM00613,8191163,,unclear
ST04270,D02494,BM00613,3492067,,unclear
ST04271,D02977,BM00613,10466081,,unclear
ST04272,D03729,BM00613,11350880,,unclear
ST04273,D03797,BM00613,9628465,,unclear
ST04274,D03716,BM00613,1698527,,unclear
ST04275,D01788,BM00613,8475085,,unclear
ST04276,D05075,BM00613,8106902,,unclear
ST04277,D04992,BM00613,9414133,,unclear
ST04278,D02171,BM00613,1513198,,unclear
ST04279,D05076,BM00613,8564607,,unclear
ST04280,D05077,BM00613,8191163,,unclear
ST04281,D05078,BM00613,15177499,,unclear
ST04282,D05079,BM00613,3258949,,unclear
ST04283,D01030,BM00613,16051523,,unclear
ST04284,D04006,BM00613,3497888,,unclear
ST04285,D01721,BM00613,1667651,,unclear
ST04286,D02474,BM00613,23645042,,unclear
ST04287,D03145,BM00620,24220207,,unclear
ST04288,D03145,BM00620,22960765,,unclear
ST04289,D03145,BM00620,21996196,,unclear
ST04290,D03145,BM00620,20679962,,unclear
ST04291,D03145,BM00620,19770842,,unclear
ST04292,D03145,BM00620,19617864,,unclear
ST04293,D03145,BM00620,18444945,,unclear
ST04294,D05082,BM00620,21295473,,unclear
ST04295,D00036,BM00620,22960765,,unclear
ST04296,D00036,BM00620,21996196,,unclear
ST04297,D00036,BM00620,20679962,,unclear
ST04298,D00036,BM00620,19770842,,unclear
ST04299,D00036,BM00620,19617864,,unclear
ST04300,D00036,BM00620,18444945,,unclear
ST04301,D02765,BM00620,26332308,,unclear
ST04302,D00247,BM00615,3129507,,unclear
ST04303,D05087,BM00615,8562975,,unclear
ST04304,D01053,BM00615,9334854,,unclear
ST04305,D05088,BM00615,10681809,,unclear
ST04306,D01730,BM00615,8340196,,unclear
ST04307,D01041,BM00615,1560050,,unclear
ST04308,D00049,BM00615,1634253,,unclear
ST04309,D03727,BM00615,9167045,,unclear
ST04310,D05090,BM00615,8952316,,unclear
ST04311,D01466,BM00615,16207471,,unclear
ST04312,D05091,BM00615,11135687,,unclear
ST04313,D00534,BM00615,7591422,,unclear
ST04314,D00770,BM00615,12405159,,unclear
ST04315,D00349,BM00615,9238541,,unclear
ST04316,D02548,BM00615,2645720,,unclear
ST04317,D02183,BM00615,9607619,,unclear
ST04318,D01615,BM00615,3090550,,unclear
ST04319,D04989,BM00615,16152828,,unclear
ST04320,D04286,BM00615,10566174,,unclear
ST04321,D04101,BM00615,11895146,,unclear
ST04322,D05093,BM00615,9193586,,unclear
ST04323,D01624,BM00615,8340196,,unclear
ST04324,D01624,BM00615,7647571,,unclear
ST04325,D01624,BM00615,1760523,,unclear
ST04326,D05094,BM00615,8814260,,unclear
ST04327,D04270,BM00615,8980988,,unclear
ST04328,D00236,BM00615,3129507,,unclear
ST04329,D05095,BM00615,10988359,,unclear
ST04330,D01413,BM00615,8981122,,unclear
ST04331,D01632,BM00615,9314351,,unclear
ST04332,D03797,BM00615,9762669,,unclear
ST04333,D05097,BM00615,2594781,,unclear
ST04334,D05098,BM00615,10653436,,unclear
ST04335,D02375,BM00615,11312147,,unclear
ST04336,D01766,BM00615,16595340,,unclear
ST04337,D01329,BM00615,15814281,,unclear
ST04338,D00759,BM00615,1580639,,unclear
ST04339,D04256,BM00615,10737264,,unclear
ST04340,D01753,BM00615,1774603,,unclear
ST04341,D05103,BM00615,3090550,,unclear
ST04342,D00797,BM00615,15068404,,unclear
ST04343,D05104,BM00615,15528977,,unclear
ST04344,D01656,BM00615,9619876,,unclear
ST04345,D05112,BM00626,9678720,,unclear
ST04346,D05113,BM00626,11061591,,unclear
ST04347,D00047,BM00612,19448967,,unclear
ST04348,D05114,BM00612,3497116,,unclear
ST04349,D00575,BM00612,36621146,,unclear
ST04350,D00575,BM00612,22960943,,unclear
ST04351,D02519,BM00612,16815316,,unclear
ST04352,D03269,BM00612,16257277,,unclear
ST04353,D02710,BM00612,7523795,,unclear
ST04354,D05117,BM00612,22131899,,unclear
ST04355,D01749,BM00612,26401715,,unclear
ST04356,D04285,BM00612,16358339,,unclear
ST04357,D01056,BM00612,11752890,,unclear
ST04358,D05118,BM00612,2954576,,unclear
ST04359,D05118,BM00612,1431212,,unclear
ST04360,D03222,BM00612,2534682,,unclear
ST04361,D01732,BM00612,8615653,,unclear
ST04362,D02833,BM00612,3260587,,unclear
ST04363,D00279,BM00612,8048000,,unclear
ST04364,D02424,BM00612,28696418,,unclear
ST04365,D01719,BM00612,9342951,,unclear
ST04366,D00689,BM00612,12773123,,unclear
ST04367,D02365,BM00612,11382751,,unclear
ST04368,D04101,BM00612,8724378,,unclear
ST04369,D01755,BM00612,1888883,,unclear
ST04370,D01632,BM00612,9176529,,unclear
ST04371,D01563,BM00612,27649267,,unclear
ST04372,D05120,BM00612,3260587,,unclear
ST04373,D01618,BM00612,8077674,,unclear
ST04374,D05121,BM00612,8370344,,unclear
ST04375,D01030,BM00612,14515062,,unclear
ST04376,D02548,BM00612,2686646,,unclear
ST04377,D01680,BM00612,2788696,,unclear
ST04378,D05122,BM00612,16257277,,unclear
ST04379,D05123,BM00612,8781713,,unclear
ST04380,D01619,BM00612,16257277,,unclear
ST04381,D04989,BM00612,8871284,,unclear
ST04382,D00412,BM00612,16389574,,unclear
ST04383,D02377,BM00612,2350191,,unclear
ST04384,D02377,BM00612,1331350,,unclear
ST04385,D01716,BM00612,11943316,,unclear
ST04386,D02559,BM00612,7589278,,unclear
ST04387,D05125,BM00612,12909408,,unclear
ST04388,D01612,BM00612,16257277,,unclear
ST04389,D05002,BM00612,8951617,,unclear
ST04390,D00037,BM00612,2162889,,unclear
ST04391,D01324,BM00645,35625872,,unclear
ST04392,D01324,BM00645,25572173,,unclear
ST04393,D01324,BM00645,35041493,,unclear
ST04394,D02012,BM00645,25363205,,unclear
ST04395,D01880,BM00645,35625872,,unclear
ST04396,D00455,BM00645,27370604,,unclear
ST04397,D01797,BM00645,28362716,,unclear
ST04398,D01797,BM00645,20372153,,unclear
ST04399,D01797,BM00645,18936790,,unclear
ST04400,D01797,BM00645,20970876,,unclear
ST04401,D01797,BM00645,19461405,,unclear
ST04402,D01797,BM00645,19139124,,unclear
ST04403,D01797,BM00645,22665524,,unclear
ST04404,D01797,BM00645,25363205,,unclear
ST04405,D01797,BM00645,17229632,,unclear
ST04406,D01797,BM00645,31309543,,unclear
ST04407,D01797,BM00645,24317392,,unclear
ST04408,D01797,BM00645,17699867,,unclear
ST04409,D01797,BM00645,22357254,,unclear
ST04410,D02610,BM00645,27777285,,unclear
ST04411,D02610,BM00645,25836719,,unclear
ST04412,D02610,BM00645,33212994,,unclear
ST04413,D02610,BM00645,24205792,,unclear
ST04414,D02221,BM00645,19248971,,unclear
ST04415,D02221,BM00645,22261812,,unclear
ST04416,D02221,BM00645,21690468,,unclear
ST04417,D02221,BM00645,21642685,,unclear
ST04418,D02221,BM00645,18421059,,unclear
ST04419,D02221,BM00645,19861435,,unclear
ST04420,D02221,BM00645,23375402,,unclear
ST04421,D02221,BM00645,21969494,,unclear
ST04422,D02221,BM00645,22357254,,unclear
ST04423,D02221,BM00645,34560242,,unclear
ST04424,D02221,BM00645,26772734,,unclear
ST04425,D02221,BM00645,18955458,,unclear
ST04426,D02221,BM00645,33579785,,unclear
ST04427,D02221,BM00645,29100343,,unclear
ST04428,D02221,BM00645,33212994,,unclear
ST04429,D02221,BM00645,25594040,,unclear
ST04430,D02221,BM00645,23582185,,unclear
ST04431,D02221,BM00645,31217744,,unclear
ST04432,D02221,BM00645,38408285,,unclear
ST04433,D02221,BM00645,32350132,,unclear
ST04434,D02221,BM00645,25239608,,unclear
ST04435,D02221,BM00645,31085175,,unclear
ST04436,D02221,BM00645,19164557,,unclear
ST04437,D02221,BM00645,31205508,,unclear
ST04438,D02221,BM00645,24205792,,unclear
ST04439,D02221,BM00645,35194937,,unclear
ST04440,D02438,BM00645,24583793,,unclear
ST04441,D03164,BM00645,34560242,,unclear
ST04442,D03164,BM00645,37980854,,unclear
ST04443,D03164,BM00645,33212994,,unclear
ST04444,D03164,BM00645,38408285,,unclear
ST04445,D03164,BM00645,32350132,,unclear
ST04446,D03164,BM00645,31085175,,unclear
ST04447,D03164,BM00645,35194937,,unclear
ST04448,D03164,BM00645,32804590,,unclear
ST04449,D03164,BM00645,35753087,,unclear
ST04450,D04312,BM00645,25139846,,unclear
ST04451,D04312,BM00645,31085175,,unclear
ST04452,D04312,BM00645,31270078,,unclear
ST04453,D04312,BM00645,31309543,,unclear
ST04454,D04312,BM00645,25209843,,unclear
ST04455,D00442,BM00645,38408285,,unclear
ST04456,D00442,BM00645,35194937,,unclear
ST04457,D03212,BM00645,21456006,,unclear
ST04458,D03212,BM00645,22119758,,unclear
ST04459,D03212,BM00645,25695690,,unclear
ST04460,D03212,BM00645,22068222,,unclear
ST04461,D03212,BM00645,25594040,,unclear
ST04462,D03212,BM00645,23582185,,unclear
ST04463,D03212,BM00645,20442311,,unclear
ST04464,D03212,BM00645,17699867,,unclear
ST04465,D03212,BM00645,25209843,,unclear
ST04466,D03212,BM00645,28843487,,unclear
ST04467,D03212,BM00645,28327988,,unclear
ST04468,D02128,BM00645,31309543,,unclear
ST04469,D02710,BM00645,18986703,,unclear
ST04470,D02393,BM00645,33320833,,unclear
ST04471,D01683,BM00645,37403699,,unclear
ST04472,D01683,BM00645,31689840,,unclear
ST04473,D01683,BM00645,28514312,,unclear
ST04474,D02153,BM00645,38662455,,unclear
ST04475,D05137,BM00645,29187377,,unclear
ST04476,D03947,BM00645,31673329,,unclear
ST04477,D03344,BM00645,30101387,,unclear
ST04478,D03344,BM00645,35625872,,unclear
ST04479,D03344,BM00645,25673643,,unclear
ST04480,D02159,BM00645,37403699,,unclear
ST04481,D02029,BM00645,29100343,,unclear
ST04482,D05141,BM00645,32350132,,unclear
ST04483,D02165,BM00645,37992684,,unclear
ST04484,D03606,BM00645,32371592,,unclear
ST04485,D01235,BM00645,29636358,,unclear
ST04486,D01235,BM00645,22277784,,unclear
ST04487,D05145,BM00645,24205792,,unclear
ST04488,D02594,BM00645,18248884,,unclear
ST04489,D05146,BM00645,33212994,,unclear
ST04490,D05146,BM00645,38408285,,unclear
ST04491,D05146,BM00645,35820244,,unclear
ST04492,D05146,BM00645,32350132,,unclear
ST04493,D05146,BM00645,31085175,,unclear
ST04494,D05146,BM00645,31270078,,unclear
ST04495,D05146,BM00645,31309543,,unclear
ST04496,D05146,BM00645,35194937,,unclear
ST04497,D05146,BM00645,29093181,,unclear
ST04498,D05146,BM00645,38273969,,unclear
ST04499,D05146,BM00645,33320833,,unclear
ST04500,D05146,BM00645,30274985,,unclear
ST04501,D01358,BM00645,16397263,,unclear
ST04502,D01358,BM00645,25139846,,unclear
ST04503,D01358,BM00645,19671763,,unclear
ST04504,D01358,BM00645,25594040,,unclear
ST04505,D01358,BM00645,23582185,,unclear
ST04506,D01358,BM00645,29035277,,unclear
ST04507,D01358,BM00645,18024392,,unclear
ST04508,D01358,BM00645,18986703,,unclear
ST04509,D01358,BM00645,31182436,,unclear
ST04510,D01358,BM00645,17699867,,unclear
ST04511,D01358,BM00645,21689725,,unclear
ST04512,D01358,BM00645,22932406,,unclear
ST04513,D01358,BM00645,16384925,,unclear
ST04514,D01358,BM00645,24045550,,unclear
ST04515,D01358,BM00645,25157968,,unclear
ST04516,D01358,BM00645,17259998,,unclear
ST04517,D01358,BM00645,16912224,,unclear
ST04518,D01358,BM00645,16731599,,unclear
ST04519,D01358,BM00645,23149070,,unclear
ST04520,D01358,BM00645,15685537,,unclear
ST04521,D01358,BM00645,21642685,,unclear
ST04522,D01358,BM00645,22504184,,unclear
ST04523,D01358,BM00645,19164557,,unclear
ST04524,D01358,BM00645,18559612,,unclear
ST04525,D01358,BM00645,23714533,,unclear
ST04526,D01358,BM00645,15972446,,unclear
ST04527,D05147,BM00645,30523507,,unclear
ST04528,D03297,BM00645,38408285,,unclear
ST04529,D03297,BM00645,31182436,,unclear
ST04530,D03297,BM00645,31309543,,unclear
ST04531,D02160,BM00645,31205508,,unclear
ST04532,D01326,BM00645,37992684,,unclear
ST04533,D01326,BM00645,28514312,,unclear
ST04534,D02148,BM00645,17259998,,unclear
ST04535,D02148,BM00645,21689725,,unclear
ST04536,D02148,BM00645,23582185,,unclear
ST04537,D02148,BM00645,16624552,,unclear
ST04538,D02148,BM00645,18955451,,unclear
ST04539,D02148,BM00645,18955458,,unclear
ST04540,D02148,BM00645,22261812,,unclear
ST04541,D02148,BM00645,21690468,,unclear
ST04542,D02148,BM00645,21642685,,unclear
ST04543,D02148,BM00645,18421059,,unclear
ST04544,D02148,BM00645,28334365,,unclear
ST04545,D02148,BM00645,37014660,,unclear
ST04546,D02148,BM00645,16143141,,unclear
ST04547,D02148,BM00645,18567837,,unclear
ST04548,D02148,BM00645,16015387,,unclear
ST04549,D02148,BM00645,38662455,,unclear
ST04550,D02148,BM00645,30101387,,unclear
ST04551,D02148,BM00645,28196207,,unclear
ST04552,D02148,BM00645,26687836,,unclear
ST04553,D02148,BM00645,34560242,,unclear
ST04554,D02148,BM00645,18628470,,unclear
ST04555,D02148,BM00645,28611108,,unclear
ST04556,D02148,BM00645,25572173,,unclear
ST04557,D02148,BM00645,34250403,,unclear
ST04558,D02148,BM00645,39298692,,unclear
ST04559,D02148,BM00645,21969494,,unclear
ST04560,D02148,BM00645,27777285,,unclear
ST04561,D02148,BM00645,31043947,,unclear
ST04562,D02148,BM00645,15070706,,unclear
ST04563,D02148,BM00645,25003536,,unclear
ST04564,D02148,BM00645,24419427,,unclear
ST04565,D02148,BM00645,35625872,,unclear
ST04566,D02148,BM00645,23610110,,unclear
ST04567,D02148,BM00645,16183119,,unclear
ST04568,D02148,BM00645,25139846,,unclear
ST04569,D02148,BM00645,16954519,,unclear
ST04570,D02148,BM00645,20372153,,unclear
ST04571,D02148,BM00645,33579785,,unclear
ST04572,D02148,BM00645,16751810,,unclear
ST04573,D02148,BM00645,29100343,,unclear
ST04574,D02148,BM00645,32371592,,unclear
ST04575,D02148,BM00645,33212994,,unclear
ST04576,D02148,BM00645,15236194,,unclear
ST04577,D02148,BM00645,19861435,,unclear
ST04578,D02148,BM00645,27370604,,unclear
ST04579,D02148,BM00645,25594040,,unclear
ST04580,D02148,BM00645,35041493,,unclear
ST04581,D02148,BM00645,26316776,,unclear
ST04582,D02148,BM00645,31689840,,unclear
ST04583,D02148,BM00645,29035277,,unclear
ST04584,D02148,BM00645,16397263,,unclear
ST04585,D02148,BM00645,32350132,,unclear
ST04586,D02148,BM00645,25239608,,unclear
ST04587,D02148,BM00645,18294292,,unclear
ST04588,D02148,BM00645,31085175,,unclear
ST04589,D02148,BM00645,15790786,,unclear
ST04590,D02148,BM00645,30523507,,unclear
ST04591,D02148,BM00645,12481435,,unclear
ST04592,D02148,BM00645,24317392,,unclear
ST04593,D02148,BM00645,24205792,,unclear
ST04594,D02148,BM00645,35194937,,unclear
ST04595,D02148,BM00645,18488160,,unclear
ST04596,D02148,BM00645,19812602,,unclear
ST04597,D02148,BM00645,23567324,,unclear
ST04598,D02148,BM00645,34446510,,unclear
ST04599,D02148,BM00645,25673643,,unclear
ST04600,D02148,BM00645,18795925,,unclear
ST04601,D02148,BM00645,25015329,,unclear
ST04602,D02148,BM00645,15201427,,unclear
ST04603,D02148,BM00645,18751412,,unclear
ST04604,D02148,BM00645,18248884,,unclear
ST04605,D02148,BM00645,12374669,,unclear
ST04606,D02148,BM00645,16462496,,unclear
ST04607,D02148,BM00645,27980106,,unclear
ST04608,D02148,BM00645,11526490,,unclear
ST04609,D02148,BM00645,7530509,,unclear
ST04610,D02148,BM00645,25157968,,unclear
ST04611,D02148,BM00645,16908931,,unclear
ST04612,D02148,BM00645,16046538,,unclear
ST04613,D02148,BM00645,16912224,,unclear
ST04614,D02148,BM00645,23775962,,unclear
ST04615,D02148,BM00645,18936790,,unclear
ST04616,D02148,BM00645,24687822,,unclear
ST04617,D02148,BM00645,16731599,,unclear
ST04618,D02148,BM00645,16638875,,unclear
ST04619,D02148,BM00645,19175693,,unclear
ST04620,D02148,BM00645,15685537,,unclear
ST04621,D02148,BM00645,17372901,,unclear
ST04622,D02148,BM00645,22504184,,unclear
ST04623,D02148,BM00645,18986703,,unclear
ST04624,D02148,BM00645,22357254,,unclear
ST04625,D02148,BM00645,19164557,,unclear
ST04626,D02148,BM00645,23714533,,unclear
ST04627,D02148,BM00645,22355224,,unclear
ST04628,D02148,BM00645,11276010,,unclear
ST04629,D02148,BM00645,15972446,,unclear
ST04630,D02148,BM00645,20088873,,unclear
ST04631,D02148,BM00645,9438854,,unclear
ST04632,D02148,BM00645,22932406,,unclear
ST04633,D02148,BM00645,15930355,,unclear
ST04634,D02148,BM00645,16384925,,unclear
ST04635,D02148,BM00645,18980976,,unclear
ST04636,D02148,BM00645,18024392,,unclear
ST04637,D02148,BM00645,24045550,,unclear
ST04638,D02148,BM00645,19671763,,unclear
ST04639,D02148,BM00645,17363509,,unclear
ST04640,D02148,BM00645,21159146,,unclear
ST04641,D02148,BM00645,23375402,,unclear
ST04642,D05149,BM00645,20633291,,unclear
ST04643,D02040,BM00645,34560242,,unclear
ST04644,D02040,BM00645,27371698,,unclear
ST04645,D02040,BM00645,37741071,,unclear
ST04646,D02040,BM00645,21170960,,unclear
ST04647,D02040,BM00645,33579785,,unclear
ST04648,D02040,BM00645,29100343,,unclear
ST04649,D02040,BM00645,33212994,,unclear
ST04650,D02040,BM00645,32350132,,unclear
ST04651,D02040,BM00645,25239608,,unclear
ST04652,D02040,BM00645,31085175,,unclear
ST04653,D02025,BM00645,26936919,,unclear
ST04654,D02033,BM00645,20513156,,unclear
ST04655,D02033,BM00645,10535,,unclear
ST04656,D02033,BM00645,25239608,,unclear
ST04657,D02033,BM00645,10517,,unclear
ST04658,D02033,BM00645,2015,,unclear
ST04659,D02033,BM00645,35091442,,unclear
ST04660,D02033,BM00645,21482694,,unclear
ST04661,D02033,BM00645,24552773,,unclear
ST04662,D02033,BM00645,22301675,,unclear
ST04663,D03347,BM00645,27627808,,unclear
ST04664,D03310,BM00645,23497317,,unclear
ST04665,D03310,BM00645,31309543,,unclear
ST04666,D03310,BM00645,16384925,,unclear
ST04667,D03310,BM00645,18024392,,unclear
ST04668,D03310,BM00645,24045550,,unclear
ST04669,D03310,BM00645,25157968,,unclear
ST04670,D03310,BM00645,21689725,,unclear
ST04671,D03310,BM00645,17259998,,unclear
ST04672,D03310,BM00645,16912224,,unclear
ST04673,D03310,BM00645,16731599,,unclear
ST04674,D03310,BM00645,22504184,,unclear
ST04675,D03310,BM00645,18986703,,unclear
ST04676,D03310,BM00645,19164557,,unclear
ST04677,D03310,BM00645,23714533,,unclear
ST04678,D03310,BM00645,23582185,,unclear
ST04679,D03310,BM00645,15972446,,unclear
ST04680,D00184,BM00631,27396837,,unclear
ST04681,D00085,BM00957,9052414,,unclear
ST04682,D05156,BM00957,11391599,,unclear
ST04683,D05158,BM00957,11342922,,unclear
ST04684,D03071,BM00957,9186345,,unclear
ST04685,D03652,BM00957,15864591,,unclear
ST04686,D03652,BM00957,10687988,,unclear
ST04687,D04251,BM00957,12539231,,unclear
ST04688,D05163,BM00957,12087455,,unclear
ST04689,D01036,BM00957,16006884,,unclear
ST04690,D02375,BM00957,7541862,,unclear
ST04691,D00079,BM00957,11391599,,unclear
ST04692,D03919,BM00957,10928069,,unclear
ST04693,D05058,BM00957,11025701,,unclear
ST04694,D01631,BM00957,10811979,,unclear
ST04695,D05170,BM00957,14532991,,unclear
ST04696,D03874,BM00957,7515212,,unclear
ST04697,D05087,BM00957,9806658,,unclear
ST04698,D01079,BM00957,11125428,,unclear
ST04699,D05179,BM00957,7523704,,unclear
ST04700,D05179,BM00957,10368631,,unclear
ST04701,D01375,BM00957,9052414,,unclear
ST04702,D04115,BM00957,16648561,,unclear
ST04703,D01606,BM00957,7532467,,unclear
ST04704,D02384,BM00957,10075669,,unclear
ST04705,D02023,BM00957,1371564,,unclear
ST04706,D04533,BM00957,8907816,,unclear
ST04707,D00390,BM00957,15447848,,unclear
ST04708,D01238,BM00646,17549067,,unclear
ST04709,D00349,BM00646,17549067,,unclear
ST04710,D02056,BM00646,17549067,,unclear
ST04711,D00037,BM00634,11948681,,unclear
ST04712,D00104,BM00636,8264634,,unclear
ST04713,D00012,BM00636,9024781,,unclear
ST04714,D01049,BM00636,9591138,,unclear
ST04715,D02221,BM00641,21885287,,unclear
ST04716,D02221,BM00641,23583911,,unclear
ST04717,D02221,BM00641,21963305,,unclear
ST04718,D05205,BM00641,17884497,,unclear
ST04719,D02348,BM00641,25411163,,unclear
ST04720,D02348,BM00641,24036042,,unclear
ST04721,D01346,BM00641,20124951,,unclear
ST04722,D01865,BM00641,19035792,,unclear
ST04723,D03807,BM00641,20124951,,unclear
ST04724,D05209,BM00641,28488026,,unclear
ST04725,D02586,BM00641,28488026,,unclear
ST04726,D05220,BM00641,23835340,,unclear
ST04727,D00012,BM00641,28488026,,unclear
ST04728,D04048,BM00641,14640546,,unclear
ST04729,D02696,BM00641,21936514,,unclear
ST04730,D02160,BM00641,20124951,,unclear
ST04731,D04036,BM00641,20124951,,unclear
ST04732,D01797,BM00641,35484400,,unclear
ST04733,D01797,BM00641,28362716,,unclear
ST04734,D01797,BM00641,26830973,,unclear
ST04735,D01797,BM00641,25816720,,unclear
ST04736,D01797,BM00641,25182707,,unclear
ST04737,D01797,BM00641,24510746,,unclear
ST04738,D01797,BM00641,20630084,,unclear
ST04739,D01797,BM00641,20124951,,unclear
ST04740,D01797,BM00641,25743214,,unclear
ST04741,D01797,BM00641,26344591,,unclear
ST04742,D00442,BM00641,19522465,,unclear
ST04743,D00442,BM00641,18559524,,unclear
ST04744,D01735,BM00664,9036934,,unclear
ST04745,D04743,BM00664,7516473,,unclear
ST04746,D05112,BM00674,2243101,,unclear
ST04747,D01236,BM00663,21975775,,unclear
ST04748,D01236,BM00663,23182985,,unclear
ST04749,D01236,BM00663,16618717,,unclear
ST04750,D01236,BM00663,26812186,,unclear
ST04751,D01236,BM00663,19255327,,unclear
ST04752,D01236,BM00663,19018267,,unclear
ST04753,D01236,BM00663,12460918,,unclear
ST04754,D01236,BM00663,20978259,,unclear
ST04755,D01236,BM00663,21228335,,unclear
ST04756,D01236,BM00663,24558511,,unclear
ST04757,D01236,BM00663,17384584,,unclear
ST04758,D01236,BM00663,18316791,,unclear
ST04759,D01236,BM00663,21398618,,unclear
ST04760,D01236,BM00663,20921465,,unclear
ST04761,D01236,BM00663,16361624,,unclear
ST04762,D01236,BM00663,20921462,,unclear
ST04763,D01236,BM00663,19114683,,unclear
ST04764,D01236,BM00663,22392911,,unclear
ST04765,D01236,BM00663,2278970,,unclear
ST04766,D01236,BM00663,23406027,,unclear
ST04767,D01236,BM00663,26371285,,unclear
ST04768,D01236,BM00663,18794081,,unclear
ST04769,D01236,BM00663,26623049,,unclear
ST04770,D01236,BM00663,22734028,,unclear
ST04771,D01236,BM00663,22407852,,unclear
ST04772,D01236,BM00663,16434492,,unclear
ST04773,D01236,BM00663,19075190,,unclear
ST04774,D01236,BM00663,19679400,,unclear
ST04775,D01236,BM00663,25157968,,unclear
ST04776,D01236,BM00663,19773371,,unclear
ST04777,D01236,BM00663,3122217,,unclear
ST04778,D01234,BM00663,26162609,,unclear
ST04779,D01986,BM00663,26162609,,unclear
ST04780,D01986,BM00663,22734028,,unclear
ST04781,D01237,BM00663,21975775,,unclear
ST04782,D01237,BM00663,23182985,,unclear
ST04783,D01237,BM00663,16618717,,unclear
ST04784,D01237,BM00663,26812186,,unclear
ST04785,D01237,BM00663,19255327,,unclear
ST04786,D01237,BM00663,19018267,,unclear
ST04787,D01237,BM00663,12460918,,unclear
ST04788,D01237,BM00663,20978259,,unclear
ST04789,D01237,BM00663,21228335,,unclear
ST04790,D01237,BM00663,24558511,,unclear
ST04791,D01237,BM00663,17384584,,unclear
ST04792,D01237,BM00663,18316791,,unclear
ST04793,D01237,BM00663,21398618,,unclear
ST04794,D01237,BM00663,20921465,,unclear
ST04795,D01237,BM00663,16361624,,unclear
ST04796,D01237,BM00663,20921462,,unclear
ST04797,D01237,BM00663,19114683,,unclear
ST04798,D01237,BM00663,22392911,,unclear
ST04799,D01237,BM00663,2278970,,unclear
ST04800,D01237,BM00663,23406027,,unclear
ST04801,D01237,BM00663,26371285,,unclear
ST04802,D01237,BM00663,18794081,,unclear
ST04803,D01237,BM00663,26623049,,unclear
ST04804,D01237,BM00663,22734028,,unclear
ST04805,D01237,BM00663,22407852,,unclear
ST04806,D01237,BM00663,16434492,,unclear
ST04807,D01237,BM00663,19075190,,unclear
ST04808,D01237,BM00663,19679400,,unclear
ST04809,D01237,BM00663,25157968,,unclear
ST04810,D01237,BM00663,19773371,,unclear
ST04811,D01237,BM00663,3122217,,unclear
ST04812,D01617,BM00665,15793288,,unclear
ST04813,D00012,BM00665,15793288,,unclear
ST04814,D01786,BM00689,14625131,,unclear
ST04815,D01786,BM00689,18854995,,unclear
ST04816,D02084,BM00689,25740917,,unclear
ST04817,D01466,BM00689,19023160,,unclear
ST04818,D05267,BM00708,18952425,,unclear
ST04819,D05268,BM00708,18952425,,unclear
ST04820,D05270,BM00708,18952425,,unclear
ST04821,D05272,BM00708,18952425,,unclear
ST04822,D02900,BM00708,16293801,,unclear
ST04823,D05274,BM00708,18952425,,unclear
ST04824,D01076,BM00688,10726911,,unclear
ST04825,D01624,BM00688,10495413,,unclear
ST04826,D00036,BM00688,26282401,,unclear
ST04827,D00077,BM00688,10093001,,unclear
ST04828,D05275,BM00688,14966787,,unclear
ST04829,D02402,BM00688,9284746,,unclear
ST04830,D02187,BM00688,26282401,,unclear
ST04831,D00431,BM00688,10083765,,unclear
ST04832,D01769,BM00688,10083765,,unclear
ST04833,D01769,BM00688,15114521,,unclear
ST04834,D03826,BM00688,15591634,,unclear
ST04835,D00184,BM00688,12755665,,unclear
ST04836,D01543,BM00688,15717844,,unclear
ST04837,D02290,BM00688,12721502,,unclear
ST04838,D00111,BM00688,12755665,,unclear
ST04839,D01730,BM00688,12450621,,unclear
ST04840,D01374,BM00688,16091072,,unclear
ST04841,D00151,BM00688,12088923,,unclear
ST04842,D00081,BM00688,11514359,,unclear
ST04843,D02084,BM00688,12370846,,unclear
ST04844,D05276,BM00688,11052823,,unclear
ST04845,D03227,BM00688,16097363,,unclear
ST04846,D05277,BM00688,12518269,,unclear
ST04847,D01042,BM00688,10753628,,unclear
ST04848,D05278,BM00692,21524586,,unclear
ST04849,D05279,BM00702,25593637,,unclear
ST04850,D05280,BM00702,18467108,,unclear
ST04851,D00036,BM00738,9184637,,unclear
ST04852,D03795,BM00738,10932275,,unclear
ST04853,D00717,BM00738,9482255,,unclear
ST04854,D00104,BM00738,8948451,,unclear
ST04855,D02532,BM00738,9482255,,unclear
ST04856,D01073,BM00738,10612091,,unclear
ST04857,D02688,BM00730,17681471,,unclear
ST04858,D01627,BM00730,16773205,,unclear
ST04859,D02286,BM00730,17102100,,unclear
ST04860,D00546,BM00730,15193230,,unclear
ST04861,D01060,BM00730,11567647,,unclear
ST04862,D00450,BM00730,20726569,,unclear
ST04863,D05282,BM00730,22283430,,unclear
ST04864,D05283,BM00730,22926226,,unclear
ST04865,D05284,BM00730,22982122,,unclear
ST04866,D05285,BM00730,19835377,,unclear
ST04867,D04992,BM00730,16926049,,unclear
ST04868,D02016,BM00730,25320010,,unclear
ST04869,D00389,BM00730,15824860,,unclear
ST04870,D01797,BM00730,20124951,,unclear
ST04871,D00079,BM00730,23999041,,unclear
ST04872,D05290,BM00730,20951582,,unclear
ST04873,D04115,BM00730,14744887,,unclear
ST04874,D05292,BM00730,22982122,,unclear
ST04875,D05294,BM00730,22283430,,unclear
ST04876,D05297,BM00730,22982122,,unclear
ST04877,D01092,BM00730,22926226,,unclear
ST04878,D05298,BM00730,20951582,,unclear
ST04879,D05299,BM00730,22982122,,unclear
ST04880,D05300,BM00730,26492576,,unclear
ST04881,D05301,BM00730,22130129,,unclear
ST04882,D05007,BM00730,14553828,,unclear
ST04883,D00098,BM00730,12960407,,unclear
ST04884,D05303,BM00730,22111577,,unclear
ST04885,D05306,BM00730,22607231,,unclear
ST04886,D01613,BM00730,15611080,,unclear
ST04887,D00717,BM00730,17045724,,unclear
ST04888,D03485,BM00730,16612556,,unclear
ST04889,D00434,BM00730,17911251,,unclear
ST04890,D04370,BM00730,17911251,,unclear
ST04891,D03466,BM00730,21916433,,unclear
ST04892,D01126,BM00727,16139809,,unclear
ST04893,D02016,BM00727,25320010,,unclear
ST04894,D01092,BM00727,22926226,,unclear
ST04895,D00334,BM00727,14747693,,unclear
ST04896,D05297,BM00727,22982122,,unclear
ST04897,D02977,BM00727,27403931,,unclear
ST04898,D01718,BM00727,16288729,,unclear
ST04899,D05283,BM00727,22926226,,unclear
ST04900,D01053,BM00727,15242988,,unclear
ST04901,D05298,BM00727,20951582,,unclear
ST04902,D05285,BM00727,19835377,,unclear
ST04903,D05284,BM00727,22982122,,unclear
ST04904,D05313,BM00727,12736339,,unclear
ST04905,D05316,BM00727,16081674,,unclear
ST04906,D04309,BM00727,15289335,,unclear
ST04907,D00372,BM00727,17076658,,unclear
ST04908,D05301,BM00727,22130129,,unclear
ST04909,D00434,BM00727,17911251,,unclear
ST04910,D04749,BM00727,12408764,,unclear
ST04911,D05292,BM00727,22982122,,unclear
ST04912,D01797,BM00727,20124951,,unclear
ST04913,D04370,BM00727,17911251,,unclear
ST04914,D05325,BM00727,15652497,,unclear
ST04915,D03831,BM00727,17171453,,unclear
ST04916,D05290,BM00727,20951582,,unclear
ST04917,D05299,BM00727,22982122,,unclear
ST04918,D05294,BM00727,22283430,,unclear
ST04919,D02688,BM00727,17681471,,unclear
ST04920,D00079,BM00727,23999041,,unclear
ST04921,D04637,BM00727,11807827,,unclear
ST04922,D05306,BM00727,22607231,,unclear
ST04923,D01983,BM00727,12014623,,unclear
ST04924,D05303,BM00727,22111577,,unclear
ST04925,D05282,BM00727,22283430,,unclear
ST04926,D00450,BM00727,20726569,,unclear
ST04927,D03466,BM00727,21916433,,unclear
ST04928,D05301,BM00728,22130129,,unclear
ST04929,D05303,BM00728,22111577,,unclear
ST04930,D01797,BM00728,20124951,,unclear
ST04931,D04320,BM00728,24397781,,unclear
ST04932,D05336,BM00728,26339922,,unclear
ST04933,D05337,BM00728,17360708,,unclear
ST04934,D02573,BM00728,25692815,,unclear
ST04935,D02427,BM00728,18566250,,unclear
ST04936,D05342,BM00728,23507189,,unclear
ST04937,D05343,BM00728,26339922,,unclear
ST04938,D01238,BM00726,33322618,,unclear
ST04939,D02141,BM00726,32122926,,unclear
ST04940,D02141,BM00726,26324360,,unclear
ST04941,D02141,BM00726,27312529,,unclear
ST04942,D02141,BM00726,36198031,,unclear
ST04943,D02141,BM00726,24448821,,unclear
ST04944,D02141,BM00726,22197931,,unclear
ST04945,D02141,BM00726,19915144,,unclear
ST04946,D02141,BM00726,22327936,,unclear
ST04947,D02141,BM00726,26582713,,unclear
ST04948,D02141,BM00726,25394791,,unclear
ST04949,D02141,BM00726,29753091,,unclear
ST04950,D02141,BM00726,25351745,,unclear
ST04951,D02141,BM00726,18632602,,unclear
ST04952,D00416,BM00726,18632602,,unclear
ST04953,D00416,BM00726,23569304,,unclear
ST04954,D00416,BM00726,22197931,,unclear
ST04955,D00416,BM00726,19915144,,unclear
ST04956,D00416,BM00726,25157968,,unclear
ST04957,D00416,BM00726,7651428,,unclear
ST04958,D00416,BM00726,22389471,,unclear
ST04959,D00416,BM00726,27312529,,unclear
ST04960,D00416,BM00726,24448821,,unclear
ST04961,D00416,BM00726,21383288,,unclear
ST04962,D00416,BM00726,24265153,,unclear
ST04963,D00416,BM00726,36921494,,unclear
ST04964,D00416,BM00726,30341394,,unclear
ST04965,D00416,BM00726,28655712,,unclear
ST04966,D00416,BM00726,28986383,,unclear
ST04967,D00416,BM00726,36442478,,unclear
ST04968,D00438,BM00726,31925410,,unclear
ST04969,D00438,BM00726,27312529,,unclear
ST04970,D00438,BM00726,39424923,,unclear
ST04971,D00438,BM00726,36622773,,unclear
ST04972,D00438,BM00726,24265154,,unclear
ST04973,D00438,BM00726,31980996,,unclear
ST04974,D00438,BM00726,24265153,,unclear
ST04975,D00438,BM00726,25370473,,unclear
ST04976,D00438,BM00726,36442478,,unclear
ST04977,D00438,BM00726,24463458,,unclear
ST04978,D00438,BM00726,22389471,,unclear
ST04979,D00438,BM00726,32388065,,unclear
ST04980,D01326,BM00726,32991018,,unclear
ST04981,D01326,BM00726,32122926,,unclear
ST04982,D01326,BM00726,31925410,,unclear
ST04983,D01326,BM00726,29768711,,unclear
ST04984,D01326,BM00726,34726260,,unclear
ST04985,D01326,BM00726,27312529,,unclear
ST04986,D01326,BM00726,36198031,,unclear
ST04987,D01326,BM00726,35005996,,unclear
ST04988,D01326,BM00726,36730444,,unclear
ST04989,D01326,BM00726,29694792,,unclear
ST04990,D01326,BM00726,35172489,,unclear
ST04991,D01326,BM00726,36622773,,unclear
ST04992,D01326,BM00726,29768143,,unclear
ST04993,D01326,BM00726,36901951,,unclear
ST04994,D01326,BM00726,24265154,,unclear
ST04995,D01326,BM00726,28179366,,unclear
ST04996,D01326,BM00726,28655712,,unclear
ST04997,D01326,BM00726,31980996,,unclear
ST04998,D01326,BM00726,25370473,,unclear
ST04999,D01326,BM00726,24265153,,unclear
ST05000,D01326,BM00726,28986383,,unclear
ST05001,D01326,BM00726,22389471,,unclear
ST05002,D01326,BM00726,26582713,,unclear
ST05003,D01326,BM00726,32388065,,unclear
ST05004,D01326,BM00726,26644315,,unclear
ST05005,D01326,BM00726,36442478,,unclear
ST05006,D01326,BM00726,32641410,,unclear
ST05007,D01326,BM00726,36455195,,unclear
ST05008,D01326,BM00726,26566875,,unclear
ST05009,D01236,BM00726,31227518,,unclear
ST05010,D01236,BM00726,36419886,,unclear
ST05011,D01236,BM00726,26644315,,unclear
ST05012,D02019,BM00726,29753091,,unclear
ST05013,D02025,BM00726,25766633,,unclear
ST05014,D02025,BM00726,23398453,,unclear
ST05015,D02025,BM00726,26267534,,unclear
ST05016,D02025,BM00726,26582713,,unclear
ST05017,D02677,BM00726,25394791,,unclear
ST05018,D01237,BM00726,31227518,,unclear
ST05019,D01237,BM00726,27312529,,unclear
ST05020,D01237,BM00726,39424923,,unclear
ST05021,D01237,BM00726,39313594,,unclear
ST05022,D01237,BM00726,28179366,,unclear
ST05023,D01237,BM00726,36921494,,unclear
ST05024,D01237,BM00726,33322618,,unclear
ST05025,D01237,BM00726,26644315,,unclear
ST05026,D02090,BM00726,25766633,,unclear
ST05027,D01749,BM00726,35005996,,unclear
ST05028,D02102,BM00726,26267534,,unclear
ST05029,D01324,BM00726,31227518,,unclear
ST05030,D01324,BM00726,36198031,,unclear
ST05031,D01324,BM00726,39313594,,unclear
ST05032,D01324,BM00726,36442478,,unclear
ST05033,D02032,BM00726,29768711,,unclear
ST05034,D05233,BM00726,29753091,,unclear
ST05035,D02075,BM00726,33273059,,unclear
ST05036,D05354,BM00726,29753091,,unclear
ST05037,D02068,BM00726,24448821,,unclear
ST05038,D02119,BM00726,32122926,,unclear
ST05039,D02016,BM00726,36442478,,unclear
ST05040,D02057,BM00726,29768711,,unclear
ST05041,D02057,BM00726,27312529,,unclear
ST05042,D02057,BM00726,32641410,,unclear
ST05043,D02097,BM00726,25370473,,unclear
ST05044,D02097,BM00726,24265153,,unclear
ST05045,D00349,BM00726,36921494,,unclear
ST05046,D02056,BM00726,36921494,,unclear
ST05047,D02010,BM00726,21383288,,unclear
ST05048,D02010,BM00726,19915144,,unclear
ST05049,D02010,BM00726,29753091,,unclear
ST05050,D02130,BM00726,36198031,,unclear
ST05051,D02130,BM00726,26582713,,unclear
ST05052,D02163,BM00726,27312529,,unclear
ST05053,D02163,BM00726,39313594,,unclear
ST05054,D02163,BM00726,36442478,,unclear
ST05055,D05361,BM00726,20053779,,unclear
ST05056,D02061,BM00726,36442478,,unclear
ST05057,D02061,BM00726,28655712,,unclear
ST05058,D00398,BM00726,22389471,,unclear
ST05059,D02026,BM00726,32122926,,unclear
ST05060,D02026,BM00726,31227518,,unclear
ST05061,D02026,BM00726,36406830,,unclear
ST05062,D02026,BM00726,30341394,,unclear
ST05063,D02026,BM00726,30867592,,unclear
ST05064,D02026,BM00726,26566875,,unclear
ST05065,D02026,BM00726,36442478,,unclear
ST05066,D02040,BM00726,29753091,,unclear
ST05067,D02071,BM00726,31744895,,unclear
ST05068,D02055,BM00726,27312529,,unclear
ST05069,D00455,BM00726,29768711,,unclear
ST05070,D02017,BM00726,31227518,,unclear
ST05071,D00456,BM00726,19915144,,unclear
ST05072,D00456,BM00726,12370306,,unclear
ST05073,D02517,BM00735,11809795,,unclear
ST05074,D05369,BM00712,12042436,,unclear
ST05075,D02300,BM00712,3608900,,unclear
ST05076,D05371,BM00724,23631427,,unclear
ST05077,D05371,BM00724,24560738,,unclear
ST05078,D01126,BM00724,7867755,,unclear
ST05079,D01126,BM00724,6420516,,unclear
ST05080,D05372,BM00724,22055712,,unclear
ST05081,D05373,BM00724,21680183,,unclear
ST05082,D05374,BM00724,22055712,,unclear
ST05083,D02818,BM00724,23631427,,unclear
ST05084,D02818,BM00724,21680183,,unclear
ST05085,D01618,BM00724,9726430,,unclear
ST05086,D05378,BM00724,20093036,,unclear
ST05087,D05380,BM00724,36613935,,unclear
ST05088,D05381,BM00724,22436387,,unclear
ST05089,D05383,BM00724,21134756,,unclear
ST05090,D05386,BM00724,21778064,,unclear
ST05091,D05388,BM00724,8043706,,unclear
ST05092,D00934,BM00724,22071524,,unclear
ST05093,D05392,BM00724,22705191,,unclear
ST05094,D05393,BM00724,25542589,,unclear
ST05095,D01056,BM00724,6430257,,unclear
ST05096,D05394,BM00724,19053775,,unclear
ST05097,D05396,BM00724,22071524,,unclear
ST05098,D00220,BM00724,7617809,,unclear
ST05099,D05398,BM00724,20093036,,unclear
ST05100,D05399,BM00724,22705191,,unclear
ST05101,D02573,BM00729,17659871,,unclear
ST05102,D02573,BM00729,19301816,,unclear
ST05103,D02573,BM00729,25692815,,unclear
ST05104,D02593,BM00729,17659871,,unclear
ST05105,D05401,BM00729,17595299,,unclear
ST05106,D02588,BM00729,18602262,,unclear
ST05107,D05404,BM00729,16252257,,unclear
ST05108,D05405,BM00729,9601075,,unclear
ST05109,D01435,BM00729,12919900,,unclear
ST05110,D05303,BM00729,22111577,,unclear
ST05111,D01750,BM00729,9706151,,unclear
ST05112,D02465,BM00729,22951114,,unclear
ST05113,D03727,BM00729,10201984,,unclear
ST05114,D00412,BM00729,16525036,,unclear
ST05115,D05001,BM00729,16624629,,unclear
ST05116,D05342,BM00729,23507189,,unclear
ST05117,D04139,BM00729,15657353,,unclear
ST05118,D02612,BM00729,19195885,,unclear
ST05119,D05411,BM00729,18539026,,unclear
ST05120,D05411,BM00729,16509574,,unclear
ST05121,D02291,BM00729,17012370,,unclear
ST05122,D00220,BM00729,11080184,,unclear
ST05123,D05343,BM00729,26339922,,unclear
ST05124,D00319,BM00729,11891799,,unclear
ST05125,D01563,BM00729,11937560,,unclear
ST05126,D02427,BM00729,18566250,,unclear
ST05127,D05418,BM00729,11830481,,unclear
ST05128,D05422,BM00729,15223827,,unclear
ST05129,D02562,BM00729,15310753,,unclear
ST05130,D04171,BM00729,10376522,,unclear
ST05131,D01756,BM00729,11029753,,unclear
ST05132,D01756,BM00729,10679516,,unclear
ST05133,D05301,BM00729,22130129,,unclear
ST05134,D04743,BM00729,12232043,,unclear
ST05135,D05069,BM00729,11690563,,unclear
ST05136,D04320,BM00729,24397781,,unclear
ST05137,D05337,BM00729,17360708,,unclear
ST05138,D05424,BM00729,18602262,,unclear
ST05139,D01719,BM00729,12558976,,unclear
ST05140,D05427,BM00729,16643899,,unclear
ST05141,D02775,BM00729,15711930,,unclear
ST05142,D05336,BM00729,26339922,,unclear
ST05143,D05428,BM00729,15313431,,unclear
ST05144,D00088,BM00729,10590051,,unclear
ST05145,D01797,BM00729,20124951,,unclear
ST05146,D00087,BM00729,16905201,,unclear
ST05147,D00087,BM00729,15557793,,unclear
ST05148,D00087,BM00729,15494689,,unclear
ST05149,D01235,BM00750,10417759,,unclear
ST05150,D01235,BM00750,11750879,,unclear
ST05151,D01235,BM00750,9826708,,unclear
ST05152,D01235,BM00750,25157968,,unclear
ST05153,D01235,BM00750,12460923,,unclear
ST05154,D01235,BM00750,17483355,,unclear
ST05155,D01235,BM00750,1104268,,unclear
ST05156,D03464,BM00750,25736998,,unclear
ST05157,D01350,BM00750,21487324,,unclear
ST05158,D02082,BM00750,23993328,,unclear
ST05159,D01918,BM00750,19839593,,unclear
ST05160,D01196,BM00750,19839593,,unclear
ST05161,D05454,BM00750,22934600,,unclear
ST05162,D05456,BM00750,23403296,,unclear
ST05163,D03466,BM00750,21916433,,unclear
ST05164,D05401,BM00750,23403296,,unclear
ST05165,D05401,BM00750,17595299,,unclear
ST05166,D05460,BM00750,19839593,,unclear
ST05167,D05466,BM00750,23403296,,unclear
ST05168,D00433,BM00750,22148921,,unclear
ST05169,D05472,BM00750,22934600,,unclear
ST05170,D00452,BM00750,19778024,,unclear
ST05171,D05475,BM00750,22934600,,unclear
ST05172,D01436,BM00750,26432108,,unclear
ST05173,D01436,BM00750,22850551,,unclear
ST05174,D03957,BM00750,18077425,,unclear
ST05175,D01435,BM00757,3305746,,unclear
ST05176,D01433,BM00757,393437,,unclear
ST05177,D05493,BM00757,21719283,,unclear
ST05178,D00098,BM00753,10469609,,unclear
ST05179,D00098,BM00753,10439048,,unclear
ST05180,D00098,BM00753,9192819,,unclear
ST05181,D03448,BM00753,9393761,,unclear
ST05182,D01631,BM00753,16203797,,unclear
ST05183,D05495,BM00753,11279615,,unclear
ST05184,D02417,BM00753,11262404,,unclear
ST05185,D00048,BM00753,17016661,,unclear
ST05186,D03678,BM00753,8621235,,unclear
ST05187,D01049,BM00753,15354418,,unclear
ST05188,D04299,BM00753,1638685,,unclear
ST05189,D04248,BM00753,11802813,,unclear
ST05190,D00705,BM00753,8314134,,unclear
ST05191,D00705,BM00753,16043385,,unclear
ST05192,D01773,BM00753,16258022,,unclear
ST05193,D01195,BM00753,9609323,,unclear
ST05194,D00087,BM00753,1387586,,unclear
ST05195,D03083,BM00753,18973327,,unclear
ST05196,D03083,BM00753,22932317,,unclear
ST05197,D00608,BM00753,9155531,,unclear
ST05198,D02370,BM00753,8621235,,unclear
ST05199,D01238,BM00753,11802813,,unclear
ST05200,D04108,BM00753,12517412,,unclear
ST05201,D05496,BM00753,16412662,,unclear
ST05202,D05497,BM00753,22932317,,unclear
ST05203,D05497,BM00753,18973327,,unclear
ST05204,D03232,BM00753,17301541,,unclear
ST05205,D02538,BM00753,12168066,,unclear
ST05206,D05498,BM00753,9393761,,unclear
ST05207,D04743,BM00753,16140920,,unclear
ST05208,D00817,BM00753,8621235,,unclear
ST05209,D05114,BM00753,8621235,,unclear
ST05210,D02377,BM00753,1518162,,unclear
ST05211,D05499,BM00753,16391370,,unclear
ST05212,D00094,BM00753,7511991,,unclear
ST05213,D00008,BM00753,8968045,,unclear
ST05214,D01927,BM00753,20938339,,unclear
ST05215,D01927,BM00753,15486188,,unclear
ST05216,D00390,BM00742,1819274,,unclear
ST05217,D02533,BM00772,16762150,,unclear
ST05218,D00008,BM00772,12123742,,unclear
ST05219,D00037,BM00772,7592884,,unclear
ST05220,D03231,BM00772,9436888,,unclear
ST05221,D02411,BM00772,9075665,,unclear
ST05222,D00319,BM00772,15878362,,unclear
ST05223,D01036,BM00772,12057767,,unclear
ST05224,D01036,BM00772,10836612,,unclear
ST05225,D05502,BM00772,1384503,,unclear
ST05226,D01374,BM00772,15309715,,unclear
ST05227,D01354,BM00772,16914544,,unclear
ST05228,D02736,BM00772,9433928,,unclear
ST05229,D02174,BM00772,15324351,,unclear
ST05230,D00783,BM00772,16699498,,unclear
ST05231,D01028,BM00772,12123742,,unclear
ST05232,D01060,BM00772,16914544,,unclear
ST05233,D02156,BM00769,37236086,,unclear
ST05234,D02156,BM00769,36307056,,unclear
ST05235,D02156,BM00769,29355075,,unclear
ST05236,D02156,BM00769,35969830,,unclear
ST05237,D01911,BM00769,37285865,,unclear
ST05238,D00548,BM00769,36972026,,unclear
ST05239,D00548,BM00769,37864337,,unclear
ST05240,D01799,BM00769,36696825,,unclear
ST05241,D05503,BM00769,36972026,,unclear
ST05242,D05503,BM00769,35660797,,unclear
ST05243,D05503,BM00769,36696825,,unclear
ST05244,D05503,BM00769,35690222,,unclear
ST05245,D05503,BM00769,33001143,,unclear
ST05246,D01766,BM00769,36972026,,unclear
ST05247,D01766,BM00769,37864337,,unclear
ST05248,D01798,BM00769,37236086,,unclear
ST05249,D01798,BM00769,36307056,,unclear
ST05250,D01798,BM00769,29355075,,unclear
ST05251,D01798,BM00769,35969830,,unclear
ST05252,D01798,BM00769,28734759,,unclear
ST05253,D01798,BM00769,38653864,,unclear
ST05254,D01798,BM00769,31765263,,unclear
ST05255,D01798,BM00769,36696825,,unclear
ST05256,D01325,BM00769,37285865,,unclear
ST05257,D05504,BM00769,31461377,,unclear
ST05258,D05504,BM00769,36696825,,unclear
ST05259,D05504,BM00769,35690222,,unclear
ST05260,D01683,BM00769,36563965,,unclear
ST05261,D01683,BM00769,30787022,,unclear
ST05262,D01683,BM00769,35914639,,unclear
ST05263,D01683,BM00769,37236086,,unclear
ST05264,D01683,BM00769,36307056,,unclear
ST05265,D01683,BM00769,33264544,,unclear
ST05266,D01683,BM00769,36372281,,unclear
ST05267,D01683,BM00769,39232586,,unclear
ST05268,D01683,BM00769,34990208,,unclear
ST05269,D01683,BM00769,37678671,,unclear
ST05270,D01683,BM00769,35680043,,unclear
ST05271,D01683,BM00769,35690222,,unclear
ST05272,D01683,BM00769,36696825,,unclear
ST05273,D03436,BM00769,37864337,,unclear
ST05274,D03436,BM00769,34103352,,unclear
ST05275,D03436,BM00769,36696825,,unclear
ST05276,D03436,BM00769,35690222,,unclear
ST05277,D02524,BM00782,15150308,,unclear
ST05278,D01759,BM00782,8973808,,unclear
ST05279,D01719,BM00782,8224362,,unclear
ST05280,D05506,BM00782,8769290,,unclear
ST05281,D00496,BM00782,17159802,,unclear
ST05282,D04101,BM00782,12969831,,unclear
ST05283,D04101,BM00782,10522845,,unclear
ST05284,D05276,BM00782,11391722,,unclear
ST05285,D05508,BM00782,12064806,,unclear
ST05286,D05509,BM00782,6321539,,unclear
ST05287,D00236,BM00782,8630596,,unclear
ST05288,D01573,BM00782,8391745,,unclear
ST05289,D01580,BM00782,16490992,,unclear
ST05290,D02629,BM00782,7425598,,unclear
ST05291,D05112,BM00782,1845843,,unclear
ST05292,D03874,BM00782,15003363,,unclear
ST05293,D04740,BM00782,15608444,,unclear
ST05294,D03019,BM00782,2832129,,unclear
ST05295,D02963,BM00782,15865234,,unclear
ST05296,D02184,BM00782,2173589,,unclear
ST05297,D01730,BM00782,26509551,,unclear
ST05298,D02375,BM00782,16330533,,unclear
ST05299,D05511,BM00782,6266970,,unclear
ST05300,D05427,BM00782,14564835,,unclear
ST05301,D05512,BM00782,16650886,,unclear
ST05302,D01224,BM00782,17176264,,unclear
ST05303,D02200,BM00782,9090443,,unclear
ST05304,D02200,BM00782,11417179,,unclear
ST05305,D05513,BM00782,1333205,,unclear
ST05306,D05523,BM00147,24886523,,unclear
ST05307,D05523,BM00147,9671143,,unclear
ST05308,D00432,BM00147,17227902,,unclear
ST05309,D03373,BM00147,1720110,,unclear
ST05310,D03373,BM00147,1645702,,unclear
ST05311,D04318,BM00147,1720110,,unclear
ST05312,D03652,BM00147,9288793,,unclear
ST05313,D03652,BM00147,14756546,,unclear
ST05314,D01606,BM00147,10629663,,unclear
ST05315,D05526,BM00147,1533376,,unclear
ST05316,D00079,BM00147,1988893,,unclear
ST05317,D00036,BM00147,12169874,,unclear
ST05318,D04743,BM00147,8217487,,unclear
ST05319,D00412,BM00775,16084059,,unclear
ST05320,D02434,BM00775,12972284,,unclear
ST05321,D04303,BM00775,11391619,,unclear
ST05322,D02563,BM00775,24074025,,unclear
ST05323,D04113,BM00775,24074025,,unclear
ST05324,D05500,BM00775,15041713,,unclear
ST05325,D03658,BM00775,16489579,,unclear
ST05326,D00389,BM00775,17024972,,unclear
ST05327,D04253,BM00775,17046572,,unclear
ST05328,D05007,BM00775,15576828,,unclear
ST05329,D01030,BM00775,15842807,,unclear
ST05330,D03657,BM00775,21396799,,unclear
ST05331,D01060,BM00775,9862695,,unclear
ST05332,D02536,BM00775,21396799,,unclear
ST05333,D02023,BM00775,10590059,,unclear
ST05334,D02295,BM00775,16166267,,unclear
ST05335,D05532,BM00775,31192912,,unclear
ST05336,D01786,BM00775,16436088,,unclear
ST05337,D01766,BM00775,9174131,,unclear
ST05338,D03221,BM00775,24074025,,unclear
ST05339,D02560,BM00775,9394952,,unclear
ST05340,D02594,BM00775,12569569,,unclear
ST05341,D03727,BM00775,8938794,,unclear
ST05342,D04895,BM00775,10225852,,unclear
ST05343,D00036,BM00775,12639820,,unclear
ST05344,D05536,BM00775,17428670,,unclear
ST05345,D05283,BM00775,22926226,,unclear
ST05346,D04113,BM00774,24074025,,unclear
ST05347,D02563,BM00774,24074025,,unclear
ST05348,D03313,BM00774,24074025,,unclear
ST05349,D03221,BM00774,24074025,,unclear
ST05350,D05538,BM00794,17087956,,unclear
ST05351,D02990,BM00794,15051775,,unclear
ST05352,D00889,BM00794,12083967,,unclear
ST05353,D01423,BM00794,25065700,,unclear
ST05354,D01126,BM00794,12083967,,unclear
ST05355,D01720,BM00794,14607573,,unclear
ST05356,D00100,BM00794,25065700,,unclear
ST05357,D00100,BM00794,19159907,,unclear
ST05358,D01623,BM00794,14723717,,unclear
ST05359,D00183,BM00794,33858192,,unclear
ST05360,D00183,BM00794,24725652,,unclear
ST05361,D00549,BM00794,23335901,,unclear
ST05362,D00759,BM00794,16614955,,unclear
ST05363,D00094,BM00794,29205204,,unclear
ST05364,D01024,BM00794,25560468,,unclear
ST05365,D01024,BM00794,21605004,,unclear
ST05366,D02809,BM00794,31401974,,unclear
ST05367,D00547,BM00794,15894672,,unclear
ST05368,D02084,BM00794,12083967,,unclear
ST05369,D00548,BM00794,29662106,,unclear
ST05370,D00548,BM00794,21605004,,unclear
ST05371,D00548,BM00794,21343546,,unclear
ST05372,D00548,BM00794,20634689,,unclear
ST05373,D00548,BM00794,19307503,,unclear
ST05374,D01466,BM00794,26857559,,unclear
ST05375,D01322,BM00794,21605004,,unclear
ST05376,D05539,BM00794,31058543,,unclear
ST05377,D05539,BM00794,27520898,,unclear
ST05378,D05539,BM00794,27035272,,unclear
ST05379,D00036,BM00794,25425682,,unclear
ST05380,D00036,BM00794,19005482,,unclear
ST05381,D00208,BM00794,33858192,,unclear
ST05382,D00184,BM00794,33858192,,unclear
ST05383,D00184,BM00794,24725652,,unclear
ST05384,D02233,BM00794,29662106,,unclear
ST05385,D02233,BM00794,24732178,,unclear
ST05386,D02233,BM00794,21343546,,unclear
ST05387,D02233,BM00794,20634689,,unclear
ST05388,D02233,BM00794,19307503,,unclear
ST05389,D03006,BM00794,31401974,,unclear
ST05390,D03006,BM00794,12083967,,unclear
ST05391,D03006,BM00794,10563481,,unclear
ST05392,D00220,BM00794,33858192,,unclear
ST05393,D00157,BM00794,33858192,,unclear
ST05394,D05540,BM00794,18580170,,unclear
ST05395,D01238,BM00794,16456808,,unclear
ST05396,D00093,BM00794,19159907,,unclear
ST05397,D05541,BM00794,29662106,,unclear
ST05398,D05541,BM00794,21343546,,unclear
ST05399,D05541,BM00794,20634689,,unclear
ST05400,D05541,BM00794,19307503,,unclear
ST05401,D01134,BM00794,25065700,,unclear
ST05402,D04376,BM00794,25065700,,unclear
ST05403,D01986,BM00794,16187112,,unclear
ST05404,D01625,BM00794,12083967,,unclear
ST05405,D00705,BM00788,25829401,,unclear
ST05406,D00087,BM00788,25829401,,unclear
ST05407,D05545,BM00777,17970594,,unclear
ST05408,D01030,BM00777,10190398,,unclear
ST05409,D05546,BM00777,17970594,,unclear
ST05410,D05547,BM00777,18330993,,unclear
ST05411,D00043,BM00777,21183746,,unclear
ST05412,D05548,BM00777,17970594,,unclear
ST05413,D00035,BM00777,21183746,,unclear
ST05414,D05549,BM00777,18330993,,unclear
ST05415,D05550,BM00777,17970594,,unclear
ST05416,D05551,BM00777,17970594,,unclear
ST05417,D03373,BM00148,2211839,,unclear
ST05418,D03927,BM00148,15809706,,unclear
ST05419,D05570,BM00148,2211839,,unclear
ST05420,D05572,BM00779,19128977,,unclear
ST05421,D01334,BM00779,22336956,,unclear
ST05422,D03127,BM00779,21769110,,unclear
ST05423,D05532,BM00779,31192912,,unclear
ST05424,D05574,BM00779,16616490,,unclear
ST05425,D00813,BM00779,21769110,,unclear
ST05426,D05283,BM00779,22926226,,unclear
ST05427,D05577,BM00779,21769110,,unclear
ST05428,D00662,BM00779,21769110,,unclear
ST05429,D00041,BM00820,23400010,,unclear
ST05430,D04996,BM00814,28696415,,unclear
ST05431,D05273,BM00803,16800923,,unclear
ST05432,D01783,BM00803,15545218,,unclear
ST05433,D01413,BM00803,9169090,,unclear
ST05434,D04306,BM00803,16439861,,unclear
ST05435,D05585,BM00803,10918054,,unclear
ST05436,D01435,BM00803,10918054,,unclear
ST05437,D05586,BM00803,1906157,,unclear
ST05438,D05587,BM00803,11410244,,unclear
ST05439,D05588,BM00803,11116285,,unclear
ST05440,D05590,BM00803,8348968,,unclear
ST05441,D02401,BM00803,9071960,,unclear
ST05442,D01618,BM00803,7629697,,unclear
ST05443,D03351,BM00803,16186809,,unclear
ST05444,D02036,BM00803,15583844,,unclear
ST05445,D00151,BM00803,11680511,,unclear
ST05446,D05592,BM00803,3528863,,unclear
ST05447,D05593,BM00803,12567859,,unclear
ST05448,D05593,BM00803,12520970,,unclear
ST05449,D01361,BM00803,15474507,,unclear
ST05450,D04341,BM00803,3528175,,unclear
ST05451,D00371,BM00803,12414619,,unclear
ST05452,D04743,BM00803,15548813,,unclear
ST05453,D00060,BM00803,16898871,,unclear
ST05454,D05595,BM00803,7874002,,unclear
ST05455,D05596,BM00803,10933811,,unclear
ST05456,D02297,BM00803,15367674,,unclear
ST05457,D01177,BM00803,9868803,,unclear
ST05458,D04880,BM00803,11369200,,unclear
ST05459,D02544,BM00803,3085922,,unclear
ST05460,D02548,BM00803,1511424,,unclear
ST05461,D03834,BM00803,3726540,,unclear
ST05462,D03834,BM00803,3125035,,unclear
ST05463,D02517,BM00803,7688736,,unclear
ST05464,D00320,BM00803,3023371,,unclear
ST05465,D00090,BM00803,10403534,,unclear
ST05466,D01623,BM00803,26249541,,unclear
ST05467,D05597,BM00803,9450496,,unclear
ST05468,D01719,BM00803,15286700,,unclear
ST05469,D04101,BM00803,12005453,,unclear
ST05470,D01617,BM00803,11196459,,unclear
ST05471,D05598,BM00803,8547828,,unclear
ST05472,D05599,BM00803,3877730,,unclear
ST05473,D05600,BM00803,11876528,,unclear
ST05474,D04265,BM00803,10195702,,unclear
ST05475,D01073,BM00803,11911117,,unclear
ST05476,D05601,BM00803,14529449,,unclear
ST05477,D05602,BM00803,1997162,,unclear
ST05478,D05602,BM00803,1596574,,unclear
ST05479,D00094,BM00803,9006118,,unclear
ST05480,D00081,BM00803,3479800,,unclear
ST05481,D01741,BM00803,2654492,,unclear
ST05482,D01042,BM00803,11344222,,unclear
ST05483,D05603,BM00803,2090920,,unclear
ST05484,D04299,BM00803,1988936,,unclear
ST05485,D00098,BM00803,16616109,,unclear
ST05486,D02148,BM00803,15517875,,unclear
ST05487,D05605,BM00803,3528175,,unclear
ST05488,D05606,BM00803,10933811,,unclear
ST05489,D00040,BM00803,9370386,,unclear
ST05490,D02294,BM00803,9261146,,unclear
ST05491,D02494,BM00803,15598784,,unclear
ST05492,D02494,BM00803,8490200,,unclear
ST05493,D00008,BM00798,11411550,,unclear
ST05494,D01543,BM00817,32555608,,unclear
ST05495,D02316,BM00835,14962944,,unclear
ST05496,D00077,BM00838,18270208,,unclear
ST05497,D04996,BM00838,29407288,,unclear
ST05498,D00100,BM00848,19006285,,unclear
ST05499,D01079,BM00830,15328066,,unclear
ST05500,D01747,BM00830,9206098,,unclear
ST05501,D01224,BM00830,10741939,,unclear
ST05502,D00030,BM00830,11712645,,unclear
ST05503,D05619,BM00830,8595209,,unclear
ST05504,D02237,BM00830,16555001,,unclear
ST05505,D05620,BM00830,15934456,,unclear
ST05506,D03201,BM00830,14730107,,unclear
ST05507,D00247,BM00830,15556151,,unclear
ST05508,D01187,BM00830,17150954,,unclear
ST05509,D05621,BM00830,10213502,,unclear
ST05510,D00546,BM00830,29593529,,unclear
ST05511,D01363,BM00830,7515189,,unclear
ST05512,D04644,BM00830,15130775,,unclear
ST05513,D03828,BM00830,12124213,,unclear
ST05514,D03059,BM00830,7543704,,unclear
ST05515,D01034,BM00830,10850366,,unclear
ST05516,D01627,BM00830,10725371,,unclear
ST05517,D01030,BM00830,15126084,,unclear
ST05518,D02405,BM00830,9206098,,unclear
ST05519,D05624,BM00830,15136793,,unclear
ST05520,D04113,BM00830,11711216,,unclear
ST05521,D00095,BM00830,16142388,,unclear
ST05522,D05625,BM00830,15820752,,unclear
ST05523,D01356,BM00830,9466951,,unclear
ST05524,D05626,BM00830,11367745,,unclear
ST05525,D00362,BM00830,25502615,,unclear
ST05526,D01780,BM00830,16137704,,unclear
ST05527,D01780,BM00830,15476754,,unclear
ST05528,D00236,BM00830,12223230,,unclear
ST05529,D05629,BM00830,12098595,,unclear
ST05530,D01739,BM00830,16712979,,unclear
ST05531,D01739,BM00830,16496394,,unclear
ST05532,D03076,BM00830,12817894,,unclear
ST05533,D01041,BM00830,8901458,,unclear
ST05534,D01466,BM00830,15639473,,unclear
ST05535,D01075,BM00830,11550802,,unclear
ST05536,D01056,BM00830,12480166,,unclear
ST05537,D02369,BM00830,17160477,,unclear
ST05538,D02369,BM00830,15613746,,unclear
ST05539,D00441,BM00830,15790731,,unclear
ST05540,D03232,BM00830,8991992,,unclear
ST05541,D02286,BM00830,16836960,,unclear
ST05542,D03658,BM00830,8917686,,unclear
ST05543,D02567,BM00830,9216986,,unclear
ST05544,D00078,BM00830,12193391,,unclear
ST05545,D00089,BM00830,10096401,,unclear
ST05546,D04108,BM00830,12082549,,unclear
ST05547,D00349,BM00830,29593529,,unclear
ST05548,D01354,BM00830,16408196,,unclear
ST05549,D03220,BM00830,9322222,,unclear
ST05550,D04014,BM00830,7515189,,unclear
ST05551,D01335,BM00830,11837731,,unclear
ST05552,D00390,BM00830,9635256,,unclear
ST05553,D01741,BM00830,14730107,,unclear
ST05554,D03651,BM00830,29593529,,unclear
ST05555,D01748,BM00830,11243307,,unclear
ST05556,D05003,BM00830,9595494,,unclear
ST05557,D02540,BM00830,14730107,,unclear
ST05558,D03371,BM00830,16645450,,unclear
ST05559,D01727,BM00830,9154347,,unclear
ST05560,D05634,BM00830,10967532,,unclear
ST05561,D00086,BM00830,8880855,,unclear
ST05562,D05275,BM00830,16580580,,unclear
ST05563,D05635,BM00830,8809208,,unclear
ST05564,D00783,BM00847,23133602,,unclear
ST05565,D02229,BM00847,23133602,,unclear
ST05566,D02481,BM00847,23133602,,unclear
ST05567,D01238,BM00836,26341920,,unclear
ST05568,D01238,BM00836,25605843,,unclear
ST05569,D00705,BM00836,21636554,,unclear
ST05570,D00438,BM00836,36217799,,unclear
ST05571,D00438,BM00836,29903896,,unclear
ST05572,D00438,BM00836,27523909,,unclear
ST05573,D00438,BM00836,29631033,,unclear
ST05574,D00438,BM00836,22389471,,unclear
ST05575,D00438,BM00836,37729428,,unclear
ST05576,D00438,BM00836,36622773,,unclear
ST05577,D05636,BM00836,32156748,,unclear
ST05578,D00416,BM00836,22389471,,unclear
ST05579,D00416,BM00836,28951457,,unclear
ST05580,D00416,BM00836,30036146,,unclear
ST05581,D00416,BM00836,21107323,,unclear
ST05582,D00416,BM00836,34376578,,unclear
ST05583,D00416,BM00836,33318037,,unclear
ST05584,D00416,BM00836,30559419,,unclear
ST05585,D00416,BM00836,32586982,,unclear
ST05586,D00416,BM00836,27523909,,unclear
ST05587,D00416,BM00836,30333627,,unclear
ST05588,D00416,BM00836,26343583,,unclear
ST05589,D00416,BM00836,28986383,,unclear
ST05590,D00416,BM00836,26267534,,unclear
ST05591,D00416,BM00836,29903896,,unclear
ST05592,D00416,BM00836,24265153,,unclear
ST05593,D02124,BM00836,34337566,,unclear
ST05594,D02043,BM00836,30585255,,unclear
ST05595,D01324,BM00836,29245078,,unclear
ST05596,D01324,BM00836,37729428,,unclear
ST05597,D01324,BM00836,28514312,,unclear
ST05598,D01324,BM00836,35385748,,unclear
ST05599,D01324,BM00836,11238126,,unclear
ST05600,D01324,BM00836,24569456,,unclear
ST05601,D01324,BM00836,35294522,,unclear
ST05602,D01324,BM00836,29903896,,unclear
ST05603,D01324,BM00836,33318037,,unclear
ST05604,D01324,BM00836,33637626,,unclear
ST05605,D01324,BM00836,29496665,,unclear
ST05606,D01324,BM00836,27307593,,unclear
ST05607,D01324,BM00836,29437705,,unclear
ST05608,D01324,BM00836,28152546,,unclear
ST05609,D01324,BM00836,28284557,,unclear
ST05610,D01324,BM00836,23414587,,unclear
ST05611,D04028,BM00836,38231480,,unclear
ST05612,D02025,BM00836,38522505,,unclear
ST05613,D02025,BM00836,28923853,,unclear
ST05614,D02025,BM00836,25422890,,unclear
ST05615,D02025,BM00836,32336014,,unclear
ST05616,D02025,BM00836,27488531,,unclear
ST05617,D02132,BM00836,30559419,,unclear
ST05618,D02132,BM00836,27523909,,unclear
ST05619,D00394,BM00836,12068308,,unclear
ST05620,D00394,BM00836,21325073,,unclear
ST05621,D02042,BM00836,26169970,,unclear
ST05622,D01778,BM00836,2498808,,unclear
ST05623,D01992,BM00836,30833748,,unclear
ST05624,D02016,BM00836,38728872,,unclear
ST05625,D02108,BM00836,36600247,,unclear
ST05626,D02108,BM00836,38479118,,unclear
ST05627,D02128,BM00836,38231480,,unclear
ST05628,D02128,BM00836,33268594,,unclear
ST05629,D02128,BM00836,37992684,,unclear
ST05630,D02128,BM00836,31088841,,unclear
ST05631,D02128,BM00836,35395091,,unclear
ST05632,D02057,BM00836,33318037,,unclear
ST05633,D01237,BM00836,26438111,,unclear
ST05634,D01237,BM00836,23325582,,unclear
ST05635,D01237,BM00836,20619739,,unclear
ST05636,D01237,BM00836,24024839,,unclear
ST05637,D01237,BM00836,32796636,,unclear
ST05638,D01237,BM00836,34117033,,unclear
ST05639,D01237,BM00836,36307056,,unclear
ST05640,D01237,BM00836,28951457,,unclear
ST05641,D01237,BM00836,28611205,,unclear
ST05642,D01237,BM00836,28179366,,unclear
ST05643,D01237,BM00836,27636997,,unclear
ST05644,D01237,BM00836,25605843,,unclear
ST05645,D00398,BM00836,22389471,,unclear
ST05646,D04741,BM00836,36322002,,unclear
ST05647,D04741,BM00836,39001383,,unclear
ST05648,D02157,BM00836,38588399,,unclear
ST05649,D02040,BM00836,23629727,,unclear
ST05650,D02040,BM00836,30120161,,unclear
ST05651,D05637,BM00836,38456804,,unclear
ST05652,D03606,BM00836,34337566,,unclear
ST05653,D02139,BM00836,36113242,,unclear
ST05654,D02080,BM00836,30559419,,unclear
ST05655,D05638,BM00836,34709738,,unclear
ST05656,D02008,BM00836,39001563,,unclear
ST05657,D05639,BM00836,31164355,,unclear
ST05658,D02501,BM00836,29496665,,unclear
ST05659,D02117,BM00836,38691346,,unclear
ST05660,D05137,BM00836,35395091,,unclear
ST05661,D00455,BM00836,21289267,,unclear
ST05662,D02076,BM00836,33318037,,unclear
ST05663,D02020,BM00836,27523909,,unclear
ST05664,D00858,BM00836,38982514,,unclear
ST05665,D02085,BM00836,33536188,,unclear
ST05666,D02085,BM00836,27217383,,unclear
ST05667,D01683,BM00836,37403699,,unclear
ST05668,D01683,BM00836,28514312,,unclear
ST05669,D01683,BM00836,29973670,,unclear
ST05670,D01326,BM00836,38522505,,unclear
ST05671,D01326,BM00836,28630215,,unclear
ST05672,D01326,BM00836,36895472,,unclear
ST05673,D01326,BM00836,38456804,,unclear
ST05674,D01326,BM00836,29054983,,unclear
ST05675,D01326,BM00836,34737198,,unclear
ST05676,D01326,BM00836,36322002,,unclear
ST05677,D01326,BM00836,34376578,,unclear
ST05678,D01326,BM00836,28179366,,unclear
ST05679,D01326,BM00836,36217799,,unclear
ST05680,D01326,BM00836,28514312,,unclear
ST05681,D01326,BM00836,33318037,,unclear
ST05682,D01326,BM00836,38959709,,unclear
ST05683,D01326,BM00836,34554931,,unclear
ST05684,D01326,BM00836,33563661,,unclear
ST05685,D01326,BM00836,39001563,,unclear
ST05686,D01326,BM00836,31164355,,unclear
ST05687,D01326,BM00836,37339170,,unclear
ST05688,D01326,BM00836,31088841,,unclear
ST05689,D01326,BM00836,35395091,,unclear
ST05690,D01326,BM00836,29903896,,unclear
ST05691,D01326,BM00836,28783719,,unclear
ST05692,D01326,BM00836,22983396,,unclear
ST05693,D01326,BM00836,29631033,,unclear
ST05694,D01326,BM00836,37729428,,unclear
ST05695,D01326,BM00836,22389471,,unclear
ST05696,D01326,BM00836,36622773,,unclear
ST05697,D01326,BM00836,36398965,,unclear
ST05698,D01326,BM00836,39001383,,unclear
ST05699,D01326,BM00836,27636997,,unclear
ST05700,D01326,BM00836,35913398,,unclear
ST05701,D01326,BM00836,32586982,,unclear
ST05702,D01326,BM00836,27488531,,unclear
ST05703,D01326,BM00836,30833748,,unclear
ST05704,D01326,BM00836,36947734,,unclear
ST05705,D01326,BM00836,27760111,,unclear
ST05706,D01326,BM00836,38456660,,unclear
ST05707,D01326,BM00836,31186313,,unclear
ST05708,D01326,BM00836,30819666,,unclear
ST05709,D01326,BM00836,22805292,,unclear
ST05710,D01326,BM00836,26343583,,unclear
ST05711,D02062,BM00836,34330842,,unclear
ST05712,D02102,BM00836,26267534,,unclear
ST05713,D02130,BM00836,29950351,,unclear
ST05714,D02137,BM00836,23431193,,unclear
ST05715,D02137,BM00836,25500121,,unclear
ST05716,D02101,BM00836,29423521,,unclear
ST05717,D02348,BM00836,31186313,,unclear
ST05718,D02348,BM00836,30333627,,unclear
ST05719,D04743,BM00836,2499691,,unclear
ST05720,D02710,BM00836,1394224,,unclear
ST05721,D01348,BM00836,27307593,,unclear
ST05722,D02162,BM00836,26439693,,unclear
ST05723,D05241,BM00836,37262393,,unclear
ST05724,D05241,BM00836,38236605,,unclear
ST05725,D02090,BM00836,25422890,,unclear
ST05726,D02677,BM00836,35689207,,unclear
ST05727,D02151,BM00836,35294522,,unclear
ST05728,D02151,BM00836,29496665,,unclear
ST05729,D05642,BM00836,38456804,,unclear
ST05730,D02068,BM00836,23039341,,unclear
ST05731,D01354,BM00836,29496665,,unclear
ST05732,D00548,BM00836,21636554,,unclear
ST05733,D02010,BM00836,23431193,,unclear
ST05734,D02010,BM00836,25500121,,unclear
ST05735,D00349,BM00836,26341920,,unclear
ST05736,D00349,BM00836,25605843,,unclear
ST05737,D02098,BM00836,35689207,,unclear
ST05738,D05643,BM00836,37339170,,unclear
ST05739,D05644,BM00836,38456804,,unclear
ST05740,D05645,BM00836,27573426,,unclear
ST05741,D02610,BM00836,27525386,,unclear
ST05742,D02610,BM00836,31549998,,unclear
ST05743,D02610,BM00836,35491008,,unclear
ST05744,D05646,BM00836,38236605,,unclear
ST05745,D02013,BM00836,32973082,,unclear
ST05746,D02119,BM00836,34737198,,unclear
ST05747,D02119,BM00836,30559419,,unclear
ST05748,D02119,BM00836,29903896,,unclear
ST05749,D02119,BM00836,31645440,,unclear
ST05750,D02119,BM00836,26343583,,unclear
ST05751,D03310,BM00836,38231480,,unclear
ST05752,D03310,BM00836,35395091,,unclear
ST05753,D03344,BM00836,28630215,,unclear
ST05754,D02142,BM00836,30333627,,unclear
ST05755,D02165,BM00836,36895472,,unclear
ST05756,D02165,BM00836,38456804,,unclear
ST05757,D02165,BM00836,37992684,,unclear
ST05758,D02163,BM00836,28951457,,unclear
ST05759,D02163,BM00836,35385748,,unclear
ST05760,D02163,BM00836,29903896,,unclear
ST05761,D02163,BM00836,37729428,,unclear
ST05762,D02055,BM00836,28951457,,unclear
ST05763,D02055,BM00836,24569456,,unclear
ST05764,D02055,BM00836,29437705,,unclear
ST05765,D01911,BM00836,37729428,,unclear
ST05766,D02107,BM00836,33229459,,unclear
ST05767,D02022,BM00836,25873592,,unclear
ST05768,D02106,BM00836,27488531,,unclear
ST05769,D02106,BM00836,34376578,,unclear
ST05770,D02106,BM00836,22983396,,unclear
ST05771,D02106,BM00836,35913398,,unclear
ST05772,D02106,BM00836,30819666,,unclear
ST05773,D02114,BM00836,31839416,,unclear
ST05774,D02056,BM00836,26341920,,unclear
ST05775,D02056,BM00836,25605843,,unclear
ST05776,D00098,BM00836,9197527,,unclear
ST05777,D01920,BM00836,37729428,,unclear
ST05778,D02145,BM00836,34554931,,unclear
ST05779,D02019,BM00836,19276360,,unclear
ST05780,D02133,BM00836,34554931,,unclear
ST05781,D02133,BM00836,33355204,,unclear
ST05782,D02133,BM00836,36947734,,unclear
ST05783,D01024,BM00836,21636554,,unclear
ST05784,D01917,BM00836,29304353,,unclear
ST05785,D01917,BM00836,37729428,,unclear
ST05786,D02007,BM00836,22351686,,unclear
ST05787,D02053,BM00836,27636997,,unclear
ST05788,D02053,BM00836,32336014,,unclear
ST05789,D02053,BM00836,23629727,,unclear
ST05790,D02053,BM00836,30585255,,unclear
ST05791,D02393,BM00836,24791855,,unclear
ST05792,D02393,BM00836,34538072,,unclear
ST05793,D02026,BM00836,33953400,,unclear
ST05794,D02026,BM00836,34376578,,unclear
ST05795,D02026,BM00836,30482852,,unclear
ST05796,D05647,BM00836,31905241,,unclear
ST05797,D01732,BM00836,1394224,,unclear
ST05798,D02046,BM00836,23431193,,unclear
ST05799,D02046,BM00836,25500121,,unclear
ST05800,D02159,BM00836,37403699,,unclear
ST05801,D05648,BM00836,33268594,,unclear
ST05802,D03716,BM00836,3489774,,unclear
ST05803,D02134,BM00836,33318037,,unclear
ST05804,D02134,BM00836,32336014,,unclear
ST05805,D05242,BM00836,29528991,,unclear
ST05806,D02075,BM00836,33273059,,unclear
ST05807,D01657,BM00836,36895472,,unclear
ST05808,D01657,BM00836,38456660,,unclear
ST05809,D02116,BM00836,22460902,,unclear
ST05810,D05252,BM00836,33158997,,unclear
ST05811,D01798,BM00836,29973670,,unclear
ST05812,D02099,BM00836,25957812,,unclear
ST05813,D01236,BM00836,26438111,,unclear
ST05814,D01236,BM00836,32796636,,unclear
ST05815,D01236,BM00836,36307056,,unclear
ST05816,D01236,BM00836,38236605,,unclear
ST05817,D01236,BM00836,37262393,,unclear
ST05818,D01236,BM00836,28951457,,unclear
ST05819,D01236,BM00836,26341920,,unclear
ST05820,D02071,BM00836,31744895,,unclear
ST05821,D02071,BM00836,34737198,,unclear
ST05822,D02071,BM00836,33926920,,unclear
ST05823,D02071,BM00836,33536188,,unclear
ST05824,D02047,BM00836,38470950,,unclear
ST05825,D02047,BM00836,33953400,,unclear
ST05826,D02061,BM00836,34376578,,unclear
ST05827,D02061,BM00836,33318037,,unclear
ST05828,D02061,BM00836,32586982,,unclear
ST05829,D02061,BM00836,29247021,,unclear
ST05830,D05349,BM00836,35689405,,unclear
ST05831,D02141,BM00836,35363510,,unclear
ST05832,D02141,BM00836,38456804,,unclear
ST05833,D02141,BM00836,34709738,,unclear
ST05834,D02141,BM00836,36398965,,unclear
ST05835,D02141,BM00836,27636997,,unclear
ST05836,D02141,BM00836,26343583,,unclear
ST05837,D02141,BM00836,23406027,,unclear
ST05838,D00396,BM00836,33563661,,unclear
ST05839,D00396,BM00836,23629727,,unclear
ST05840,D02037,BM00836,32816843,,unclear
ST05841,D01797,BM00836,28923853,,unclear
ST05842,D01797,BM00836,23629727,,unclear
ST05843,D01797,BM00836,29950351,,unclear
ST05844,D01717,BM00834,9705872,,unclear
ST05845,D01717,BM00834,16051191,,unclear
ST05846,D05650,BM00834,18690216,,unclear
ST05847,D00036,BM00834,7831306,,unclear
ST05848,D05586,BM00834,15319449,,unclear
ST05849,D01126,BM00834,16930409,,unclear
ST05850,D01126,BM00834,15896973,,unclear
ST05851,D01361,BM00834,12939274,,unclear
ST05852,D00220,BM00834,16893530,,unclear
ST05853,D00079,BM00834,12046067,,unclear
ST05854,D00077,BM00834,12111438,,unclear
ST05855,D00077,BM00834,11979430,,unclear
ST05856,D01617,BM00834,15385570,,unclear
ST05857,D00390,BM00834,11602619,,unclear
ST05858,D00050,BM00834,8647183,,unclear
ST05859,D01563,BM00834,10719211,,unclear
ST05860,D02517,BM00834,7688736,,unclear
ST05861,D02517,BM00834,15063754,,unclear
ST05862,D02200,BM00840,1557611,,unclear
ST05863,D00220,BM00840,11490180,,unclear
ST05864,D00184,BM00840,11490180,,unclear
ST05865,D03228,BM00840,9133521,,unclear
ST05866,D00933,BM00840,2492344,,unclear
ST05867,D02258,BM00840,16271703,,unclear
ST05868,D04285,BM00840,15044076,,unclear
ST05869,D05428,BM00840,8348695,,unclear
ST05870,D02300,BM00840,10700389,,unclear
ST05871,D00087,BM00840,7927909,,unclear
ST05872,D04743,BM00840,17239402,,unclear
ST05873,D04743,BM00840,10505750,,unclear
ST05874,D03011,BM00840,9435300,,unclear
ST05875,D05658,BM00840,14553936,,unclear
ST05876,D00088,BM00840,16468051,,unclear
ST05877,D01778,BM00840,2847980,,unclear
ST05878,D00431,BM00840,11884371,,unclear
ST05879,D02487,BM00828,22960662,,unclear
ST05880,D00770,BM00828,15674352,,unclear
ST05881,D01775,BM00855,29382897,,unclear
ST05882,D03652,BM00858,24619498,,unclear
ST05883,D04115,BM00849,16759981,,unclear
ST05884,D00247,BM00849,18557781,,unclear
ST05885,D00349,BM00892,29593529,,unclear
ST05886,D00546,BM00892,29593529,,unclear
ST05887,D03651,BM00892,29593529,,unclear
ST05888,D02148,BM00881,28726812,,unclear
ST05889,D05687,BM00881,23415061,,unclear
ST05890,D01797,BM00881,28362716,,unclear
ST05891,D02221,BM00881,19248971,,unclear
ST05892,D02221,BM00881,12538485,,unclear
ST05893,D02056,BM00881,25069475,,unclear
ST05894,D01238,BM00881,25069475,,unclear
ST05895,D00349,BM00881,25069475,,unclear
ST05896,D02033,BM00881,20513156,,unclear
ST05897,D01865,BM00881,19035792,,unclear
ST05898,D02012,BM00881,25069475,,unclear
ST05899,D02413,BM00897,289317,,unclear
ST05900,D02809,BM00897,7827108,,unclear
ST05901,D01563,BM00891,15977398,,unclear
ST05902,D01618,BM00891,15978008,,unclear
ST05903,D01618,BM00891,12895514,,unclear
ST05904,D05698,BM00901,30870275,,unclear
ST05905,D00770,BM00901,21315613,,unclear
ST05906,D03231,BM00901,12846422,,unclear
ST05907,D01354,BM00901,1284044,,unclear
ST05908,D01606,BM00901,3793272,,unclear
ST05909,D02932,BM00901,2147123,,unclear
ST05910,D05722,BM00901,24915879,,unclear
ST05911,D02375,BM00888,12377983,,unclear
ST05912,D01627,BM00888,12417618,,unclear
ST05913,D00049,BM00928,10404027,,unclear
ST05914,D01323,BM00911,10716720,,unclear
ST05915,D01784,BM00911,9249592,,unclear
ST05916,D01468,BM00911,7883954,,unclear
ST05917,D01723,BM00911,7945419,,unclear
ST05918,D03178,BM00911,10716720,,unclear
ST05919,D04984,BM00911,1846631,,unclear
ST05920,D01435,BM00911,9307039,,unclear
ST05921,D02418,BM00911,17573441,,unclear
ST05922,D01622,BM00911,3923787,,unclear
ST05923,D05729,BM00911,3503494,,unclear
ST05924,D00770,BM00904,14521952,,unclear
ST05925,D05731,BM00909,21545152,,unclear
ST05926,D01238,BM00909,29925895,,unclear
ST05927,D01986,BM00909,29925895,,unclear
ST05928,D01786,BM00917,11566255,,unclear
ST05929,D01036,BM00917,15734742,,unclear
ST05930,D01036,BM00917,15576481,,unclear
ST05931,D01036,BM00917,12105225,,unclear
ST05932,D01474,BM00917,15576481,,unclear
ST05933,D01474,BM00917,10224231,,unclear
ST05934,D00396,BM00908,28727815,,unclear
ST05935,D05756,BM00923,19386496,,unclear
ST05936,D05756,BM00923,19386498,,unclear
ST05937,D00548,BM00907,16275998,,unclear
ST05938,D00548,BM00907,39199558,,unclear
ST05939,D00548,BM00907,28961834,,unclear
ST05940,D00548,BM00907,20447721,,unclear
ST05941,D05760,BM00907,32439931,,unclear
ST05942,D00705,BM00907,20447721,,unclear
ST05943,D00705,BM00907,30926065,,unclear
ST05944,D00705,BM00907,28808038,,unclear
ST05945,D00395,BM00907,32205017,,unclear
ST05946,D00395,BM00907,28800861,,unclear
ST05947,D00395,BM00907,37916958,,unclear
ST05948,D00395,BM00907,32439931,,unclear
ST05949,D02025,BM00907,37326340,,unclear
ST05950,D02025,BM00907,24339963,,unclear
ST05951,D02025,BM00907,26272063,,unclear
ST05952,D05761,BM00907,32439931,,unclear
ST05953,D05761,BM00907,27974663,,unclear
ST05954,D00398,BM00907,26603258,,unclear
ST05955,D05762,BM00907,30858154,,unclear
ST05956,D05747,BM00907,22336586,,unclear
ST05957,D02143,BM00907,23360348,,unclear
ST05958,D02143,BM00907,30108165,,unclear
ST05959,D02143,BM00907,36805958,,unclear
ST05960,D02143,BM00907,28119489,,unclear
ST05961,D02143,BM00907,37377403,,unclear
ST05962,D02143,BM00907,24339963,,unclear
ST05963,D02143,BM00907,27197306,,unclear
ST05964,D02143,BM00907,23136191,,unclear
ST05965,D02143,BM00907,26058079,,unclear
ST05966,D02143,BM00907,27174596,,unclear
ST05967,D02143,BM00907,27020857,,unclear
ST05968,D02143,BM00907,27196766,,unclear
ST05969,D02143,BM00907,24601221,,unclear
ST05970,D02143,BM00907,23674493,,unclear
ST05971,D02143,BM00907,39152269,,unclear
ST05972,D02143,BM00907,37916958,,unclear
ST05973,D02143,BM00907,28808038,,unclear
ST05974,D02143,BM00907,34544753,,unclear
ST05975,D03621,BM00907,24504419,,unclear
ST05976,D05763,BM00907,38037839,,unclear
ST05977,D01238,BM00907,25714871,,unclear
ST05978,D01238,BM00907,37523146,,unclear
ST05979,D01238,BM00907,15809721,,unclear
ST05980,D04744,BM00907,27196766,,unclear
ST05981,D03344,BM00907,28119489,,unclear
ST05982,D05748,BM00907,24634413,,unclear
ST05983,D03300,BM00907,27126994,,unclear
ST05984,D03620,BM00907,27439478,,unclear
ST05985,D03620,BM00907,33495309,,unclear
ST05986,D03620,BM00907,39298693,,unclear
ST05987,D03620,BM00907,31880826,,unclear
ST05988,D03606,BM00907,31624127,,unclear
ST05989,D03606,BM00907,24170767,,unclear
ST05990,D03606,BM00907,27672108,,unclear
ST05991,D03606,BM00907,31934607,,unclear
ST05992,D03606,BM00907,35133871,,unclear
ST05993,D02094,BM00907,26243863,,unclear
ST05994,D02094,BM00907,31624127,,unclear
ST05995,D02094,BM00907,26627007,,unclear
ST05996,D02094,BM00907,37272756,,unclear
ST05997,D01653,BM00907,21216929,,unclear
ST05998,D05741,BM00907,23270925,,unclear
ST05999,D05764,BM00907,16752184,,unclear
ST06000,D01326,BM00907,26469692,,unclear
ST06001,D01326,BM00907,37011011,,unclear
ST06002,D01326,BM00907,35005996,,unclear
ST06003,D01326,BM00907,36322002,,unclear
ST06004,D01326,BM00907,30819666,,unclear
ST06005,D01326,BM00907,37713162,,unclear
ST06006,D01326,BM00907,27797976,,unclear
ST06007,D01326,BM00907,26882569,,unclear
ST06008,D01326,BM00907,26627007,,unclear
ST06009,D03608,BM00907,32376656,,unclear
ST06010,D03608,BM00907,33685991,,unclear
ST06011,D03608,BM00907,32958578,,unclear
ST06012,D03608,BM00907,23662903,,unclear
ST06013,D03608,BM00907,35138919,,unclear
ST06014,D03608,BM00907,37916958,,unclear
ST06015,D03608,BM00907,31534012,,unclear
ST06016,D03608,BM00907,26589432,,unclear
ST06017,D03608,BM00907,31158500,,unclear
ST06018,D03608,BM00907,28331003,,unclear
ST06019,D03608,BM00907,34544753,,unclear
ST06020,D05765,BM00907,32439931,,unclear
ST06021,D03627,BM00907,26951309,,unclear
ST06022,D03627,BM00907,26787751,,unclear
ST06023,D00396,BM00907,23629727,,unclear
ST06024,D00396,BM00907,22662154,,unclear
ST06025,D00396,BM00907,33745098,,unclear
ST06026,D00396,BM00907,26951309,,unclear
ST06027,D00396,BM00907,27893038,,unclear
ST06028,D00396,BM00907,20664172,,unclear
ST06029,D00396,BM00907,21358673,,unclear
ST06030,D00396,BM00907,26503204,,unclear
ST06031,D00396,BM00907,31699932,,unclear
ST06032,D00396,BM00907,27797976,,unclear
ST06033,D00396,BM00907,36900375,,unclear
ST06034,D00396,BM00907,28183140,,unclear
ST06035,D00396,BM00907,31088410,,unclear
ST06036,D02106,BM00907,37326340,,unclear
ST06037,D02106,BM00907,30819666,,unclear
ST06038,D02106,BM00907,39199558,,unclear
ST06039,D02106,BM00907,30093452,,unclear
ST06040,D02106,BM00907,32958578,,unclear
ST06041,D02106,BM00907,27020857,,unclear
ST06042,D02106,BM00907,31516747,,unclear
ST06043,D02041,BM00907,27016228,,unclear
ST06044,D02041,BM00907,21289267,,unclear
ST06045,D02041,BM00907,27893038,,unclear
ST06046,D02041,BM00907,28961834,,unclear
ST06047,D02041,BM00907,37523146,,unclear
ST06048,D02041,BM00907,22271473,,unclear
ST06049,D02041,BM00907,21216929,,unclear
ST06050,D02041,BM00907,22245973,,unclear
ST06051,D05767,BM00907,26177599,,unclear
ST06052,D01334,BM00907,30683736,,unclear
ST06053,D01335,BM00907,12654560,,unclear
ST06054,D01324,BM00907,29496665,,unclear
ST06055,D02032,BM00907,21358673,,unclear
ST06056,D03605,BM00907,28490463,,unclear
ST06057,D01657,BM00907,27197306,,unclear
ST06058,D00582,BM00907,22212721,,unclear
ST06059,D05736,BM00907,31516747,,unclear
ST06060,D05736,BM00907,21750219,,unclear
ST06061,D05769,BM00907,20797855,,unclear
ST06062,D00415,BM00907,28864978,,unclear
ST06063,D01237,BM00907,20619739,,unclear
ST06064,D01237,BM00907,19223544,,unclear
ST06065,D01237,BM00907,25724520,,unclear
ST06066,D01237,BM00907,28424201,,unclear
ST06067,D01237,BM00907,25714871,,unclear
ST06068,D01237,BM00907,30962319,,unclear
ST06069,D01237,BM00907,25838391,,unclear
ST06070,D01237,BM00907,31678634,,unclear
ST06071,D01237,BM00907,28446642,,unclear
ST06072,D01237,BM00907,30926065,,unclear
ST06073,D00689,BM00907,11901050,,unclear
ST06074,D05007,BM00907,11901050,,unclear
ST06075,D01348,BM00907,28119489,,unclear
ST06076,D01348,BM00907,39199558,,unclear
ST06077,D01348,BM00907,29636477,,unclear
ST06078,D01348,BM00907,27974663,,unclear
ST06079,D01348,BM00907,30093452,,unclear
ST06080,D01348,BM00907,26909613,,unclear
ST06081,D01348,BM00907,29975751,,unclear
ST06082,D01348,BM00907,30577988,,unclear
ST06083,D01348,BM00907,26013318,,unclear
ST06084,D01348,BM00907,32767682,,unclear
ST06085,D01348,BM00907,28539475,,unclear
ST06086,D02121,BM00907,25199759,,unclear
ST06087,D02121,BM00907,26245675,,unclear
ST06088,D02121,BM00907,26627007,,unclear
ST06089,D00100,BM00907,12874004,,unclear
ST06090,D05771,BM00907,37493631,,unclear
ST06091,D00371,BM00907,12654560,,unclear
ST06092,D00371,BM00907,30683736,,unclear
ST06093,D02942,BM00907,25714871,,unclear
ST06094,D05772,BM00907,21358673,,unclear
ST06095,D02049,BM00907,21216929,,unclear
ST06096,D02159,BM00907,37469254,,unclear
ST06097,D00087,BM00907,16905201,,unclear
ST06098,D00087,BM00907,12761490,,unclear
ST06099,D00087,BM00907,27893038,,unclear
ST06100,D05773,BM00907,22212721,,unclear
ST06101,D00031,BM00907,11857382,,unclear
ST06102,D02161,BM00907,26137449,,unclear
ST06103,D02056,BM00907,32205017,,unclear
ST06104,D03517,BM00907,12137763,,unclear
ST06105,D02138,BM00907,25261369,,unclear
ST06106,D02138,BM00907,23085766,,unclear
ST06107,D02138,BM00907,27974663,,unclear
ST06108,D02138,BM00907,26272063,,unclear
ST06109,D00414,BM00907,37916958,,unclear
ST06110,D00414,BM00907,32439931,,unclear
ST06111,D00414,BM00907,26469692,,unclear
ST06112,D00455,BM00907,32376656,,unclear
ST06113,D00455,BM00907,26084990,,unclear
ST06114,D00455,BM00907,37713162,,unclear
ST06115,D00455,BM00907,25349966,,unclear
ST06116,D00455,BM00907,26187616,,unclear
ST06117,D00455,BM00907,22932669,,unclear
ST06118,D00455,BM00907,31277699,,unclear
ST06119,D00455,BM00907,31714586,,unclear
ST06120,D00455,BM00907,22180495,,unclear
ST06121,D00455,BM00907,21289267,,unclear
ST06122,D00455,BM00907,32439931,,unclear
ST06123,D00455,BM00907,26627007,,unclear
ST06124,D05506,BM00907,8641341,,unclear
ST06125,D01436,BM00907,25199759,,unclear
ST06126,D01436,BM00907,26245675,,unclear
ST06127,D03652,BM00907,20157331,,unclear
ST06128,D03652,BM00907,32205017,,unclear
ST06129,D02594,BM00907,29284706,,unclear
ST06130,D02594,BM00907,27126994,,unclear
ST06131,D02594,BM00907,29902286,,unclear
ST06132,D00439,BM00907,19208828,,unclear
ST06133,D05776,BM00907,33723724,,unclear
ST06134,D02070,BM00907,27196766,,unclear
ST06135,D00419,BM00907,32439931,,unclear
ST06136,D00419,BM00907,26469692,,unclear
ST06137,D02342,BM00907,14767524,,unclear
ST06138,D02151,BM00907,29496665,,unclear
ST06139,D02151,BM00907,31516747,,unclear
ST06140,D00804,BM00907,22212721,,unclear
ST06141,D00416,BM00907,22180495,,unclear
ST06142,D00416,BM00907,32859654,,unclear
ST06143,D00416,BM00907,26137449,,unclear
ST06144,D00416,BM00907,24265153,,unclear
ST06145,D01354,BM00907,28514312,,unclear
ST06146,D01354,BM00907,17376864,,unclear
ST06147,D01354,BM00907,29496665,,unclear
ST06148,D01354,BM00907,32439931,,unclear
ST06149,D01354,BM00907,24631838,,unclear
ST06150,D01354,BM00907,28685070,,unclear
ST06151,D01354,BM00907,26882569,,unclear
ST06152,D01354,BM00907,15647370,,unclear
ST06153,D01354,BM00907,19029981,,unclear
ST06154,D01354,BM00907,15878982,,unclear
ST06155,D02067,BM00907,36900375,,unclear
ST06156,D05777,BM00907,37916958,,unclear
ST06157,D05777,BM00907,37916956,,unclear
ST06158,D00442,BM00907,36805958,,unclear
ST06159,D04741,BM00907,36322002,,unclear
ST06160,D04357,BM00907,16267832,,unclear
ST06161,D02297,BM00907,16984382,,unclear
ST06162,D02297,BM00907,16153452,,unclear
ST06163,D00417,BM00907,24978597,,unclear
ST06164,D02098,BM00907,37147298,,unclear
ST06165,D01917,BM00907,26909613,,unclear
ST06166,D02162,BM00907,26439693,,unclear
ST06167,D05779,BM00907,22781553,,unclear
ST06168,D01720,BM00907,15715661,,unclear
ST06169,D01606,BM00907,26116361,,unclear
ST06170,D02560,BM00907,16130182,,unclear
ST06171,D00441,BM00907,27174596,,unclear
ST06172,D02006,BM00907,26137449,,unclear
ST06173,D05781,BM00907,32439931,,unclear
ST06174,D02174,BM00907,15289348,,unclear
ST06175,D03587,BM00907,22693356,,unclear
ST06176,D00412,BM00907,15925284,,unclear
ST06177,D03727,BM00907,10229082,,unclear
ST06178,D05782,BM00907,28446642,,unclear
ST06179,D05783,BM00907,32439931,,unclear
ST06180,D00095,BM00907,14742634,,unclear
ST06181,D05784,BM00907,23873848,,unclear
ST06182,D05784,BM00907,27104980,,unclear
ST06183,D05785,BM00907,20371716,,unclear
ST06184,D00438,BM00907,27797976,,unclear
ST06185,D00457,BM00907,22212721,,unclear
ST06186,D00457,BM00907,17562705,,unclear
ST06187,D01235,BM00907,30978502,,unclear
ST06188,D02165,BM00907,27974663,,unclear
ST06189,D00717,BM00907,17045724,,unclear
ST06190,D00717,BM00907,22212721,,unclear
ST06191,D01358,BM00907,37493631,,unclear
ST06192,D01358,BM00907,37713162,,unclear
ST06193,D01797,BM00907,23629727,,unclear
ST06194,D01797,BM00907,28808038,,unclear
ST06195,D01797,BM00907,30373752,,unclear
ST06196,D01773,BM00907,12464623,,unclear
ST06197,D04312,BM00907,11719451,,unclear
ST06198,D03624,BM00907,26839307,,unclear
ST06199,D02501,BM00907,29496665,,unclear
ST06200,D02053,BM00907,23629727,,unclear
ST06201,D02053,BM00907,27636997,,unclear
ST06202,D02012,BM00907,27893038,,unclear
ST06203,D02012,BM00907,21216929,,unclear
ST06204,D02141,BM00907,21358673,,unclear
ST06205,D02141,BM00907,26137449,,unclear
ST06206,D02141,BM00907,29975751,,unclear
ST06207,D02141,BM00907,27636997,,unclear
ST06208,D05787,BM00907,37980367,,unclear
ST06209,D02114,BM00907,31839416,,unclear
ST06210,D01325,BM00907,37980367,,unclear
ST06211,D00453,BM00907,27186432,,unclear
ST06212,D05788,BM00907,11591714,,unclear
ST06213,D05789,BM00907,27699769,,unclear
ST06214,D01749,BM00907,35005996,,unclear
ST06215,D01749,BM00907,23986086,,unclear
ST06216,D03699,BM00907,37623743,,unclear
ST06217,D05589,BM00907,33495309,,unclear
ST06218,D05790,BM00907,26058079,,unclear
ST06219,D00432,BM00907,21216929,,unclear
ST06220,D03578,BM00907,25700704,,unclear
ST06221,D01613,BM00907,12417254,,unclear
ST06222,D02052,BM00907,26137449,,unclear
ST06223,D02052,BM00907,32193631,,unclear
ST06224,D03954,BM00907,27974663,,unclear
ST06225,D03956,BM00907,37916958,,unclear
ST06226,D03956,BM00907,31699932,,unclear
ST06227,D03956,BM00907,34544753,,unclear
ST06228,D01353,BM00907,22662154,,unclear
ST06229,D01353,BM00907,21966435,,unclear
ST06230,D01353,BM00907,28446642,,unclear
ST06231,D01353,BM00907,24927217,,unclear
ST06232,D01353,BM00907,26137449,,unclear
ST06233,D01353,BM00907,22543857,,unclear
ST06234,D01353,BM00907,27974663,,unclear
ST06235,D01353,BM00907,26270481,,unclear
ST06236,D01353,BM00907,26013318,,unclear
ST06237,D01353,BM00907,26627007,,unclear
ST06238,D01353,BM00907,19029981,,unclear
ST06239,D01683,BM00907,37469254,,unclear
ST06240,D05792,BM00907,11139143,,unclear
ST06241,D05793,BM00907,11948137,,unclear
ST06242,D02066,BM00907,33602685,,unclear
ST06243,D03340,BM00907,37377403,,unclear
ST06244,D05794,BM00907,27974663,,unclear
ST06245,D00389,BM00907,15020266,,unclear
ST06246,D03637,BM00907,36730339,,unclear
ST06247,D02087,BM00907,32439931,,unclear
ST06248,D02087,BM00907,37713162,,unclear
ST06249,D02087,BM00907,27451907,,unclear
ST06250,D01927,BM00907,37523146,,unclear
ST06251,D01108,BM00907,15833899,,unclear
ST06252,D02286,BM00907,15501480,,unclear
ST06253,D00394,BM00907,37326340,,unclear
ST06254,D00394,BM00907,24823695,,unclear
ST06255,D00394,BM00907,25977343,,unclear
ST06256,D00394,BM00907,21325073,,unclear
ST06257,D00394,BM00907,17314276,,unclear
ST06258,D01766,BM00907,24170767,,unclear
ST06259,D01766,BM00907,39199558,,unclear
ST06260,D01766,BM00907,31841354,,unclear
ST06261,D01766,BM00907,32205017,,unclear
ST06262,D01766,BM00907,28800861,,unclear
ST06263,D01766,BM00907,26245675,,unclear
ST06264,D01766,BM00907,28961834,,unclear
ST06265,D01766,BM00907,30860570,,unclear
ST06266,D01766,BM00907,30577988,,unclear
ST06267,D01766,BM00907,12761490,,unclear
ST06268,D01986,BM00907,32205017,,unclear
ST06269,D00349,BM00907,25714871,,unclear
ST06270,D00349,BM00907,32205017,,unclear
ST06271,D00349,BM00907,22336586,,unclear
ST06272,D00349,BM00907,28424201,,unclear
ST06273,D05797,BM00907,21191045,,unclear
ST06274,D01024,BM00907,28808038,,unclear
ST06275,D01024,BM00907,28750271,,unclear
ST06276,D02029,BM00907,18262558,,unclear
ST06277,D05798,BM00907,11865026,,unclear
ST06278,D02085,BM00907,31516747,,unclear
ST06279,D01626,BM00907,15107457,,unclear
ST06280,D02111,BM00907,22693357,,unclear
ST06281,D02013,BM00907,37377403,,unclear
ST06282,D05743,BM00907,25231405,,unclear
ST06283,D05743,BM00907,36913051,,unclear
ST06284,D05743,BM00907,21558396,,unclear
ST06285,D05800,BM00907,22212721,,unclear
ST06286,D02105,BM00907,25637314,,unclear
ST06287,D02105,BM00907,24166903,,unclear
ST06288,D02040,BM00907,23629727,,unclear
ST06289,D02040,BM00907,25838391,,unclear
ST06290,D05801,BM00907,25902900,,unclear
ST06291,D05801,BM00907,28750271,,unclear
ST06292,D02135,BM00907,37427101,,unclear
ST06293,D02135,BM00907,39152269,,unclear
ST06294,D02135,BM00907,37339176,,unclear
ST06295,D05802,BM00907,30003928,,unclear
ST06296,D00458,BM00907,32070411,,unclear
ST06297,D00458,BM00907,26116361,,unclear
ST06298,D00458,BM00907,31841354,,unclear
ST06299,D00458,BM00907,30860570,,unclear
ST06300,D00458,BM00907,32669708,,unclear
ST06301,D00458,BM00907,22294718,,unclear
ST06302,D00458,BM00907,29066505,,unclear
ST06303,D00458,BM00907,24088382,,unclear
ST06304,D02055,BM00907,29284706,,unclear
ST06305,D02055,BM00907,32376656,,unclear
ST06306,D02055,BM00907,34779417,,unclear
ST06307,D02055,BM00907,37874915,,unclear
ST06308,D02055,BM00907,36805958,,unclear
ST06309,D02055,BM00907,28119489,,unclear
ST06310,D02055,BM00907,35917491,,unclear
ST06311,D02055,BM00907,37469254,,unclear
ST06312,D02055,BM00907,35311394,,unclear
ST06313,D02055,BM00907,31678634,,unclear
ST06314,D02055,BM00907,33685991,,unclear
ST06315,D02055,BM00907,27974663,,unclear
ST06316,D02055,BM00907,33602685,,unclear
ST06317,D02055,BM00907,30093452,,unclear
ST06318,D02055,BM00907,27126994,,unclear
ST06319,D02055,BM00907,25409150,,unclear
ST06320,D02055,BM00907,27451907,,unclear
ST06321,D02055,BM00907,24608574,,unclear
ST06322,D02055,BM00907,29401002,,unclear
ST06323,D02055,BM00907,39152269,,unclear
ST06324,D02055,BM00907,37916958,,unclear
ST06325,D02055,BM00907,31699932,,unclear
ST06326,D02055,BM00907,37339176,,unclear
ST06327,D02055,BM00907,36900375,,unclear
ST06328,D02055,BM00907,30948643,,unclear
ST06329,D02055,BM00907,37493631,,unclear
ST06330,D02055,BM00907,26013318,,unclear
ST06331,D02055,BM00907,37272756,,unclear
ST06332,D02055,BM00907,26627007,,unclear
ST06333,D02055,BM00907,38518529,,unclear
ST06334,D02055,BM00907,36713525,,unclear
ST06335,D03519,BM00907,16616440,,unclear
ST06336,D05803,BM00907,21673091,,unclear
ST06337,D05804,BM00907,26187616,,unclear
ST06338,D01623,BM00948,19752777,,unclear
ST06339,D00705,BM00941,2953096,,unclear
ST06340,D01380,BM00941,9207201,,unclear
ST06341,D00108,BM00941,2274641,,unclear
ST06342,D05810,BM00941,6214735,,unclear
ST06343,D05811,BM00941,2992914,,unclear
ST06344,D04088,BM00941,9430448,,unclear
ST06345,D01765,BM00941,7693565,,unclear
ST06346,D01765,BM00941,9818729,,unclear
ST06347,D00390,BM00941,8174790,,unclear
ST06348,D04106,BM00941,8148670,,unclear
ST06349,D02324,BM00941,6441727,,unclear
ST06350,D03826,BM00941,3926467,,unclear
ST06351,D03826,BM00941,6401753,,unclear
ST06352,D00689,BM00941,12370106,,unclear
ST06353,D00528,BM00941,7228996,,unclear
ST06354,D02402,BM00941,6806129,,unclear
ST06355,D02402,BM00941,574234,,unclear
ST06356,D00516,BM00941,7011596,,unclear
ST06357,D05812,BM00941,6095132,,unclear
ST06358,D05812,BM00941,407071,,unclear
ST06359,D03641,BM00941,2966772,,unclear
ST06360,D05813,BM00941,3002557,,unclear
ST06361,D05615,BM00941,9160048,,unclear
ST06362,D04103,BM00941,984083,,unclear
ST06363,D01775,BM00941,3035307,,unclear
ST06364,D01775,BM00941,9122287,,unclear
ST06365,D01420,BM00941,6548163,,unclear
ST06366,D02418,BM00941,2289161,,unclear
ST06367,D05814,BM00941,2526151,,unclear
ST06368,D01730,BM00941,9270719,,unclear
ST06369,D02285,BM00941,15953572,,unclear
ST06370,D05405,BM00941,2163062,,unclear
ST06371,D05815,BM00941,6124859,,unclear
ST06372,D05816,BM00941,14981335,,unclear
ST06373,D02809,BM00941,6091795,,unclear
ST06374,D04115,BM00941,3359964,,unclear
ST06375,D05817,BM00941,2129270,,unclear
ST06376,D05818,BM00941,11164909,,unclear
ST06377,D05369,BM00941,8194740,,unclear
ST06378,D02401,BM00941,3024438,,unclear
ST06379,D05819,BM00941,3663877,,unclear
ST06380,D01771,BM00941,580200,,unclear
ST06381,D04310,BM00941,6173210,,unclear
ST06382,D00049,BM00941,3315633,,unclear
ST06383,D02487,BM00941,9500147,,unclear
ST06384,D05820,BM00941,3081931,,unclear
ST06385,D05273,BM00941,7913090,,unclear
ST06386,D01785,BM00941,6144226,,unclear
ST06387,D05821,BM00941,6161941,,unclear
ST06388,D00431,BM00941,9316617,,unclear
ST06389,D00445,BM00941,6621850,,unclear
ST06390,D00445,BM00941,6786002,,unclear
ST06391,D01618,BM00941,8977440,,unclear
ST06392,D05002,BM00941,16194051,,unclear
ST06393,D01056,BM00941,14751427,,unclear
ST06394,D01718,BM00941,2583042,,unclear
ST06395,D02184,BM00941,6642786,,unclear
ST06396,D01713,BM00941,3918029,,unclear
ST06397,D05822,BM00941,478439,,unclear
ST06398,D05007,BM00941,12370106,,unclear
ST06399,D02364,BM00941,3877233,,unclear
ST06400,D01755,BM00941,1910948,,unclear
ST06401,D05823,BM00941,3332537,,unclear
ST06402,D03071,BM00941,3102546,,unclear
ST06403,D01489,BM00941,2875176,,unclear
ST06404,D01625,BM00941,3924400,,unclear
ST06405,D01625,BM00941,3191895,,unclear
ST06406,D05824,BM00941,12505103,,unclear
ST06407,D05825,BM00941,3734040,,unclear
ST06408,D01927,BM00941,17056093,,unclear
ST06409,D00184,BM00941,7961556,,unclear
ST06410,D01631,BM00941,7706371,,unclear
ST06411,D01779,BM00941,824050,,unclear
ST06412,D05826,BM00941,2934690,,unclear
ST06413,D01732,BM00941,2482456,,unclear
ST06414,D00462,BM00941,8139373,,unclear
ST06415,D05827,BM00941,12079993,,unclear
ST06416,D01070,BM00941,3109881,,unclear
ST06417,D01142,BM00941,7075801,,unclear
ST06418,D01142,BM00941,12339175,,unclear
ST06419,D01142,BM00941,6818716,,unclear
ST06420,D05832,BM00946,25691822,,unclear
ST06421,D05080,BM00956,10471756,,unclear
ST06422,D01626,BM00956,10792393,,unclear
ST06423,D05835,BM00942,20666457,,unclear
ST06424,D04578,BM00942,24564570,,unclear
ST06425,D05837,BM00942,20666457,,unclear
ST06426,D05838,BM00942,18348515,,unclear
ST06427,D05840,BM00942,20666457,,unclear
ST06428,D03652,BM00936,20157331,,unclear
ST06429,D01348,BM00967,39199558,,unclear
ST06430,D01348,BM00967,28945226,,unclear
ST06431,D01348,BM00967,32767682,,unclear
ST06432,D01348,BM00967,31776899,,unclear
ST06433,D01348,BM00967,30093452,,unclear
ST06434,D01348,BM00967,28119489,,unclear
ST06435,D01348,BM00967,26098748,,unclear
ST06436,D05772,BM00967,21358673,,unclear
ST06437,D02105,BM00967,25637314,,unclear
ST06438,D02077,BM00967,37883723,,unclear
ST06439,D02077,BM00967,34281912,,unclear
ST06440,D02077,BM00967,30289966,,unclear
ST06441,D02077,BM00967,26577700,,unclear
ST06442,D02077,BM00967,23674493,,unclear
ST06443,D02077,BM00967,26645196,,unclear
ST06444,D02077,BM00967,26117819,,unclear
ST06445,D02072,BM00967,26577700,,unclear
ST06446,D02072,BM00967,23674493,,unclear
ST06447,D02072,BM00967,26504226,,unclear
ST06448,D02067,BM00967,38854737,,unclear
ST06449,D02067,BM00967,36900375,,unclear
ST06450,D01683,BM00967,33926917,,unclear
ST06451,D01683,BM00967,30742119,,unclear
ST06452,D01683,BM00967,26645196,,unclear
ST06453,D01325,BM00967,35705814,,unclear
ST06454,D01325,BM00967,37980367,,unclear
ST06455,D01325,BM00967,34281912,,unclear
ST06456,D01325,BM00967,25544636,,unclear
ST06457,D00453,BM00967,27186432,,unclear
ST06458,D05852,BM00967,32737157,,unclear
ST06459,D00416,BM00967,38854737,,unclear
ST06460,D00416,BM00967,31980996,,unclear
ST06461,D00416,BM00967,29051322,,unclear
ST06462,D00416,BM00967,27196754,,unclear
ST06463,D00416,BM00967,24265153,,unclear
ST06464,D00416,BM00967,27048951,,unclear
ST06465,D02165,BM00967,27974663,,unclear
ST06466,D05853,BM00967,24100628,,unclear
ST06467,D01749,BM00967,26921394,,unclear
ST06468,D00705,BM00967,20447721,,unclear
ST06469,D00705,BM00967,30926065,,unclear
ST06470,D02070,BM00967,26577700,,unclear
ST06471,D05736,BM00967,21750219,,unclear
ST06472,D02056,BM00967,30592991,,unclear
ST06473,D02056,BM00967,32205017,,unclear
ST06474,D02036,BM00967,9661880,,unclear
ST06475,D02036,BM00967,22693356,,unclear
ST06476,D02029,BM00967,29100343,,unclear
ST06477,D03641,BM00967,12546364,,unclear
ST06478,D01797,BM00967,30373752,,unclear
ST06479,D01797,BM00967,27213589,,unclear
ST06480,D05779,BM00967,22781553,,unclear
ST06481,D01920,BM00967,32376656,,unclear
ST06482,D01920,BM00967,23565244,,unclear
ST06483,D05802,BM00967,30003928,,unclear
ST06484,D01657,BM00967,26474387,,unclear
ST06485,D00393,BM00967,37906695,,unclear
ST06486,D00349,BM00967,25372392,,unclear
ST06487,D00349,BM00967,30592991,,unclear
ST06488,D00349,BM00967,32205017,,unclear
ST06489,D02087,BM00967,28178345,,unclear
ST06490,D05762,BM00967,30858154,,unclear
ST06491,D00458,BM00967,36241868,,unclear
ST06492,D00458,BM00967,32669708,,unclear
ST06493,D00458,BM00967,30858154,,unclear
ST06494,D00458,BM00967,31841354,,unclear
ST06495,D00458,BM00967,26910118,,unclear
ST06496,D00458,BM00967,22294718,,unclear
ST06497,D05854,BM00967,27486174,,unclear
ST06498,D02010,BM00967,24265153,,unclear
ST06499,D02291,BM00967,24162827,,unclear
ST06500,D01766,BM00967,39199558,,unclear
ST06501,D01766,BM00967,37883723,,unclear
ST06502,D01766,BM00967,31841354,,unclear
ST06503,D01766,BM00967,28961834,,unclear
ST06504,D01766,BM00967,28800861,,unclear
ST06505,D01766,BM00967,25637314,,unclear
ST06506,D01766,BM00967,25833835,,unclear
ST06507,D05765,BM00967,32439931,,unclear
ST06508,D03624,BM00967,26839307,,unclear
ST06509,D00396,BM00967,39143272,,unclear
ST06510,D00396,BM00967,37535883,,unclear
ST06511,D00396,BM00967,36900375,,unclear
ST06512,D00396,BM00967,35165399,,unclear
ST06513,D00396,BM00967,32399016,,unclear
ST06514,D00396,BM00967,31335987,,unclear
ST06515,D00396,BM00967,30327302,,unclear
ST06516,D00396,BM00967,28330462,,unclear
ST06517,D00396,BM00967,21358673,,unclear
ST06518,D00396,BM00967,22473592,,unclear
ST06519,D00396,BM00967,26951309,,unclear
ST06520,D00396,BM00967,22662154,,unclear
ST06521,D00396,BM00967,20664172,,unclear
ST06522,D00403,BM00967,24265152,,unclear
ST06523,D05769,BM00967,20797855,,unclear
ST06524,D05790,BM00967,26058079,,unclear
ST06525,D02012,BM00967,39143272,,unclear
ST06526,D01798,BM00967,38356955,,unclear
ST06527,D01798,BM00967,33926917,,unclear
ST06528,D01798,BM00967,30742119,,unclear
ST06529,D01798,BM00967,26645196,,unclear
ST06530,D01354,BM00967,30266815,,unclear
ST06531,D01354,BM00967,28685070,,unclear
ST06532,D03340,BM00967,37377403,,unclear
ST06533,D02106,BM00967,31594766,,unclear
ST06534,D02106,BM00967,30093452,,unclear
ST06535,D02106,BM00967,27020857,,unclear
ST06536,D05855,BM00967,32737157,,unclear
ST06537,D03693,BM00967,27638506,,unclear
ST06538,D05787,BM00967,37980367,,unclear
ST06539,D02147,BM00967,27196754,,unclear
ST06540,D02147,BM00967,24387221,,unclear
ST06541,D01326,BM00967,38854737,,unclear
ST06542,D01326,BM00967,35705814,,unclear
ST06543,D01326,BM00967,36322002,,unclear
ST06544,D02114,BM00967,31839416,,unclear
ST06545,D05767,BM00967,26177599,,unclear
ST06546,D05441,BM00967,31776899,,unclear
ST06547,D05801,BM00967,28750271,,unclear
ST06548,D05782,BM00967,28446642,,unclear
ST06549,D02055,BM00967,36900375,,unclear
ST06550,D02055,BM00967,32376656,,unclear
ST06551,D02055,BM00967,30289966,,unclear
ST06552,D02055,BM00967,32864625,,unclear
ST06553,D02055,BM00967,30093452,,unclear
ST06554,D02055,BM00967,28119489,,unclear
ST06555,D02055,BM00967,27604488,,unclear
ST06556,D02055,BM00967,26577700,,unclear
ST06557,D02055,BM00967,25544636,,unclear
ST06558,D02055,BM00967,25409150,,unclear
ST06559,D02055,BM00967,26504226,,unclear
ST06560,D01234,BM00967,25372392,,unclear
ST06561,D02143,BM00967,39152269,,unclear
ST06562,D02143,BM00967,30289966,,unclear
ST06563,D02143,BM00967,28808038,,unclear
ST06564,D02143,BM00967,28119489,,unclear
ST06565,D02143,BM00967,26058079,,unclear
ST06566,D02143,BM00967,26733612,,unclear
ST06567,D02143,BM00967,19276360,,unclear
ST06568,D02143,BM00967,24265153,,unclear
ST06569,D02143,BM00967,26577700,,unclear
ST06570,D02143,BM00967,27020857,,unclear
ST06571,D02143,BM00967,9661880,,unclear
ST06572,D02143,BM00967,22693356,,unclear
ST06573,D02143,BM00967,23136191,,unclear
ST06574,D02111,BM00967,31056399,,unclear
ST06575,D02111,BM00967,29051322,,unclear
ST06576,D01927,BM00967,32737157,,unclear
ST06577,D01927,BM00967,25910950,,unclear
ST06578,D01328,BM00967,34246347,,unclear
ST06579,D01328,BM00967,30037818,,unclear
ST06580,D03344,BM00967,28119489,,unclear
ST06581,D02026,BM00967,38854737,,unclear
ST06582,D00394,BM00967,14737113,,unclear
ST06583,D00394,BM00967,21325073,,unclear
ST06584,D00394,BM00967,17314276,,unclear
ST06585,D02594,BM00967,32864625,,unclear
ST06586,D00419,BM00967,32439931,,unclear
ST06587,D00455,BM00967,31594766,,unclear
ST06588,D00455,BM00967,30266815,,unclear
ST06589,D00455,BM00967,32439931,,unclear
ST06590,D00455,BM00967,30858154,,unclear
ST06591,D00455,BM00967,31277699,,unclear
ST06592,D00455,BM00967,28178345,,unclear
ST06593,D00455,BM00967,21289267,,unclear
ST06594,D00455,BM00967,26187616,,unclear
ST06595,D01904,BM00967,23810788,,unclear
ST06596,D02052,BM00967,28178345,,unclear
ST06597,D02151,BM00967,39145064,,unclear
ST06598,D02151,BM00967,31594766,,unclear
ST06599,D05803,BM00967,21673091,,unclear
ST06600,D05794,BM00967,39199558,,unclear
ST06601,D01324,BM00967,38854737,,unclear
ST06602,D01324,BM00967,26206338,,unclear
ST06603,D01324,BM00967,26577700,,unclear
ST06604,D00438,BM00967,38854737,,unclear
ST06605,D00438,BM00967,32388065,,unclear
ST06606,D00438,BM00967,35705814,,unclear
ST06607,D00438,BM00967,31980996,,unclear
ST06608,D02025,BM00967,26272063,,unclear
ST06609,D01346,BM00967,25910950,,unclear
ST06610,D05791,BM00967,23705826,,unclear
ST06611,D01986,BM00967,30592991,,unclear
ST06612,D01986,BM00967,32205017,,unclear
ST06613,D01986,BM00967,24100628,,unclear
ST06614,D02163,BM00967,39145064,,unclear
ST06615,D02163,BM00967,38854737,,unclear
ST06616,D02163,BM00967,26577700,,unclear
ST06617,D05789,BM00967,27699769,,unclear
ST06618,D05785,BM00967,20371716,,unclear
ST06619,D02138,BM00967,27974663,,unclear
ST06620,D02138,BM00967,26272063,,unclear
ST06621,D02138,BM00967,25261369,,unclear
ST06622,D03954,BM00967,27974663,,unclear
ST06623,D03652,BM00967,32205017,,unclear
ST06624,D00770,BM00967,14557489,,unclear
ST06625,D05741,BM00967,23270925,,unclear
ST06626,D03620,BM00967,39298693,,unclear
ST06627,D03620,BM00967,31880826,,unclear
ST06628,D03620,BM00967,27439478,,unclear
ST06629,D05743,BM00967,36913051,,unclear
ST06630,D05743,BM00967,21558396,,unclear
ST06631,D00432,BM00967,25833835,,unclear
ST06632,D02156,BM00967,38356955,,unclear
ST06633,D02148,BM00967,29100343,,unclear
ST06634,D01917,BM00967,32376656,,unclear
ST06635,D01917,BM00967,28945226,,unclear
ST06636,D05856,BM00967,32737157,,unclear
ST06637,D03627,BM00967,26951309,,unclear
ST06638,D01911,BM00967,39085400,,unclear
ST06639,D01911,BM00967,25946202,,unclear
ST06640,D01911,BM00967,23881923,,unclear
ST06641,D02233,BM00967,27213589,,unclear
ST06642,D03578,BM00967,25700704,,unclear
ST06643,D03587,BM00967,22693356,,unclear
ST06644,D00548,BM00967,20447721,,unclear
ST06645,D00548,BM00967,39199558,,unclear
ST06646,D00548,BM00967,28961834,,unclear
ST06647,D02032,BM00967,21358673,,unclear
ST06648,D02006,BM00967,26577700,,unclear
ST06649,D02006,BM00967,23674493,,unclear
ST06650,D00414,BM00967,32439931,,unclear
ST06651,D00414,BM00967,30858154,,unclear
ST06652,D00414,BM00967,26469692,,unclear
ST06653,D03608,BM00967,32376656,,unclear
ST06654,D03608,BM00967,31534012,,unclear
ST06655,D03608,BM00967,26589432,,unclear
ST06656,D05797,BM00967,21191045,,unclear
ST06657,D02094,BM00967,38854737,,unclear
ST06658,D05737,BM00967,24634413,,unclear
ST06659,D05737,BM00967,18172313,,unclear
ST06660,D02040,BM00967,29100343,,unclear
ST06661,D02141,BM00967,21358673,,unclear
ST06662,D02141,BM00967,27196754,,unclear
ST06663,D05858,BM00967,27199435,,unclear
ST06664,D00441,BM00967,31594766,,unclear
ST06665,D00441,BM00967,26733612,,unclear
ST06666,D05859,BM00967,25870146,,unclear
ST06667,D03586,BM00967,39152269,,unclear
ST06668,D03586,BM00967,36241868,,unclear
ST06669,D03586,BM00967,30289966,,unclear
ST06670,D03586,BM00967,25544636,,unclear
ST06671,D03586,BM00967,25514658,,unclear
ST06672,D01024,BM00967,28750271,,unclear
ST06673,D05862,BM00967,25833835,,unclear
ST06674,D04714,BM00967,26474387,,unclear
ST06675,D02019,BM00967,19276360,,unclear
ST06676,D02221,BM00967,29100343,,unclear
ST06677,D02068,BM00967,23039341,,unclear
ST06678,D01237,BM00967,39145064,,unclear
ST06679,D01237,BM00967,30926065,,unclear
ST06680,D02041,BM00967,38356955,,unclear
ST06681,D02041,BM00967,35165399,,unclear
ST06682,D02041,BM00967,31335987,,unclear
ST06683,D02041,BM00967,28961834,,unclear
ST06684,D02041,BM00967,27016228,,unclear
ST06685,D05748,BM00967,24634413,,unclear
ST06686,D02065,BM00967,30675064,,unclear
ST06687,D05863,BM00967,25870146,,unclear
ST06688,D03561,BM00967,38894678,,unclear
ST06689,D05864,BM00967,27486174,,unclear
ST06690,D03606,BM00967,27672108,,unclear
ST06691,D01353,BM00967,28446642,,unclear
ST06692,D01353,BM00967,27974663,,unclear
ST06693,D01353,BM00967,26206338,,unclear
ST06694,D01353,BM00967,22662154,,unclear
ST06695,D00395,BM00967,27872130,,unclear
ST06696,D00395,BM00967,24141624,,unclear
ST06697,D00395,BM00967,38894678,,unclear
ST06698,D00395,BM00967,30592991,,unclear
ST06699,D00395,BM00967,32205017,,unclear
ST06700,D00395,BM00967,31594766,,unclear
ST06701,D00395,BM00967,32439931,,unclear
ST06702,D00395,BM00967,30858154,,unclear
ST06703,D00395,BM00967,28800861,,unclear
ST06704,D00395,BM00967,34246347,,unclear
ST06705,D00395,BM00967,30037818,,unclear
ST06706,D05642,BM00967,36241868,,unclear
ST06707,D05642,BM00967,32737157,,unclear
ST06708,D04741,BM00967,36322002,,unclear
ST06709,D01653,BM00962,24524217,,unclear
ST06710,D05209,BM00962,24524217,,unclear
ST06711,D01615,BM00968,10387044,,unclear
ST06712,D02287,BM00977,15012988,,unclear
ST06713,D01060,BM00977,8972557,,unclear
ST06714,D00037,BM00977,10731548,,unclear
ST06715,D00088,BM00977,1713254,,unclear
ST06716,D03722,BM00977,12007880,,unclear
ST06717,D03354,BM00977,15012988,,unclear
ST06718,D05871,BM00977,24997687,,unclear
ST06719,D00349,BM00977,15206578,,unclear
ST06720,D05595,BM00977,1713254,,unclear
ST06721,D01789,BM00977,9473774,,unclear
ST06722,D02434,BM00977,8043862,,unclear
ST06723,D00048,BM00977,12633939,,unclear
ST06724,D01073,BM00977,17063711,,unclear
ST06725,D02290,BM00977,10325261,,unclear
ST06726,D05875,BM00977,11944912,,unclear
ST06727,D02184,BM00969,19602986,,unclear
ST06728,D01234,BM00969,19219602,,unclear
ST06729,D00391,BM00969,24116192,,unclear
ST06730,D05886,BM00969,19602986,,unclear
ST06731,D04383,BM00969,19602986,,unclear
ST06732,D00642,BM00969,19172146,,unclear
ST06733,D00642,BM00969,16480277,,unclear
ST06734,D00642,BM00969,21775152,,unclear
ST06735,D00642,BM00969,25453792,,unclear
ST06736,D00473,BM00969,9784154,,unclear
ST06737,D03722,BM00969,17159912,,unclear
ST06738,D00689,BM00969,15243281,,unclear
ST06739,D05897,BM00969,19602986,,unclear
ST06740,D00982,BM00969,19602986,,unclear
ST06741,D00982,BM00969,16678543,,unclear
ST06742,D04139,BM00969,15657353,,unclear
ST06743,D05905,BM00969,19602986,,unclear
ST06744,D00090,BM00969,19602986,,unclear
ST06745,D00090,BM00969,20684598,,unclear
ST06746,D00090,BM00969,22818041,,unclear
ST06747,D00090,BM00969,24697244,,unclear
ST06748,D02300,BM00969,16081063,,unclear
ST06749,D01764,BM00969,24920381,,unclear
ST06750,D05919,BM00969,20143779,,unclear
ST06751,D05929,BM00969,15150618,,unclear
ST06752,D05572,BM00969,24920381,,unclear
ST06753,D01224,BM00969,20548327,,unclear
ST06754,D01986,BM00969,19219602,,unclear
ST06755,D02112,BM00969,14963695,,unclear
ST06756,D05935,BM00969,10075763,,unclear
ST06757,D00036,BM00969,10999939,,unclear
ST06758,D02535,BM00969,19602986,,unclear
ST06759,D05937,BM00969,22822908,,unclear
ST06760,D05939,BM00969,20143779,,unclear
ST06761,D05945,BM00969,19602986,,unclear
ST06762,D05945,BM00969,20143779,,unclear
ST06763,D05948,BM00970,24672186,,unclear
ST06764,D00630,BM00974,23957426,,unclear
ST06765,D01118,BM00974,20655236,,unclear
ST06766,D05955,BM00974,19007293,,unclear
ST06767,D00183,BM00981,22920393,,unclear
ST06768,D01653,BM00963,24524217,,unclear
ST06769,D05209,BM00963,24524217,,unclear
ST06770,D00778,BM00963,24321833,,unclear
ST06771,D00778,BM00963,18801655,,unclear
ST06772,D01653,BM00964,24524217,,unclear
ST06773,D05209,BM00964,24524217,,unclear
ST06774,D00390,BM01000,17001699,,unclear
ST06775,D00389,BM01000,17001699,,unclear
ST06776,D01704,BM01000,18702457,,unclear
ST06777,D01704,BM01000,19216008,,unclear
ST06778,D05966,BM01000,19239230,,unclear
ST06779,D01687,BM01000,18951029,,unclear
ST06780,D05968,BM00994,19527032,,unclear
ST06781,D02765,BM00994,29517418,,unclear
ST06782,D05969,BM00994,19527032,,unclear
ST06783,D05970,BM00994,19527032,,unclear
ST06784,D05972,BM00994,19527032,,unclear
ST06785,D00184,BM00993,28694205,,unclear
ST06786,D02084,BM00993,28694205,,unclear
ST06787,D05277,BM00993,28694205,,unclear
ST06788,D00152,BM00993,28694205,,unclear
ST06789,D01719,BM00993,28694205,,unclear
ST06790,D05973,BM00993,28694205,,unclear
ST06791,D05974,BM00993,28694205,,unclear
ST06792,D00183,BM00993,28694205,,unclear
ST06793,D05975,BM00993,28694205,,unclear
ST06794,D00157,BM00993,28694205,,unclear
ST06795,D00111,BM00993,28694205,,unclear
ST06796,D04644,BM01006,16034410,,unclear
ST06797,D00959,BM01006,21591606,,unclear
ST06798,D00959,BM01006,16034410,,unclear
ST06799,D02388,BM01004,22237022,,unclear
ST06800,D02106,BM01004,22711607,,unclear
ST06801,D02106,BM01004,27488531,,unclear
ST06802,D02106,BM01004,26649278,,unclear
ST06803,D02106,BM01004,30635336,,unclear
ST06804,D02106,BM01004,30206110,,unclear
ST06805,D02106,BM01004,33727260,,unclear
ST06806,D02106,BM01004,33947696,,unclear
ST06807,D02106,BM01004,20354191,,unclear
ST06808,D02106,BM01004,29236940,,unclear
ST06809,D02106,BM01004,27012813,,unclear
ST06810,D02106,BM01004,27020857,,unclear
ST06811,D00432,BM01004,26826116,,unclear
ST06812,D05976,BM01004,21515735,,unclear
ST06813,D02143,BM01004,27020857,,unclear
ST06814,D05977,BM01004,26603261,,unclear
ST06815,D02151,BM01004,24795392,,unclear
ST06816,D02151,BM01004,31285369,,unclear
ST06817,D02151,BM01004,27542767,,unclear
ST06818,D02151,BM01004,29236940,,unclear
ST06819,D05978,BM01004,30724426,,unclear
ST06820,D05979,BM01004,22237022,,unclear
ST06821,D00441,BM01004,29236940,,unclear
ST06822,D05980,BM01004,26826116,,unclear
ST06823,D00390,BM01004,7521842,,unclear
ST06824,D01766,BM01004,30635336,,unclear
ST06825,D01326,BM01004,27488531,,unclear
ST06826,D00416,BM01004,33947696,,unclear
ST06827,D02031,BM01004,18483379,,unclear
ST06828,D02031,BM01004,23498719,,unclear
ST06829,D01752,BM01004,18483379,,unclear
ST06830,D01752,BM01004,23498719,,unclear
ST06831,D01329,BM01004,37967200,,unclear
ST06832,D02098,BM01004,28285684,,unclear
ST06833,D05982,BM01004,34359608,,unclear
ST06834,D01354,BM01004,23454836,,unclear
ST06835,D01354,BM01004,1689463,,unclear
ST06836,D01354,BM01004,21468343,,unclear
ST06837,D02594,BM01004,29236940,,unclear
ST06838,D04128,BM01004,38315003,,unclear
ST06839,D02018,BM01004,38315003,,unclear
ST06840,D03911,BM01004,37014264,,unclear
ST06841,D02276,BM01004,38315003,,unclear
ST06842,D02276,BM01004,21417417,,unclear
ST06843,D05983,BM01004,17121911,,unclear
ST06844,D01852,BM01004,38315003,,unclear
ST06845,D02036,BM01004,18483379,,unclear
ST06846,D02036,BM01004,23498719,,unclear
ST06847,D01433,BM00985,90445,,unclear
ST06848,D00770,BM00985,6410156,,unclear
ST06849,D02290,BM00985,3868029,,unclear
ST06850,D05984,BM00985,3868029,,unclear
ST06851,D01771,BM00985,7199610,,unclear
ST06852,D00012,BM00985,7246081,,unclear
ST06853,D00431,BM00984,11581207,,unclear
ST06854,D01750,BM00984,9590268,,unclear
ST06855,D02316,BM00984,14576084,,unclear
ST06856,D05985,BM00984,18989950,,unclear
ST06857,D01748,BM00983,9133585,,unclear
ST06858,D03519,BM00992,16423831,,unclear
ST06859,D00104,BM01011,9930932,,unclear
ST06860,D05986,BM01011,9564847,,unclear
ST06861,D01748,BM01013,9024308,,unclear
ST06862,D01238,BM01019,25069475,,unclear
ST06863,D00349,BM01019,25069475,,unclear
ST06864,D02056,BM01019,25069475,,unclear
ST06865,D01030,BM01020,23166513,,unclear
ST06866,D00969,BM01020,22093759,,unclear
ST06867,D05993,BM01020,22093759,,unclear
ST06868,D01786,BM01020,23166513,,unclear
ST06869,D02221,BM01017,16849418,,unclear
ST06870,D02221,BM01017,19255327,,unclear
ST06871,D02221,BM01017,20943719,,unclear
ST06872,D02221,BM01017,20065189,,unclear
ST06873,D02221,BM01017,21422803,,unclear
ST06874,D02221,BM01017,9839497,,unclear
ST06875,D02221,BM01017,22025146,,unclear
ST06876,D02221,BM01017,20847059,,unclear
ST06877,D02221,BM01017,32312893,,unclear
ST06878,D02221,BM01017,31105270,,unclear
ST06879,D02221,BM01017,18073307,,unclear
ST06880,D02221,BM01017,21470995,,unclear
ST06881,D02221,BM01017,23056499,,unclear
ST06882,D02221,BM01017,11351254,,unclear
ST06883,D02221,BM01017,21455200,,unclear
ST06884,D02221,BM01017,18541894,,unclear
ST06885,D02221,BM01017,20368568,,unclear
ST06886,D02221,BM01017,25157968,,unclear
ST06887,D02221,BM01017,9681850,,unclear
ST06888,D02221,BM01017,28447912,,unclear
ST06889,D01361,BM01017,12123817,,unclear
ST06890,D05132,BM01017,37535881,,unclear
ST06891,D05132,BM01017,36416226,,unclear
ST06892,D05132,BM01017,39232586,,unclear
ST06893,D05132,BM01017,31549998,,unclear
ST06894,D05132,BM01017,32846061,,unclear
ST06895,D05132,BM01017,38807655,,unclear
ST06896,D05132,BM01017,35491008,,unclear
ST06897,D05132,BM01017,32284345,,unclear
ST06898,D05132,BM01017,37922409,,unclear
ST06899,D05132,BM01017,38438731,,unclear
ST06900,D05132,BM01017,29912274,,unclear
ST06901,D05132,BM01017,38127829,,unclear
ST06902,D05132,BM01017,36108661,,unclear
ST06903,D05132,BM01017,38661071,,unclear
ST06904,D05132,BM01017,32923911,,unclear
ST06905,D05132,BM01017,36166639,,unclear
ST06906,D05132,BM01017,38647958,,unclear
ST06907,D05132,BM01017,35616103,,unclear
ST06908,D05132,BM01017,38378752,,unclear
ST06909,D05132,BM01017,33154983,,unclear
ST06910,D05132,BM01017,33161056,,unclear
ST06911,D05132,BM01017,38844796,,unclear
ST06912,D05132,BM01017,31988000,,unclear
ST06913,D05132,BM01017,37972337,,unclear
ST06914,D05132,BM01017,36872130,,unclear
ST06915,D05132,BM01017,36075388,,unclear
ST06916,D05132,BM01017,35304457,,unclear
ST06917,D05132,BM01017,32846060,,unclear
ST06918,D02033,BM01017,30017832,,unclear
ST06919,D02033,BM01017,23526464,,unclear
ST06920,D02033,BM01017,33795352,,unclear
ST06921,D02033,BM01017,25122427,,unclear
ST06922,D02033,BM01017,23811235,,unclear
ST06923,D01859,BM01017,19035792,,unclear
ST06924,D02174,BM01017,16849418,,unclear
ST06925,D01346,BM01017,37535881,,unclear
ST06926,D01346,BM01017,19255327,,unclear
ST06927,D01346,BM01017,27803005,,unclear
ST06928,D01346,BM01017,20943719,,unclear
ST06929,D01346,BM01017,28209747,,unclear
ST06930,D01346,BM01017,20065189,,unclear
ST06931,D01346,BM01017,24433361,,unclear
ST06932,D01346,BM01017,29912274,,unclear
ST06933,D01346,BM01017,25122427,,unclear
ST06934,D01346,BM01017,21422803,,unclear
ST06935,D01346,BM01017,9839497,,unclear
ST06936,D01346,BM01017,19029224,,unclear
ST06937,D01346,BM01017,22025146,,unclear
ST06938,D01346,BM01017,20847059,,unclear
ST06939,D01346,BM01017,15184865,,unclear
ST06940,D01346,BM01017,18073307,,unclear
ST06941,D01346,BM01017,21470995,,unclear
ST06942,D01346,BM01017,23056499,,unclear
ST06943,D01346,BM01017,11351254,,unclear
ST06944,D01346,BM01017,21455200,,unclear
ST06945,D01346,BM01017,27683183,,unclear
ST06946,D01346,BM01017,38207224,,unclear
ST06947,D01346,BM01017,18541894,,unclear
ST06948,D01346,BM01017,20368568,,unclear
ST06949,D01346,BM01017,25157968,,unclear
ST06950,D01346,BM01017,9681850,,unclear
ST06951,D01346,BM01017,28447912,,unclear
ST06952,D05996,BM01017,33795352,,unclear
ST06953,D00012,BM01017,10947080,,unclear
ST06954,D02281,BM01017,16203990,,unclear
ST06955,D06000,BM01017,23056499,,unclear
ST06956,D05131,BM01017,36416226,,unclear
ST06957,D05131,BM01017,39241296,,unclear
ST06958,D05131,BM01017,31549998,,unclear
ST06959,D05131,BM01017,34118198,,unclear
ST06960,D05131,BM01017,35491008,,unclear
ST06961,D05131,BM01017,32284345,,unclear
ST06962,D05131,BM01017,35689816,,unclear
ST06963,D05131,BM01017,38127829,,unclear
ST06964,D05131,BM01017,33795352,,unclear
ST06965,D05131,BM01017,29657135,,unclear
ST06966,D05131,BM01017,34118197,,unclear
ST06967,D05131,BM01017,35962206,,unclear
ST06968,D05131,BM01017,36166639,,unclear
ST06969,D05131,BM01017,36053791,,unclear
ST06970,D05131,BM01017,36872130,,unclear
ST06971,D05131,BM01017,36379124,,unclear
ST06972,D02040,BM01017,21170960,,unclear
ST06973,D06002,BM01017,38378752,,unclear
ST06974,D04357,BM01017,15302866,,unclear
ST06975,D06003,BM01017,39489747,,unclear
ST06976,D02148,BM01017,12490842,,unclear
ST06977,D01880,BM01017,25103625,,unclear
ST06978,D01326,BM01017,33795352,,unclear
ST06979,D00398,BM01017,33795352,,unclear
ST06980,D01435,BM01017,7867726,,unclear
ST06981,D02030,BM01017,30487236,,unclear
ST06982,D02030,BM01017,28011461,,unclear
ST06983,D02030,BM01017,33795352,,unclear
ST06984,D00390,BM01017,7867726,,unclear
ST06985,D00396,BM01017,26294908,,unclear
ST06986,D00396,BM01017,29912274,,unclear
ST06987,D00396,BM01017,27683183,,unclear
ST06988,D01631,BM01017,12490842,,unclear
ST06989,D02610,BM01017,37535881,,unclear
ST06990,D02610,BM01017,31549998,,unclear
ST06991,D02610,BM01017,27525386,,unclear
ST06992,D02610,BM01017,35491008,,unclear
ST06993,D02610,BM01017,30446652,,unclear
ST06994,D02610,BM01017,27825636,,unclear
ST06995,D02610,BM01017,33154983,,unclear
ST06996,D02610,BM01017,28447912,,unclear
ST06997,D02610,BM01017,23705946,,unclear
ST06998,D01797,BM01017,21551259,,unclear
ST06999,D01797,BM01017,28362716,,unclear
ST07000,D01797,BM01017,18849971,,unclear
ST07001,D01797,BM01017,16507829,,unclear
ST07002,D01797,BM01017,17664273,,unclear
ST07003,D01797,BM01017,20368568,,unclear
ST07004,D01865,BM01017,19035792,,unclear
ST07005,D02060,BM01017,30017832,,unclear
ST07006,D02060,BM01017,27544060,,unclear
ST07007,D02042,BM01017,25295214,,unclear
ST07008,D06009,BM01017,37743366,,unclear
ST07009,D03370,BM01017,7867726,,unclear
ST07010,D06012,BM01016,18794727,,unclear
ST07011,D00041,BM01016,21261619,,unclear
ST07012,D06020,BM01016,25893478,,unclear
ST07013,D03652,BM01030,20038957,,unclear
ST07014,D02614,BM01030,20038957,,unclear
ST07015,D00087,BM00675,11493465,,unclear
ST07016,D01971,BM00675,8630412,,unclear
ST07017,D01134,BM00675,15161018,,unclear
ST07018,D01606,BM01036,19047159,,unclear
ST07019,D02348,BM01054,26063633,,unclear
ST07020,D02535,BM01044,1729367,,unclear
ST07021,D02405,BM01044,1717568,,unclear
ST07022,D01238,BM01037,17372756,,unclear
ST07023,D02056,BM01037,17372756,,unclear
ST07024,D03155,BM01052,11162472,,unclear
ST07025,D00392,BM01052,12538081,,unclear
ST07026,D04644,BM01052,15855323,,unclear
ST07027,D01722,BM01052,6148915,,unclear
ST07028,D04467,BM01055,23788015,,unclear
ST07029,D04319,BM01055,23788015,,unclear
ST07030,D01468,BM01056,11333985,,unclear
ST07031,D01713,BM01042,6947252,,unclear
ST07032,D02560,BM01042,14583344,,unclear
ST07033,D01736,BM01074,8070597,,unclear
ST07034,D02148,BM01081,21962576,,unclear
ST07035,D02560,BM01083,1386745,,unclear
ST07036,D06093,BM01064,20508165,,unclear
ST07037,D02056,BM01062,24980946,,unclear
ST07038,D00349,BM01062,24980946,,unclear
ST07039,D01234,BM01062,24980946,,unclear
ST07040,D06093,BM01062,20508165,,unclear
ST07041,D01986,BM01062,24980946,,unclear
ST07042,D00087,BM01073,26230641,,unclear
ST07043,D01134,BM01073,26230641,,unclear
ST07044,D02316,BM01078,9714184,,unclear
ST07045,D06107,BM01078,8567753,,unclear
ST07046,D01468,BM01072,8136018,,unclear
ST07047,D00320,BM01072,8136018,,unclear
ST07048,D00548,BM01072,31616045,,unclear
ST07049,D01024,BM01072,31616045,,unclear
ST07050,D05672,BM01076,16075920,,unclear
ST07051,D01614,BM01076,15070972,,unclear
ST07052,D05404,BM01076,1368117,,unclear
ST07053,D06111,BM01076,11041123,,unclear
ST07054,D02454,BM01076,11410822,,unclear
ST07055,D02765,BM01076,8635147,,unclear
ST07056,D06113,BM01076,11486117,,unclear
ST07057,D01072,BM01076,12385861,,unclear
ST07058,D00389,BM01076,8498603,,unclear
ST07059,D01056,BM01076,18794724,,unclear
ST07060,D01413,BM01076,36277691,,unclear
ST07061,D06114,BM01076,10712415,,unclear
ST07062,D02402,BM01076,8392873,,unclear
ST07063,D01756,BM01076,7482412,,unclear
ST07064,D06115,BM01076,8888658,,unclear
ST07065,D06116,BM01076,17276980,,unclear
ST07066,D02261,BM01076,16452499,,unclear
ST07067,D06117,BM01076,12745658,,unclear
ST07068,D00041,BM01076,11836266,,unclear
ST07069,D01626,BM01076,8260700,,unclear
ST07070,D01767,BM01076,14619570,,unclear
ST07071,D06118,BM01076,16391860,,unclear
ST07072,D04100,BM01076,18794724,,unclear
ST07073,D00101,BM01076,2537681,,unclear
ST07074,D03313,BM01076,9152782,,unclear
ST07075,D06109,BM01076,17057417,,unclear
ST07076,D00012,BM01076,18285546,,unclear
ST07077,D01698,BM01076,9869165,,unclear
ST07078,D03651,BM01076,16444429,,unclear
ST07079,D01899,BM01076,18794724,,unclear
ST07080,D00100,BM01110,29999516,,unclear
ST07081,D02560,BM01109,1722397,,unclear
ST07082,D00104,BM01099,12814351,,unclear
ST07083,D00412,BM01099,11277764,,unclear
ST07084,D01049,BM01099,15727913,,unclear
ST07085,D01749,BM01095,20859243,,unclear
ST07086,D01749,BM01095,25920679,,unclear
ST07087,D01749,BM01095,22722338,,unclear
ST07088,D06168,BM01095,10632359,,unclear
ST07089,D06168,BM01095,11783015,,unclear
ST07090,D01056,BM01095,15121658,,unclear
ST07091,D00319,BM01092,12750164,,unclear
ST07092,D03354,BM01126,26250343,,unclear
ST07093,D02173,BM01115,17114478,,unclear
ST07094,D02173,BM01115,12668158,,unclear
ST07095,D01049,BM01115,11385113,,unclear
ST07096,D03519,BM01115,10970828,,unclear
ST07097,D01468,BM01115,9593692,,unclear
ST07098,D01468,BM01115,8615699,,unclear
ST07099,D02481,BM01120,23133602,,unclear
ST07100,D02229,BM01120,23133602,,unclear
ST07101,D00783,BM01120,23133602,,unclear
ST07102,D02316,BM01120,15939448,,unclear
ST07103,D01865,BM01114,19035792,,unclear
ST07104,D00083,BM01122,25330300,,unclear
ST07105,D04376,BM01122,35658244,,unclear
ST07106,D04376,BM01122,27019981,,unclear
ST07107,D03652,BM01122,33356548,,unclear
ST07108,D00546,BM01122,19509150,,unclear
ST07109,D00546,BM01122,33356548,,unclear
ST07110,D01766,BM01122,25495407,,unclear
ST07111,D04532,BM01122,35658244,,unclear
ST07112,D04285,BM01122,17400324,,unclear
ST07113,D01741,BM01122,17400324,,unclear
ST07114,D02084,BM01122,25372290,,unclear
ST07115,D00087,BM01122,26230641,,unclear
ST07116,D01134,BM01122,26230641,,unclear
ST07117,D00048,BM01122,12007958,,unclear
ST07118,D01865,BM01159,19035792,,unclear
ST07119,D01108,BM01150,15590895,,unclear
ST07120,D01395,BM01150,10373425,,unclear
ST07121,D00008,BM01154,15544592,,unclear
ST07122,D02280,BM01154,12576300,,unclear
ST07123,D00090,BM01154,18832692,,unclear
ST07124,D06193,BM01154,31490856,,unclear
ST07125,D00078,BM01149,25616159,,unclear
ST07126,D01865,BM01157,19035792,,unclear
ST07127,D05090,BM01152,11032398,,unclear
ST07128,D01762,BM01148,9878821,,unclear
ST07129,D01718,BM01148,15146439,,unclear
ST07130,D02299,BM01148,2874568,,unclear
ST07131,D01058,BM01148,10766345,,unclear
ST07132,D06195,BM01148,1976209,,unclear
ST07133,D02560,BM01148,7664670,,unclear
ST07134,D03313,BM01148,2864479,,unclear
ST07135,D01719,BM01148,2888503,,unclear
ST07136,D00047,BM01148,6108875,,unclear
ST07137,D02084,BM01148,1972258,,unclear
ST07138,D06196,BM01148,6129560,,unclear
ST07139,D01779,BM01148,10211766,,unclear
ST07140,D01060,BM00860,15978615,,unclear
ST07141,D01620,BM00860,8013390,,unclear
ST07142,D01784,BM00860,11274264,,unclear
ST07143,D06197,BM00860,12118914,,unclear
ST07144,D01435,BM00860,12009309,,unclear
ST07145,D01732,BM00860,12009309,,unclear
ST07146,D03657,BM00860,21396799,,unclear
ST07147,D02187,BM00860,16103732,,unclear
ST07148,D03373,BM00860,9224725,,unclear
ST07149,D01365,BM00860,11818502,,unclear
ST07150,D00390,BM00860,9224725,,unclear
ST07151,D02536,BM00860,21396799,,unclear
ST07152,D00406,BM00860,14703434,,unclear
ST07153,D02174,BM00860,12176960,,unclear
ST07154,D01373,BM01183,7589163,,unclear
ST07155,D00036,BM01183,1385733,,unclear
ST07156,D01563,BM01183,3435201,,unclear
ST07157,D02023,BM01183,8632653,,unclear
ST07158,D03149,BM01186,22406116,,unclear
ST07159,D05205,BM01186,17884497,,unclear
ST07160,D00534,BM01186,22406116,,unclear
ST07161,D01194,BM01186,22406116,,unclear
ST07162,D06206,BM01164,22584460,,unclear
ST07163,D04740,BM01164,22584460,,unclear
ST07164,D02710,BM01164,22584460,,unclear
ST07165,D01091,BM01164,22584460,,unclear
ST07166,D03922,BM01177,17187013,,unclear
ST07167,D00371,BM01177,1707646,,unclear
ST07168,D04895,BM01177,14631229,,unclear
ST07169,D01177,BM01177,9677143,,unclear
ST07170,D01619,BM01177,16133581,,unclear
ST07171,D02292,BM01177,1717629,,unclear
ST07172,D00406,BM01177,9850167,,unclear
ST07173,D00220,BM01177,6166743,,unclear
ST07174,D06207,BM01177,7691947,,unclear
ST07175,D01762,BM01177,10597775,,unclear
ST07176,D01373,BM01177,2048822,,unclear
ST07177,D06208,BM01177,12495560,,unclear
ST07178,D02300,BM01177,6183051,,unclear
ST07179,D02300,BM01177,6174352,,unclear
ST07180,D00527,BM01177,1696438,,unclear
ST07181,D01142,BM01177,2887120,,unclear
ST07182,D01564,BM01177,7536308,,unclear
ST07183,D06209,BM01177,1282221,,unclear
ST07184,D01780,BM01177,2467977,,unclear
ST07185,D03821,BM01177,12495560,,unclear
ST07186,D05316,BM01177,2421032,,unclear
ST07187,D03991,BM01177,7982063,,unclear
ST07188,D06210,BM01177,7686682,,unclear
ST07189,D01053,BM01177,14706561,,unclear
ST07190,D02401,BM01177,14706561,,unclear
ST07191,D00496,BM01177,1283698,,unclear
ST07192,D00496,BM01177,9055977,,unclear
ST07193,D04313,BM01177,14623771,,unclear
ST07194,D02528,BM01177,15684503,,unclear
ST07195,D02528,BM01177,16259735,,unclear
ST07196,D02775,BM01177,9430496,,unclear
ST07197,D01614,BM01177,10529487,,unclear
ST07198,D00558,BM01189,27115882,,unclear
ST07199,D01238,BM01173,23478653,,unclear
ST07200,D00705,BM01173,23478653,,unclear
ST07201,D01773,BM01201,16962673,,unclear
ST07202,D00390,BM01201,1430209,,unclear
ST07203,D00390,BM01201,9447832,,unclear
ST07204,D00392,BM01201,15736054,,unclear
ST07205,D03072,BM01201,17063547,,unclear
ST07206,D03228,BM01201,15356428,,unclear
ST07207,D01329,BM01201,14559817,,unclear
ST07208,D01746,BM01201,8698834,,unclear
ST07209,D06213,BM01201,9016860,,unclear
ST07210,D01786,BM01201,10543307,,unclear
ST07211,D01762,BM01201,9419208,,unclear
ST07212,D00431,BM01201,10543307,,unclear
ST07213,D01765,BM01201,9223624,,unclear
ST07214,D00575,BM01211,35852914,,unclear
ST07215,D01563,BM01211,27649267,,unclear
ST07216,D06219,BM01211,22934262,,unclear
ST07217,D06221,BM01211,19477653,,unclear
ST07218,D06222,BM01211,21855334,,unclear
ST07219,D00558,BM01211,35852914,,unclear
ST07220,D04752,BM01196,12567763,,unclear
ST07221,D03072,BM01196,17407709,,unclear
ST07222,D06225,BM01196,15103051,,unclear
ST07223,D02474,BM01196,22129793,,unclear
ST07224,D03351,BM01196,10555040,,unclear
ST07225,D00391,BM01196,15049387,,unclear
ST07226,D00390,BM01196,8940178,,unclear
ST07227,D00037,BM01196,7895901,,unclear
ST07228,D01036,BM01196,1505665,,unclear
ST07229,D01238,BM01196,27160286,,unclear
ST07230,D01778,BM01196,8013389,,unclear
ST07231,D00077,BM01196,10198208,,unclear
ST07232,D00959,BM01196,8993839,,unclear
ST07233,D01618,BM01196,9649124,,unclear
ST07234,D05090,BM01196,9815590,,unclear
ST07235,D01028,BM01196,12174062,,unclear
ST07236,D01606,BM01196,8019941,,unclear
ST07237,D00044,BM01196,10203574,,unclear
ST07238,D02434,BM01196,1331122,,unclear
ST07239,D01142,BM01196,15015581,,unclear
ST07240,D01735,BM01196,9772220,,unclear
ST07241,D05597,BM01196,12005544,,unclear
ST07242,D02295,BM01196,15716710,,unclear
ST07243,D00048,BM01196,12221586,,unclear
ST07244,D00047,BM01196,19138248,,unclear
ST07245,D03719,BM01196,17093201,,unclear
ST07246,D04543,BM01196,12907346,,unclear
ST07247,D01750,BM01196,9722602,,unclear
ST07248,D03991,BM01196,18635743,,unclear
ST07249,D04731,BM01196,12142738,,unclear
ST07250,D00101,BM01196,10495776,,unclear
ST07251,D06232,BM01196,24393789,,unclear
ST07252,D00079,BM01196,16002781,,unclear
ST07253,D04995,BM01196,8381250,,unclear
ST07254,D02932,BM01196,12476040,,unclear
ST07255,D01631,BM01196,12580099,,unclear
ST07256,D01363,BM01196,9288184,,unclear
ST07257,D06234,BM01196,1313063,,unclear
ST07258,D00389,BM01196,8940178,,unclear
ST07259,D00804,BM01196,11887862,,unclear
ST07260,D00087,BM01196,12956904,,unclear
ST07261,D01474,BM01196,9608545,,unclear
ST07262,D04373,BM01196,22111603,,unclear
ST07263,D02316,BM01196,9108414,,unclear
ST07264,D02560,BM01196,17968528,,unclear
ST07265,D02290,BM01196,11498938,,unclear
ST07266,D06237,BM01196,12525389,,unclear
ST07267,D01656,BM01196,12097998,,unclear
ST07268,D00441,BM01194,17029634,,unclear
ST07269,D01466,BM01194,15792677,,unclear
ST07270,D03201,BM01194,16113783,,unclear
ST07271,D06197,BM01194,10959709,,unclear
ST07272,D00103,BM01194,15543343,,unclear
ST07273,D00093,BM01194,9851943,,unclear
ST07274,D06117,BM01194,11441984,,unclear
ST07275,D06241,BM01194,9352228,,unclear
ST07276,D00431,BM01194,7600119,,unclear
ST07277,D01468,BM01194,11150580,,unclear
ST07278,D03775,BM01194,11292191,,unclear
ST07279,D06109,BM01194,9101641,,unclear
ST07280,D00047,BM01203,25372592,,unclear
ST07281,D00111,BM01213,22920393,,unclear
ST07282,D05103,BM01205,6141799,,unclear
ST07283,D01718,BM01205,9521021,,unclear
ST07284,D06252,BM01205,6186895,,unclear
ST07285,D06253,BM01233,24135629,,unclear
ST07286,D06256,BM01222,7554404,,unclear
ST07287,D01732,BM01222,8615653,,unclear
ST07288,D00548,BM01222,31616045,,unclear
ST07289,D01784,BM01222,14565862,,unclear
ST07290,D01692,BM01222,15781526,,unclear
ST07291,D03019,BM01222,29036176,,unclear
ST07292,D03019,BM01222,22151084,,unclear
ST07293,D06259,BM01222,14686960,,unclear
ST07294,D02528,BM01222,16815316,,unclear
ST07295,D02769,BM01222,11406472,,unclear
ST07296,D04312,BM01222,15914319,,unclear
ST07297,D06263,BM01222,16384608,,unclear
ST07298,D06264,BM01222,1375873,,unclear
ST07299,D06265,BM01222,16454812,,unclear
ST07300,D05764,BM01222,7883777,,unclear
ST07301,D01615,BM01222,10424406,,unclear
ST07302,D00081,BM01222,14608078,,unclear
ST07303,D00111,BM01222,15567770,,unclear
ST07304,D00111,BM01222,11545247,,unclear
ST07305,D02112,BM01222,9002011,,unclear
ST07306,D01797,BM01222,22736425,,unclear
ST07307,D01753,BM01222,9430255,,unclear
ST07308,D06275,BM01222,11855751,,unclear
ST07309,D00105,BM01222,16837769,,unclear
ST07310,D06276,BM01222,8354907,,unclear
ST07311,D06277,BM01222,29036176,,unclear
ST07312,D06277,BM01222,22151084,,unclear
ST07313,D05080,BM01222,18444945,,unclear
ST07314,D00080,BM01222,15379894,,unclear
ST07315,D00036,BM01222,18444945,,unclear
ST07316,D01730,BM01222,15119959,,unclear
ST07317,D06282,BM01222,12219997,,unclear
ST07318,D01624,BM01222,8491516,,unclear
ST07319,D06284,BM01222,11226652,,unclear
ST07320,D05078,BM01222,16769768,,unclear
ST07321,D05012,BM01222,16815316,,unclear
ST07322,D06285,BM01222,9402313,,unclear
ST07323,D01466,BM01222,26857559,,unclear
ST07324,D01466,BM01222,18997459,,unclear
ST07325,D06286,BM01222,12230110,,unclear
ST07326,D02946,BM01222,10075082,,unclear
ST07327,D06288,BM01222,10483872,,unclear
ST07328,D00740,BM01222,16815316,,unclear
ST07329,D02074,BM01222,29036176,,unclear
ST07330,D02074,BM01222,22151084,,unclear
ST07331,D06289,BM01222,10225849,,unclear
ST07332,D01191,BM01222,8354907,,unclear
ST07333,D01191,BM01222,10989981,,unclear
ST07334,D02416,BM01222,8250973,,unclear
ST07335,D06292,BM01222,9875508,,unclear
ST07336,D01711,BM01222,15041592,,unclear
ST07337,D02480,BM01222,20887379,,unclear
ST07338,D01625,BM01222,11294926,,unclear
ST07339,D01625,BM01222,15565432,,unclear
ST07340,D00104,BM01222,9287059,,unclear
ST07341,D00104,BM01222,16125526,,unclear
ST07342,D00095,BM01222,10022737,,unclear
ST07343,D00097,BM01222,12423426,,unclear
ST07344,D06293,BM01222,16277693,,unclear
ST07345,D02551,BM01222,16406030,,unclear
ST07346,D01024,BM01222,31616045,,unclear
ST07347,D01752,BM01232,16096370,,unclear
ST07348,D03373,BM01232,16096370,,unclear
ST07349,D00832,BM01225,21265555,,unclear
ST07350,D04970,BM01237,16309315,,unclear
ST07351,D06305,BM01237,19783445,,unclear
ST07352,D06307,BM01237,19691293,,unclear
ST07353,D06308,BM01237,21761866,,unclear
ST07354,D06309,BM01237,26211460,,unclear
ST07355,D06309,BM01237,23353750,,unclear
ST07356,D06309,BM01237,20170164,,unclear
ST07357,D06309,BM01237,24054489,,unclear
ST07358,D06309,BM01237,17658777,,unclear
ST07359,D03651,BM01237,29593529,,unclear
ST07360,D06311,BM01237,21880496,,unclear
ST07361,D01109,BM01237,8759170,,unclear
ST07362,D01631,BM01237,7769390,,unclear
ST07363,D00087,BM01237,21388138,,unclear
ST07364,D00087,BM01237,26211460,,unclear
ST07365,D00087,BM01237,22276998,,unclear
ST07366,D00087,BM01237,20170164,,unclear
ST07367,D01134,BM01237,9494516,,unclear
ST07368,D01134,BM01237,22260166,,unclear
ST07369,D01773,BM01237,11205246,,unclear
ST07370,D03925,BM01237,9426516,,unclear
ST07371,D06317,BM01237,22014547,,unclear
ST07372,D02415,BM01237,12911317,,unclear
ST07373,D00079,BM01237,9494516,,unclear
ST07374,D00079,BM01237,9485461,,unclear
ST07375,D00079,BM01237,9426516,,unclear
ST07376,D00079,BM01237,8870683,,unclear
ST07377,D00079,BM01237,8823806,,unclear
ST07378,D00079,BM01237,26216018,,unclear
ST07379,D00079,BM01237,24095018,,unclear
ST07380,D00079,BM01237,20006518,,unclear
ST07381,D00079,BM01237,23360284,,unclear
ST07382,D00079,BM01237,24507920,,unclear
ST07383,D00079,BM01237,24012683,,unclear
ST07384,D00079,BM01237,26292628,,unclear
ST07385,D00079,BM01237,18816045,,unclear
ST07386,D00079,BM01237,24931277,,unclear
ST07387,D00079,BM01237,24775914,,unclear
ST07388,D00079,BM01237,23353750,,unclear
ST07389,D00079,BM01237,25922181,,unclear
ST07390,D00079,BM01237,25240702,,unclear
ST07391,D00079,BM01237,22364746,,unclear
ST07392,D00079,BM01237,25800514,,unclear
ST07393,D00079,BM01237,20863598,,unclear
ST07394,D00079,BM01237,25799376,,unclear
ST07395,D00079,BM01237,22867097,,unclear
ST07396,D00079,BM01237,25815139,,unclear
ST07397,D00079,BM01237,21435753,,unclear
ST07398,D00079,BM01237,25941559,,unclear
ST07399,D00079,BM01237,24334150,,unclear
ST07400,D00079,BM01237,19386396,,unclear
ST07401,D00079,BM01237,18258442,,unclear
ST07402,D00079,BM01237,26291037,,unclear
ST07403,D00079,BM01237,21644529,,unclear
ST07404,D00079,BM01237,23566520,,unclear
ST07405,D00079,BM01237,19783445,,unclear
ST07406,D00079,BM01237,26264845,,unclear
ST07407,D00079,BM01237,25003995,,unclear
ST07408,D00079,BM01237,11678653,,unclear
ST07409,D00079,BM01237,23920485,,unclear
ST07410,D00079,BM01237,23968711,,unclear
ST07411,D00079,BM01237,22620261,,unclear
ST07412,D00079,BM01237,24326278,,unclear
ST07413,D00079,BM01237,19691293,,unclear
ST07414,D00079,BM01237,25945730,,unclear
ST07415,D00079,BM01237,25466187,,unclear
ST07416,D00079,BM01237,22867019,,unclear
ST07417,D00079,BM01237,16759114,,unclear
ST07418,D00079,BM01237,23711769,,unclear
ST07419,D06319,BM01237,22276998,,unclear
ST07420,D00093,BM01237,9494516,,unclear
ST07421,D06320,BM01237,19783445,,unclear
ST07422,D06321,BM01237,22867019,,unclear
ST07423,D00101,BM01237,8008235,,unclear
ST07424,D01985,BM01237,15068318,,unclear
ST07425,D01985,BM01237,14978790,,unclear
ST07426,D00349,BM01237,29593529,,unclear
ST07427,D06325,BM01237,22867097,,unclear
ST07428,D06326,BM01237,11754608,,unclear
ST07429,D06327,BM01237,22867019,,unclear
ST07430,D06330,BM01237,22014228,,unclear
ST07431,D06331,BM01237,19783445,,unclear
ST07432,D01206,BM01237,18816045,,unclear
ST07433,D01206,BM01237,19783445,,unclear
ST07434,D02992,BM01237,19725581,,unclear
ST07435,D02992,BM01237,22537681,,unclear
ST07436,D02992,BM01237,25626146,,unclear
ST07437,D02992,BM01237,19155103,,unclear
ST07438,D02992,BM01237,17911018,,unclear
ST07439,D02992,BM01237,8823806,,unclear
ST07440,D02992,BM01237,8632768,,unclear
ST07441,D02992,BM01237,8519659,,unclear
ST07442,D06341,BM01237,21391686,,unclear
ST07443,D06342,BM01237,21489802,,unclear
ST07444,D06344,BM01237,19783445,,unclear
ST07445,D06345,BM01237,11754608,,unclear
ST07446,D06347,BM01237,23266176,,unclear
ST07447,D02559,BM01237,15833037,,unclear
ST07448,D00100,BM01237,9494516,,unclear
ST07449,D06349,BM01237,11678653,,unclear
ST07450,D06351,BM01237,22119124,,unclear
ST07451,D06352,BM01237,8691207,,unclear
ST07452,D06355,BM01237,19783445,,unclear
ST07453,D06358,BM01237,20006518,,unclear
ST07454,D06359,BM01237,8691207,,unclear
ST07455,D06361,BM01237,8691207,,unclear
ST07456,D00717,BM01237,7769390,,unclear
ST07457,D00717,BM01237,8759170,,unclear
ST07458,D06363,BM01237,19783445,,unclear
ST07459,D06364,BM01237,19783445,,unclear
ST07460,D04873,BM01237,22119124,,unclear
ST07461,D06365,BM01237,20561793,,unclear
ST07462,D06366,BM01237,19783445,,unclear
ST07463,D06367,BM01237,17658777,,unclear
ST07464,D00582,BM01237,7769390,,unclear
ST07465,D00582,BM01237,8759170,,unclear
ST07466,D06374,BM01237,24326278,,unclear
ST07467,D00044,BM01237,9494516,,unclear
ST07468,D06381,BM01237,8691207,,unclear
ST07469,D01971,BM01237,9494516,,unclear
ST07470,D01971,BM01237,9426516,,unclear
ST07471,D06385,BM01237,24931277,,unclear
ST07472,D06386,BM01237,22867019,,unclear
ST07473,D00416,BM01239,28514312,,unclear
ST07474,D00416,BM01239,26343583,,unclear
ST07475,D06388,BM01239,29409053,,unclear
ST07476,D01766,BM01239,29490986,,unclear
ST07477,D01766,BM01239,32611648,,unclear
ST07478,D01766,BM01239,16459017,,unclear
ST07479,D01350,BM01239,27659046,,unclear
ST07480,D06390,BM01239,23449360,,unclear
ST07481,D06392,BM01239,18026198,,unclear
ST07482,D02858,BM01239,16680159,,unclear
ST07483,D01328,BM01239,30209161,,unclear
ST07484,D01325,BM01239,30209161,,unclear
ST07485,D06396,BM01239,28498808,,unclear
ST07486,D06397,BM01239,32945487,,unclear
ST07487,D02165,BM01239,38969011,,unclear
ST07488,D02053,BM01239,30585255,,unclear
ST07489,D03651,BM01239,29593529,,unclear
ST07490,D03651,BM01239,16243804,,unclear
ST07491,D03651,BM01239,17388661,,unclear
ST07492,D03651,BM01239,22903472,,unclear
ST07493,D01142,BM01239,16020667,,unclear
ST07494,D02072,BM01239,26563132,,unclear
ST07495,D06400,BM01239,22438244,,unclear
ST07496,D02276,BM01239,21417417,,unclear
ST07497,D02276,BM01239,22862161,,unclear
ST07498,D02276,BM01239,26826118,,unclear
ST07499,D06401,BM01239,16862141,,unclear
ST07500,D06402,BM01239,36602782,,unclear
ST07501,D01684,BM01239,17255282,,unclear
ST07502,D06403,BM01239,16680159,,unclear
ST07503,D01883,BM01239,38969011,,unclear
ST07504,D01883,BM01239,30559058,,unclear
ST07505,D01883,BM01239,26563132,,unclear
ST07506,D02610,BM01239,37940144,,unclear
ST07507,D00458,BM01239,26910118,,unclear
ST07508,D02100,BM01239,27659046,,unclear
ST07509,D03652,BM01239,21399868,,unclear
ST07510,D00705,BM01239,27550999,,unclear
ST07511,D00705,BM01239,27179933,,unclear
ST07512,D00705,BM01239,26294215,,unclear
ST07513,D00705,BM01239,25567130,,unclear
ST07514,D00705,BM01239,25964101,,unclear
ST07515,D00705,BM01239,23428903,,unclear
ST07516,D00705,BM01239,25376608,,unclear
ST07517,D00705,BM01239,26086967,,unclear
ST07518,D00705,BM01239,23839309,,unclear
ST07519,D00705,BM01239,18618574,,unclear
ST07520,D00705,BM01239,9600935,,unclear
ST07521,D00705,BM01239,8678559,,unclear
ST07522,D00705,BM01239,11812076,,unclear
ST07523,D06406,BM01239,21239882,,unclear
ST07524,D06406,BM01239,27179933,,unclear
ST07525,D06406,BM01239,22965953,,unclear
ST07526,D06406,BM01239,26086967,,unclear
ST07527,D06406,BM01239,21415220,,unclear
ST07528,D01657,BM01239,27659046,,unclear
ST07529,D01657,BM01239,26474387,,unclear
ST07530,D06409,BM01239,36602782,,unclear
ST07531,D06409,BM01239,31483066,,unclear
ST07532,D02221,BM01239,37940144,,unclear
ST07533,D02182,BM01239,12207591,,unclear
ST07534,D01624,BM01239,7790147,,unclear
ST07535,D03395,BM01239,30165392,,unclear
ST07536,D03228,BM01239,7750082,,unclear
ST07537,D05976,BM01239,31483066,,unclear
ST07538,D05976,BM01239,26494859,,unclear
ST07539,D05976,BM01239,25964101,,unclear
ST07540,D05976,BM01239,26883273,,unclear
ST07541,D05976,BM01239,21725357,,unclear
ST07542,D05976,BM01239,21643018,,unclear
ST07543,D06414,BM01239,19928922,,unclear
ST07544,D06414,BM01239,24268795,,unclear
ST07545,D06414,BM01239,26288684,,unclear
ST07546,D06414,BM01239,21058726,,unclear
ST07547,D01238,BM01239,17255282,,unclear
ST07548,D01238,BM01239,18618574,,unclear
ST07549,D02052,BM01239,38969011,,unclear
ST07550,D01326,BM01239,33250737,,unclear
ST07551,D06417,BM01239,30559058,,unclear
ST07552,D04313,BM01239,11866936,,unclear
ST07553,D02571,BM01239,21980130,,unclear
ST07554,D02156,BM01239,31097096,,unclear
ST07555,D01917,BM01239,31699977,,unclear
ST07556,D01917,BM01239,29304353,,unclear
ST07557,D02141,BM01239,26343583,,unclear
ST07558,D02043,BM01239,31483066,,unclear
ST07559,D02043,BM01239,30585255,,unclear
ST07560,D02043,BM01239,27550999,,unclear
ST07561,D02043,BM01239,26936915,,unclear
ST07562,D02043,BM01239,27765850,,unclear
ST07563,D02043,BM01239,25145672,,unclear
ST07564,D02474,BM01239,38969011,,unclear
ST07565,D02474,BM01239,30559058,,unclear
ST07566,D02474,BM01239,11895917,,unclear
ST07567,D02710,BM01239,34907344,,unclear
ST07568,D02114,BM01239,31839416,,unclear
ST07569,D04673,BM01239,15710360,,unclear
ST07570,D02069,BM01239,26162687,,unclear
ST07571,D02069,BM01239,31359240,,unclear
ST07572,D02069,BM01239,25567130,,unclear
ST07573,D02036,BM01239,26009011,,unclear
ST07574,D02036,BM01239,25669829,,unclear
ST07575,D03209,BM01239,16680159,,unclear
ST07576,D00441,BM01239,29236940,,unclear
ST07577,D02106,BM01239,29236940,,unclear
ST07578,D04357,BM01239,30107178,,unclear
ST07579,D04357,BM01239,26009011,,unclear
ST07580,D06429,BM01239,29643228,,unclear
ST07581,D06429,BM01239,34301750,,unclear
ST07582,D06431,BM01239,28240971,,unclear
ST07583,D01235,BM01239,33310890,,unclear
ST07584,D01235,BM01239,30978502,,unclear
ST07585,D01235,BM01239,30165392,,unclear
ST07586,D01235,BM01239,26438783,,unclear
ST07587,D00103,BM01239,16680159,,unclear
ST07588,D03911,BM01239,24231268,,unclear
ST07589,D01683,BM01239,31097096,,unclear
ST07590,D01683,BM01239,28039262,,unclear
ST07591,D01770,BM01239,34783250,,unclear
ST07592,D01854,BM01239,38969011,,unclear
ST07593,D01854,BM01239,31340982,,unclear
ST07594,D01761,BM01239,16751417,,unclear
ST07595,D01986,BM01239,29925895,,unclear
ST07596,D01778,BM01239,16733561,,unclear
ST07597,D02060,BM01239,36602782,,unclear
ST07598,D02060,BM01239,33310890,,unclear
ST07599,D02060,BM01239,30165392,,unclear
ST07600,D02348,BM01239,26646755,,unclear
ST07601,D02348,BM01239,25669829,,unclear
ST07602,D00545,BM01239,12058967,,unclear
ST07603,D05863,BM01239,29769307,,unclear
ST07604,D00438,BM01239,33250737,,unclear
ST07605,D00438,BM01239,27659046,,unclear
ST07606,D00438,BM01239,26343583,,unclear
ST07607,D06442,BM01239,22365756,,unclear
ST07608,D00546,BM01239,16243804,,unclear
ST07609,D00546,BM01239,26438783,,unclear
ST07610,D00546,BM01239,17388661,,unclear
ST07611,D05983,BM01239,17121911,,unclear
ST07612,D02098,BM01239,36602782,,unclear
ST07613,D02098,BM01239,28285684,,unclear
ST07614,D02078,BM01239,31723778,,unclear
ST07615,D04956,BM01239,12027749,,unclear
ST07616,D02285,BM01239,15579019,,unclear
ST07617,D02285,BM01239,11720743,,unclear
ST07618,D06448,BM01239,28819023,,unclear
ST07619,D05322,BM01239,16680159,,unclear
ST07620,D06451,BM01239,24091768,,unclear
ST07621,D02138,BM01239,26272063,,unclear
ST07622,D02138,BM01239,25261369,,unclear
ST07623,D01730,BM01239,7790147,,unclear
ST07624,D02966,BM01239,16862141,,unclear
ST07625,D06453,BM01239,31483066,,unclear
ST07626,D06453,BM01239,26459177,,unclear
ST07627,D02393,BM01239,34538072,,unclear
ST07628,D02393,BM01239,32220892,,unclear
ST07629,D02393,BM01239,27998224,,unclear
ST07630,D02393,BM01239,27601554,,unclear
ST07631,D02393,BM01239,27196784,,unclear
ST07632,D02393,BM01239,21992793,,unclear
ST07633,D02393,BM01239,22713237,,unclear
ST07634,D02393,BM01239,19887545,,unclear
ST07635,D02393,BM01239,21799033,,unclear
ST07636,D02393,BM01239,23520471,,unclear
ST07637,D02393,BM01239,21389100,,unclear
ST07638,D02393,BM01239,32611648,,unclear
ST07639,D03676,BM01239,25700705,,unclear
ST07640,D06454,BM01239,26759239,,unclear
ST07641,D06456,BM01239,17255282,,unclear
ST07642,D02261,BM01239,16614397,,unclear
ST07643,D06457,BM01239,38969011,,unclear
ST07644,D06458,BM01239,20605095,,unclear
ST07645,D01348,BM01239,29490986,,unclear
ST07646,D06461,BM01239,16585387,,unclear
ST07647,D00030,BM01239,16900775,,unclear
ST07648,D01354,BM01239,16651424,,unclear
ST07649,D02055,BM01239,27659046,,unclear
ST07650,D00817,BM01239,23165797,,unclear
ST07651,D02034,BM01239,26009011,,unclear
ST07652,D01927,BM01239,21730979,,unclear
ST07653,D05488,BM01239,37940144,,unclear
ST07654,D01783,BM01239,15545218,,unclear
ST07655,D03728,BM01239,16751417,,unclear
ST07656,D02110,BM01239,22713237,,unclear
ST07657,D06477,BM01239,31723778,,unclear
ST07658,D02012,BM01239,21399868,,unclear
ST07659,D02012,BM01239,23670029,,unclear
ST07660,D01798,BM01239,31097096,,unclear
ST07661,D04256,BM01239,16351512,,unclear
ST07662,D06479,BM01239,16939894,,unclear
ST07663,D03927,BM01239,14614330,,unclear
ST07664,D00394,BM01239,23980093,,unclear
ST07665,D00394,BM01239,21325073,,unclear
ST07666,D03703,BM01239,31699977,,unclear
ST07667,D06480,BM01239,30107178,,unclear
ST07668,D02119,BM01239,26343583,,unclear
ST07669,D04752,BM01239,16001656,,unclear
ST07670,D00334,BM01239,15885361,,unclear
ST07671,D02776,BM01239,16680159,,unclear
ST07672,D02095,BM01239,28425916,,unclear
ST07673,D02095,BM01239,27659046,,unclear
ST07674,D04714,BM01239,26474387,,unclear
ST07675,D03621,BM01239,24504419,,unclear
ST07676,D03950,BM01239,16888811,,unclear
ST07677,D00349,BM01239,29593529,,unclear
ST07678,D00349,BM01239,29507678,,unclear
ST07679,D00349,BM01239,20638924,,unclear
ST07680,D00349,BM01239,18357466,,unclear
ST07681,D00349,BM01239,16243804,,unclear
ST07682,D05865,BM01239,33310890,,unclear
ST07683,D01773,BM01239,17255282,,unclear
ST07684,D06489,BM01239,27815358,,unclear
ST07685,D01847,BM01239,38969011,,unclear
ST07686,D06491,BM01239,11719452,,unclear
ST07687,D06492,BM01239,25658463,,unclear
ST07688,D03155,BM01239,16680159,,unclear
ST07689,D00432,BM01239,26438783,,unclear
ST07690,D06498,BM01239,39259562,,unclear
ST07691,D06503,BM01239,16224182,,unclear
ST07692,D05858,BM01239,27199435,,unclear
ST07693,D06505,BM01239,16243804,,unclear
ST07694,D03924,BM01239,16684279,,unclear
ST07695,D04348,BM01239,26009011,,unclear
ST07696,D01236,BM01239,28514312,,unclear
ST07697,D01024,BM01239,29409053,,unclear
ST07698,D01024,BM01239,27815358,,unclear
ST07699,D01024,BM01239,23520471,,unclear
ST07700,D01024,BM01239,21389100,,unclear
ST07701,D02160,BM01239,37940144,,unclear
ST07702,D05621,BM01239,9647614,,unclear
ST07703,D00460,BM01239,12415616,,unclear
ST07704,D01234,BM01239,26696550,,unclear
ST07705,D03531,BM01239,37509605,,unclear
ST07706,D01797,BM01239,31405179,,unclear
ST07707,D00087,BM01239,34907344,,unclear
ST07708,D00087,BM01239,16243804,,unclear
ST07709,D00087,BM01239,31483066,,unclear
ST07710,D00087,BM01239,26826118,,unclear
ST07711,D00087,BM01239,25658463,,unclear
ST07712,D00087,BM01239,21399868,,unclear
ST07713,D00087,BM01239,23165797,,unclear
ST07714,D00087,BM01239,26288684,,unclear
ST07715,D00087,BM01239,29507678,,unclear
ST07716,D05956,BM01239,25376608,,unclear
ST07717,D06511,BM01239,34862243,,unclear
ST07718,D00079,BM01239,25964101,,unclear
ST07719,D03912,BM01239,28062704,,unclear
ST07720,D03912,BM01239,26563132,,unclear
ST07721,D02677,BM01239,28425916,,unclear
ST07722,D02677,BM01239,30165392,,unclear
ST07723,D06514,BM01239,21831953,,unclear
ST07724,D02025,BM01239,26272063,,unclear
ST07725,D05007,BM01239,15755852,,unclear
ST07726,D03914,BM01239,23839309,,unclear
ST07727,D00220,BM01239,16476148,,unclear
ST07728,D00548,BM01239,27998224,,unclear
ST07729,D00548,BM01239,26494859,,unclear
ST07730,D00548,BM01239,25567130,,unclear
ST07731,D00548,BM01239,25658463,,unclear
ST07732,D00548,BM01239,32611648,,unclear
ST07733,D05306,BM01239,21241062,,unclear
ST07734,D01413,BM01239,16684279,,unclear
ST07735,D03727,BM01223,9357823,,unclear
ST07736,D00561,BM01228,30075559,,unclear
ST07737,D00561,BM01228,25537528,,unclear
ST07738,D02424,BM01228,25537528,,unclear
ST07739,D01625,BM01228,15565432,,unclear
ST07740,D02480,BM01228,9430255,,unclear
ST07741,D00575,BM01228,29192552,,unclear
ST07742,D00575,BM01228,25850964,,unclear
ST07743,D00575,BM01228,25537528,,unclear
ST07744,D00575,BM01228,22129793,,unclear
ST07745,D00575,BM01228,18565259,,unclear
ST07746,D01719,BM01228,15565432,,unclear
ST07747,D00093,BM01228,11125300,,unclear
ST07748,D00558,BM01228,29192552,,unclear
ST07749,D00558,BM01228,25537528,,unclear
ST07750,D01753,BM01228,9430255,,unclear
ST07751,D02536,BM01226,21396799,,unclear
ST07752,D01363,BM01226,11932280,,unclear
ST07753,D02297,BM01226,12915677,,unclear
ST07754,D02297,BM01226,11912131,,unclear
ST07755,D03657,BM01226,21396799,,unclear
ST07756,D01615,BM01226,10702390,,unclear
ST07757,D01615,BM01226,10469275,,unclear
ST07758,D05122,BM01226,15777635,,unclear
ST07759,D01223,BM01226,11239501,,unclear
ST07760,D00546,BM01227,9894568,,unclear
ST07761,D00877,BM01263,1320691,,unclear
ST07762,D03823,BM01263,15544788,,unclear
ST07763,D00549,BM01263,1320691,,unclear
ST07764,D04335,BM01268,22435708,,unclear
ST07765,D06547,BM01268,563462,,unclear
ST07766,D06549,BM01268,563462,,unclear
ST07767,D06552,BM01268,21664138,,unclear
ST07768,D01722,BM01268,23750455,,unclear
ST07769,D01722,BM01268,25937236,,unclear
ST07770,D01722,BM01268,25061803,,unclear
ST07771,D01722,BM01268,25805446,,unclear
ST07772,D01722,BM01268,24502232,,unclear
ST07773,D01722,BM01268,25938266,,unclear
ST07774,D01722,BM01268,24773591,,unclear
ST07775,D02023,BM01268,23708010,,unclear
ST07776,D02023,BM01268,23916255,,unclear
ST07777,D04322,BM01268,25369367,,unclear
ST07778,D04322,BM01268,21194809,,unclear
ST07779,D04322,BM01268,25815147,,unclear
ST07780,D04322,BM01268,23313639,,unclear
ST07781,D04322,BM01268,25262051,,unclear
ST07782,D06557,BM01268,25468039,,unclear
ST07783,D02036,BM01268,20491440,,unclear
ST07784,D01766,BM01268,23631389,,unclear
ST07785,D01766,BM01268,17887662,,unclear
ST07786,D01766,BM01268,22595423,,unclear
ST07787,D01766,BM01268,25369367,,unclear
ST07788,D01766,BM01268,24457094,,unclear
ST07789,D01766,BM01268,23725535,,unclear
ST07790,D01766,BM01268,24953821,,unclear
ST07791,D01766,BM01268,23313639,,unclear
ST07792,D01766,BM01268,25768699,,unclear
ST07793,D01766,BM01268,19758808,,unclear
ST07794,D01766,BM01268,23387901,,unclear
ST07795,D06566,BM01268,19877653,,unclear
ST07796,D06570,BM01268,12141877,,unclear
ST07797,D03520,BM01268,20491440,,unclear
ST07798,D06572,BM01268,17206139,,unclear
ST07799,D06573,BM01268,22543234,,unclear
ST07800,D02773,BM01268,21402478,,unclear
ST07801,D02773,BM01268,17765552,,unclear
ST07802,D02773,BM01268,24953821,,unclear
ST07803,D06589,BM01268,22543234,,unclear
ST07804,D05297,BM01268,23631389,,unclear
ST07805,D05297,BM01268,25584687,,unclear
ST07806,D05297,BM01268,17765552,,unclear
ST07807,D05297,BM01268,25192811,,unclear
ST07808,D05297,BM01268,24669888,,unclear
ST07809,D05297,BM01268,22543234,,unclear
ST07810,D05297,BM01268,16913727,,unclear
ST07811,D01322,BM01268,25768699,,unclear
ST07812,D00100,BM01268,16539377,,unclear
ST07813,D00100,BM01268,21664138,,unclear
ST07814,D00100,BM01268,23916255,,unclear
ST07815,D01764,BM01268,23830698,,unclear
ST07816,D06595,BM01270,22663155,,unclear
ST07817,D04370,BM01270,22663155,,unclear
ST07818,D06597,BM01270,22663155,,unclear
ST07819,D04488,BM01266,25314129,,unclear
ST07820,D06600,BM01266,25314129,,unclear
ST07821,D06603,BM01266,25314129,,unclear
ST07822,D06604,BM01266,25314129,,unclear
ST07823,D00080,BM01266,25314129,,unclear
ST07824,D02292,BM01258,8383398,,unclear
ST07825,D01723,BM01258,6328543,,unclear
ST07826,D04107,BM01258,3039277,,unclear
ST07827,D02174,BM01258,7829987,,unclear
ST07828,D05672,BM01258,12390336,,unclear
ST07829,D00349,BM01258,603326,,unclear
ST07830,D00038,BM01258,2425513,,unclear
ST07831,D05811,BM01258,2992914,,unclear
ST07832,D01713,BM01258,812185,,unclear
ST07833,D06608,BM01258,6818805,,unclear
ST07834,D06609,BM01258,6360660,,unclear
ST07835,D04321,BM01258,4053412,,unclear
ST07836,D00689,BM01258,11525272,,unclear
ST07837,D03658,BM01258,8299707,,unclear
ST07838,D00797,BM01258,9217128,,unclear
ST07839,D02765,BM01258,8955758,,unclear
ST07840,D02084,BM01258,3935423,,unclear
ST07841,D01780,BM01258,9408051,,unclear
ST07842,D02402,BM01258,1149776,,unclear
ST07843,D00102,BM01246,25775161,,unclear
ST07844,D06572,BM01267,17206139,,unclear
ST07845,D02036,BM01267,20491440,,unclear
ST07846,D01322,BM01267,25768699,,unclear
ST07847,D01722,BM01267,23750455,,unclear
ST07848,D01722,BM01267,25937236,,unclear
ST07849,D01722,BM01267,25061803,,unclear
ST07850,D01722,BM01267,25805446,,unclear
ST07851,D01722,BM01267,24502232,,unclear
ST07852,D01722,BM01267,25938266,,unclear
ST07853,D01722,BM01267,24773591,,unclear
ST07854,D01764,BM01267,23830698,,unclear
ST07855,D06547,BM01267,563462,,unclear
ST07856,D03520,BM01267,20491440,,unclear
ST07857,D06573,BM01267,22543234,,unclear
ST07858,D06549,BM01267,563462,,unclear
ST07859,D06552,BM01267,21664138,,unclear
ST07860,D02023,BM01267,23708010,,unclear
ST07861,D02023,BM01267,23916255,,unclear
ST07862,D06570,BM01267,12141877,,unclear
ST07863,D02773,BM01267,21402478,,unclear
ST07864,D02773,BM01267,17765552,,unclear
ST07865,D02773,BM01267,24953821,,unclear
ST07866,D00100,BM01267,16539377,,unclear
ST07867,D00100,BM01267,21664138,,unclear
ST07868,D00100,BM01267,23916255,,unclear
ST07869,D04322,BM01267,25262051,,unclear
ST07870,D04322,BM01267,25369367,,unclear
ST07871,D04322,BM01267,21194809,,unclear
ST07872,D04322,BM01267,25815147,,unclear
ST07873,D04322,BM01267,23313639,,unclear
ST07874,D06557,BM01267,25468039,,unclear
ST07875,D06589,BM01267,22543234,,unclear
ST07876,D01766,BM01267,23631389,,unclear
ST07877,D01766,BM01267,17887662,,unclear
ST07878,D01766,BM01267,22595423,,unclear
ST07879,D01766,BM01267,25369367,,unclear
ST07880,D01766,BM01267,24457094,,unclear
ST07881,D01766,BM01267,23725535,,unclear
ST07882,D01766,BM01267,24953821,,unclear
ST07883,D01766,BM01267,23313639,,unclear
ST07884,D01766,BM01267,25768699,,unclear
ST07885,D01766,BM01267,19758808,,unclear
ST07886,D01766,BM01267,23387901,,unclear
ST07887,D06566,BM01267,19877653,,unclear
ST07888,D04335,BM01267,22435708,,unclear
ST07889,D05297,BM01267,23631389,,unclear
ST07890,D05297,BM01267,25584687,,unclear
ST07891,D05297,BM01267,17765552,,unclear
ST07892,D05297,BM01267,25192811,,unclear
ST07893,D05297,BM01267,24669888,,unclear
ST07894,D05297,BM01267,22543234,,unclear
ST07895,D05297,BM01267,16913727,,unclear
ST07896,D04322,BM01269,25369367,,unclear
ST07897,D04322,BM01269,21194809,,unclear
ST07898,D04322,BM01269,25815147,,unclear
ST07899,D04322,BM01269,23313639,,unclear
ST07900,D04322,BM01269,25262051,,unclear
ST07901,D06557,BM01269,25468039,,unclear
ST07902,D02773,BM01269,21402478,,unclear
ST07903,D02773,BM01269,17765552,,unclear
ST07904,D02773,BM01269,24953821,,unclear
ST07905,D06572,BM01269,17206139,,unclear
ST07906,D06547,BM01269,563462,,unclear
ST07907,D05297,BM01269,23631389,,unclear
ST07908,D05297,BM01269,25584687,,unclear
ST07909,D05297,BM01269,17765552,,unclear
ST07910,D05297,BM01269,25192811,,unclear
ST07911,D05297,BM01269,24669888,,unclear
ST07912,D05297,BM01269,22543234,,unclear
ST07913,D05297,BM01269,16913727,,unclear
ST07914,D04335,BM01269,22435708,,unclear
ST07915,D06589,BM01269,22543234,,unclear
ST07916,D06570,BM01269,12141877,,unclear
ST07917,D02036,BM01269,20491440,,unclear
ST07918,D03520,BM01269,20491440,,unclear
ST07919,D01322,BM01269,25768699,,unclear
ST07920,D00100,BM01269,16539377,,unclear
ST07921,D00100,BM01269,21664138,,unclear
ST07922,D00100,BM01269,23916255,,unclear
ST07923,D01766,BM01269,23631389,,unclear
ST07924,D01766,BM01269,17887662,,unclear
ST07925,D01766,BM01269,22595423,,unclear
ST07926,D01766,BM01269,25369367,,unclear
ST07927,D01766,BM01269,24457094,,unclear
ST07928,D01766,BM01269,23725535,,unclear
ST07929,D01766,BM01269,24953821,,unclear
ST07930,D01766,BM01269,23313639,,unclear
ST07931,D01766,BM01269,25768699,,unclear
ST07932,D01766,BM01269,19758808,,unclear
ST07933,D01766,BM01269,23387901,,unclear
ST07934,D02023,BM01269,23708010,,unclear
ST07935,D02023,BM01269,23916255,,unclear
ST07936,D01722,BM01269,23750455,,unclear
ST07937,D01722,BM01269,25937236,,unclear
ST07938,D01722,BM01269,25061803,,unclear
ST07939,D01722,BM01269,25805446,,unclear
ST07940,D01722,BM01269,24502232,,unclear
ST07941,D01722,BM01269,25938266,,unclear
ST07942,D01722,BM01269,24773591,,unclear
ST07943,D06573,BM01269,22543234,,unclear
ST07944,D06552,BM01269,21664138,,unclear
ST07945,D06549,BM01269,563462,,unclear
ST07946,D01764,BM01269,23830698,,unclear
ST07947,D06566,BM01269,19877653,,unclear
ST07948,D02378,BM01244,228770,,unclear
ST07949,D00394,BM01291,21325073,,unclear
ST07950,D06611,BM01291,28346230,,unclear
ST07951,D02221,BM01291,22105611,,unclear
ST07952,D02221,BM01291,26487278,,unclear
ST07953,D02221,BM01291,37940144,,unclear
ST07954,D01326,BM01291,26487278,,unclear
ST07955,D03627,BM01291,26951309,,unclear
ST07956,D02012,BM01291,22931246,,unclear
ST07957,D02012,BM01291,16827904,,unclear
ST07958,D02091,BM01291,26802156,,unclear
ST07959,D00077,BM01291,14555188,,unclear
ST07960,D06612,BM01291,36329119,,unclear
ST07961,D06613,BM01291,38371625,,unclear
ST07962,D06613,BM01291,38344974,,unclear
ST07963,D06613,BM01291,38788900,,unclear
ST07964,D05488,BM01291,37940144,,unclear
ST07965,D01901,BM01291,26802156,,unclear
ST07966,D01917,BM01291,28346230,,unclear
ST07967,D02229,BM01291,16827904,,unclear
ST07968,D02348,BM01291,30236511,,unclear
ST07969,D02285,BM01291,15930297,,unclear
ST07970,D00396,BM01291,26951309,,unclear
ST07971,D01049,BM01291,12865631,,unclear
ST07972,D00362,BM01291,15217953,,unclear
ST07973,D02040,BM01291,21170960,,unclear
ST07974,D02610,BM01291,37940144,,unclear
ST07975,D06614,BM01291,38371625,,unclear
ST07976,D02160,BM01291,37940144,,unclear
ST07977,D00012,BM01285,7694584,,unclear
ST07978,D00036,BM01285,7694584,,unclear
ST07979,D01042,BM01285,10626906,,unclear
ST07980,D01435,BM01285,7678355,,unclear
ST07981,D00759,BM01285,7694584,,unclear
ST07982,D01421,BM01285,7678355,,unclear
ST07983,D00036,BM01286,14974815,,unclear
ST07984,D03555,BM01292,22494098,,unclear
ST07985,D06616,BM01288,23953100,,unclear
ST07986,D01784,BM01288,14986132,,unclear
ST07987,D05805,BM01288,20124951,,unclear
ST07988,D06618,BM01288,26692321,,unclear
ST07989,D02233,BM01288,23179337,,unclear
ST07990,D02221,BM01288,27175586,,unclear
ST07991,D02221,BM01288,23511629,,unclear
ST07992,D02221,BM01288,27896475,,unclear
ST07993,D02221,BM01288,21882181,,unclear
ST07994,D02221,BM01288,22948895,,unclear
ST07995,D02221,BM01288,26935927,,unclear
ST07996,D04246,BM01288,15856023,,unclear
ST07997,D02755,BM01288,23007311,,unclear
ST07998,D00548,BM01288,26194361,,unclear
ST07999,D06623,BM01288,14717786,,unclear
ST08000,D04739,BM01288,31486735,,unclear
ST08001,D02477,BM01288,17071199,,unclear
ST08002,D01985,BM01288,15297400,,unclear
ST08003,D05209,BM01288,28488026,,unclear
ST08004,D03006,BM01288,15458527,,unclear
ST08005,D01334,BM01288,22336956,,unclear
ST08006,D01797,BM01288,24510746,,unclear
ST08007,D01797,BM01288,22736425,,unclear
ST08008,D01797,BM01288,26830973,,unclear
ST08009,D00103,BM01288,11356390,,unclear
ST08010,D00558,BM01288,28639493,,unclear
ST08011,D02348,BM01288,27175586,,unclear
ST08012,D02348,BM01288,23179337,,unclear
ST08013,D02348,BM01288,21576632,,unclear
ST08014,D01623,BM01288,31068094,,unclear
ST08015,D00012,BM01288,28488026,,unclear
ST08016,D00945,BM01288,11524048,,unclear
ST08017,D06646,BM01289,29580174,,unclear
ST08018,D02012,BM01289,20124951,,unclear
ST08019,D05805,BM01289,20124951,,unclear
ST08020,D00104,BM01315,16216880,,unclear
ST08021,D06648,BM01310,16000590,,unclear
ST08022,D02332,BM01310,26358256,,unclear
ST08023,D02367,BM01310,16000590,,unclear
ST08024,D02287,BM01310,11121725,,unclear
ST08025,D01773,BM01310,16230379,,unclear
ST08026,D00705,BM01310,15944802,,unclear
ST08027,D02614,BM01310,21435719,,unclear
ST08028,D03652,BM01309,20157331,,unclear
ST08029,D01865,BM01312,19035792,,unclear
ST08030,D02084,BM01306,19564049,,unclear
ST08031,D00548,BM01308,16875718,,unclear
ST08032,D03658,BM01308,8765433,,unclear
ST08033,D00094,BM01308,29205204,,unclear
ST08034,D01474,BM01308,12618330,,unclear
ST08035,D00087,BM01308,29507678,,unclear
ST08036,D02332,BM01308,17925548,,unclear
ST08037,D02332,BM01308,28743242,,unclear
ST08038,D02332,BM01308,19362955,,unclear
ST08039,D00041,BM01311,22350108,,unclear
ST08040,D00041,BM01311,18591461,,unclear
ST08041,D00100,BM01297,3875694,,unclear
ST08042,D01580,BM01297,15043592,,unclear
ST08043,D06293,BM01297,12641538,,unclear
ST08044,D02174,BM01297,8615807,,unclear
ST08045,D01608,BM01297,2104558,,unclear
ST08046,D00050,BM01297,15753537,,unclear
ST08047,D00783,BM01297,15644045,,unclear
ST08048,D01468,BM01297,1400429,,unclear
ST08049,D01623,BM01297,7626351,,unclear
ST08050,D06781,BM01297,14505755,,unclear
ST08051,D02560,BM01297,3928783,,unclear
ST08052,D02560,BM01297,16422885,,unclear
ST08053,D00279,BM01297,1719289,,unclear
ST08054,D01073,BM01297,3146197,,unclear
ST08055,D02614,BM01297,12871448,,unclear
ST08056,D03828,BM01297,16996954,,unclear
