BiomarkerID,Name,Type,Organ,Phase,Description,Assay,GeneSymbol,ExternalID,AlphaFoldID
BM00001,14 SNPs,genomic,Prostate,2,,,,http://edrn.jpl.nasa.gov/bmdb/biomarkers/view/1445,
BM00002,14-3-3 theta,proteomic,Lung,2,"YWHAQ, also known as 14-3-3 theta, belongs to the 14-3-3 family of proteins which mediate signal transduction by binding to phosphoserine-containing proteins. This highly conserved protein family is found in both plants and mammals, and this protein is 99% identical to the mouse and rat orthologs. The 14-3-3 proteins have a wide range of ligands, are involved in a variety of biological pathways, and are known to be overexpressed in some human lung cancers, suggesting that they may play a role in tumorigenesis. 14-3-3 theta is an adapter protein implicated in the regulation of a large spectrum of both general and specialized signaling pathway. It binds to a large number of partners, usually by recognition of a phosphoserine or phosphothreonine motif. Binding generally results in the modulation of the activity of the binding partner.  14-3-3 theta antigens have been found to be targets of autoantibodies in subjects newly diagnosed with lung cancer.",,YWHAQ,http://edrn.jpl.nasa.gov/bmdb/biomarkers/view/34,P27348
BM00003,21 of 81 candidates,proteomic,Lung,3,,,,http://edrn.jpl.nasa.gov/bmdb/biomarkers/view/1475,
BM00004,3 marker panel for early-stage pancreatic ductal adenocarcinoma (PDAC),proteomic,Pancreas,2,A biomarker panel for early-stage PDAC (pancreatic ductal adenocarcinoma) detection.,,,http://edrn.jpl.nasa.gov/bmdb/biomarkers/view/1468,
BM00005,4DELF,proteomic,Colon,2,"Identification of preneoplastic changes in histologically normal epithelium (the ""field effect"") could provide a powerful screening tool for colorectal cancer. A new generation of optical technology, 4-dimensional elastic light-scattering fingerprinting (4D-ELF), enables probing of the nanoscale/microscale architecture of living cells.  Initial studies show that probing the nanoscale cellular architecture with 4D-ELF detect the earliest stages of colon carcinogenesis in the rat model of colon carcinogenesis. Future studies are necessary to explore the clinical applicability of this technology and elucidate the biological determinants of these microarchitectural changes.",,4DELF,http://edrn.jpl.nasa.gov/bmdb/biomarkers/view/100,
BM00006,4k score,proteomic,Prostate,3,,,4K-SCORE,http://edrn.jpl.nasa.gov/bmdb/biomarkers/view/1313,
BM00007,5p15,genomic,Lung,1,Locus 5p15 has been identified as a region of lung cancer susceptibility through genome-wide association studies.,,,http://edrn.jpl.nasa.gov/bmdb/biomarkers/view/399,
BM00008,60 of 81 candidates,proteomic,Lung,3,,,,http://edrn.jpl.nasa.gov/bmdb/biomarkers/view/1476,
BM00009,7p12 (EGFR),genomic,Lung,1,Chromosome region 7p12 contains the EGFR gene.  Copy number gains in this chromosome region have been implicated in lung cancer.,,,http://edrn.jpl.nasa.gov/bmdb/biomarkers/view/400,
BM00010,8 Gene Panel for Barretts Esophagus,genomic,Esophagus,2,"Eight methylation biomarkers - p16, RUNX3, HPP1 (HGNC name TMEFF2), NELL1, TAC1, SST, AKAP12 and CDH13 - were tested in a restrospective multicenter double-blinded validation study for their accuracy in predicting neoplastic progression in Barretts Esophagus. Hypermethylation of p16, RUNX3 and HPP1 has been show to occur in early Barretts Esophagus-related neoplastic progression and predicts progression risk. Several of the panel (NELL1, TAC1, SST, AKAP12 and CDH13) were also shown to be methylated early and often in Barretts Esophagus-related neoplastic progression.",,,http://edrn.jpl.nasa.gov/bmdb/biomarkers/view/53,
BM00011,80 Gene Panel for Lung Cancer,genomic,Lung,2,"This 80-gene biomarker panel is used to distinguish smokers with lung cancer from smokers without lung cancer.  The biomarker panel had approximately 90% sensitivity for stage 1 cancer across all subjects.  Adding cytopathology data gives 95% sensitivity and 95% negative predictive value.  (7 of the 80 biomarker probesets had no annotated gene symbol associated with them.)

List of genes in the panel:
DMD, NELL2, FGF14, TMEM47, ANXA3, PLA2G4A, DNAJC12, SLC39A8, DEFB1, PPBP, C6, FCGR3A, IL8, SERPINA1, CXCL2, RGS1, DUSP6, TOB1, FOS, SOX9, CD55, CD55, SLC4A4, CD164, ATP6AP2, ARL6IP5, CCT2, UBXD2, RAB1A, TRAM1, TMED2, YWHAE, C1orf80, TPD52, ACTR2, CPNE3, PTK9, UBE2J1, FXR1, SPN, PPP2CA, AD7C-NTP, STARD7, KIAA0738, RPL35A, GTF2H3, ZNF611, LOC152719, PRR11, ZC3H7B, ZNF354A, UBE2D2, ZNF160, FBXW12, ALMS1, ATP8B1, BACH2, TSR1, HDGF2, FLJ14346, LOC653471, DCLRE1C, DUOX1, LOC153561, DKFZP434A0131, GLT28D1, SENP6, FTO, LMO4, CCDC81, COX5B, FTL, NUCKS1",,,http://edrn.jpl.nasa.gov/bmdb/biomarkers/view/548,
BM00012,8q24 (C-MYC),genomic,Lung,1,"Chromosome region 8q24 contains the gene for MYC, also known as C-MYC.
MYC is a multifunctional, nuclear phosphoprotein that plays a role in cell cycle progression, apoptosis and cellular transformation.  The 8q24 region may contain a locus that influences general cancer susceptibility.",,,http://edrn.jpl.nasa.gov/bmdb/biomarkers/view/401,
BM00013,9 microsatellites,proteomic,Ovary,2,,,,http://edrn.jpl.nasa.gov/bmdb/biomarkers/view/1436,
BM00014,A1BG,proteomic,Breast,1,"From NCBI Gene: The protein encoded by this gene is a plasma glycoprotein of unknown function. The protein shows sequence similarity to the variable regions of some immunoglobulin supergene family member proteins. [provided by RefSeq, Jul 2008]",,A1BG,http://edrn.jpl.nasa.gov/bmdb/biomarkers/view/1477,P04217
BM00015,A2M,proteomic,Breast,1,"From NCBI Gene: The protein encoded by this gene is a protease inhibitor and cytokine transporter. It uses a bait-and-trap mechanism to inhibit a broad spectrum of proteases, including trypsin, thrombin and collagenase. It can also inhibit inflammatory cytokines, and it thus disrupts inflammatory cascades. Mutations in this gene are a cause of alpha-2-macroglobulin deficiency. This gene is implicated in Alzheimer's disease (AD) due to its ability to mediate the clearance and degradation of A-beta, the major component of beta-amyloid deposits. A related pseudogene, which is also located on the p arm of chromosome 12, has been identified. [provided by RefSeq, Nov 2016]",,A2M,http://edrn.jpl.nasa.gov/bmdb/biomarkers/view/1478,P01023
BM00016,ABCA2,genomic,Prostate,1,"ATP-binding cassette, sub-family A (ABC1), member 2",,ABCA2,http://edrn.jpl.nasa.gov/bmdb/biomarkers/view/556,Q9BZC7
BM00017,ACBP,proteomic,Lung,2,"DBI, diazepam binding inhibitor, was previously known as ACBP, acyl-coA binding protein.  This protein is regulated by hormones, is involved in lipid metabolism, and is thought to act as a neuropeptide to regulate the action of the GABA receptor.  DBI is conserved across species.  The most highly conserved domain is the hydrophobic binding site for medium- and long-chain acyl-coA esters.  DBI is involved in the regulation of pancreatic secretion and release of cholecystokinin.  There are three pseudogenes for DBI on separate chromosomes.  DBI has multiple transcript variants encoding different isoforms.",,DBI,http://edrn.jpl.nasa.gov/bmdb/biomarkers/view/402,P07108
BM00018,ACKR3,proteomic,Ovary,2,"From NCBI Gene: This gene encodes a member of the G-protein coupled receptor family. Although this protein was earlier thought to be a receptor for vasoactive intestinal peptide (VIP), it is now considered to be an orphan receptor, in that its endogenous ligand has not been identified. The protein is also a coreceptor for human immunodeficiency viruses (HIV). Translocations involving this gene and HMGA2 on chromosome 12 have been observed in lipomas. [provided by RefSeq, Jul 2008]",,ACKR3,http://edrn.jpl.nasa.gov/bmdb/biomarkers/view/363,P25106
BM00019,ACO1,genomic,Prostate,1,"From NCBI Gene: The protein encoded by this gene is a bifunctional, cytosolic protein that functions as an essential enzyme in the TCA cycle and interacts with mRNA to control the levels of iron inside cells. When cellular iron levels are high, this protein binds to a 4Fe-4S cluster and functions as an aconitase. Aconitases are iron-sulfur proteins that function to catalyze the conversion of citrate to isocitrate. When cellular iron levels are low, the protein binds to iron-responsive elements (IREs), which are stem-loop structures found in the 5' UTR of ferritin mRNA, and in the 3' UTR of transferrin receptor mRNA. When the protein binds to IRE, it results in repression of translation of ferritin mRNA, and inhibition of degradation of the otherwise rapidly degraded transferrin receptor mRNA. The encoded protein has been identified as a moonlighting protein based on its ability to perform mechanistically distinct functions. Alternative splicing results in multiple transcript variants [provided by RefSeq, Jan 2014]",,ACO1,http://edrn.jpl.nasa.gov/bmdb/biomarkers/view/557,P21399
BM00020,ACP3,genomic,Prostate,3,"From NCBI Gene: This gene encodes an enzyme that catalyzes the conversion of orthophosphoric monoester to alcohol and orthophosphate. It is synthesized under androgen regulation and is secreted by the epithelial cells of the prostate gland. An alternatively spliced transcript variant encoding a longer isoform has been found for this gene. This isoform contains a transmembrane domain and is localized in the plasma membrane-endosomal-lysosomal pathway. [provided by RefSeq, Sep 2008]",,ACP3,http://edrn.jpl.nasa.gov/bmdb/biomarkers/view/1217,P15309
BM00021,ACSL3,genomic,Prostate,1,acyl-CoA synthetase long-chain family member 3,,ACSL3,http://edrn.jpl.nasa.gov/bmdb/biomarkers/view/558,O95573
BM00022,ACTC1,genomic,Prostate,1,"actin, alpha, cardiac muscle 1",,ACTC1,http://edrn.jpl.nasa.gov/bmdb/biomarkers/view/559,P68032
BM00023,ACTN4,proteomic,Breast,1,"From NCBI Gene: Alpha actinins belong to the spectrin gene superfamily which represents a diverse group of cytoskeletal proteins, including the alpha and beta spectrins and dystrophins. Alpha actinin is an actin-binding protein with multiple roles in different cell types. In nonmuscle cells, the cytoskeletal isoform is found along microfilament bundles and adherens-type junctions, where it is involved in binding actin to the membrane. In contrast, skeletal, cardiac, and smooth muscle isoforms are localized to the Z-disc and analogous dense bodies, where they help anchor the myofibrillar actin filaments. This gene encodes a nonmuscle, alpha actinin isoform which is concentrated in the cytoplasm, and thought to be involved in metastatic processes. Mutations in this gene have been associated with focal and segmental glomerulosclerosis. [provided by RefSeq, Jul 2008]",,ACTN4,http://edrn.jpl.nasa.gov/bmdb/biomarkers/view/1479,O43707
BM00024,ACTR3,proteomic,Ovary,2,"From NCBI Gene: The specific function of this gene has not yet been determined; however, the protein it encodes is known to be a major constituent of the ARP2/3 complex. This complex is located at the cell surface and is essential to cell shape and motility through lamellipodial actin assembly and protrusion. Three transcript variants encoding two different isoforms have been found for this gene. [provided by RefSeq, Mar 2013]",,ACTR3,http://edrn.jpl.nasa.gov/bmdb/biomarkers/view/357,P61158
BM00025,ACY1,genomic,Prostate,1,aminoacylase 1,,ACY1,http://edrn.jpl.nasa.gov/bmdb/biomarkers/view/560,Q03154
BM00026,ADAM12,proteomic,Ovary,2,"From NCBI Gene: This gene encodes a member of a family of proteins that are structurally related to snake venom disintegrins and have been implicated in a variety of biological processes involving cell-cell and cell-matrix interactions, including fertilization, muscle development, and neurogenesis. Expression of this gene has been used as a maternal serum marker for pre-natal development. Alternative splicing results in multiple transcript variants encoding different isoforms. Shorter isoforms are secreted, while longer isoforms are membrane-bound form. [provided by RefSeq, Jan 2014]",,ADAM12,http://edrn.jpl.nasa.gov/bmdb/biomarkers/view/358,O43184
BM00027,ADH5,proteomic,Breast,2,"From NCBI Gene: This gene encodes a member of the alcohol dehydrogenase family. Members of this family metabolize a wide variety of substrates, including ethanol, retinol, other aliphatic alcohols, hydroxysteroids, and lipid peroxidation products. The encoded protein forms a homodimer. It has virtually no activity for ethanol oxidation, but exhibits high activity for oxidation of long-chain primary alcohols and for oxidation of S-hydroxymethyl-glutathione, a spontaneous adduct between formaldehyde and glutathione. This enzyme is an important component of cellular metabolism for the elimination of formaldehyde, a potent irritant and sensitizing agent that causes lacrymation, rhinitis, pharyngitis, and contact dermatitis. The human genome contains several non-transcribed pseudogenes related to this gene. [provided by RefSeq, Oct 2008]",,ADH5,http://edrn.jpl.nasa.gov/bmdb/biomarkers/view/892,P11766
BM00028,ADIPOQ,proteomic,Breast,3,"From NCBI Gene: This gene is expressed in adipose tissue exclusively. It encodes a protein with similarity to collagens X and VIII and complement factor C1q. The encoded protein circulates in the plasma and is involved with metabolic and hormonal processes. Mutations in this gene are associated with adiponectin deficiency. Multiple alternatively spliced variants, encoding the same protein, have been identified. [provided by RefSeq, Apr 2010]",,ADIPOQ,http://edrn.jpl.nasa.gov/bmdb/biomarkers/view/1016,Q15848
BM00029,AFP,proteomic,"Breast, Liver, Ovary",3,"From NCBI Gene: This gene encodes alpha-fetoprotein, a major plasma protein produced by the yolk sac and the liver during fetal life. Alpha-fetoprotein expression in adults is often associated with hepatocarcinoma and with teratoma, and has prognostic value for managing advanced gastric cancer. However, hereditary persistance of alpha-fetoprotein may also be found in individuals with no obvious pathology. The protein is thought to be the fetal counterpart of serum albumin, and the alpha-fetoprotein and albumin genes are present in tandem in the same transcriptional orientation on chromosome 4. Alpha-fetoprotein is found in monomeric as well as dimeric and trimeric forms, and binds copper, nickel, fatty acids and bilirubin. The level of alpha-fetoprotein in amniotic fluid is used to measure renal loss of protein to screen for spina bifida and anencephaly. [provided by RefSeq, Oct 2019]",,AFP,http://edrn.jpl.nasa.gov/bmdb/biomarkers/view/36,P02771
BM00030,AFP-L3,proteomic,Liver,3,"AFP-L3, also known as lectin-bound AFP, is an isoform of AFP, a major plasma protein produced by the yolk sac and the liver during fetal life. Alpha-fetoprotein expression in adults is often associated with hepatoma or teratoma. The L3 isoform is specific to malignant tumors and its detected presence may serve to identify patients who could benefit from monitoring for the development of HCC in high risk populations (i.e. chronic hepatitis, liver cirrhosis).",,AFP-L3,http://edrn.jpl.nasa.gov/bmdb/biomarkers/view/37,
BM00031,AFPIC,proteomic,Liver,2,"AFP is a major plasma protein produced by the yolk sac and the liver during fetal life. Alpha-fetoprotein expression in adults is often associated with hepatoma or teratoma. However, hereditary persistance of alpha-fetoprotein may also be found in individuals with no obvious pathology. The protein is thought to be the fetal counterpart of serum albumin, and the alpha-fetoprotein and albumin genes are present in tandem in the same transcriptional orientation on chromosome 4. Alpha-fetoprotein is found in monomeric as well as dimeric and trimeric forms, and binds copper, nickel, fatty acids and bilirubin. AFPIC is AFP immunocomplexed with IgM, a potential alternative marker for hepatocellular cancer.",,AFPIC,http://edrn.jpl.nasa.gov/bmdb/biomarkers/view/44,
BM00032,AGR2,genomic,"Pancreas, Prostate",2,"From NCBI Gene: This gene encodes a member of the disulfide isomerase (PDI) family of endoplasmic reticulum (ER) proteins that catalyze protein folding and thiol-disulfide interchange reactions. The encoded protein has an N-terminal ER-signal sequence, a catalytically active thioredoxin domain, and a C-terminal ER-retention sequence. This protein plays a role in cell migration, cellular transformation and metastasis and is as a p53 inhibitor. As an ER-localized molecular chaperone, it plays a role in the folding, trafficking, and assembly of cysteine-rich transmembrane receptors and the cysteine-rich intestinal gylcoprotein mucin. This gene has been implicated in inflammatory bowel disease and cancer progression. [provided by RefSeq, Mar 2017]",,AGR2,http://edrn.jpl.nasa.gov/bmdb/biomarkers/view/561,O95994
BM00033,AGRN,proteomic,Ovary,2,"From NCBI Gene: This gene encodes one of several proteins that are critical in the development of the neuromuscular junction (NMJ), as identified in mouse knock-out studies. The encoded protein contains several laminin G, Kazal type serine protease inhibitor, and epidermal growth factor domains. Additional post-translational modifications occur to add glycosaminoglycans and disulfide bonds. In one family with congenital myasthenic syndrome affecting limb-girdle muscles, a mutation in this gene was found. Alternative splicing results in multiple transcript variants encoding different isoforms. [provided by RefSeq, Mar 2015]",,AGRN,http://edrn.jpl.nasa.gov/bmdb/biomarkers/view/152,O00468
BM00034,AGT,proteomic,Breast,1,"From NCBI Gene: The protein encoded by this gene, pre-angiotensinogen or angiotensinogen precursor, is expressed in the liver and is cleaved by the enzyme renin in response to lowered blood pressure. The resulting product, angiotensin I, is then cleaved by angiotensin converting enzyme (ACE) to generate the physiologically active enzyme angiotensin II. The protein is involved in maintaining blood pressure, body fluid and electrolyte homeostasis, and in the pathogenesis of essential hypertension and preeclampsia. Mutations in this gene are associated with susceptibility to essential hypertension, and can cause renal tubular dysgenesis, a severe disorder of renal tubular development. Defects in this gene have also been associated with non-familial structural atrial fibrillation, and inflammatory bowel disease. [provided by RefSeq, Nov 2019]",,AGT,http://edrn.jpl.nasa.gov/bmdb/biomarkers/view/1480,P01019
BM00035,AGTPBP1,genomic,Prostate,1,"From NCBI Gene: NNA1 is a zinc carboxypeptidase that contains nuclear localization signals and an ATP/GTP-binding motif that was initially cloned from regenerating spinal cord neurons of the mouse.[supplied by OMIM, Jul 2002]",,AGTPBP1,http://edrn.jpl.nasa.gov/bmdb/biomarkers/view/562,Q9UPW5
BM00036,AHNAK2,genomic,Prostate,1,AHNAK nucleoprotein 2,,AHNAK2,http://edrn.jpl.nasa.gov/bmdb/biomarkers/view/563,
BM00037,AKAP12,genomic,Esophagus,3,"AKAP12 is a member of the A-kinase anchor protein (AKAP) family, a group of structurally diverse proteins which have the common function of binding to the regulatory subunit of protein kinase A (PKA) and confining the holoenzyme to discrete locations within the cell. AKAP12 is expressed in endothelial cells, cultured fibroblasts, and osteosarcoma cells. It associates with protein kinases A and C and phosphatase, and serves as a scaffold protein in signal transduction. This protein and RII PKA colocalize at the cell periphery. AKAP12 is a cell growth-related protein. Antibodies to this protein can be produced by patients with myasthenia gravis. Alternative splicing of this gene results in two transcript variants encoding different isoforms.",,AKAP12,http://edrn.jpl.nasa.gov/bmdb/biomarkers/view/52,Q02952
BM00038,AKR1B1,proteomic,Breast,3,"From NCBI Gene: This gene encodes a member of the aldo/keto reductase superfamily, which consists of more than 40 known enzymes and proteins. This member catalyzes the reduction of a number of aldehydes, including the aldehyde form of glucose, and is thereby implicated in the development of diabetic complications by catalyzing the reduction of glucose to sorbitol. Multiple pseudogenes have been identified for this gene. The nomenclature system used by the HUGO Gene Nomenclature Committee to define human aldo-keto reductase family members is known to differ from that used by the Mouse Genome Informatics database. [provided by RefSeq, Feb 2009]",,AKR1B1,http://edrn.jpl.nasa.gov/bmdb/biomarkers/view/1017,P15121
BM00039,AKR1B10,genomic,Lung,2,"From NCBI Gene: This gene encodes a member of the aldo/keto reductase superfamily, which consists of more than 40 known enzymes and proteins. This member can efficiently reduce aliphatic and aromatic aldehydes, and it is less active on hexoses. It is highly expressed in adrenal gland, small intestine, and colon, and may play an important role in liver carcinogenesis. [provided by RefSeq, Jul 2008]",,AKR1B10,http://edrn.jpl.nasa.gov/bmdb/biomarkers/view/404,O60218
BM00040,AKR1C2,proteomic,Breast,3,"From NCBI Gene: This gene encodes a member of the aldo/keto reductase superfamily, which consists of more than 40 known enzymes and proteins. These enzymes catalyze the conversion of aldehydes and ketones to their corresponding alcohols using NADH and/or NADPH as cofactors. The enzymes display overlapping but distinct substrate specificity. This enzyme binds bile acid with high affinity, and shows minimal 3-alpha-hydroxysteroid dehydrogenase activity. This gene shares high sequence identity with three other gene members and is clustered with those three genes at chromosome 10p15-p14. Three transcript variants encoding two different isoforms have been found for this gene. [provided by RefSeq, Dec 2011]",,AKR1C2,http://edrn.jpl.nasa.gov/bmdb/biomarkers/view/1018,P52895
BM00041,AKT1,proteomic,Ovary,2,"From NCBI Gene: This gene encodes one of the three members of the human AKT serine-threonine protein kinase family which are often referred to as protein kinase B alpha, beta, and gamma. These highly similar AKT proteins all have an N-terminal pleckstrin homology domain, a serine/threonine-specific kinase domain and a C-terminal regulatory domain. These proteins are phosphorylated by phosphoinositide 3-kinase (PI3K). AKT/PI3K forms a key component of many signalling pathways that involve the binding of membrane-bound ligands such as receptor tyrosine kinases, G-protein coupled receptors, and integrin-linked kinase. These AKT proteins therefore regulate a wide variety of cellular functions including cell proliferation, survival, metabolism, and angiogenesis in both normal and malignant cells. AKT proteins are recruited to the cell membrane by phosphatidylinositol 3,4,5-trisphosphate (PIP3) after phosphorylation of phosphatidylinositol 4,5-bisphosphate (PIP2) by PI3K. Subsequent phosphorylation of both threonine residue 308 and serine residue 473 is required for full activation of the AKT1 protein encoded by this gene. Phosphorylation of additional residues also occurs, for example, in response to insulin growth factor-1 and epidermal growth factor. Protein phosphatases act as negative regulators of AKT proteins by dephosphorylating AKT or PIP3. The PI3K/AKT signalling pathway is crucial for tumor cell survival. Survival factors can suppress apoptosis in a transcription-independent manner by activating AKT1 which then phosphorylates and inactivates components of the apoptotic machinery. AKT proteins also participate in the mammalian target of rapamycin (mTOR) signalling pathway which controls the assembly of the eukaryotic translation initiation factor 4F (eIF4E) complex and this pathway, in addition to responding to extracellular signals from growth factors and cytokines, is disregulated in many cancers. Mutations in this gene are associated with multiple types of ca",,AKT1,http://edrn.jpl.nasa.gov/bmdb/biomarkers/view/1190,P31749
BM00042,ALCAM,proteomic,Pancreas,3,"CD166 is a sticky cell adhesion molecule that binds to CD6. It is involved in neurite extension by neurons via heterophilic and homophilic interactions and may play a role in the binding of T- and B-cells to activated leukocytes, as well as in interactions between cells of the nervous system.",,ALCAM,http://edrn.jpl.nasa.gov/bmdb/biomarkers/view/105,Q13740
BM00043,ALDH16A1,proteomic,Breast,2,"From NCBI Gene:  This gene encodes a member of the aldehyde dehydrogenase superfamily. The family members act on aldehyde substrates and use nicotinamide adenine dinucleotide phosphate (NADP) as a cofactor. This gene is conserved in chimpanzee, dog, cow, mouse, rat, and zebrafish. The protein encoded by this gene interacts with maspardin, a protein that when truncated is responsible for Mast syndrome. Alternatively spliced transcript variants encoding different isoforms have been found for this gene. [provided by RefSeq, Apr 2010]",,ALDH16A1,http://edrn.jpl.nasa.gov/bmdb/biomarkers/view/1153,Q8IZ83
BM00044,ALDH1A1,proteomic,Breast,2,"From NCBI Gene: The protein encoded by this gene belongs to the aldehyde dehydrogenase family. Aldehyde dehydrogenase is the next enzyme after alcohol dehydrogenase in the major pathway of alcohol metabolism. There are two major aldehyde dehydrogenase isozymes in the liver, cytosolic and mitochondrial, which are encoded by distinct genes, and can be distinguished by their electrophoretic mobility, kinetic properties, and subcellular localization. This gene encodes the cytosolic isozyme. Studies in mice show that through its role in retinol metabolism, this gene may also be involved in the regulation of the metabolic responses to high-fat diet. [provided by RefSeq, Mar 2011]",,ALDH1A1,http://edrn.jpl.nasa.gov/bmdb/biomarkers/view/1145,P00352
BM00045,ALDH1A2,genomic,Prostate,1,"From NCBI Gene: This protein belongs to the aldehyde dehydrogenase family of proteins. The product of this gene is an enzyme that catalyzes the synthesis of retinoic acid (RA) from retinaldehyde. Retinoic acid, the active derivative of vitamin A (retinol), is a hormonal signaling molecule that functions in developing and adult tissues. The studies of a similar mouse gene suggest that this enzyme and the cytochrome CYP26A1, concurrently establish local embryonic retinoic acid levels which facilitate posterior organ development and prevent spina bifida. Four transcript variants encoding distinct isoforms have been identified for this gene. [provided by RefSeq, May 2011]",,ALDH1A2,http://edrn.jpl.nasa.gov/bmdb/biomarkers/view/564,O94788
BM00046,ALDH3A1,genomic,Lung,2,"ALDH3A1 is a member of the aldehyde dehydrogenase family.  They are involved in the metabolism of corticosteroids, biogenic amines, neurotransmitters, and lipid peroxidation.  They are also involved in the detoxification of alcohol-derived acetaldehyde.  The ALDH3A1 protein is an enzyme that forms a cytoplasmic homodimer that oxidizes aromatic and medium-chain (6 carbons or more) saturated and unsaturated aldehyde substrates. It is thought to promote resistance to UV and 4-hydroxy-2-nonenal-induced oxidative damage in the cornea.  There are several splice variants that encode the same protein.",,ALDH3A1,http://edrn.jpl.nasa.gov/bmdb/biomarkers/view/405,P30838
BM00047,ALDOC,proteomic,Breast,1,"From NCBI Gene: This gene encodes a member of the class I fructose-biphosphate aldolase gene family. Expressed specifically in the hippocampus and Purkinje cells of the brain, the encoded protein is a glycolytic enzyme that catalyzes the reversible aldol cleavage of fructose-1,6-biphosphate and fructose 1-phosphate to dihydroxyacetone phosphate and either glyceraldehyde-3-phosphate or glyceraldehyde, respectively. [provided by RefSeq, Jul 2008]",,ALDOC,http://edrn.jpl.nasa.gov/bmdb/biomarkers/view/1481,P09972
BM00048,ALG10,proteomic,Breast,1,"ALG10 is a membrane associated protein found in the endoplasmic reticulum.  It is responsible for adding the third glucose residue to the lipid-linked oligosaccharide precursor for N-linked glycosylation.  Specifically, ALG10 transfers glucose from dolichyl phosphate glucose (Dol-P-Glc) onto the lipid-linked oligosaccharide Glc2Man9GlcNAc(2)-PP-Dol.",,ALG10,http://edrn.jpl.nasa.gov/bmdb/biomarkers/view/533,Q5BKT4
BM00049,ALPL,proteomic,Breast,3,"From NCBI Gene: There are at least four distinct but related alkaline phosphatases: intestinal, placental, placental-like, and liver/bone/kidney (tissue non-specific). The first three are located together on chromosome 2, while the tissue non-specific form is located on chromosome 1. The product of this gene is a membrane bound glycosylated enzyme that is not expressed in any particular tissue and is, therefore, referred to as the tissue-nonspecific form of the enzyme. The exact physiological function of the alkaline phosphatases is not known. A proposed function of this form of the enzyme is matrix mineralization; however, mice that lack a functional form of this enzyme show normal skeletal development. This enzyme has been linked directly to hypophosphatasia, a disorder that is characterized by hypercalcemia and includes skeletal defects. The character of this disorder can vary, however, depending on the specific mutation since this determines age of onset and severity of symptoms. Alternatively spliced transcript variants have been described. [provided by RefSeq, Apr 2010]",,ALPL,http://edrn.jpl.nasa.gov/bmdb/biomarkers/view/1019,P05186
BM00050,AMACR,proteomic,Prostate,1,"AMACR, a racemase, is an enzyme that interconverts pristanoyl-CoA and C27-bile acylCoAs between their (R)- and (S)-stereoisomers. The conversion to the (S)-stereoisomers is necessary for degradation of these substrates by peroxisomal beta-oxidation. Encoded proteins from the gene locus localize to both mitochondria and peroxisomes. Mutations in this gene may be associated with adult-onset sensorimotor neuropathy, pigmentary retinopathy, and adrenomyeloneuropathy due to defects in bile acid synthesis.  Frequent overexpression of AMACR has been detected in prostate cancer tumors.",,AMACR,http://edrn.jpl.nasa.gov/bmdb/biomarkers/view/119,Q9UHK6
BM00051,AMBP,proteomic,Ovary,2,"AMBP, a secreted protein, is cleaved into three chains: Alpha-1-microglobulin, Inter-alpha-trypsin inhibitor light chain and Trypstatin. Inter-alpha-trypsin inhibitor inhibits trypsin, plasmin, and lysosomal granulocytic elastase, and inhibits calcium oxalate crystallization. Trypstatin is a trypsin inhibitor. Expressed by the liver and secreted in plasma. Alpha-1-microglobulin occurs in many physiological fluids including plasma, urine, and cerebrospinal fluid. Inter-alpha-trypsin inhibitor is present in plasma and urine.",,AMBP,http://edrn.jpl.nasa.gov/bmdb/biomarkers/view/150,P02760
BM00052,AMD1,genomic,Prostate,1,adenosylmethionine decarboxylase 1,,AMD1,http://edrn.jpl.nasa.gov/bmdb/biomarkers/view/565,P17707
BM00053,AMFR,genomic,Prostate,1,"autocrine motility factor receptor, E3 ubiquitin protein ligase",,AMFR,http://edrn.jpl.nasa.gov/bmdb/biomarkers/view/566,Q9UKV5
BM00054,AMPM2,proteomic,Lung,1,,,AMPM2,http://edrn.jpl.nasa.gov/bmdb/biomarkers/view/1276,
BM00055,AMY2A,proteomic,Ovary,2,"AMY2A, a secreted protein, is an amylase isoenzyme produced by the pancreas. Amylases hydrolyze 1,4-alpha-glucoside bonds in oligosaccharides and polysaccharides, and thus catalyze the first step in digestion of dietary starch and glycogen. The human genome has a cluster of several amylase genes that are expressed at high levels in either salivary gland or pancreas.",,AMY2A,http://edrn.jpl.nasa.gov/bmdb/biomarkers/view/193,P04746
BM00056,Anderson 28 AAb biomarker panel,proteomic,Breast,3,"A novel protein microarray technology, termed Nucleic Acid Protein Programmable Array (NAPPA), which circumvents many of the limitations of traditional protein microarrays. Using this technology we have identified 28
potential AAb biomarkers for the early detection of breast cancer.",,,http://edrn.jpl.nasa.gov/bmdb/biomarkers/view/1307,
BM00057,ANG,proteomic,"Bladder, Lung",2,"Angiogenin, or ANG, is a mediator of new blood vessel formation. It hydrolyzes cellular tRNAs resulting in decreased protein synthesis and is similar to pancreatic ribonuclease. Alternative splicing results in two transcript variants encoding the same protein.  ANG binds to actin on the surface of endothelial cells; once bound, angiogenin is endocytosed and translocated to the nucleus. Angiogenin induces vascularization of normal and malignant tissues.",,ANG,http://edrn.jpl.nasa.gov/bmdb/biomarkers/view/406,P03950
BM00058,Angiostatin,proteomic,Breast,2,"Angiostatin is a fragment of plasminogen, a protein coded by the PLG gene. Angiostatin is known to inhibit angiogenesis.  Cleavage of the plasminogen peptide bond between Arg-561 and Val-562 converts plasminogen to its active form, plasmin, and also releases the angiostatin fragment.",,ANGIOSTATIN,http://edrn.jpl.nasa.gov/bmdb/biomarkers/view/1178,
BM00059,ANGPTL3,proteomic,"Lung, Pancreas",3,"ANGPTL3, or angiopoietin-like 3, is a member of the angiopoietin-like family of secreted factors.  It is a secreted protein expressed primarily in the liver, and also weakly expressed in the kidney.  ANGPTL3 has the characteristic angiopoietin structure, consisting of a signal peptide, N-terminal coiled-coil domain and the C-terminal fibrinogen (FBN)-like domain. The FBN-like domain in angiopoietin-like 3 protein was shown to bind alpha-5/beta-3 integrins, and this binding induced endothelial cell adhesion and migration.  ANGPTL3 is also thought to be involved in the regulation of angiogenesis.",,ANGPTL3,http://edrn.jpl.nasa.gov/bmdb/biomarkers/view/407,Q9Y5C1
BM00060,ANGPTL4,proteomic,Pancreas,3,"From NCBI Gene: This gene encodes a glycosylated, secreted protein containing a C-terminal fibrinogen domain. The encoded protein is induced by peroxisome proliferation activators and functions as a serum hormone that regulates glucose homeostasis, lipid metabolism, and insulin sensitivity. This protein can also act as an apoptosis survival factor for vascular endothelial cells and can prevent metastasis by inhibiting vascular growth and tumor cell invasion. The C-terminal domain may be proteolytically-cleaved from the full-length secreted protein. Decreased expression of this gene has been associated with type 2 diabetes. Alternative splicing results in multiple transcript variants. This gene was previously referred to as ANGPTL2 but has been renamed ANGPTL4. [provided by RefSeq, Sep 2013]",,ANGPTL4,http://edrn.jpl.nasa.gov/bmdb/biomarkers/view/1414,Q9BY76
BM00061,ANKRD40,genomic,Prostate,1,ankyrin repeat domain 40,,ANKRD40,http://edrn.jpl.nasa.gov/bmdb/biomarkers/view/567,Q6AI12
BM00062,Annexin 1 and SOX2,proteomic,Lung,2,,,,http://edrn.jpl.nasa.gov/bmdb/biomarkers/view/408,
BM00063,ANO1,proteomic,Breast,2,"ANO1, or anoctamin-1, is a calcium-activated chloride channel gene overexpressed in many tumors.  ANO1 is ubiquitously expressed in epithelia and is thought to be important in epithelial fluid transport.",,ANO1,http://edrn.jpl.nasa.gov/bmdb/biomarkers/view/893,Q5XXA6
BM00064,ANXA1,proteomic,"Breast, Lung",3,"Annexin 1 belongs to a family of calcium-dependent phospholipid binding proteins which are preferentially located on the cytosolic face of the plasma membrane. Annexin I protein has an apparent relative molecular mass of 40 kDa, with phospholipase A2 inhibitory activity.  Since phospholipase A2 is required for the biosynthesis of the potent mediators of inflammation, prostaglandins and leukotrienes, annexin I may have potential anti-inflammatory activity. Annexin 1 also promotes membrane fusion and is involved in exocytosis. It seems to bind from two to four calcium ions with high affinity.",,ANXA1,http://edrn.jpl.nasa.gov/bmdb/biomarkers/view/32,P04083
BM00065,ANXA2,proteomic,"Lung, Ovary, Prostate",2,"From NCBI Gene: This gene encodes a member of the annexin family. Members of this calcium-dependent phospholipid-binding protein family play a role in the regulation of cellular growth and in signal transduction pathways. This protein functions as an autocrine factor which heightens osteoclast formation and bone resorption. This gene has three pseudogenes located on chromosomes 4, 9 and 10, respectively. Multiple alternatively spliced transcript variants encoding different isoforms have been found for this gene. Annexin A2 expression has been found to correlate with resistance to treatment against various cancer forms. [provided by RefSeq, Dec 2019]",,ANXA2,http://edrn.jpl.nasa.gov/bmdb/biomarkers/view/153,P07355
BM00066,ANXA3,genomic,Prostate,1,annexin A3,,ANXA3,http://edrn.jpl.nasa.gov/bmdb/biomarkers/view/568,P12429
BM00067,AP1B1,proteomic,Breast,1,"From NCBI Gene: Adaptor protein complex 1 is found at the cytoplasmic face of coated vesicles located at the Golgi complex, where it mediates both the recruitment of clathrin to the membrane and the recognition of sorting signals within the cytosolic tails of transmembrane receptors. This complex is a heterotetramer composed of two large, one medium, and one small adaptin subunit. The protein encoded by this gene serves as one of the large subunits of this complex and is a member of the adaptin protein family. This gene is a candidate meningioma gene. Alternative splicing results in multiple transcript variants. [provided by RefSeq, Oct 2009]",,AP1B1,http://edrn.jpl.nasa.gov/bmdb/biomarkers/view/1482,Q10567
BM00068,AP1S2,genomic,Prostate,1,"adaptor-related protein complex 1, sigma 2 subunit",,AP1S2,http://edrn.jpl.nasa.gov/bmdb/biomarkers/view/569,P56377
BM00069,AP3B2,proteomic,Breast,2,"From NCBI Gene: Adaptor protein complex 3 (AP-3 complex) is a heterotrimeric protein complex involved in the formation of clathrin-coated synaptic vesicles. The protein encoded by this gene represents the beta subunit of the neuron-specific AP-3 complex and was first identified as the target antigen in human paraneoplastic neurologic disorders. The encoded subunit binds clathrin and is phosphorylated by a casein kinase-like protein, which mediates synaptic vesicle coat assembly. Defects in this gene are a cause of early-onset epileptic encephalopathy. [provided by RefSeq, Feb 2017]",,AP3B2,http://edrn.jpl.nasa.gov/bmdb/biomarkers/view/894,Q13367
BM00070,APAF1,proteomic,Breast,2,"From NCBI Gene: This gene encodes a cytoplasmic protein that initiates apoptosis. This protein contains several copies of the WD-40 domain, a caspase recruitment domain (CARD), and an ATPase domain (NB-ARC). Upon binding cytochrome c and dATP, this protein forms an oligomeric apoptosome. The apoptosome binds and cleaves caspase 9 preproprotein, releasing its mature, activated form. Activated caspase 9 stimulates the subsequent caspase cascade that commits the cell to apoptosis. Alternative splicing results in several transcript variants encoding different isoforms. [provided by RefSeq, Jul 2008]",,APAF1,http://edrn.jpl.nasa.gov/bmdb/biomarkers/view/895,O14727
BM00071,APC,genomic,"Breast, Lung, Ovary, Prostate",2,"The APC gene encodes a tumor suppressor protein that acts as an antagonist of the Wnt signaling pathway. It is also involved in other processes including cell migration and adhesion, transcriptional activation, and apoptosis. Defects in this gene cause familial adenomatous polyposis (FAP), an autosomal dominant pre-malignant disease that usually progresses to malignancy. Disease-associated mutations tend to be clustered in a small region designated the mutation cluster region (MCR) and result in a truncated protein product. 
Promoter hypermethylation is an alternative pathway for gene silencing in neoplastic cells and a promising cancer detection marker. Methylation levels of GSTP1, APC, and RASSF1A are associated with advanced grade and stage in prostate tumors. Quantitative methylation-specific PCR (QMSP) might augment the pathologic indicators currently used to predict prostate tumor aggressiveness.",,APC,http://edrn.jpl.nasa.gov/bmdb/biomarkers/view/113,
BM00072,APCS,proteomic,"Breast, Ovary",2,"APCS, a secreted glycoprotein found in serum and urine, interacts with DNA and histones and may scavenge nuclear material released from damaged circulating cells. It is thought to control the degradation of chromatin and has been demonstrated to bind to apoptotic cells at an early stage, which raises the possibility that it is involved in dealing with apoptotic cells in vivo. APCS may also function as a calcium-dependent lectin. APCS is a member of the pentaxin family of proteins, which characteristically bind two calcium ions per subunit and have a a discoid arrangement of 5 non-covalently bound subunits.",,APCS,http://edrn.jpl.nasa.gov/bmdb/biomarkers/view/194,P02743
BM00073,APEX1,proteomic,Lung,2,"APEX1 is the major endonuclease in human cells, playing a role in DNA repair and the celluar response to oxidative stress.  APEX1 is an apurinic/apyrimidinic (AP) endodeoxyribonuclease in the DNA base excision repair (BER) pathway of DNA lesions induced by oxidative and alkylating agents.
Several splice variants have been identified for this gene, all encoding the same protein.",,APEX1,http://edrn.jpl.nasa.gov/bmdb/biomarkers/view/1009,P27695
BM00074,APOA1,proteomic,"Breast, Lung, Ovary, Pancreas",3,"APOA1, a secreted protein belonging to the apolipoprotein A1/A4/E family, participates in the reverse transport of cholesterol from tissues to the liver for excretion by promoting cholesterol efflux from tissues and by acting as a cofactor for the lecithin cholesterol acyltransferase (LCAT). As part of the SPAP complex, APOA1 activates spermatozoa motility. This protein is a major protein of plasma HDL and is also found in chylomicrons. It is synthesized in the liver and small intestine.  Defects in APOA1 are a cause of several diseases: 1) high density lipoprotein deficiency type 2 (HDLD2), also known as familial hypoalphalipoproteinemia, for which inheritance is autosomal dominant; 2) the low HDL levels observed in high density lipoprotein deficiency type 1 (HDLD1), also known as analphalipoproteinemia or Tangier disease (TGD), a recessive disorder characterized by the absence of plasma HDL, accumulation of cholesteryl esters, premature coronary artery disease, hepatosplenomegaly, recurrent peripheral neuropathy and progressive muscle wasting and weakness; 3) amyloid polyneuropathy-nephropathy Iowa type (AMYLIOWA), also known as amyloidosis van Allen type or familial amyloid polyneuropathy type III, a hereditary generalized amyloidosis due to deposition of amyloid mainly constituted by apolipoprotein A1; 4) amyloidosis type 8 (AMYL8), also known as systemic non-neuropathic amyloidosis or Ostertag-type amyloidosis, a hereditary generalized amyloidosis due to deposition of apolipoprotein A1, fibrinogen and lysozyme amyloids.",,APOA1,http://edrn.jpl.nasa.gov/bmdb/biomarkers/view/223,P02647
BM00075,APOA2,proteomic,"Breast, Pancreas",2,"From NCBI Gene: This gene encodes apolipoprotein (apo-) A-II, which is the second most abundant protein of the high density lipoprotein particles. The protein is found in plasma as a monomer, homodimer, or heterodimer with apolipoprotein D. Defects in this gene may result in apolipoprotein A-II deficiency or hypercholesterolemia. [provided by RefSeq, Jul 2008]",,APOA2,http://edrn.jpl.nasa.gov/bmdb/biomarkers/view/1179,P02652
BM00076,ApoAII-ATQ/AT,proteomic,Pancreas,2,ApoAII-ATQ/AT is an isoform of circulating apolipoprotein AII (apoAII) with a C-terminal truncation of the apoAII homo-dimer.,,APOAII-ATQAT,http://edrn.jpl.nasa.gov/bmdb/biomarkers/view/1240,
BM00077,APOB,proteomic,"Breast, Ovary",2,"APOB, a secreted glycoprotein, is the main apolipoprotein of chylomicrons (apo B-48), LDL (apo B-100) and VLDL (apo B-100). It occurs in plasma as two main isoforms, apoB-48 and apoB-100: the former is synthesized exclusively in the gut and the latter in the liver. Apo B-100 functions as a recognition signal for the cellular binding and internalization of LDL particles by the apoB/E receptor. The intestinal and the hepatic forms of apoB are encoded by a single gene from a single, very long mRNA. The two isoforms share a common N-terminal sequence. The shorter apoB-48 protein is produced after RNA editing of the apoB-100 transcript at residue 2180 (CAA->UAA), resulting in the creation of a stop codon, and early translation termination. Mutations in this gene or its regulatory region cause hypobetalipoproteinemia, normotriglyceridemic hypobetalipoproteinemia, and hypercholesterolemia due to ligand-defective apoB, diseases affecting plasma cholesterol and apoB levels. APOB is up-regulated in response to enterovirus 71 (EV71) infection.",,APOB,http://edrn.jpl.nasa.gov/bmdb/biomarkers/view/195,
BM00078,APOC1,genomic,Prostate,1,"From NCBI Gene: This gene encodes a member of the apolipoprotein C1 family. This gene is expressed primarily in the liver, and it is activated when monocytes differentiate into macrophages. The encoded protein plays a central role in high density lipoprotein (HDL) and very low density lipoprotein (VLDL) metabolism. This protein has also been shown to inhibit cholesteryl ester transfer protein in plasma. A pseudogene of this gene is located 4 kb downstream in the same orientation, on the same chromosome. This gene is mapped to chromosome 19, where it resides within a apolipoprotein gene cluster. Alternative splicing and the use of alternative promoters results in multiple transcript variants. [provided by RefSeq, Sep 2016]",,APOC1,http://edrn.jpl.nasa.gov/bmdb/biomarkers/view/1596,P02654
BM00079,APOC3,proteomic,Breast,1,"From NCBI Gene: This gene encodes a protein component of triglyceride (TG)-rich lipoproteins (TRLs) including very low density lipoproteins (VLDL), high density lipoproteins (HDL) and chylomicrons. The encoded protein plays a role in role in the metabolism of these TRLs through multiple modes. This protein has been shown to promote the secretion of VLDL1, inhibit lipoprotein lipase enzyme activity, and delay catabolism of TRL remnants. Mutations in this gene are associated with low plasma triglyceride levels and reduced risk of ischemic cardiovascular disease, and hyperalphalipoproteinemia, which is characterized by elevated levels of high density lipoprotein (HDL) and HDL cholesterol in human patients. This gene and other related genes comprise an apolipoprotein gene cluster on chromosome 11. [provided by RefSeq, Sep 2017]",,APOC3,http://edrn.jpl.nasa.gov/bmdb/biomarkers/view/1483,P02656
BM00080,APOC4,proteomic,Ovary,2,"APOC4, a member of the apolipoprotein C4 family, is a secreted lipid-binding protein purported to be involved in the metabolism of lipoproteins. Polymorphisms in this gene may influence circulating lipid levels and may be associated with coronary artery disease risk. This gene is present in a cluster with other related apolipoprotein genes on chromosome 19. APOC4 is expressed by the liver and secreted in plasma.",,APOC4,http://edrn.jpl.nasa.gov/bmdb/biomarkers/view/196,P55056
BM00081,APOE,genomic,"Bladder, Breast",2,"From NCBI Gene: The protein encoded by this gene is a major apoprotein of the chylomicron. It binds to a specific liver and peripheral cell receptor, and is essential for the normal catabolism of triglyceride-rich lipoprotein constituents. This gene maps to chromosome 19 in a cluster with the related apolipoprotein C1 and C2 genes. Mutations in this gene result in familial dysbetalipoproteinemia, or type III hyperlipoproteinemia (HLP III), in which increased plasma cholesterol and triglycerides are the consequence of impaired clearance of chylomicron and VLDL remnants. [provided by RefSeq, Jun 2016]",,APOE,http://edrn.jpl.nasa.gov/bmdb/biomarkers/view/1139,P02649
BM00082,APOH,proteomic,Breast,1,"From NCBI Gene: Apolipoprotein H, also known as beta-2-glycoprotein I, is a component of circulating plasma lipoproteins. It has been implicated in a variety of physiologic pathways including lipoprotein metabolism, coagulation, hemostasis, and the production of antiphospholipid autoantibodies. APOH may be a required cofactor for anionic phospholipid binding by the antiphospholipid autoantibodies found in sera of many patients with lupus and primary antiphospholipid syndrome (APS). The anti-beta (2) glycoprotein I antibodies from APS patients, mediate inhibition of activated protein C which has anticoagulant properties. Because beta-2-GPI is the main autoantigen in patients with APS, the disruption of this pathway by autoantibodies may be an important mechanism for thrombosis in patients with APS.[provided by RefSeq, Dec 2019]",,APOH,http://edrn.jpl.nasa.gov/bmdb/biomarkers/view/1484,P02749
BM00083,APOLD1,genomic,Prostate,1,"From NCBI Gene: APOLD1 is an endothelial cell early response protein that may play a role in regulation of endothelial cell signaling and vascular function (Regard et al., 2004 [PubMed 15102925]).[supplied by OMIM, Dec 2008]",,APOLD1,http://edrn.jpl.nasa.gov/bmdb/biomarkers/view/570,Q96LR9
BM00084,AREG,proteomic,Pancreas,2,"From NCBI Gene: The protein encoded by this gene is a member of the epidermal growth factor family. It is an autocrine growth factor as well as a mitogen for astrocytes, Schwann cells and fibroblasts. It is related to epidermal growth factor (EGF) and transforming growth factor alpha (TGF-alpha). The protein interacts with the EGF/TGF-alpha receptor to promote the growth of normal epithelial cells, and it inhibits the growth of certain aggressive carcinoma cell lines. It also functions in mammary gland, oocyte and bone tissue development. This gene is associated with a psoriasis-like skin phenotype, and is also associated with other pathological disorders, including various types of cancers and inflammatory conditions. [provided by RefSeq, Apr 2014]",,AREG,http://edrn.jpl.nasa.gov/bmdb/biomarkers/view/1113,P15514
BM00085,ARFIP2,proteomic,Breast,2,"From UniProtKB/Swiss-Prot: Plays a role in constitutive metalloproteinase (MMP) secretion from the trans Golgi network. May have important functions during vesicle biogenesis at certain cargo subdomains, which could be predominantly utilized by secreted MMPs, such as MMP7 and MMP2 (PubMed:26507660). Participates also in autophagy by regulating the starvation-depdendent trafficking of ATG9A vesicles which deliver the PI4-kinase to the autophagosome initiation site (PubMed:31204568). In addition, plays a role in NF-kappa-B inhibition by interacting with IKBKB and IKBKG (PubMed:26296658).",,ARFIP2,http://edrn.jpl.nasa.gov/bmdb/biomarkers/view/1314,P53365
BM00086,ARHGDIA,genomic,Prostate,1,"From NCBI Gene: This gene encodes a protein that plays a key role in the regulation of signaling through Rho GTPases. The encoded protein inhibits the disassociation of Rho family members from GDP (guanine diphosphate), thereby maintaining these factors in an inactive state. Activity of this protein is important in a variety of cellular processes, and expression of this gene may be altered in tumors. Mutations in this gene have been found in individuals with nephrotic syndrome, type 8. Alternate splicing results in multiple transcript variants. [provided by RefSeq, Jul 2014]",,ARHGDIA,http://edrn.jpl.nasa.gov/bmdb/biomarkers/view/571,P52565
BM00087,ARHGEF16,proteomic,Breast,2,ARHGEF16 is a guanine nucleotide exchange factor.  Guanine nucleotide exchange factors regulate the activation of Rho-like GTPases. Guanidine exchange factors promote the GTP activation of Rho GTPase's by catalyzing the exchange of GDP for GTP.,,ARHGEF16,http://edrn.jpl.nasa.gov/bmdb/biomarkers/view/896,Q5VV41
BM00088,ARHGEF40,genomic,Prostate,1,"From NCBI Gene: This gene encodes a protein similar to guanosine nucleotide exchange factors for Rho GTPases. The encoded protein contains in its C-terminus a GEF domain involved in exchange activity and a pleckstrin homology domain. Alternatively spliced transcripts that encode different proteins have been described. [provided by RefSeq, Mar 2014]",,ARHGEF40,http://edrn.jpl.nasa.gov/bmdb/biomarkers/view/661,Q8TER5
BM00089,ARID1A,proteomic,Ovary,2,"From NCBI Gene: This gene encodes a member of the SWI/SNF family, whose members have helicase and ATPase activities and are thought to regulate transcription of certain genes by altering the chromatin structure around those genes. The encoded protein is part of the large ATP-dependent chromatin remodeling complex SNF/SWI, which is required for transcriptional activation of genes normally repressed by chromatin. It possesses at least two conserved domains that could be important for its function. First, it has a DNA-binding domain that can specifically bind an AT-rich DNA sequence known to be recognized by a SNF/SWI complex at the beta-globin locus. Second, the C-terminus of the protein can stimulate glucocorticoid receptor-dependent transcriptional activation. It is thought that the protein encoded by this gene confers specificity to the SNF/SWI complex and may recruit the complex to its targets through either protein-DNA or protein-protein interactions. Two transcript variants encoding different isoforms have been found for this gene. [provided by RefSeq, Jul 2008]",,ARID1A,http://edrn.jpl.nasa.gov/bmdb/biomarkers/view/1189,O14497
BM00090,ARID5A,genomic,Prostate,1,"From NCBI Gene: Members of the ARID protein family, including ARID5A, have diverse functions but all appear to play important roles in development, tissue-specific gene expression, and regulation of cell growth (Patsialou et al., 2005 [PubMed 15640446]).[supplied by OMIM, Mar 2008]",,ARID5A,http://edrn.jpl.nasa.gov/bmdb/biomarkers/view/572,Q03989
BM00091,Assay-MagPix instrument using the magnetic spectral beads,proteomic,Breast,1,,,,http://edrn.jpl.nasa.gov/bmdb/biomarkers/view/1260,
BM00092,AT,proteomic,Pancreas,2,"From NCBI Gene: AT is an isoform of Apolipoprotein (apo-) A-II, which is the second most abundant protein of the high density lipoprotein particles. The protein is found in plasma as a monomer, homodimer, or heterodimer with apolipoprotein D. Defects in this gene may result in apolipoprotein A-II deficiency or hypercholesterolemia.",,AT,http://edrn.jpl.nasa.gov/bmdb/biomarkers/view/1311,
BM00093,ATF3,proteomic,"Breast, Prostate",1,"From NCBI Gene: This gene encodes a member of the mammalian activation transcription factor/cAMP responsive element-binding (CREB) protein family of transcription factors. This gene is induced by a variety of signals, including many of those encountered by cancer cells, and is involved in the complex process of cellular stress response. Multiple transcript variants encoding different isoforms have been found for this gene. It is possible that alternative splicing of this gene may be physiologically important in the regulation of target genes. [provided by RefSeq, Apr 2011]",,ATF3,http://edrn.jpl.nasa.gov/bmdb/biomarkers/view/523,P18847
BM00094,ATP6AP1,proteomic,Breast,1,"From NCBI Gene: This gene encodes a component of a multisubunit enzyme that mediates acidification of eukaryotic intracellular organelles. Vacuolar ATPase (V-ATPase) is comprised of a cytosolic V1 (site of the ATP catalytic site) and a transmembrane V0 domain. V-ATPase dependent organelle acidification is necessary for such intracellular processes as protein sorting, zymogen activation, and receptor-mediated endocytosis. The encoded protein of this gene may assist in the V-ATPase-mediated acidification of neuroendocrine secretory granules. This protein may also play a role in early development. [provided by RefSeq, Aug 2013]",,ATP6AP1,http://edrn.jpl.nasa.gov/bmdb/biomarkers/view/511,Q15904
BM00095,ATP6AP2,proteomic,Ovary,2,"ATP6AP2 functions as a renin and prorenin cellular receptor. It may mediate renin-dependent cellular responses by activating ERK1 and ERK2. By increasing the catalytic efficiency of renin in AGT/angiotensinogen conversion to angiotensin I, it may also play a role in the renin-angiotensin system (RAS). ATP6AP2 is expressed in brain, heart, placenta, liver, kidney and pancreas; it is barely detectable in lung and skeletal muscles. In the kidney cortex it is restricted to the mesangium of glomeruli. In the coronary and kidney artery it is expressed in the subendothelium, associated to smooth muscles where it colocalizes with REN. It is expressed in vascular structures and by syncytiotrophoblast cells in the mature fetal placenta.  Defects in ATP6AP2 are a cause of mental retardation X-linked with epilepsy (MRXE). MRXE is a syndromic mental retardation. Patients manifest mild to moderate mental retardation associated with epilepsy, delays in motor milestones and speech acquisition in infancy.",,ATP6AP2,http://edrn.jpl.nasa.gov/bmdb/biomarkers/view/156,O75787
BM00096,ATP6V1G1,proteomic,Breast,2,"ATP6V1G1 is a subunit of vacuolar ATPase (V-ATPase), a multisubunit enzyme. V-ATPase is an enzyme transporter that functions to acidify intracellular compartments in eukaryotic cells. This acidification process is necessary for such intracellular processes as protein sorting, zymogen activation, receptor-mediated endocytosis, and synaptic vesicle proton gradient generation. V-ATPase is ubiquitously expressed and is present in endomembrane organelles such as vacuoles, lysosomes, endosomes, the Golgi apparatus, chromaffin granules and coated vesicles, as well as in the plasma membrane. V-ATPase is composed of a cytosolic V1 domain and a transmembrane V0 domain. The V1 domain consists of three A, three B, and two G subunits, as well as a C, D, E, F, and H subunit. The V1 domain contains the ATP catalytic site.",,ATP6V1G1,http://edrn.jpl.nasa.gov/bmdb/biomarkers/view/897,O75348
BM00097,ATQ,proteomic,Pancreas,2,"From NCBI Gene: ATQ is an isoform of Apolipoprotein (apo-) A-II, which is the second most abundant protein of the high density lipoprotein particles. The protein is found in plasma as a monomer, homodimer, or heterodimer with apolipoprotein D. Defects in this gene may result in apolipoprotein A-II deficiency or hypercholesterolemia.",,ATQ,http://edrn.jpl.nasa.gov/bmdb/biomarkers/view/1312,
BM00098,AUH,genomic,Prostate,1,"From NCBI Gene: This gene encodes bifunctional mitochondrial protein that has both RNA-binding and hydratase activities. The encoded protein is a methylglutaconyl-CoA hydratase that catalyzes the hydration of 3-methylglutaconyl-CoA to 3-hydroxy-3-methyl-glutaryl-CoA, a critical step in the leucine degradation pathway. This protein also binds AU-rich elements (AREs) found in the 3' UTRs of rapidly decaying mRNAs including c-fos, c-myc and granulocyte/ macrophage colony stimulating factor. ARE elements are involved in directing RNA to rapid degradation and deadenylation. This protein is localizes to the mitochondrial matrix and the inner mitochondrial membrane and may be involved in mitochondrial protein synthesis. Mutations in this gene are the cause of 3-methylglutaconic aciduria, type I. Alternative splicing results in multiple transcript variants. [provided by RefSeq, Sep 2015]",,AUH,http://edrn.jpl.nasa.gov/bmdb/biomarkers/view/573,Q13825
BM00099,AZGP1,genomic,Prostate,1,"From NCBI Gene: Involved in cell adhesion and detection of chemical stimulus involved in sensory perception of bitter taste. Located in extracellular space. [provided by Alliance of Genome Resources, Nov 2021]   

From UniProt/SwissProt: Stimulates lipid degradation in adipocytes and causes the extensive fat losses associated with some advanced cancers. May bind polyunsaturated fatty acids.",,AZGP1,http://edrn.jpl.nasa.gov/bmdb/biomarkers/view/574,P25311
BM00100,b-ECGF,proteomic,Lung,1,,,B-ECGF,http://edrn.jpl.nasa.gov/bmdb/biomarkers/view/1277,
BM00101,B2M,proteomic,"Breast, Ovary",3,"B2M, a secreted protein belonging to the beta-2-microglobulin family, is a component of the class I major histocompatibility complex (MHC) on the surface of nearly all nucleated cells and involved in the presentation of peptide antigens to the immune system. A mutation in this gene has been shown to result in hypercatabolic hypoproteinemia. B2M is detected in serum and urine.",,B2M,http://edrn.jpl.nasa.gov/bmdb/biomarkers/view/74,P61769
BM00102,B3GNT6,genomic,Prostate,1,"From NCBI Gene: The protein encoded by this gene is a beta-1,3-N-acetylglucosaminyltransferase that adds an N-acetylglucosamine moiety to N-acetylgalactosamine-modified serine or threonine. The encoded enzyme is responsible for creating the core 3 structure of O-glycans, which are important components of mucin-type glycoproteins. [provided by RefSeq, Dec 2016]",,B3GNT6,http://edrn.jpl.nasa.gov/bmdb/biomarkers/view/1598,O43505
BM00103,BAC clone RP11-499F19,proteomic,Lung,1,BAC clone RP11-499F19 is available in Genbank as accession number AC108477.  There is no associated protein sequence and no known protein function.,,,http://edrn.jpl.nasa.gov/bmdb/biomarkers/view/1084,
BM00104,Bajtarevic VOCs signature,proteomic,Lung,1,Exhaled breath was collected and differences in concentration for more than 50 volatile organic compounds (VOCs) was assayed by various methods.,,,http://edrn.jpl.nasa.gov/bmdb/biomarkers/view/554,
BM00105,BANK1,proteomic,Breast,2,BANK1 is a B-cell-specific scaffold protein that functions in B-cell receptor-induced calcium mobilization from intracellular stores.  It also promotes Lyn-mediated phosphorylation of IP3 receptors 1 and 2.  There are several transcript variants resulting from alternative splicing.,,BANK1,http://edrn.jpl.nasa.gov/bmdb/biomarkers/view/898,Q8NDB2
BM00106,BCAM,proteomic,Ovary,2,"From NCBI Gene: This gene encodes Lutheran blood group glycoprotein, a member of the immunoglobulin superfamily and a receptor for the extracellular matrix protein, laminin. The protein contains five extracellular immunoglobulin domains, a single transmembrane domain, and a short C-terminal cytoplasmic tail. This protein may play a role in epithelial cell cancer and in vaso-occlusion of red blood cells in sickle cell disease. Polymorphisms in this gene define some of the antigens in the Lutheran system and also the Auberger system. Inactivating variants of this gene result in the recessive Lutheran null phenotype, Lu(a-b-), of the Lutheran blood group. Two transcript variants encoding different isoforms have been found for this gene. [provided by RefSeq, May 2012]",,BCAM,http://edrn.jpl.nasa.gov/bmdb/biomarkers/view/151,P50895
BM00107,BCAT1,genomic,Colon,1,"From NCBI Gene: This gene encodes the cytosolic form of the enzyme branched-chain amino acid transaminase. This enzyme catalyzes the reversible transamination of branched-chain alpha-keto acids to branched-chain L-amino acids essential for cell growth. Two different clinical disorders have been attributed to a defect of branched-chain amino acid transamination: hypervalinemia and hyperleucine-isoleucinemia. As there is also a gene encoding a mitochondrial form of this enzyme, mutations in either gene may contribute to these disorders. Alternatively spliced transcript variants have been described. [provided by RefSeq, May 2010]",,BCAT1,http://edrn.jpl.nasa.gov/bmdb/biomarkers/view/1222,P54687
BM00108,BCHE,genomic,Prostate,1,"From NCBI Gene: This gene encodes a cholinesterase enzyme and member of the type-B carboxylesterase/lipase family of proteins. The encoded enzyme exhibits broad substrate specificity and is involved in the detoxification of poisons including organophosphate nerve agents and pesticides, and the metabolism of drugs including cocaine, heroin and aspirin. Humans homozygous for certain mutations in this gene exhibit prolonged apnea after administration of the muscle relaxant succinylcholine. [provided by RefSeq, Jul 2016]",,BCHE,http://edrn.jpl.nasa.gov/bmdb/biomarkers/view/575,P06276
BM00109,BCL2L14,genomic,Prostate,1,"From NCBI Gene: The protein encoded by this gene belongs to the BCL2 protein family. BCL2 family members form hetero- or homodimers and act as anti- or pro-apoptotic regulators that are involved in a wide variety of cellular activities. Overexpression of this gene has been shown to induce apoptosis in cells. Three alternatively spliced transcript variants encoding two distinct isoforms have been reported for this gene. [provided by RefSeq, May 2009]",,BCL2L14,http://edrn.jpl.nasa.gov/bmdb/biomarkers/view/576,Q9BZR8
BM00110,BCL2L2,proteomic,Breast,3,"From NCBI Gene: This gene encodes a member of the BCL-2 protein family. The proteins of this family form hetero- or homodimers and act as anti- and pro-apoptotic regulators. Expression of this gene in cells has been shown to contribute to reduced cell apoptosis under cytotoxic conditions. Studies of the related gene in mice indicated a role in the survival of NGF- and BDNF-dependent neurons. Mutation and knockout studies of the mouse gene demonstrated an essential role in adult spermatogenesis. Alternative splicing results in multiple transcript variants. Read-through transcription also exists between this gene and the neighboring downstream PABPN1 (poly(A) binding protein, nuclear 1) gene. [provided by RefSeq, Dec 2010]",,BCL2L2,http://edrn.jpl.nasa.gov/bmdb/biomarkers/view/1020,Q92843
BM00111,BDNF,proteomic,"Breast, Prostate",1,"From NCBI Gene: This gene encodes a member of the nerve growth factor family of proteins. Alternative splicing results in multiple transcript variants, at least one of which encodes a preproprotein that is proteolytically processed to generate the mature protein. Binding of this protein to its cognate receptor promotes neuronal survival in the adult brain. Expression of this gene is reduced in Alzheimer's, Parkinson's, and Huntington's disease patients. This gene may play a role in the regulation of the stress response and in the biology of mood disorders. [provided by RefSeq, Nov 2015]",,BDNF,http://edrn.jpl.nasa.gov/bmdb/biomarkers/view/529,P23560
BM00112,BGLAP,proteomic,Breast,3,"From NCBI Gene: This gene encodes a highly abundant bone protein secreted by osteoblasts that regulates bone remodeling and energy metabolism. The encoded protein contains a Gla (gamma carboxyglutamate) domain, which functions in binding to calcium and hydroxyapatite, the mineral component of bone. Serum osteocalcin levels may be negatively correlated with metabolic syndrome. Read-through transcription exists between this gene and the neighboring upstream gene, PMF1 (polyamine-modulated factor 1), but the encoded protein only shows sequence identity with the upstream gene product. [provided by RefSeq, Jun 2015]",,BGLAP,http://edrn.jpl.nasa.gov/bmdb/biomarkers/view/1021,P02818
BM00113,bHCG,proteomic,Pancreas,3,"From UniProtKB/Swiss-Prot: Beta subunit of the human chorionic gonadotropin (hCG). hCG is a complex glycoprotein composed of two glycosylated subunits alpha and beta which are non-covalently associated. The alpha subunit is identical to those in the pituitary gonadotropin hormones (LH, FSH and TSH). The beta subunits are distinct in each of the hormones and confer receptor and biological specificity. Has an essential role in pregnancy and maternal adaptation. Stimulates the ovaries to synthesize the steroids that are essential for the maintenance of pregnancy.   Encoded by a cluster of genes that have evolved by duplication from LHB. HCG-beta is encoded by six non-allelic genes (CGB) clustered on chromosome 19q13.3 and named CGB1, CGB2, CGB3, CGB5, CGB7 and CGB8. Two specific hCGb proteins that differ by three amino acids in positions 2,4 and 117 have been described: type 1 (CGB7) and type 2 (CGB3, CGB5, CGB8). The CGB gene first arose in the common ancestor of the anthropoid primates.",,BHCG,http://edrn.jpl.nasa.gov/bmdb/biomarkers/view/1441,
BM00114,BHMT2,genomic,Prostate,1,"From NCBI Gene: Homocysteine is a sulfur-containing amino acid that plays a crucial role in methylation reactions. Transfer of the methyl group from betaine to homocysteine creates methionine, which donates the methyl group to methylate DNA, proteins, lipids, and other intracellular metabolites. The protein encoded by this gene is one of two methyl transferases that can catalyze the transfer of the methyl group from betaine to homocysteine. Anomalies in homocysteine metabolism have been implicated in disorders ranging from vascular disease to neural tube birth defects such as spina bifida. Alternatively spliced transcript variants encoding different isoforms have been found for this gene. [provided by RefSeq, May 2010]",,BHMT2,http://edrn.jpl.nasa.gov/bmdb/biomarkers/view/577,Q9H2M3
BM00115,Bianchi 34 marker miRNA Signature for Lung Cancer,proteomic,Lung,2,"This signature was developed based on the detection of 34 microRNAs (miRNAs) from serum that could identify patients with early stage non-small cell lung carcinomas (NSCLCs) in a population of asymptomatic high-risk individuals with 80% accuracy. The signature could assign disease probability accurately either in asymptomatic or symptomatic patients, is able to distinguish between benign and malignant lesions, and to capture the onset of the malignant disease in individual patients over time.",,,http://edrn.jpl.nasa.gov/bmdb/biomarkers/view/509,
BM00116,BIN1,genomic,Prostate,1,"From NCBI Gene: This gene encodes several isoforms of a nucleocytoplasmic adaptor protein, one of which was initially identified as a MYC-interacting protein with features of a tumor suppressor. Isoforms that are expressed in the central nervous system may be involved in synaptic vesicle endocytosis and may interact with dynamin, synaptojanin, endophilin, and clathrin. Isoforms that are expressed in muscle and ubiquitously expressed isoforms localize to the cytoplasm and nucleus and activate a caspase-independent apoptotic process. Studies in mouse suggest that this gene plays an important role in cardiac muscle development. Alternate splicing of the gene results in several transcript variants encoding different isoforms. Aberrant splice variants expressed in tumor cell lines have also been described. [provided by RefSeq, Mar 2016]",,BIN1,http://edrn.jpl.nasa.gov/bmdb/biomarkers/view/578,O00499
BM00117,BLK AAb,proteomic,Breast,2,,,BLK-AAB,http://edrn.jpl.nasa.gov/bmdb/biomarkers/view/1315,
BM00118,BLVRB,proteomic,Ovary,2,"BLVRB, a cytoplasmic protein, is a broad specificity oxidoreductase that catalyzes the NADPH-dependent reduction of a variety of flavins, such as riboflavin, FAD or FMN, biliverdins, methemoglobin and pyrroloquinoline quinone. It contributes to heme catabolism and metabolizes linear tetrapyrroles. BLVRB can also reduce the complexed Fe3+ iron to Fe2+ in the presence of FMN and NADPH. In the liver, converts biliverdin to bilirubin.  BLVRB is predominantly expressed in liver and erythrocytes, and at lower levels in heart, lung, adrenal gland and cerebrum.",,BLVRB,http://edrn.jpl.nasa.gov/bmdb/biomarkers/view/197,P30043
BM00119,BMP1,proteomic,Lung,2,"From NCBI Gene: This gene encodes a protein that is capable of inducing formation of cartilage in vivo. Although other bone morphogenetic proteins are members of the TGF-beta superfamily, this gene encodes a protein that is not closely related to other known growth factors. This gene is expressed as alternatively spliced variants that share an N-terminal protease domain but differ in their C-terminal region. [provided by RefSeq, Aug 2008]",,BMP1,http://edrn.jpl.nasa.gov/bmdb/biomarkers/view/974,P13497
BM00120,BMX,proteomic,Breast,1,"BMX, or BMX non-receptor tyrosine kinase, belongs to the Tec kinase family. BMX, a non-receptor tyrosine kinase, plays a central but diverse modulatory role in various signaling processes involved in the regulation of actin reorganization, cell migration, cell proliferation and survival, cell adhesion, and apoptosis.  The BMX protein contains a PH-like domain, which mediates membrane targeting by binding to phosphatidylinositol 3,4,5-triphosphate (PIP3), and a SH2 domain that binds to tyrosine-phosphorylated proteins and functions in signal transduction. The protein is implicated in several signal transduction pathways including the Stat pathway. Multiple alternatively spliced variants, encoding the same protein, have been identified.",,BMX,http://edrn.jpl.nasa.gov/bmdb/biomarkers/view/525,P51813
BM00121,Boeri miRNA signature of diagnosis of lung cancer,proteomic,Lung,1,"miRNA expression analyses in plasma samples collected 1-2 years before the onset of disease, at the time of CT detection and in disease-free smokers enrolled in the screening trial, resulted in the generation of miRNA signatures with strong predictive, diagnostic, and prognostic potential (area under the ROC curve &gt; or = 0.85).  The signature of diagnosis of lung cancer is comprised of 16 ratios composed from 13 miRNAs: 21, 92a, 140-3p, 17, 106a, 140-5p, 660, 19b, 451, 30c, 15b, 28-3p, 486-5p. (from PMID:21300873)",,,http://edrn.jpl.nasa.gov/bmdb/biomarkers/view/552,
BM00122,Boeri miRNA signature of risk for lung cancer,proteomic,Lung,1,"miRNA expression analyses in plasma samples collected 1-2 years before the onset of disease, at the time of CT detection and in disease-free smokers enrolled in the screening trial, resulted in the generation of miRNA signatures with strong predictive, diagnostic, and prognostic potential (area under the ROC curve &gt; or = 0.85).  The signature of diagnosis of lung cancer is comprised of 16 ratios composed from 13 miRNAs: 21, 92a, 140-3p, 17, 106a, 140-5p, 660, 19b, 451, 30c, 15b, 28-3p, 486-5p. (from PMID:21300873)",,,http://edrn.jpl.nasa.gov/bmdb/biomarkers/view/551,
BM00123,BPIFA1,genomic,Lung,2,"The BPIFA1 gene was formerly known as PLUNC.  This human gene is the homolog of murine Plunc, and shows the same expression pattern as murine Plunc.  Both are expressed in the upper airways and nasopharyngeal regions.  Human BPIFA1 may be involved in the airway inflammatory response after exposure to irritants and may be associated with tumor progression. BPIFA1 may  also play a role in innate immune responses of the upper airways.  And it may serve as a potential molecular marker for detection of micrometastasis in non-small-cell lung cancer. Multiple transcript variants resulting from alternative splicing in the 3' UTR have been detected, but only three full length variants have been isolated.",,BPIFA1,http://edrn.jpl.nasa.gov/bmdb/biomarkers/view/478,Q9NP55
BM00124,BPSA,proteomic,Prostate,2,From PMID:18550118: A degraded form of PSA with internal peptide bond cleavages associated with benign prostatic hyperplasia and the transition zone of the prostate.,,BPSA,http://edrn.jpl.nasa.gov/bmdb/biomarkers/view/1100,
BM00125,BRAF,proteomic,Ovary,2,"From NCBI Gene: This gene encodes a protein belonging to the RAF family of serine/threonine protein kinases. This protein plays a role in regulating the MAP kinase/ERK signaling pathway, which affects cell division, differentiation, and secretion. Mutations in this gene, most commonly the V600E mutation, are the most frequently identified cancer-causing mutations in melanoma, and have been identified in various other cancers as well, including non-Hodgkin lymphoma, colorectal cancer, thyroid carcinoma, non-small cell lung carcinoma, hairy cell leukemia and adenocarcinoma of lung. Mutations in this gene are also associated with cardiofaciocutaneous, Noonan, and Costello syndromes, which exhibit overlapping phenotypes. A pseudogene of this gene has been identified on the X chromosome. [provided by RefSeq, Aug 2017]",,BRAF,http://edrn.jpl.nasa.gov/bmdb/biomarkers/view/1200,P15056
BM00126,BRCA1,proteomic,"Breast, Ovary",2,"BRCA1 is a nuclear phosphoprotein that functions as a tumor suppressor. BRCA1 combines with other tumor suppressors, DNA damage sensors, and signal transducers to form a large multi-subunit protein complex known as the BRCA1-associated genome surveillance complex (BASC). BRCA1 associates with RNA polymerase II, and through the C-terminal domain, also interacts with histone deacetylase complexes. This protein thus plays a role in transcription, DNA repair of double-stranded breaks, and recombination. Mutations in this gene are responsible for approximately 40% of inherited breast cancers and more than 80% of inherited breast and ovarian cancers.",,BRCA1,http://edrn.jpl.nasa.gov/bmdb/biomarkers/view/899,P38398
BM00127,BRCA2,proteomic,Ovary,2,"From NCBI Gene: Inherited mutations in BRCA1 and this gene, BRCA2, confer increased lifetime risk of developing breast or ovarian cancer. Both BRCA1 and BRCA2 are involved in maintenance of genome stability, specifically the homologous recombination pathway for double-strand DNA repair. The largest exon in both genes is exon 11, which harbors the most important and frequent mutations in breast cancer patients. The BRCA2 gene was found on chromosome 13q12.3 in human. The BRCA2 protein contains several copies of a 70 aa motif called the BRC motif, and these motifs mediate binding to the RAD51 recombinase which functions in DNA repair. BRCA2 is considered a tumor suppressor gene, as tumors with BRCA2 mutations generally exhibit loss of heterozygosity (LOH) of the wild-type allele. [provided by RefSeq, May 2020]",,BRCA2,http://edrn.jpl.nasa.gov/bmdb/biomarkers/view/1418,
BM00128,Breast protein biomarkers (unspecified set 1),proteomic,Breast,3,,,,http://edrn.jpl.nasa.gov/bmdb/biomarkers/view/1463,
BM00129,Bronchial proteomic biomarkers (50),proteomic,Lung,3,Bronchial proteomic biomarker panel for the early detection of lung cancer in the setting of indeterminate pulmonary nodules.,,,http://edrn.jpl.nasa.gov/bmdb/biomarkers/view/1290,
BM00130,BSI panel (mAb),proteomic,Lung,2,BioSystems International monoclonal antibody panel,,BSI-PANEL-MAB,http://edrn.jpl.nasa.gov/bmdb/biomarkers/view/1283,
BM00131,BTK,proteomic,Lung,1,"From NCBI Gene: The protein encoded by this gene plays a crucial role in B-cell development. Mutations in this gene cause X-linked agammaglobulinemia type 1, which is an immunodeficiency characterized by the failure to produce mature B lymphocytes, and associated with a failure of Ig heavy chain rearrangement. Alternative splicing results in multiple transcript variants encoding different isoforms. [provided by RefSeq, Dec 2013]",,BTK,http://edrn.jpl.nasa.gov/bmdb/biomarkers/view/1275,Q06187
BM00132,BTN2A1,genomic,Prostate,1,"From NCBI Gene: This gene encodes a member of the immunoglobulin superfamily. The gene is located in a cluster of butyrophilin-like genes in the juxta-telomeric region of the major histocompatibility complex on chromosome 6. A pseudogene of this gene has been identified in this cluster. The encoded protein is an integral plasma membrane protein involved in lipid, fatty-acid, and sterol metabolism. Alterations in this gene may be associated with several disease states including metabolic syndrome. Multiple alternatively spliced transcript variants encoding different isoforms have been found for this gene. [provided by RefSeq, Jul 2013]",,BTN2A1,http://edrn.jpl.nasa.gov/bmdb/biomarkers/view/579,Q7KYR7
BM00133,BVES,genomic,Lung,1,The BVES gene encodes a protein that is a member of the POP family and is thought to contain three transmembrane domains.  The protein is a cell adhesion molecule involved in the establishment and/or maintenance of cell integrity.  It is present in cardiac and skeletal muscle and may play an important role in development of these tissues.  There are three transcript variants that all encode the same protein.,,BVES,http://edrn.jpl.nasa.gov/bmdb/biomarkers/view/410,Q8NE79
BM00134,C10orf82 AAb,proteomic,Breast,2,,,C10ORF82-AAB,http://edrn.jpl.nasa.gov/bmdb/biomarkers/view/1316,
BM00135,C15orf48,proteomic,Breast,1,"C15orf48 is expressed mainly in adult stomach, placenta, small intestine and colon, as well as in normal mucosa of esophagus.  The gene was first identified in a study of human esophageal squamous cell carcinoma tissues. Levels of both the message and protein are reduced in carcinoma samples. Alternatively spliced transcript variants that encode the same protein have been identified.",,C15ORF48,http://edrn.jpl.nasa.gov/bmdb/biomarkers/view/520,Q9C002
BM00136,C1QA,proteomic,Breast,1,"From NCBI Gene: This gene encodes the A-chain polypeptide of serum complement subcomponent C1q, which associates with C1r and C1s to yield the first component of the serum complement system. C1q deficiency is associated with lupus erythematosus and glomerulonephritis. C1q is composed of 18 polypeptide chains which include 6 A-chains, 6 B-chains, and 6 C-chains. Each chain contains an N-terminal collagen-like region and a C-terminal C1q globular domain. Alternate splicing results in multiple transcript variants. [provided by RefSeq, Nov 2016]",,C1QA,http://edrn.jpl.nasa.gov/bmdb/biomarkers/view/1485,P02745
BM00137,C1QBP,genomic,Prostate,1,"From NCBI Gene: The human complement subcomponent C1q associates with C1r and C1s in order to yield the first component of the serum complement system. The protein encoded by this gene is known to bind to the globular heads of C1q molecules and inhibit C1 activation. This protein has also been identified as the p32 subunit of pre-mRNA splicing factor SF2, as well as a hyaluronic acid-binding protein. [provided by RefSeq, Jul 2008]",,C1QBP,http://edrn.jpl.nasa.gov/bmdb/biomarkers/view/583,Q07021
BM00138,C1S,proteomic,Lung,2,"From NCBI Gene: This gene encodes a serine protease, which is a major constituent of the human complement subcomponent C1. C1s associates with two other complement components C1r and C1q in order to yield the first component of the serum complement system. Defects in this gene are the cause of selective C1s deficiency. [provided by RefSeq, Mar 2009]",,C1S,http://edrn.jpl.nasa.gov/bmdb/biomarkers/view/975,P09871
BM00139,C3,proteomic,"Breast, Ovary",2,"From NCBI Gene: Complement component C3 plays a central role in the activation of complement system. Its activation is required for both classical and alternative complement activation pathways. The encoded preproprotein is proteolytically processed to generate alpha and beta subunits that form the mature protein, which is then further processed to generate numerous peptide products. The C3a peptide, also known as the C3a anaphylatoxin, modulates inflammation and possesses antimicrobial activity. Mutations in this gene are associated with atypical hemolytic uremic syndrome and age-related macular degeneration in human patients. [provided by RefSeq, Nov 2015]",,C3,http://edrn.jpl.nasa.gov/bmdb/biomarkers/view/146,P01024
BM00140,C4B,proteomic,Breast,1,"From NCBI Gene: This gene encodes the basic form of complement factor 4, and together with the C4A gene, is part of the classical activation pathway. The protein is expressed as a single chain precursor which is proteolytically cleaved into a trimer of alpha, beta, and gamma chains prior to secretion. The trimer provides a surface for interaction between the antigen-antibody complex and other complement components. The alpha chain may be cleaved to release C4 anaphylatoxin, a mediator of local inflammation. Deficiency of this protein is associated with systemic lupus erythematosus. This gene localizes to the major histocompatibility complex (MHC) class III region on chromosome 6. Varying haplotypes of this gene cluster exist, such that individuals may have 1, 2, or 3 copies of this gene. In addition, this gene exists as a long form and a short form due to the presence or absence of a 6.4 kb endogenous HERV-K retrovirus in intron 9. [provided by RefSeq, May 2020]",,C4B,http://edrn.jpl.nasa.gov/bmdb/biomarkers/view/1486,P0C0L5
BM00141,C5,proteomic,Breast,2,"From NCBI Gene: This gene encodes a component of the complement system, a part of the innate immune system that plays an important role in inflammation, host homeostasis, and host defense against pathogens. The encoded preproprotein is proteolytically processed to generate multiple protein products, including the C5 alpha chain, C5 beta chain, C5a anaphylatoxin and C5b. The C5 protein is comprised of the C5 alpha and beta chains, which are linked by a disulfide bridge. Cleavage of the alpha chain by a convertase enzyme results in the formation of the C5a anaphylatoxin, which possesses potent spasmogenic and chemotactic activity, and the C5b macromolecular cleavage product, a subunit of the membrane attack complex (MAC). Mutations in this gene cause complement component 5 deficiency, a disease characterized by recurrent bacterial infections. Alternative splicing results in multiple transcript variants. [provided by RefSeq, Nov 2015]",,C5,http://edrn.jpl.nasa.gov/bmdb/biomarkers/view/1164,P01031
BM00142,C6orf62,genomic,Prostate,1,From GeneCards: C6orf62 (Chromosome 6 Open Reading Frame 62) is a Protein Coding gene.,,,http://edrn.jpl.nasa.gov/bmdb/biomarkers/view/585,
BM00143,C7,genomic,"Breast, Prostate",1,"From NCBI Gene: This gene encodes a serum glycoprotein that forms a membrane attack complex together with complement components C5b, C6, C8, and C9 as part of the terminal complement pathway of the innate immune system. The protein encoded by this gene contains a cholesterol-dependent cytolysin/membrane attack complex/perforin-like (CDC/MACPF) domain and belongs to a large family of structurally related molecules that form pores involved in host immunity and bacterial pathogenesis. This protein initiates membrane attack complex formation by binding the C5b-C6 subcomplex and inserts into the phospholipid bilayer, serving as a membrane anchor. Mutations in this gene are associated with a rare disorder called C7 deficiency. [provided by RefSeq, Nov 2016]",,C7,http://edrn.jpl.nasa.gov/bmdb/biomarkers/view/586,P10643
BM00144,C8B,proteomic,Breast,1,"From NCBI Gene: This gene encodes one of the three subunits of the complement component 8 (C8) protein. C8 is composed of equimolar amounts of alpha, beta and gamma subunits, which are encoded by three separate genes. C8 is one component of the membrane attack complex, which mediates cell lysis, and it initiates membrane penetration of the complex. This protein mediates the interaction of C8 with the C5b-7 membrane attack complex precursor. In humans deficiency of this protein is associated with increased risk of meningococcal infections. Alternative splicing results in multiple transcript variants. [provided by RefSeq, Jun 2013]",,C8B,http://edrn.jpl.nasa.gov/bmdb/biomarkers/view/1487,P07358
BM00145,C8G,proteomic,Breast,2,"From NCBI Gene: The protein encoded by this gene belongs to the lipocalin family. It is one of the three subunits that constitutes complement component 8 (C8), which is composed of a disulfide-linked C8 alpha-gamma heterodimer and a non-covalently associated C8 beta chain. C8 participates in the formation of the membrane attack complex (MAC) on bacterial cell membranes. While subunits alpha and beta play a role in complement-mediated bacterial killing, the gamma subunit is not required for the bactericidal activity. [provided by RefSeq, Jul 2011]",,C8G,http://edrn.jpl.nasa.gov/bmdb/biomarkers/view/1152,P07360
BM00146,C9,proteomic,"Breast, Lung",2,"From NCBI Gene: This gene encodes the final component of the complement system. It participates in the formation of the Membrane Attack Complex (MAC). The MAC assembles on bacterial membranes to form a pore, permitting disruption of bacterial membrane organization. Mutations in this gene cause component C9 deficiency. [provided by RefSeq, Feb 2009]",,C9,http://edrn.jpl.nasa.gov/bmdb/biomarkers/view/976,P02748
BM00147,CA125,proteomic,"Breast, Ovary, Pancreas",4,"From NCBI Gene: This gene encodes a protein that is a member of the mucin family. Mucins are high molecular weight, O-glycosylated proteins that play an important role in forming a protective mucous barrier, and are found on the apical surfaces of the epithelia. The encoded protein is a membrane-tethered mucin that contains an extracellular domain at its amino terminus, a large tandem repeat domain, and a transmembrane domain with a short cytoplasmic domain. The amino terminus is highly glycosylated, while the repeat region contains 156 amino acid repeats unit that are rich in serines, threonines, and prolines. Interspersed within the repeats are Sea urchin sperm protein Enterokinase and Agrin (SEA) modules, leucine-rich repeats and ankyrin (ANK) repeats. These regions together form the ectodomain, and there is a potential cleavage site found near an SEA module close to the transmembrane domain. This protein is thought to play a role in forming a barrier, protecting epithelial cells from pathogens. Products of this gene have been used as a marker for different cancers, with higher expression levels associated with poorer outcomes. [provided by RefSeq, May 2017]",,MUC16,http://edrn.jpl.nasa.gov/bmdb/biomarkers/view/20,
BM00148,CA15-3,proteomic,"Breast, Lung, Ovary, Prostate",3,"From NCBI Gene: This gene encodes a membrane-bound protein that is a member of the mucin family. Mucins are O-glycosylated proteins that play an essential role in forming protective mucous barriers on epithelial surfaces. These proteins also play a role in intracellular signaling. This protein is expressed on the apical surface of epithelial cells that line the mucosal surfaces of many different tissues including lung, breast stomach and pancreas. This protein is proteolytically cleaved into alpha and beta subunits that form a heterodimeric complex. The N-terminal alpha subunit functions in cell-adhesion and the C-terminal beta subunit is involved in cell signaling. Overexpression, aberrant intracellular localization, and changes in glycosylation of this protein have been associated with carcinomas. This gene is known to contain a highly polymorphic variable number tandem repeats (VNTR) domain. Alternate splicing results in multiple transcript variants.[provided by RefSeq, Feb 2011]",,MUC1,http://edrn.jpl.nasa.gov/bmdb/biomarkers/view/26,P15941
BM00149,CA19-9,proteomic,"Breast, Ovary, Pancreas, Prostate",3,CA19-9 is a monoclonal antibody that was first discovered in the serum of patients with colon cancer.  Since that time CA19-9 has been used as a tumor marker for a variety of cancers.,,CA19-9,http://edrn.jpl.nasa.gov/bmdb/biomarkers/view/25,
BM00150,CA6,proteomic,Lung,3,"From NCBI Gene: The protein encoded by this gene is one of several isozymes of carbonic anhydrase. This protein is found only in salivary glands and saliva and protein may play a role in the reversible hydratation of carbon dioxide though its function in saliva is unknown. [provided by RefSeq, Jul 2008]",,CA6,http://edrn.jpl.nasa.gov/bmdb/biomarkers/view/1274,P23280
BM00151,CA72-4,proteomic,"Breast, Ovary",3,High-MW mucin-type glycoprotein expressed on epithelial cancer cells.,,CA72-4,http://edrn.jpl.nasa.gov/bmdb/biomarkers/view/22,
BM00152,CA9,genomic,Bladder,2,"From NCBI Gene: Carbonic anhydrases (CAs) are a large family of zinc metalloenzymes that catalyze the reversible hydration of carbon dioxide. They participate in a variety of biological processes, including respiration, calcification, acid-base balance, bone resorption, and the formation of aqueous humor, cerebrospinal fluid, saliva, and gastric acid. They show extensive diversity in tissue distribution and in their subcellular localization. CA IX is a transmembrane protein and is one of only two tumor-associated carbonic anhydrase isoenzymes known. It is expressed in all clear-cell renal cell carcinoma, but is not detected in normal kidney or most other normal tissues. It may be involved in cell proliferation and transformation. This gene was mapped to 17q21.2 by fluorescence in situ hybridization, however, radiation hybrid mapping localized it to 9p13-p12. [provided by RefSeq, Jun 2014]",,CA9,http://edrn.jpl.nasa.gov/bmdb/biomarkers/view/1140,Q16790
BM00153,CADM1,proteomic,Ovary,2,"CADM1, a single-pass type 1 cell membrane protein, appears to be involved in several biological processes: Apoptosis, Cell adhesion, Differentiation, Immunity and Spermatogenesis.  CADM1 appears to mediate homophilic cell-cell adhesion in a Ca2+-independent manner. It may also mediate heterophilic cell-cell adhesion with CADM3 and PVRL3 in a Ca2+-independent manner. CADM1 acts as a tumor suppressor in non-small-cell lung cancer (NSCLC) cells. It may additionally contribute to the less invasive phenotypes of lepidic growth tumor cells. In mast cells, CADM1 may mediate attachment to and promote communication with nerves. CADM1, together with MITF, is essential for development and survival of mast cells in vivo, and it may act as a synaptic cell adhesion molecule that drives synapse assembly. CADM1 may be involved in neuronal migration, axon growth, pathfinding, and fasciculation on the axons of differentiating neurons. Finally, it may play diverse roles in the spermatogenesis including in the adhesion of spermatocytes and spermatids to Sertoli cells and for their normal differentiation into mature spermatozoa.",,CADM1,http://edrn.jpl.nasa.gov/bmdb/biomarkers/view/198,Q9BY67
BM00154,CAGE,proteomic,Lung,2,"Promoter hypermethylation of the CAGE1 gene is related to plays a crucial role during the phenotypical morphogenesis of several types of cancer.  CAGE1 shows testis-specific expression in normal tissues, but wide expression among cancer tissues and cell lines.",,CAGE1,http://edrn.jpl.nasa.gov/bmdb/biomarkers/view/411,Q8TC20
BM00155,CALCA,genomic,Head and Neck,1,"From NCBI Gene: This gene encodes the peptide hormones calcitonin, calcitonin gene-related peptide and katacalcin by tissue-specific alternative RNA splicing of the gene transcripts and cleavage of inactive precursor proteins. Calcitonin is involved in calcium regulation and acts to regulate phosphorus metabolism. Calcitonin gene-related peptide functions as a vasodilator while katacalcin is a calcium-lowering peptide. Multiple transcript variants encoding different isoforms have been found for this gene.[provided by RefSeq, Nov 2009]",,CALCA,http://edrn.jpl.nasa.gov/bmdb/biomarkers/view/542,P01258
BM00156,CALR,genomic,"Breast, Prostate",1,"From NCBI Gene: Calreticulin is a multifunctional protein that acts as a major Ca(2+)-binding (storage) protein in the lumen of the endoplasmic reticulum. It is also found in the nucleus, suggesting that it may have a role in transcription regulation. Calreticulin binds to the synthetic peptide KLGFFKR, which is almost identical to an amino acid sequence in the DNA-binding domain of the superfamily of nuclear receptors. Calreticulin binds to antibodies in certain sera of systemic lupus and Sjogren patients which contain anti-Ro/SSA antibodies, it is highly conserved among species, and it is located in the endoplasmic and sarcoplasmic reticulum where it may bind calcium. The amino terminus of calreticulin interacts with the DNA-binding domain of the glucocorticoid receptor and prevents the receptor from binding to its specific glucocorticoid response element. Calreticulin can inhibit the binding of androgen receptor to its hormone-responsive DNA element and can inhibit androgen receptor and retinoic acid receptor transcriptional activities in vivo, as well as retinoic acid-induced neuronal differentiation. Thus, calreticulin can act as an important modulator of the regulation of gene transcription by nuclear hormone receptors. Systemic lupus erythematosus is associated with increased autoantibody titers against calreticulin but calreticulin is not a Ro/SS-A antigen. Earlier papers referred to calreticulin as an Ro/SS-A antigen but this was later disproven. Increased autoantibody titer against human calreticulin is found in infants with complete congenital heart block of both the IgG and IgM classes. [provided by RefSeq, Jul 2008]",,CALR,http://edrn.jpl.nasa.gov/bmdb/biomarkers/view/588,P27797
BM00157,CAMKK2,genomic,Prostate,1,"From NCBI Gene: The product of this gene belongs to the Serine/Threonine protein kinase family, and to the Ca(2+)/calmodulin-dependent protein kinase subfamily. The major isoform of this gene plays a role in the calcium/calmodulin-dependent (CaM) kinase cascade by phosphorylating the downstream kinases CaMK1 and CaMK4. Protein products of this gene also phosphorylate AMP-activated protein kinase (AMPK). This gene has its strongest expression in the brain and influences signalling cascades involved with learning and memory, neuronal differentiation and migration, neurite outgrowth, and synapse formation. Alternative splicing results in multiple transcript variants encoding distinct isoforms. The identified isoforms differ in their ability to undergo autophosphorylation and to phosphorylate downstream kinases. [provided by RefSeq, Jul 2012]",,CAMKK2,http://edrn.jpl.nasa.gov/bmdb/biomarkers/view/1269,Q96RR4
BM00158,Cancer-specific overexpression of small RNA precursors in exosomes,genomic,Liver,2,,,,http://edrn.jpl.nasa.gov/bmdb/biomarkers/view/1422,
BM00159,CancerSEEK,genomic,"Ovary, Pancreas",4,"Detection of genetic mutations associated with pancreatic and ovarian cancer.  2019 FDA break through device.  Commercial partner is Thrive Earlier Detection Corp.   From https://thrivedetect.com/cancerseek/:  CancerSEEK is a blood test (also called a liquid biopsy) designed to detect multiple types of cancer at the earliest stages possible, before noticeable symptoms occur.",,,http://edrn.jpl.nasa.gov/bmdb/biomarkers/view/1126,
BM00160,CAND2,genomic,Prostate,1,"From NCBI Gene: Predicted to enable TBP-class protein binding activity. Predicted to be involved in SCF complex assembly; positive regulation of transcription, DNA-templated; and protein ubiquitination. Located in cytosol. [provided by Alliance of Genome Resources, Nov 2021]   

From UniProtKB/Swiss-Prot: Probable assembly factor of SCF (SKP1-CUL1-F-box protein) E3 ubiquitin ligase complexes that promotes the exchange of the substrate-recognition F-box subunit in SCF complexes, thereby playing a key role in the cellular repertoire of SCF complexes. (By similarity)",,CAND2,http://edrn.jpl.nasa.gov/bmdb/biomarkers/view/589,O75155
BM00161,CAPN1,proteomic,Lung,2,"From NCBI Gene: The calpains, calcium-activated neutral proteases, are nonlysosomal, intracellular cysteine proteases. The mammalian calpains include ubiquitous, stomach-specific, and muscle-specific proteins. The ubiquitous enzymes consist of heterodimers with distinct large, catalytic subunits associated with a common small, regulatory subunit. This gene encodes the large subunit of the ubiquitous enzyme, calpain 1. Several transcript variants encoding two different isoforms have been found for this gene. [provided by RefSeq, Nov 2010]",,CAPN1,http://edrn.jpl.nasa.gov/bmdb/biomarkers/view/977,P07384
BM00162,CAPNS1,proteomic,Lung,1,"From NCBI Gene: This gene is a member of the calpain small subunit family. Calpains are calcium-dependent cysteine proteinases that are widely distributed in mammalian cells. Calpains operate as heterodimers, comprising a specific large catalytic subunit (calpain 1 subunit in Calpain I, and calpain 2 subunit in Calpain II), and a common small regulatory subunit encoded by this gene. This encoded protein is essential for the stability and function of both calpain heterodimers, whose proteolytic activities influence various cellular functions including apoptosis, proliferation, migration, adhesion, and autophagy. Calpains have been implicated in neurodegenerative processes, such as myotonic dystrophy. A pseudogene of this gene has been defined on chromosome 1. Alternative splicing results in multiple transcript variants. [provided by RefSeq, Oct 2014]",,CAPNS1,http://edrn.jpl.nasa.gov/bmdb/biomarkers/view/978,P04632
BM00163,CAT,genomic,Lung,2,"The CAT gene product, catalase, occurs in the peroxisome of almost all respiring organisms. Catalase is a heme enzyme that converts the reactive oxygen species hydrogen peroxide to water and oxygen, diminishing the toxic effects of hydrogen peroxide on the cell.  Catalase promotes growth of cells including T-cells, B-cells, myeloid leukemia cells, melanoma cells, mastocytoma cells and normal and transformed fibroblast cells. Polymorphisms in this gene have been associated with decreases in catalase activity but, to date, acatalasemia is the only disease known to be caused by this gene.",,CAT,http://edrn.jpl.nasa.gov/bmdb/biomarkers/view/412,Q6IB77
BM00164,CAV1,genomic,Prostate,1,"From NCBI Gene: The scaffolding protein encoded by this gene is the main component of the caveolae plasma membranes found in most cell types. The protein links integrin subunits to the tyrosine kinase FYN, an initiating step in coupling integrins to the Ras-ERK pathway and promoting cell cycle progression. The gene is a tumor suppressor gene candidate and a negative regulator of the Ras-p42/44 mitogen-activated kinase cascade. Caveolin 1 and caveolin 2 are located next to each other on chromosome 7 and express colocalizing proteins that form a stable hetero-oligomeric complex. Mutations in this gene have been associated with Berardinelli-Seip congenital lipodystrophy. Alternatively spliced transcripts encode alpha and beta isoforms of caveolin 1.[provided by RefSeq, Mar 2010]",,CAV1,http://edrn.jpl.nasa.gov/bmdb/biomarkers/view/590,Q03135
BM00165,CAVIN1,genomic,Prostate,1,"From NCBI Gene: This gene encodes a protein that enables the dissociation of paused ternary polymerase I transcription complexes from the 3' end of pre-rRNA transcripts. This protein regulates rRNA transcription by promoting the dissociation of transcription complexes and the reinitiation of polymerase I on nascent rRNA transcripts. This protein also localizes to caveolae at the plasma membrane and is thought to play a critical role in the formation of caveolae and the stabilization of caveolins. This protein translocates from caveolae to the cytoplasm after insulin stimulation. Caveolae contain truncated forms of this protein and may be the site of phosphorylation-dependent proteolysis. This protein is also thought to modify lipid metabolism and insulin-regulated gene expression. Mutations in this gene result in a disorder characterized by generalized lipodystrophy and muscular dystrophy. [provided by RefSeq, Nov 2009]",,CAVIN1,http://edrn.jpl.nasa.gov/bmdb/biomarkers/view/787,Q6NZI2
BM00166,CAVIN2,genomic,Prostate,1,"From NCBI Gene: This gene encodes a calcium-independent phospholipid-binding protein whose expression increases in serum-starved cells. This protein is a substrate for protein kinase C (PKC) phosphorylation and recruits polymerase I and transcript release factor (PTRF) to caveolae. Removal of this protein causes caveolae loss and its over-expression results in caveolae deformation and membrane tubulation.[provided by RefSeq, Sep 2009]",,CAVIN2,http://edrn.jpl.nasa.gov/bmdb/biomarkers/view/809,O95810
BM00167,CBLC,proteomic,"Lung, Ovary",2,"From NCBI Gene: This gene encodes a member of the Cbl family of E3 ubiquitin ligases. Cbl proteins play important roles in cell signaling through the ubiquitination and subsequent downregulation of tyrosine kinases. Expression of this gene may be restricted to epithelial cells, and alternatively spliced transcript variants encoding multiple isoforms have been observed for this gene. [provided by RefSeq, Feb 2012]",,CBLC,http://edrn.jpl.nasa.gov/bmdb/biomarkers/view/178,Q9ULV8
BM00168,CBX4,genomic,Prostate,1,"From UniprotKB/Swiss-Prot:  
E3 SUMO-protein ligase which facilitates SUMO1 conjugation by UBE2I (PubMed:12679040). Involved in the sumoylation of HNRNPK, a p53/TP53 transcriptional coactivator, hence indirectly regulates p53/TP53 transcriptional activation resulting in p21/CDKN1A expression. Monosumoylates ZNF131 (PubMed:22825850)  
Component of a Polycomb group (PcG) multiprotein PRC1-like complex, a complex class required to maintain the transcriptionally repressive state of many genes, including Hox genes, throughout development (PubMed:12167701, PubMed:19636380, PubMed:21282530). PcG PRC1 complex acts via chromatin remodeling and modification of histones; it mediates monoubiquitination of histone H2A 'Lys-119', rendering chromatin heritably changed in its expressibility (PubMed:12167701, PubMed:19636380, PubMed:21282530). Binds to histone H3 trimethylated at 'Lys-9' (H3K9me3) (By similarity). Plays a role in the lineage differentiation of the germ layers in embryonic development (By similarity)",,CBX4,http://edrn.jpl.nasa.gov/bmdb/biomarkers/view/591,O00257
BM00169,CCDC102B,proteomic,Ovary,2,"CCDC102B, or coiled-coil domain-containing protein 102B, has two isoforms produced by alternative splicing.",,CCDC102B,http://edrn.jpl.nasa.gov/bmdb/biomarkers/view/372,Q68D86
BM00170,CCDC69,genomic,Prostate,1,"From NCBI Gene: Predicted to enable microtubule binding activity. Involved in spindle midzone assembly. Located in spindle midzone. [provided by Alliance of Genome Resources, Nov 2021]",,CCDC69,http://edrn.jpl.nasa.gov/bmdb/biomarkers/view/592,A6NI79
BM00171,CCDC91,genomic,Prostate,1,"From NCBI Gene: Predicted to enable identical protein binding activity. Involved in Golgi to lysosome transport. Located in nucleoplasm and trans-Golgi network. [provided by Alliance of Genome Resources, Nov 2021]",,CCDC91,http://edrn.jpl.nasa.gov/bmdb/biomarkers/view/594,Q7Z6B0
BM00172,CCL11,proteomic,"Breast, Ovary",3,"From NCBI Gene: This antimicrobial gene is one of several chemokine genes clustered on the q-arm of chromosome 17. Chemokines form a superfamily of secreted proteins involved in immunoregulatory and inflammatory processes. The superfamily is divided into four subfamilies based on the arrangement of the N-terminal cysteine residues of the mature peptide. This chemokine, a member of the CC subfamily, displays chemotactic activity for eosinophils, but not mononuclear cells or neutrophils. This eosinophil-specific chemokine is thought to be involved in eosinophilic inflammatory diseases such as atopic dermatitis, allergic rhinitis, asthma and parasitic infections. [provided by RefSeq, Sep 2014]",,CCL11,http://edrn.jpl.nasa.gov/bmdb/biomarkers/view/76,P51671
BM00173,CCL13,proteomic,Breast,3,"From NCBI Gene: This antimicrobial gene is one of several Cys-Cys (CC) cytokine genes clustered on the q-arm of chromosome 17. Cytokines are a family of secreted proteins involved in immunoregulatory and inflammatory processes. The CC cytokines are proteins characterized by two adjacent cysteines. The cytokine encoded by this gene displays chemotactic activity for monocytes, lymphocytes, basophils and eosinophils, but not neutrophils. This chemokine plays a role in accumulation of leukocytes during inflammation. It may also be involved in the recruitment of monocytes into the arterial wall during artherosclerosis. [provided by RefSeq, Sep 2014]",,CCL13,http://edrn.jpl.nasa.gov/bmdb/biomarkers/view/1022,Q99616
BM00174,CCL15,proteomic,Lung,2,"From NCBI Gene: This gene is located in a cluster of similar genes in the same region of chromosome 17. These genes encode CC cytokines, which are secreted proteins characterized by two adjacent cysteines. The product of this gene is chemotactic for T cells and monocytes, and acts through C-C chemokine receptor type 1 (CCR1). The proprotein is further processed into numerous smaller functional peptides. Naturally-occurring readthrough transcripts occur from this gene into the downstream gene, CCL14 (chemokine (C-C motif) ligand 14). [provided by RefSeq, Jan 2013]",,CCL15,http://edrn.jpl.nasa.gov/bmdb/biomarkers/view/997,Q16663
BM00175,CCL17,proteomic,Breast,3,"From NCBI Gene: This antimicrobial gene is one of several Cys-Cys (CC) cytokine genes clustered on the q arm of chromosome 16. Cytokines are a family of secreted proteins involved in immunoregulatory and inflammatory processes. The CC cytokines are proteins characterized by two adjacent cysteines. The cytokine encoded by this gene displays chemotactic activity for T lymphocytes, but not monocytes or granulocytes. The product of this gene binds to chemokine receptors CCR4 and CCR8. This chemokine plays important roles in T cell development in thymus as well as in trafficking and activation of mature T cells. [provided by RefSeq, Sep 2014]",,CCL17,http://edrn.jpl.nasa.gov/bmdb/biomarkers/view/1023,Q92583
BM00176,CCL18,proteomic,"Lung, Prostate",2,"From NCBI Gene: This antimicrobial gene is one of several Cys-Cys (CC) cytokine genes clustered on the q arm of chromosome 17. Cytokines are a family of secreted proteins involved in immunoregulatory and inflammatory processes. The CC cytokines are proteins characterized by two adjacent cysteines. The cytokine encoded by this gene displays chemotactic activity for naive T cells, CD4+ and CD8+ T cells and nonactivated lymphocytes, but not for monocytes or granulocytes. This chemokine attracts naive T lymphocytes toward dendritic cells and activated macrophages in lymph nodes. It may play a role in both humoral and cell-mediated immunity responses. [provided by RefSeq, Sep 2014]",,CCL18,http://edrn.jpl.nasa.gov/bmdb/biomarkers/view/454,P55774
BM00177,CCL2,proteomic,Breast,3,"From NCBI Gene: This gene is one of several cytokine genes clustered on the q-arm of chromosome 17. Chemokines are a superfamily of secreted proteins involved in immunoregulatory and inflammatory processes. The superfamily is divided into four subfamilies based on the arrangement of N-terminal cysteine residues of the mature peptide. This chemokine is a member of the CC subfamily which is characterized by two adjacent cysteine residues. This cytokine displays chemotactic activity for monocytes and basophils but not for neutrophils or eosinophils. It has been implicated in the pathogenesis of diseases characterized by monocytic infiltrates, like psoriasis, rheumatoid arthritis and atherosclerosis. It binds to chemokine receptors CCR2 and CCR4. [provided by RefSeq, Jul 2013]",,CCL2,http://edrn.jpl.nasa.gov/bmdb/biomarkers/view/929,P13500
BM00178,CCL20,genomic,Prostate,1,"From NCBI Gene: This antimicrobial gene belongs to the subfamily of small cytokine CC genes. Cytokines are a family of secreted proteins involved in immunoregulatory and inflammatory processes. The CC cytokines are proteins characterized by two adjacent cysteines. The protein encoded by this gene displays chemotactic activity for lymphocytes and can repress proliferation of myeloid progenitors. Two transcript variants encoding different isoforms have been found for this gene. [provided by RefSeq, Sep 2014]",,CCL20,http://edrn.jpl.nasa.gov/bmdb/biomarkers/view/595,P78556
BM00179,CCL22,proteomic,Breast,3,"From NCBI Gene: This antimicrobial gene is one of several Cys-Cys (CC) cytokine genes clustered on the q arm of chromosome 16. Cytokines are a family of secreted proteins involved in immunoregulatory and inflammatory processes. The CC cytokines are proteins characterized by two adjacent cysteines. The cytokine encoded by this gene displays chemotactic activity for monocytes, dendritic cells, natural killer cells and for chronically activated T lymphocytes. It also displays a mild activity for primary activated T lymphocytes and has no chemoattractant activity for neutrophils, eosinophils and resting T lymphocytes. The product of this gene binds to chemokine receptor CCR4. This chemokine may play a role in the trafficking of activated T lymphocytes to inflammatory sites and other aspects of activated T lymphocyte physiology. [provided by RefSeq, Sep 2014]",,CCL22,http://edrn.jpl.nasa.gov/bmdb/biomarkers/view/1024,O00626
BM00180,CCL26,proteomic,Breast,3,"From NCBI Gene: This gene is one of two Cys-Cys (CC) cytokine genes clustered on the q arm of chromosome 7. Cytokines are a family of secreted proteins involved in immunoregulatory and inflammatory processes. The CC cytokines are proteins characterized by two adjacent cysteines. The cytokine encoded by this gene displays chemotactic activity for normal peripheral blood eosinophils and basophils. The product of this gene is one of three related chemokines that specifically activate chemokine receptor CCR3. This chemokine may contribute to the eosinophil accumulation in atopic diseases. [provided by RefSeq, Jul 2008]",,CCL26,http://edrn.jpl.nasa.gov/bmdb/biomarkers/view/1025,Q9Y258
BM00181,CCL27,proteomic,Breast,2,"CCL27 is a member of the CC cytokine family, and is involved in immunoregulatory and inflammatory processes.  CC cytokines are characterized by two adjacent cysteines.  CCL27 functions as a chemotactic factor that attracts skin-associated memory T-lymphocytes. CCL27 may also play a role in mediating homing of lymphocytes to cutaneous sites.  CCL27 binds specifically to chemokine receptor 10 (CCR10).",,CCL27,http://edrn.jpl.nasa.gov/bmdb/biomarkers/view/900,Q9Y4X3
BM00182,CCL28,proteomic,Breast,2,"CCL28 is a member of the small cytokine CC subfamily, and is involved in immunoregulatory and inflammatory processes.  CC cytokines are characterized by two adjacent cysteines.  CCL28 functions as a chemotactic factor for resting CD4 or CD8 T cells and eosinophils. CCL28 binds to CCR3 and CCR10 and induces calcium mobilization in a dose-dependent manner.",,CCL28,http://edrn.jpl.nasa.gov/bmdb/biomarkers/view/901,Q9NRJ3
BM00183,CCL4,proteomic,Breast,3,"From NCBI Gene: The protein encoded by this gene is a mitogen-inducible monokine and is one of the major HIV-suppressive factors produced by CD8+ T-cells. The encoded protein is secreted and has chemokinetic and inflammatory functions. [provided by RefSeq, Dec 2012]",,CCL4,http://edrn.jpl.nasa.gov/bmdb/biomarkers/view/1026,P13236
BM00184,CCL5,proteomic,Breast,3,"From NCBI Gene: This gene is one of several chemokine genes clustered on the q-arm of chromosome 17. Chemokines form a superfamily of secreted proteins involved in immunoregulatory and inflammatory processes. The superfamily is divided into four subfamilies based on the arrangement of the N-terminal cysteine residues of the mature peptide. This chemokine, a member of the CC subfamily, functions as a chemoattractant for blood monocytes, memory T helper cells and eosinophils. It causes the release of histamine from basophils and activates eosinophils. This cytokine is one of the major HIV-suppressive factors produced by CD8+ cells. It functions as one of the natural ligands for the chemokine receptor chemokine (C-C motif) receptor 5 (CCR5), and it suppresses in vitro replication of the R5 strains of HIV-1, which use CCR5 as a coreceptor. Alternative splicing results in multiple transcript variants that encode different isoforms. [provided by RefSeq, Jul 2013]",,CCL5,http://edrn.jpl.nasa.gov/bmdb/biomarkers/view/945,P13501
BM00185,CCN2,proteomic,Ovary,2,"CCN2, formerly known as CTGF, a major connective tissue mitoattractant secreted by vascular endothelial cells, promotes proliferation and differentiation of chondrocytes. It mediates heparin- and divalent cation-dependent cell adhesion in many cell types including fibroblasts, myofibroblasts, endothelial and epithelial cells. It enhances fibroblast growth factor-induced DNA synthesis. CTGF is expressed in bone marrow and thymic cells. It is also expressed one of two Wilms tumors tested.",,CCN2,http://edrn.jpl.nasa.gov/bmdb/biomarkers/view/164,P29279
BM00186,CCNA1,genomic,"Lung, Prostate",1,"From NCBI Gene: The protein encoded by this gene belongs to the highly conserved cyclin family, whose members are characterized by a dramatic periodicity in protein abundance through the cell cycle. Cyclins function as regulators of CDK kinases. Different cyclins exhibit distinct expression and degradation patterns which contribute to the temporal coordination of each mitotic event. The cyclin encoded by this gene was shown to be expressed in testis and brain, as well as in several leukemic cell lines, and is thought to primarily function in the control of the germline meiotic cell cycle. This cyclin binds both CDK2 and CDC2 kinases, which give two distinct kinase activities, one appearing in S phase, the other in G2, and thus regulate separate functions in cell cycle. This cyclin was found to bind to important cell cycle regulators, such as Rb family proteins, transcription factor E2F-1, and the p21 family proteins. Multiple transcript variants encoding different isoforms have been found for this gene. [provided by RefSeq, Jul 2008]",,CCNA1,http://edrn.jpl.nasa.gov/bmdb/biomarkers/view/1128,P78396
BM00187,CCNB1,proteomic,"Breast, Colon, Lung",2,"From NCBI Gene: The protein encoded by this gene is a regulatory protein involved in mitosis. The gene product complexes with p34(cdc2) to form the maturation-promoting factor (MPF). The encoded protein is necessary for proper control of the G2/M transition phase of the cell cycle. [provided by RefSeq, Aug 2017]",,CCNB1,http://edrn.jpl.nasa.gov/bmdb/biomarkers/view/1203,P14635
BM00188,CCNE2,proteomic,Breast,2,"From NCBI Gene: The protein encoded by this gene belongs to the highly conserved cyclin family, whose members are characterized by a dramatic periodicity in protein abundance through the cell cycle. Cyclins function as regulators of CDK kinases. Different cyclins exhibit distinct expression and degradation patterns which contribute to the temporal coordination of each mitotic event. This cyclin forms a complex with and functions as a regulatory subunit of CDK2. This cyclin has been shown to specifically interact with CIP/KIP family of CDK inhibitors, and plays a role in cell cycle G1/S transition. The expression of this gene peaks at the G1-S phase and exhibits a pattern of tissue specificity distinct from that of cyclin E1. A significantly increased expression level of this gene was observed in tumor-derived cells. [provided by RefSeq, Jul 2008]",,CCNE2,http://edrn.jpl.nasa.gov/bmdb/biomarkers/view/1317,O96020
BM00189,CCNG2,genomic,Prostate,1,"From NCBI Gene: The eukaryotic cell cycle is governed by cyclin-dependent protein kinases (CDKs) whose activities are regulated by cyclins and CDK inhibitors. The 8 species of cyclins reported in mammals, cyclins A through H, share a conserved amino acid sequence of about 90 residues called the cyclin box. The amino acid sequence of cyclin G is well conserved among mammals. The nucleotide sequence of cyclin G1 and cyclin G2 are 53% identical. Unlike cyclin G1, cyclin G2 contains a C-terminal PEST protein destabilization motif, suggesting that cyclin G2 expression is tightly regulated through the cell cycle. [provided by RefSeq, Jul 2008]",,CCNG2,http://edrn.jpl.nasa.gov/bmdb/biomarkers/view/596,Q16589
BM00190,CCR6,proteomic,Breast,2,"From NCBI Gene: This gene encodes a member of the beta chemokine receptor family, which is predicted to be a seven transmembrane protein similar to G protein-coupled receptors. The gene is preferentially expressed by immature dendritic cells and memory T cells. The ligand of this receptor is macrophage inflammatory protein 3 alpha (MIP-3 alpha). This receptor has been shown to be important for B-lineage maturation and antigen-driven B-cell differentiation, and it may regulate the migration and recruitment of dentritic and T cells during inflammatory and immunological responses. Alternatively spliced transcript variants that encode the same protein have been described for this gene. [provided by RefSeq, Jul 2008]",,CCR6,http://edrn.jpl.nasa.gov/bmdb/biomarkers/view/1318,O00421
BM00191,CCSA-2,proteomic,Colon,3,"CCSA-2 is a potential serum-based marker for colon cancer detection with high sensitivity and specificity. Receiver operating characteristic analyses were used to measure the sensitivity and specificity of CCSA-2. CCSA-2 at a cutoff of 10.8 mug/mL has overall specificity of 78.4% [95% confidence interval (95% CI), 67.3-87.1%] and sensitivity of 97.3% (95% CI, 85.8-99.5%) in separating individuals with advanced adenomas and colorectal cancer from normal, hyperplastic, and nonadvanced adenoma populations. The receiver operating characteristic curve for CCSA-2 has an area under the curve of 0.90 (95% CI, 0.83-0.95).",,CCSA-2,http://edrn.jpl.nasa.gov/bmdb/biomarkers/view/92,
BM00192,CCSA-3,proteomic,Colon,2,Colon cancer-specific antigen CCSA-3 is a  novel colon cancer marker of colorectal cancer and advanced adenomas identified by focused proteomic analysis of nuclear structural proteins.,,CCSA-3,http://edrn.jpl.nasa.gov/bmdb/biomarkers/view/93,
BM00193,CCSA-4,proteomic,Colon,2,Colon cancer-specific antigen CCSA-4 is a novel colon cancer marker of colorectal cancer and advanced adenomas identified by focused proteomic analysis of nuclear structural proteins.,,CCSA-4,http://edrn.jpl.nasa.gov/bmdb/biomarkers/view/94,
BM00194,CCSP-1,proteomic,Colon,3,"Expression microarrays have identified colon cancer secreted protein-1 (CCSP-1) as a novel transcript whose expression is generally absent in normal colon and other normal body tissues, but that is induced an average of 78-fold in Stage II, III, and IV colon cancers, as well as in colon adenomas and colon cancer cell lines. CCSP-1 is a novel candidate for development as a diagnostic serum marker of early stage colon cancer.",,CCSP-1,http://edrn.jpl.nasa.gov/bmdb/biomarkers/view/95,
BM00195,CCSP-2,proteomic,Colon,1,"Expression microarrays have identified colon cancer secreted protein-2 (CCSP-2) as a novel transcript whose expression is generally absent in normal colon and other normal body tissues, but that is induced an average of 78-fold in Stage II, III, and IV colon cancers, as well as in colon adenomas and colon cancer cell lines. CCSP-2 is a novel candidate for development as a diagnostic serum marker of early stage colon cancer.",,CCSP-2,http://edrn.jpl.nasa.gov/bmdb/biomarkers/view/96,
BM00196,CD14,proteomic,Liver,2,"From NCBI Gene: The protein encoded by this gene is a surface antigen that is preferentially expressed on monocytes/macrophages. It cooperates with other proteins to mediate the innate immune response to bacterial lipopolysaccharide. Alternative splicing results in multiple transcript variants encoding the same protein. [provided by RefSeq, Mar 2010]",,CD14,http://edrn.jpl.nasa.gov/bmdb/biomarkers/view/1102,P08571
BM00197,CD164,genomic,Prostate,1,"From NCBI Gene: This gene encodes a transmembrane sialomucin and cell adhesion molecule that regulates the proliferation, adhesion and migration of hematopoietic progenitor cells. The encoded protein also interacts with the C-X-C chemokine receptor type 4 and may regulate muscle development. Elevated expression of this gene has been observed in human patients with Sezary syndrome, a type of blood cancer, and a mutation in this gene may be associated with impaired hearing. [provided by RefSeq, Oct 2016]",,CD164,http://edrn.jpl.nasa.gov/bmdb/biomarkers/view/597,Q04900
BM00198,CD177,genomic,Prostate,1,"From NCBI Gene: his gene encodes a glycosyl-phosphatidylinositol (GPI)-linked cell surface glycoprotein that plays a role in neutrophil activation. The protein can bind platelet endothelial cell adhesion molecule-1 and function in neutrophil transmigration. Mutations in this gene are associated with myeloproliferative diseases. Over-expression of this gene has been found in patients with polycythemia rubra vera. Autoantibodies against the protein may result in pulmonary transfusion reactions, and it may be involved in Wegener's granulomatosis. A related pseudogene, which is adjacent to this gene on chromosome 19, has been identified. [provided by RefSeq, Apr 2014]",,CD177,http://edrn.jpl.nasa.gov/bmdb/biomarkers/view/598,Q8N6Q3
BM00199,CD1A,proteomic,Breast,2,CD1A is a transmembrane glycoprotein that is structurally related to the major histocompatibility complex (MHC) proteins and forms heterodimers with beta-2-microglobulin.  CD1A functions as an     antigen-presenting protein that binds self and non-self lipid and glycolipid antigens and presents them to T-cell receptors on natural killer T-cells.,,CD1A,http://edrn.jpl.nasa.gov/bmdb/biomarkers/view/903,P06126
BM00200,CD24,proteomic,"Breast, Prostate",2,"From NCBI Gene: This gene encodes a sialoglycoprotein that is expressed on mature granulocytes and B cells and modulates growth and differentiation signals to these cells. The precursor protein is cleaved to a short 32 amino acid mature peptide which is anchored via a glycosyl phosphatidylinositol (GPI) link to the cell surface. This gene was missing from previous genome assemblies, but is properly located on chromosome 6. Non-transcribed pseudogenes have been designated on chromosomes 1, 15, 20, and Y. Alternative splicing results in multiple transcript variants. [provided by RefSeq, Apr 2014]",,CD24,http://edrn.jpl.nasa.gov/bmdb/biomarkers/view/599,P25063
BM00201,CD248,proteomic,Ovary,2,"CD248 is a 165-kD cell surface glycoprotein  expressed in tumor endothelial cells but absent or barely detectable in normal endothelial cells. There is also evidence that CD248 is expressed in metastatic lesions of the liver and during angiogenesis of corpus luteum formation and wound healing, in vascular endothelial cells of malignant tumors but not in normal blood vessels, and in stromal fibroblasts.",,CD248,http://edrn.jpl.nasa.gov/bmdb/biomarkers/view/120,Q9HCU0
BM00202,CD2AP,genomic,Prostate,1,"From NCBI Gene: This gene encodes a scaffolding molecule that regulates the actin cytoskeleton. The protein directly interacts with filamentous actin and a variety of cell membrane proteins through multiple actin binding sites, SH3 domains, and a proline-rich region containing binding sites for SH3 domains. The cytoplasmic protein localizes to membrane ruffles, lipid rafts, and the leading edges of cells. It is implicated in dynamic actin remodeling and membrane trafficking that occurs during receptor endocytosis and cytokinesis. Haploinsufficiency of this gene is implicated in susceptibility to glomerular disease. [provided by RefSeq, Jul 2008]",,CD2AP,http://edrn.jpl.nasa.gov/bmdb/biomarkers/view/600,Q9Y5K6
BM00203,CD4,proteomic,Lung,3,"From NCBI Gene: This gene encodes the CD4 membrane glycoprotein of T lymphocytes. The CD4 antigen acts as a coreceptor with the T-cell receptor on the T lymphocyte to recognize antigens displayed by an antigen presenting cell in the context of class II MHC molecules. The CD4 antigen is also a primary receptor for entry of the human immunodeficiency virus through interactions with the HIV Env gp120 subunit. This gene is expressed not only in T lymphocytes, but also in B cells, macrophages, granulocytes, as well as in various regions of the brain. The protein functions to initiate or augment the early phase of T-cell activation, and may function as an important mediator of indirect neuronal damage in infectious and immune-mediated diseases of the central nervous system. Multiple alternatively spliced transcript variants encoding different isoforms have been identified in this gene. [provided by RefSeq, May 2020]",,CD4,http://edrn.jpl.nasa.gov/bmdb/biomarkers/view/1419,P01730
BM00204,CD59,proteomic,Ovary,2,"From NCBI Gene: This gene encodes a cell surface glycoprotein that regulates complement-mediated cell lysis, and it is involved in lymphocyte signal transduction. This protein is a potent inhibitor of the complement membrane attack complex, whereby it binds complement C8 and/or C9 during the assembly of this complex, thereby inhibiting the incorporation of multiple copies of C9 into the complex, which is necessary for osmolytic pore formation. This protein also plays a role in signal transduction pathways in the activation of T cells. Mutations in this gene cause CD59 deficiency, a disease resulting in hemolytic anemia and thrombosis, and which causes cerebral infarction. Multiple alternatively spliced transcript variants, which encode the same protein, have been identified for this gene. [provided by RefSeq, Jul 2008]",,CD59,http://edrn.jpl.nasa.gov/bmdb/biomarkers/view/121,P13987
BM00205,CD74,proteomic,Breast,1,"From NCBI Gene: The protein encoded by this gene associates with class II major histocompatibility complex (MHC) and is an important chaperone that regulates antigen presentation for immune response. It also serves as cell surface receptor for the cytokine macrophage migration inhibitory factor (MIF) which, when bound to the encoded protein, initiates survival pathways and cell proliferation. This protein also interacts with amyloid precursor protein (APP) and suppresses the production of amyloid beta (Abeta). Multiple alternatively spliced transcript variants encoding different isoforms have been identified. [provided by RefSeq, Aug 2011]",,CD74,http://edrn.jpl.nasa.gov/bmdb/biomarkers/view/1488,P04233
BM00206,CDC42EP3,genomic,Prostate,1,"From NCBI Gene: This gene encodes a member of a small family of guanosine triphosphate (GTP) metabolizing proteins that contain a CRIB (Cdc42, Rac interactive binding) domain. Members of this family of proteins act as effectors of CDC42 function. The encoded protein is involved in actin cytoskeleton re-organization during cell shape changes, including pseudopodia formation. A pseudogene of this gene is found on chromosome 19. Alternative splicing results in multiple transcript variants. [provided by RefSeq, Jul 2012]",,CDC42EP3,http://edrn.jpl.nasa.gov/bmdb/biomarkers/view/601,Q9UKI2
BM00207,CDCP1,proteomic,Ovary,2,CDCP1 is a transmembrane protein containing three extracellular CUB domains. It is found to be overexpressed in colon and lung cancers. Its expression level is correlated with the metastatic ability of carcinoma cells. CDCP1 is located on the cell surface and may be involved in cell adhesion and cell matrix association.  Alternatively spliced transcript variants encoding distinct isoforms have been reported.,,CDCP1,http://edrn.jpl.nasa.gov/bmdb/biomarkers/view/362,Q9H5V8
BM00208,CDH1,genomic,"Breast, Lung, Prostate",3,"From NCBI Gene: This gene is a classical cadherin from the cadherin superfamily. The encoded protein is a calcium dependent cell-cell adhesion glycoprotein comprised of five extracellular cadherin repeats, a transmembrane region and a highly conserved cytoplasmic tail. Mutations in this gene are correlated with gastric, breast, colorectal, thyroid and ovarian cancer. Loss of function is thought to contribute to progression in cancer by increasing proliferation, invasion, and/or metastasis. The ectodomain of this protein mediates bacterial adhesion to mammalian cells and the cytoplasmic domain is required for internalization. Identified transcript variants arise from mutation at consensus splice sites. [provided by RefSeq, Jul 2008]",,CDH1,http://edrn.jpl.nasa.gov/bmdb/biomarkers/view/114,P12830
BM00209,CDH13,genomic,"Esophagus, Lung",3,"CDH13 is a member of the cadherin superfamily. The encoded protein is a calcium dependent cell-cell adhesion glycoprotein comprised of five extracellular cadherin repeats, a transmembrane region but, unlike the typical cadherin superfamily member, lacks the highly conserved cytoplasmic region. This particular cadherin is a putative mediator of cell-cell interaction in the heart and may act as a negative regulator of neural cell growth. The gene locus is hypermethylated or deleted in breast, ovarian and lung cancers.",,CDH13,http://edrn.jpl.nasa.gov/bmdb/biomarkers/view/45,P55290
BM00210,CDH3,proteomic,Breast,3,"From NCBI Gene: This gene is a classical cadherin from the cadherin superfamily. The encoded protein is a calcium-dependent cell-cell adhesion glycoprotein comprised of five extracellular cadherin repeats, a transmembrane region and a highly conserved cytoplasmic tail. This gene is located in a six-cadherin cluster in a region on the long arm of chromosome 16 that is involved in loss of heterozygosity events in breast and prostate cancer. In addition, aberrant expression of this protein is observed in cervical adenocarcinomas. Mutations in this gene have been associated with congential hypotrichosis with juvenile macular dystrophy. [provided by RefSeq, Jul 2008]",,CDH3,http://edrn.jpl.nasa.gov/bmdb/biomarkers/view/1027,P22223
BM00211,CDH6,genomic,Lung,2,"From NCBI Gene: This gene encodes a member of the cadherin superfamily. Cadherins are membrane glycoproteins that mediate homophilic cell-cell adhesion and play critical roles in cell differentiation and morphogenesis. The encoded protein is a type II cadherin and may play a role in kidney development as well as endometrium and placenta formation. Decreased expression of this gene may be associated with tumor growth and metastasis. [provided by RefSeq, May 2011]",,CDH6,http://edrn.jpl.nasa.gov/bmdb/biomarkers/view/1209,P55285
BM00212,CDK16,genomic,Prostate,1,"From NCBI Gene: The protein encoded by this gene belongs to the cdc2/cdkx subfamily of the ser/thr family of protein kinases. It may play a role in signal transduction cascades in terminally differentiated cells; in exocytosis; and in transport of secretory cargo from the endoplasmic reticulum. This gene is thought to escape X inactivation. Alternative splicing results in multiple transcript variants encoding different isoforms. [provided by RefSeq, Dec 2009]",,CDK16,http://edrn.jpl.nasa.gov/bmdb/biomarkers/view/602,Q00536
BM00213,CDK5,proteomic,Lung,1,"From NCBI Gene: This gene encodes a proline-directed serine/threonine kinase that is a member of the cyclin-dependent kinase family of proteins. Unlike other members of the family, the protein encoded by this gene does not directly control cell cycle regulation. Instead the protein, which is predominantly expressed at high levels in mammalian postmitotic central nervous system neurons, functions in diverse processes such as synaptic plasticity and neuronal migration through phosphorylation of proteins required for cytoskeletal organization, endocytosis and exocytosis, and apoptosis. In humans, an allelic variant of the gene that results in undetectable levels of the protein has been associated with lethal autosomal recessive lissencephaly-7. Alternative splicing results in multiple transcript variants. [provided by RefSeq, May 2015]",,CDK5,http://edrn.jpl.nasa.gov/bmdb/biomarkers/view/980,Q00535
BM00214,CDK5R1,proteomic,Lung,1,"From NCBI Gene: The protein encoded by this gene (p35) is a neuron-specific activator of cyclin-dependent kinase 5 (CDK5); the activation of CDK5 is required for proper development of the central nervous system. The p35 form of this protein is proteolytically cleaved by calpain, generating a p25 form. The cleavage of p35 into p25 results in relocalization of the protein from the cell periphery to nuclear and perinuclear regions. P25 deregulates CDK5 activity by prolonging its activation and changing its cellular location. The p25 form accumulates in the brain neurons of patients with Alzheimer's disease. This accumulation correlates with an increase in CDK5 kinase activity, and may lead to aberrantly phosphorylated forms of the microtubule-associated protein tau, which contributes to Alzheimer's disease. [provided by RefSeq, Jul 2008]",,CDK5R1,http://edrn.jpl.nasa.gov/bmdb/biomarkers/view/979,Q15078
BM00215,CDK7,proteomic,Prostate,1,"From NCBI Gene: The protein encoded by this gene is a member of the cyclin-dependent protein kinase (CDK) family. CDK family members are highly similar to the gene products of Saccharomyces cerevisiae cdc28, and Schizosaccharomyces pombe cdc2, and are known to be important regulators of cell cycle progression. This protein forms a trimeric complex with cyclin H and MAT1, which functions as a Cdk-activating kinase (CAK). It is an essential component of the transcription factor TFIIH, that is involved in transcription initiation and DNA repair. This protein is thought to serve as a direct link between the regulation of transcription and the cell cycle. [provided by RefSeq, Jul 2008]",,CDK7,http://edrn.jpl.nasa.gov/bmdb/biomarkers/view/1093,P50613
BM00216,CDKN1A,genomic,Prostate,1,"From NCBI Gene: This gene encodes a potent cyclin-dependent kinase inhibitor. The encoded protein binds to and inhibits the activity of cyclin-cyclin-dependent kinase2 or -cyclin-dependent kinase4 complexes, and thus functions as a regulator of cell cycle progression at G1. The expression of this gene is tightly controlled by the tumor suppressor protein p53, through which this protein mediates the p53-dependent cell cycle G1 phase arrest in response to a variety of stress stimuli. This protein can interact with proliferating cell nuclear antigen, a DNA polymerase accessory factor, and plays a regulatory role in S phase DNA replication and DNA damage repair. This protein was reported to be specifically cleaved by CASP3-like caspases, which thus leads to a dramatic activation of cyclin-dependent kinase2, and may be instrumental in the execution of apoptosis following caspase activation. Mice that lack this gene have the ability to regenerate damaged or missing tissue. Multiple alternatively spliced variants have been found for this gene. [provided by RefSeq, Sep 2015]",,CDKN1A,http://edrn.jpl.nasa.gov/bmdb/biomarkers/view/603,P38936
BM00217,CDKN1C,genomic,Prostate,1,"From NCBI Gene: This gene is imprinted, with preferential expression of the maternal allele. The encoded protein is a tight-binding, strong inhibitor of several G1 cyclin/Cdk complexes and a negative regulator of cell proliferation. Mutations in this gene are implicated in sporadic cancers and Beckwith-Wiedemann syndorome, suggesting that this gene is a tumor suppressor candidate. Three transcript variants encoding two different isoforms have been found for this gene. [provided by RefSeq, Oct 2010]",,CDKN1C,http://edrn.jpl.nasa.gov/bmdb/biomarkers/view/604,P49918
BM00218,CDKN2A (p16),genomic,"Breast, Esophagus, Lung, Ovary, Prostate",3,"From NCBI Gene: This gene (CDKN2A) generates several transcript variants which differ in their first exons. At least three alternatively spliced variants encoding distinct proteins have been reported, two of which encode structurally related isoforms known to function as inhibitors of CDK4 kinase. The remaining transcript includes an alternate first exon located 20 Kb upstream of the remainder of the gene; this transcript contains an alternate open reading frame (ARF) that specifies a protein which is structurally unrelated to the products of the other variants. This ARF product functions as a stabilizer of the tumor suppressor protein p53 as it can interact with, and sequester, the E3 ubiquitin-protein ligase MDM2, a protein responsible for the degradation of p53. In spite of the structural and functional differences, the CDK inhibitor isoforms and the ARF product encoded by this gene, through the regulatory roles of CDK4 and p53 in cell cycle G1 progression, share a common functionality in cell cycle G1 control. This gene is frequently mutated or deleted in a wide variety of tumors, and is known to be an important tumor suppressor gene. [provided by RefSeq, Sep 2012]",,,http://edrn.jpl.nasa.gov/bmdb/biomarkers/view/48,
BM00219,CDKN2C,genomic,Prostate,1,"From NCBI Gene: The protein encoded by this gene is a member of the INK4 family of cyclin-dependent kinase inhibitors. This protein has been shown to interact with CDK4 or CDK6, and prevent the activation of the CDK kinases, thus function as a cell growth regulator that controls cell cycle G1 progression. Ectopic expression of this gene was shown to suppress the growth of human cells in a manner that appears to correlate with the presence of a wild-type RB1 function. Studies in the knockout mice suggested the roles of this gene in regulating spermatogenesis, as well as in suppressing tumorigenesis. Two alternatively spliced transcript variants of this gene, which encode an identical protein, have been reported. [provided by RefSeq, Jul 2008]",,CDKN2C,http://edrn.jpl.nasa.gov/bmdb/biomarkers/view/605,P42773
BM00220,CDO1 methylation loci,proteomic,Lung,3,"CDO1 methylation loci biomarker for the early detection of lung cancer in the setting of indeterminate pulmonary nodules.
				From UniProtKB/Swiss-Prot: CDO1 initiates several important metabolic pathways related to pyruvate and several sulfurate compounds including sulfate, hypotaurine and taurine. Critical regulator of cellular cysteine concentrations. Has an important role in maintaining the hepatic concentation of intracellular free cysteine within a proper narrow range.   CDO1_HUMAN, Q16878",,CDO1,http://edrn.jpl.nasa.gov/bmdb/biomarkers/view/1215,Q16878
BM00221,CEA (by CBSI from serum),proteomic,Lung,3,"CEA (by CBSI from serum) biomarker for the early detection of lung cancer in the setting of indeterminate pulmonary nodules.
				From NCBI Gene: CEACAM5 encodes a cell surface glycoprotein that represents the founding member of the carcinoembryonic antigen (CEA) family of proteins. The encoded protein is used as a clinical biomarker for gastrointestinal cancers and may promote tumor development through its role as a cell adhesion molecule. Additionally, the encoded protein may regulate differentiation, apoptosis, and cell polarity. This gene is present in a CEA family gene cluster on chromosome 19. Alternative splicing results in multiple transcript variants. [provided by RefSeq, Jul 2015]",,,http://edrn.jpl.nasa.gov/bmdb/biomarkers/view/1291,P06731
BM00222,CEACAM1,proteomic,"Breast, Pancreas, Prostate",3,"From NCBI Gene: This gene encodes a member of the carcinoembryonic antigen (CEA) gene family, which belongs to the immunoglobulin superfamily. Two subgroups of the CEA family, the CEA cell adhesion molecules and the pregnancy-specific glycoproteins, are located within a 1.2 Mb cluster on the long arm of chromosome 19. Eleven pseudogenes of the CEA cell adhesion molecule subgroup are also found in the cluster. The encoded protein was originally described in bile ducts of liver as biliary glycoprotein. Subsequently, it was found to be a cell-cell adhesion molecule detected on leukocytes, epithelia, and endothelia. The encoded protein mediates cell adhesion via homophilic as well as heterophilic binding to other proteins of the subgroup. Multiple cellular activities have been attributed to the encoded protein, including roles in the differentiation and arrangement of tissue three-dimensional structure, angiogenesis, apoptosis, tumor suppression, metastasis, and the modulation of innate and adaptive immune responses. Multiple transcript variants encoding different isoforms have been reported, but the full-length nature of all variants has not been defined. [provided by RefSeq, May 2010]",,CEACAM1,http://edrn.jpl.nasa.gov/bmdb/biomarkers/view/606,P13688
BM00223,CEACAM5,proteomic,"Breast, Colon, Lung, Ovary, Pancreas, Prostate",3,"From NCBI Gene: CEACAM5 is a member of the carcinoembryonic antigen (CEA) gene family, which belongs to the immunoglobulin superfamily. Two subgroups of the CEA family, the CEA cell adhesion molecules and the pregnancy-specific glycoproteins, are located within a 1.2 Mb cluster on the long arm of chromosome 19. Eleven pseudogenes of the CEA cell adhesion molecule subgroup are also found in the cluster.  CEACAM5 is a cell surface glycoprotein that plays a role in cell adhesion and in intracellular signaling. It is a receptor for E.coli Dr adhesins.",,CEACAM5,http://edrn.jpl.nasa.gov/bmdb/biomarkers/view/224,P06731
BM00224,CEACAM6,proteomic,Breast,2,"From NCBI Gene: This gene encodes a protein that belongs to the carcinoembryonic antigen (CEA) family whose members are glycosyl phosphatidyl inositol (GPI) anchored cell surface glycoproteins. Members of this family play a role in cell adhesion and are widely used as tumor markers in serum immunoassay determinations of carcinoma. This gene affects the sensitivity of tumor cells to adenovirus infection. The protein encoded by this gene acts as a receptor for adherent-invasive E. coli adhesion to the surface of ileal epithelial cells in patients with Crohn's disease. This gene is clustered with genes and pseudogenes of the cell adhesion molecules subgroup of the CEA family on chromosome 19. [provided by RefSeq, Apr 2014]",,CEACAM6,http://edrn.jpl.nasa.gov/bmdb/biomarkers/view/1143,P40199
BM00225,CEBPD,genomic,Prostate,1,"From NCBI Gene: The protein encoded by this intronless gene is a bZIP transcription factor which can bind as a homodimer to certain DNA regulatory regions. It can also form heterodimers with the related protein CEBP-alpha. The encoded protein is important in the regulation of genes involved in immune and inflammatory responses, and may be involved in the regulation of genes associated with activation and/or differentiation of macrophages. The cytogenetic location of this locus has been reported as both 8p11 and 8q11. [provided by RefSeq, Sep 2010]",,CEBPD,http://edrn.jpl.nasa.gov/bmdb/biomarkers/view/607,P49716
BM00226,CEBPG,genomic,Lung,2,"The CEBPG protein is a transcription factor that binds to the enhancer element PRE-I (positive regulatory element-I) of the IL-4 gene..  The C/EBP family of transcription factors regulate viral and cellular CCAAT/enhancer element-mediated transcription.  This family includes several related proteins: C/EBP alpha, C/EBP beta, C/EBP gamma, and C/EBP delta, that form homodimers and that form heterodimers with each other.  There are two transcript variants that encode the same protein.",,CEBPG,http://edrn.jpl.nasa.gov/bmdb/biomarkers/view/414,P53567
BM00227,CEP3,genomic,Lung,2,CEP3 is the designation for the centromere region of chromosome 3.  Amplification of this region has been identified in lung cancer.,,CEP3,http://edrn.jpl.nasa.gov/bmdb/biomarkers/view/415,Q9UKI2
BM00228,CEP6,genomic,Lung,1,CEP6 is the designation for the centromere region of chromosome 6.  Amplification of this region has been linked to presence or development of lung cancer.,,CEP6,http://edrn.jpl.nasa.gov/bmdb/biomarkers/view/416,
BM00229,CFB,genomic,Prostate,1,"From NCBI Gene: This gene encodes complement factor B, a component of the alternative pathway of complement activation. Factor B circulates in the blood as a single chain polypeptide. Upon activation of the alternative pathway, it is cleaved by complement factor D yielding the noncatalytic chain Ba and the catalytic subunit Bb. The active subunit Bb is a serine protease which associates with C3b to form the alternative pathway C3 convertase. Bb is involved in the proliferation of preactivated B lymphocytes, while Ba inhibits their proliferation. This gene localizes to the major histocompatibility complex (MHC) class III region on chromosome 6. This cluster includes several genes involved in regulation of the immune reaction. Polymorphisms in this gene are associated with a reduced risk of age-related macular degeneration. The polyadenylation site of this gene is 421 bp from the 5' end of the gene for complement component 2. [provided by RefSeq, Jul 2008]",,CFB,http://edrn.jpl.nasa.gov/bmdb/biomarkers/view/608,P00751
BM00230,CFH,proteomic,Breast,1,"From NCBI Gene: This gene is a member of the Regulator of Complement Activation (RCA) gene cluster and encodes a protein with twenty short consensus repeat (SCR) domains. This protein is secreted into the bloodstream and has an essential role in the regulation of complement activation, restricting this innate defense mechanism to microbial infections. Mutations in this gene have been associated with hemolytic-uremic syndrome (HUS) and chronic hypocomplementemic nephropathy. Alternate transcriptional splice variants, encoding different isoforms, have been characterized. [provided by RefSeq, Oct 2011]",,CFH,http://edrn.jpl.nasa.gov/bmdb/biomarkers/view/1489,P08603
BM00231,CFI,proteomic,Breast,1,"From NCBI Gene: This gene encodes a serine proteinase that is essential for regulating the complement cascade. The encoded preproprotein is cleaved to produce both heavy and light chains, which are linked by disulfide bonds to form a heterodimeric glycoprotein. This heterodimer can cleave and inactivate the complement components C4b and C3b, and it prevents the assembly of the C3 and C5 convertase enzymes. Defects in this gene cause complement factor I deficiency, an autosomal recessive disease associated with a susceptibility to pyogenic infections. Mutations in this gene have been associated with a predisposition to atypical hemolytic uremic syndrome, a disease characterized by acute renal failure, microangiopathic hemolytic anemia and thrombocytopenia. Primary glomerulonephritis with immune deposits and age-related macular degeneration are other conditions associated with mutations of this gene. [provided by RefSeq, Dec 2015]",,CFI,http://edrn.jpl.nasa.gov/bmdb/biomarkers/view/1490,P05156
BM00232,Chen 10 marker miRNA signature for non-small cell lung cancer,genomic,Lung,1,"A panel of 10 serum miRNAs has been identified that were found to have significantly different expression levels in non-small cell lung cancer (NSCLC) serum samples compared with the control serum samples. This panel of miRNAs was able to distinguish NSCLC cases from controls with high sensitivity and specificity.  The ten miRNAs are: miR-20a, miR-24, miR-25, miR-145, miR-152, miR-199a-5p, miR-221, miR-222, miR-223, miR-320.",,,http://edrn.jpl.nasa.gov/bmdb/biomarkers/view/550,
BM00233,CHGA,proteomic,Breast,3,"From NCBI Gene: The protein encoded by this gene is a member of the chromogranin/secretogranin family of neuroendocrine secretory proteins. It is found in secretory vesicles of neurons and endocrine cells. This gene product is a precursor to three biologically active peptides; vasostatin, pancreastatin, and parastatin. These peptides act as autocrine or paracrine negative modulators of the neuroendocrine system. Two other peptides, catestatin and chromofungin, have antimicrobial activity and antifungal activity, respectively. Two transcript variants encoding different isoforms have been found for this gene. [provided by RefSeq, Sep 2014]",,CHGA,http://edrn.jpl.nasa.gov/bmdb/biomarkers/view/1028,P10645
BM00234,CHI3L1,proteomic,Ovary,2,"CHI3L1, also known as chitinase, a secreted protein, is a carbohydrate-binding lectin with a preference for chitin. It may play a role in defense against pathogens, or in tissue remodeling. It may also play an important role in the capacity of cells to respond to and cope with changes in their environment. CHI3L1 is present in activated macrophages, articular chondrocytes, synovial cells as well as in liver. It is undetectable in muscle tissues, lung, pancreas, mononuclear cells, or fibroblasts.",,CHI3L1,http://edrn.jpl.nasa.gov/bmdb/biomarkers/view/225,P36222
BM00235,Chinnaiyan (Laxman) 7 marker panel for prostate cancer,genomic,Prostate,1,"This 7-marker multiplex panel of urine transcripts outperforms PCA3 transcript alone for the detection of prostate cancer. The panel consists of PCA3, AMACR, ERG, GP73 (GOLPH2), SPINK1, TFF3, and TMPRSS2:ERG fusion.",,,http://edrn.jpl.nasa.gov/bmdb/biomarkers/view/970,
BM00236,CHN2,genomic,Prostate,1,"From NCBI Gene: This gene encodes a guanosine triphosphate (GTP)-metabolizing protein that contains a phorbol-ester/diacylglycerol (DAG)-type zinc finger, a Rho-GAP domain, and an SH2 domain. The encoded protein translocates from the cytosol to the Golgi apparatus membrane upon binding by diacylglycerol (DAG). Activity of this protein is important in cell proliferation and migration, and expression changes in this gene have been detected in cancers. A mutation in this gene has also been associated with schizophrenia in men. Alternative transcript splicing and the use of alternative promoters results in multiple transcript variants. [provided by RefSeq, May 2014]",,CHN2,http://edrn.jpl.nasa.gov/bmdb/biomarkers/view/609,P52757
BM00237,CHUK,proteomic,Breast,2,"From NCBI Gene: This gene encodes a member of the serine/threonine protein kinase family. The encoded protein, a component of a cytokine-activated protein complex that is an inhibitor of the essential transcription factor NF-kappa-B complex, phosphorylates sites that trigger the degradation of the inhibitor via the ubiquination pathway, thereby activating the transcription factor. [provided by RefSeq, Jul 2008]",,CHUK,http://edrn.jpl.nasa.gov/bmdb/biomarkers/view/1319,O15111
BM00238,Circulating methylated genes BCAT1/IKZF1 (Clinical Genomics),genomic,Colon,2,"From www.clinicalgenomics.com/products/colvera: COLVERA® detects two methylated (silenced) genes, BCAT1 and IKZF1, associated with colorectal tumor growth in circulating tumor DNA, a technology that has greater sensitivity for colorectal cancer than measuring for CEA, the current standard of care.",,,http://edrn.jpl.nasa.gov/bmdb/biomarkers/view/1234,
BM00239,CIZ1,genomic,Lung,2,"From NCBI Gene: The protein encoded by this gene is a zinc finger DNA binding protein that interacts with CIP1, part of a complex with cyclin E. The encoded protein may regulate the cellular localization of CIP1. Several transcript variants encoding different isoforms have been found for this gene. [provided by RefSeq, Apr 2012]",,CIZ1,http://edrn.jpl.nasa.gov/bmdb/biomarkers/view/1154,Q9ULV3
BM00240,CK-MB,proteomic,Lung,1,CK-MB (creatine kinase MB) is an isoenzyme of creatine kinase (CKM).  Increased blood levels of CK-MB are one indicator used in diagnosis of myocardial infarction.,,CK-MB,http://edrn.jpl.nasa.gov/bmdb/biomarkers/view/1278,
BM00241,CKB,proteomic,"Breast, Lung",1,"From NCBI Gene: The protein encoded by this gene is a cytoplasmic enzyme involved in energy homeostasis. The encoded protein reversibly catalyzes the transfer of phosphate between ATP and various phosphogens such as creatine phosphate. It acts as a homodimer in brain as well as in other tissues, and as a heterodimer with a similar muscle isozyme in heart. The encoded protein is a member of the ATP:guanido phosphotransferase protein family. A pseudogene of this gene has been characterized. [provided by RefSeq, Jul 2008]",,CKB,http://edrn.jpl.nasa.gov/bmdb/biomarkers/view/981,P12277
BM00242,CKM,proteomic,"Lung, Ovary",2,"CKM is a cytoplasmic enzyme involved in energy homeostasis and is an important serum marker for myocardial infarction. It reversibly catalyzes the transfer of phosphate between ATP and various phosphogens, such as creatine phosphate.  Creatine kinase isoenzymes play a central role in energy transduction in tissues with large, fluctuating energy demands, such as skeletal muscle, heart, brain and spermatozoa. Structurally, CKM exists primarily as a homodimer in striated muscle and myocardium, and as a heterodimer in brain and in heart, as well as other tissues.  CKM is a member of the ATP:guanido phosphotransferase family.",,CKM,http://edrn.jpl.nasa.gov/bmdb/biomarkers/view/199,P06732
BM00243,CLDN8,genomic,Prostate,1,"From NCBI Gene: This gene encodes a member of the claudin family. Claudins are integral membrane proteins and components of tight junction strands. Tight junction strands serve as a physical barrier to prevent solutes and water from passing freely through the paracellular space between epithelial or endothelial cell sheets, and also play critical roles in maintaining cell polarity and signal transductions. This protein plays important roles in the paracellular cation barrier of the distal renal tubule, and in the paracellular barrier to prevent sodium back-leakage in distal colon. Differential expression of this gene has been observed in colorectal carcinoma and renal cell tumors, and along with claudin-7, is an immunohistochemical marker for the differential diagnosis of chromophobe renal cell carcinoma and renal oncocytoma.[provided by RefSeq, May 2010]",,CLDN8,http://edrn.jpl.nasa.gov/bmdb/biomarkers/view/610,P56748
BM00244,CLIP3,genomic,Prostate,1,"From NCBI Gene: This gene encodes a member of the cytoplasmic linker protein 170 family. Members of this protein family contain a cytoskeleton-associated protein glycine-rich domain and mediate the interaction of microtubules with cellular organelles. The encoded protein plays a role in T cell apoptosis by facilitating the association of tubulin and the lipid raft ganglioside GD3. The encoded protein also functions as a scaffold protein mediating membrane localization of phosphorylated protein kinase B. Alternatively spliced transcript variants have been observed for this gene. [provided by RefSeq, Dec 2010]",,CLIP3,http://edrn.jpl.nasa.gov/bmdb/biomarkers/view/611,Q96DZ5
BM00245,CLU,proteomic,Breast,2,"From NCBI Gene: The protein encoded by this gene is a secreted chaperone that can under some stress conditions also be found in the cell cytosol. It has been suggested to be involved in several basic biological events such as cell death, tumor progression, and neurodegenerative disorders. Alternate splicing results in both coding and non-coding variants.[provided by RefSeq, May 2011]",,CLU,http://edrn.jpl.nasa.gov/bmdb/biomarkers/view/1459,P10909
BM00246,CNDP1,proteomic,Lung,2,"From NCBI Gene: This gene encodes a member of the M20 metalloprotease family. The encoded protein is specifically expressed in the brain, is a homodimeric dipeptidase which was identified as human carnosinase. This gene contains trinucleotide (CTG) repeat length polymorphism in the coding region. [provided by RefSeq, Jul 2008]",,CNDP1,http://edrn.jpl.nasa.gov/bmdb/biomarkers/view/1211,Q96KN2
BM00247,CNOT7,proteomic,Breast,2,"From NCBI Gene: The protein encoded by this gene binds to an anti-proliferative protein, B-cell translocation protein 1, which negatively regulates cell proliferation. Binding of the two proteins, which is driven by phosphorylation of the anti-proliferative protein, causes signaling events in cell division that lead to changes in cell proliferation associated with cell-cell contact. The encoded protein downregulates the innate immune response and therefore provides a therapeutic target for enhancing its antimicrobial activity against foreign agents. Alternative splicing of this gene results in multiple transcript variants. Related pseudogenes have been identified on chromosomes 1 and X. [provided by RefSeq, Apr 2016]",,CNOT7,http://edrn.jpl.nasa.gov/bmdb/biomarkers/view/1404,Q9UIV1
BM00248,CNPY2,proteomic,Breast,1,From UniProtKB: Positive regulator of neurite outgrowth by stabilizing myosin regulatory light chain (MRLC). It prevents MIR-mediated MRLC ubiquitination and its subsequent proteasomal degradation.,,CNPY2,http://edrn.jpl.nasa.gov/bmdb/biomarkers/view/1491,Q9Y2B0
BM00249,CNTN5,proteomic,Lung,2,"From NCBI Gene: The protein encoded by this gene is a member of the immunoglobulin superfamily, and contactin family, which mediate cell surface interactions during nervous system development. This protein is a glycosylphosphatidylinositol (GPI)-anchored neuronal membrane protein that functions as a cell adhesion molecule. It may play a role in the formation of axon connections in the developing nervous system. Alternatively spliced transcript variants encoding different isoforms have been described for this gene. [provided by RefSeq, Aug 2011]",,CNTN5,http://edrn.jpl.nasa.gov/bmdb/biomarkers/view/983,O94779
BM00250,COL14A1,proteomic,Breast,1,"From NCBI Gene: This gene encodes the alpha chain of type XIV collagen, a member of the FACIT (fibril-associated collagens with interrupted triple helices) collagen family. Type XIV collagen interacts with the fibril surface and is involved in the regulation of fibrillogenesis. [provided by RefSeq, Jan 2013]",,COL14A1,http://edrn.jpl.nasa.gov/bmdb/biomarkers/view/1492,Q05707
BM00251,COL4A2,genomic,Prostate,1,"From NCBI Gene: This gene encodes one of the six subunits of type IV collagen, the major structural component of basement membranes. The C-terminal portion of the protein, known as canstatin, is an inhibitor of angiogenesis and tumor growth. Like the other members of the type IV collagen gene family, this gene is organized in a head-to-head conformation with another type IV collagen gene so that each gene pair shares a common promoter. [provided by RefSeq, Jul 2008]",,COL4A2,http://edrn.jpl.nasa.gov/bmdb/biomarkers/view/612,P08572
BM00252,Combined CYFRA 21-1 plus Clinical and Radiomic panel,proteomic,Lung,2,"A combined biomarker integrating clinical factors, radiomic data, and the serum protein marker CYFRA 21-1.",,,http://edrn.jpl.nasa.gov/bmdb/biomarkers/view/1137,
BM00253,COPS6,proteomic,Breast,1,"From NCBI Gene: The protein encoded by this gene is one of the eight subunits of COP9 signalosome, a highly conserved protein complex that functions as an important regulator in multiple signaling pathways. The structure and function of COP9 signalosome is similar to that of the 19S regulatory particle of 26S proteasome. COP9 signalosome has been shown to interact with SCF-type E3 ubiquitin ligases and act as a positive regulator of E3 ubiquitin ligases. This protein belongs to translation initiation factor 3 (eIF3) superfamily. It is involved in the regulation of cell cycle and likely to be a cellular cofactor for HIV-1 accessory gene product Vpr. [provided by RefSeq, Jul 2008]",,COPS6,http://edrn.jpl.nasa.gov/bmdb/biomarkers/view/1493,Q7L5N1
BM00254,COTL1,proteomic,Breast,1,"From NCBI Gene: This gene encodes one of the numerous actin-binding proteins which regulate the actin cytoskeleton. This protein binds F-actin, and also interacts with 5-lipoxygenase, which is the first committed enzyme in leukotriene biosynthesis. Although this gene has been reported to map to chromosome 17 in the Smith-Magenis syndrome region, the best alignments for this gene are to chromosome 16. The Smith-Magenis syndrome region is the site of two related pseudogenes. [provided by RefSeq, Jul 2008]",,COTL1,http://edrn.jpl.nasa.gov/bmdb/biomarkers/view/1494,Q14019
BM00255,COX7A1,proteomic,Breast,2,"COX7A1, cytochrome c oxidase subunit VIIa polypeptide 1 (muscle), is one of the polypeptide chains of cytochrome c oxidase, the terminal component of the mitochondrial respiratory chain.  This polypeptide is present only in muscle tissues. Other polypeptides of subunit VIIa are present in both muscle and nonmuscle tissues, and are encoded by different genes.",,COX7A1,http://edrn.jpl.nasa.gov/bmdb/biomarkers/view/904,P24310
BM00256,CP,genomic,"Breast, Prostate",1,"From NCBI Gene: The protein encoded by this gene is a metalloprotein that binds most of the copper in plasma and is involved in the peroxidation of Fe(II)transferrin to Fe(III) transferrin. Mutations in this gene cause aceruloplasminemia, which results in iron accumulation and tissue damage, and is associated with diabetes and neurologic abnormalities. Two transcript variants, one protein-coding and the other not protein-coding, have been found for this gene. [provided by RefSeq, Feb 2012]",,CP,http://edrn.jpl.nasa.gov/bmdb/biomarkers/view/613,P00450
BM00257,CPA4,proteomic,"Breast, Ovary",2,"The gene for CPA4 encodes a protein that is a member of the carboxypeptidase A/B subfamily.  The CPA4 gene is located in a cluster with three other family members on chromosome 7. Carboxypeptidases are zinc-containing exopeptidases that catalyze the release of carboxy-terminal amino acids, and are synthesized as zymogens that are activated by proteolytic cleavage. This gene could be involved in the histone hyperacetylation pathway. It is imprinted and may be a strong candidate gene for prostate cancer aggressiveness. There is evidence of fetal expression in the adrenal gland, brain, heart, intestine, kidney, liver and lung.",,CPA4,http://edrn.jpl.nasa.gov/bmdb/biomarkers/view/122,Q9UI42
BM00258,CPB1,genomic,Prostate,1,"From NCBI Gene: Three different procarboxypeptidases A and two different procarboxypeptidases B have been isolated. The B1 and B2 forms differ from each other mainly in isoelectric point. Carboxypeptidase B1 is a highly tissue-specific protein and is a useful serum marker for acute pancreatitis and dysfunction of pancreatic transplants. It is not elevated in pancreatic carcinoma. [provided by RefSeq, Jul 2008]",,CPB1,http://edrn.jpl.nasa.gov/bmdb/biomarkers/view/614,P15086
BM00259,CpG,genomic,Lung,1,,,,http://edrn.jpl.nasa.gov/bmdb/biomarkers/view/1263,
BM00260,CPM,genomic,Prostate,1,"From NCBI Gene: he protein encoded by this gene is a membrane-bound arginine/lysine carboxypeptidase. Its expression is associated with monocyte to macrophage differentiation. This encoded protein contains hydrophobic regions at the amino and carboxy termini and has 6 potential asparagine-linked glycosylation sites. The active site residues of carboxypeptidases A and B are conserved in this protein. Three alternatively spliced transcript variants encoding the same protein have been described for this gene. [provided by RefSeq, Jul 2008]",,CPM,http://edrn.jpl.nasa.gov/bmdb/biomarkers/view/615,P14384
BM00261,CPQ,genomic,Prostate,1,"From NCBI Gene: This gene encodes a metallopeptidase that belongs to the peptidase M28 family. The encoded protein may catalyze the cleavage of dipeptides with unsubstituted terminals into amino acids. [provided by RefSeq, Jul 2013]",,CPQ,http://edrn.jpl.nasa.gov/bmdb/biomarkers/view/773,Q9Y646
BM00262,CPXCR1,proteomic,Breast,2,"CPXCR1 is located in a region on the X chromosome that has been associated with X-linked cleft palate (CPX) disorder.  CPXCR1 contains a motif found in several zinc finger proteins.  Several alternatively spliced transcripts have been isolated, all encoding the same protein.",,CPXCR1,http://edrn.jpl.nasa.gov/bmdb/biomarkers/view/905,Q8N123
BM00263,Cramer 5 marker panel for ovarian cancer,proteomic,Ovary,3,"The PLCO phase III specimens (test half) revealed marker panels produced only marginal improvement over CA 125 alone and, in some case, worse performance. Besides searching for new markers, some ways to improve detection might include: 1) Add epidemiologic variables, and 2) Add in prior markers values.",,,http://edrn.jpl.nasa.gov/bmdb/biomarkers/view/89,
BM00264,CRHBP,proteomic,Breast,2,"From NCBI Gene: Corticotropin-releasing hormone is a potent stimulator of synthesis and secretion of preopiomelanocortin-derived peptides. Although CRH concentrations in the human peripheral circulation are normally low, they increase throughout pregnancy and fall rapidly after parturition. Maternal plasma CRH probably originates from the placenta. Human plasma contains a CRH-binding protein which inactivates CRH and which may prevent inappropriate pituitary-adrenal stimulation in pregnancy. [provided by RefSeq, Jul 2008]",,CRHBP,http://edrn.jpl.nasa.gov/bmdb/biomarkers/view/1353,P24387
BM00265,CRIP1,proteomic,Ovary,2,"From NCBI Gene: Cysteine-rich intestinal protein (CRIP) belongs to the LIM/double zinc finger protein family, members of which include cysteine- and glycine-rich protein-1 (CSRP1; MIM 123876), rhombotin-1 (RBTN1; MIM 186921), rhombotin-2 (RBTN2; MIM 180385), and rhombotin-3 (RBTN3; MIM 180386). CRIP may be involved in intestinal zinc transport (Hempe and Cousins, 1991 [PubMed 1946385]).[supplied by OMIM, Mar 2008]",,CRIP1,http://edrn.jpl.nasa.gov/bmdb/biomarkers/view/175,P50238
BM00266,CRIP2,proteomic,Ovary,2,"Cysteine-rich intestinal protein 2 (CRIP2) has been shown to be involved in development.  It is expressed in a variety of tissues, with particularly high levels in the heart.  CRIP2 has two LIM zinc-binding domains.  Studies suggest that CRIP2 is involved in functional inhibition of tumor formation and angiogenesis.",,CRIP2,http://edrn.jpl.nasa.gov/bmdb/biomarkers/view/303,P52943
BM00267,CRP,proteomic,"Breast, Pancreas",3,"From NCBI Gene: The protein encoded by this gene belongs to the pentaxin family. It is involved in several host defense related functions based on its ability to recognize foreign pathogens and damaged cells of the host and to initiate their elimination by interacting with humoral and cellular effector systems in the blood. Consequently, the level of this protein in plasma increases greatly during acute phase response to tissue injury, infection, or other inflammatory stimuli. [provided by RefSeq, Sep 2009]",,CRP,http://edrn.jpl.nasa.gov/bmdb/biomarkers/view/1029,P02741
BM00268,CRTAC1,proteomic,"Ovary, Prostate",2,"CRTAC1, a secreted protein, is expressed in the interterritorial matrix of articular deep zone cartilage. There are three isoforms for CRTAC1; isoform 1, considered the canonical sequence, is expressed in brain and is detected in cartilage, bone, cultured chondrocytes and lung, and at low levels in heart, and is not detected in osteoblasts. Isoform 2 is also expressed in brain.  CRTAC1 is up-regulated in mesenchymal stem cells undergoing chondrogenic differentiation and by BMP4.",,CRTAC1,http://edrn.jpl.nasa.gov/bmdb/biomarkers/view/200,Q9NQ79
BM00269,CRTC3,genomic,Prostate,1,"From NCBI Gene: This gene is a member of the CREB regulated transcription coactivator gene family. This family regulates CREB-dependent gene transcription in a phosphorylation-independent manner and may be selective for cAMP-responsive genes. The protein encoded by this gene may induce mitochondrial biogenesis and attenuate catecholamine signaling in adipose tissue. A translocation event between this gene and Notch coactivator mastermind-like gene 2, which results in a fusion protein, has been reported in mucoepidermoid carcinomas. Alternative splicing results in multiple transcript variants that encode different protein isoforms. [provided by RefSeq, Jul 2012]",,CRTC3,http://edrn.jpl.nasa.gov/bmdb/biomarkers/view/616,Q6UUV7
BM00270,CRYAB,proteomic,Breast,3,"From NCBI Gene: Mammalian lens crystallins are divided into alpha, beta, and gamma families. Alpha crystallins are composed of two gene products: alpha-A and alpha-B, for acidic and basic, respectively. Alpha crystallins can be induced by heat shock and are members of the small heat shock protein (HSP20) family. They act as molecular chaperones although they do not renature proteins and release them in the fashion of a true chaperone; instead they hold them in large soluble aggregates. Post-translational modifications decrease the ability to chaperone. These heterogeneous aggregates consist of 30-40 subunits; the alpha-A and alpha-B subunits have a 3:1 ratio, respectively. Two additional functions of alpha crystallins are an autokinase activity and participation in the intracellular architecture. The encoded protein has been identified as a moonlighting protein based on its ability to perform mechanistically distinct functions. Alpha-A and alpha-B gene products are differentially expressed; alpha-A is preferentially restricted to the lens and alpha-B is expressed widely in many tissues and organs. Elevated expression of alpha-B crystallin occurs in many neurological diseases; a missense mutation cosegregated in a family with a desmin-related myopathy. Alternative splicing results in multiple transcript variants. [provided by RefSeq, Jan 2014]",,CRYAB,http://edrn.jpl.nasa.gov/bmdb/biomarkers/view/1030,P02511
BM00271,CRYBG1,proteomic,Lung,2,AIM1 may function as suppressor of malignant melanoma. It is also thought to exert its effects through interactions with the cytoskeleton.,,CRYBG1,http://edrn.jpl.nasa.gov/bmdb/biomarkers/view/403,Q9Y4K1
BM00272,CS,proteomic,Breast,1,"From NCBI Gene: The protein encoded by this gene is a Krebs tricarboxylic acid cycle enzyme that catalyzes the synthesis of citrate from oxaloacetate and acetyl coenzyme A. The enzyme is found in nearly all cells capable of oxidative metablism. This protein is nuclear encoded and transported into the mitochondrial matrix, where the mature form is found. [provided by RefSeq, Jul 2008]",,CS,http://edrn.jpl.nasa.gov/bmdb/biomarkers/view/1151,O75390
BM00273,CSDC2,genomic,Prostate,1,"From NCBI Gene: Predicted to enable mRNA 3'-UTR binding activity. Predicted to be involved in regulation of mRNA stability. Predicted to be located in nucleus. Predicted to be active in cytoplasm. [provided by Alliance of Genome Resources, Nov 2021]     From UniProtKB/Swiss-Prot: RNA-binding factor which binds specifically to the very 3-UTR ends of both histone H1 and H3.3 mRNAs, encompassing the polyadenylation signal. Might play a central role in the negative regulation of histone variant synthesis in the developing brain (By similarity).",,CSDC2,http://edrn.jpl.nasa.gov/bmdb/biomarkers/view/617,Q9Y534
BM00274,CSF1,proteomic,Breast,3,"From NCBI Gene: Mammalian lens crystallins are divided into alpha, beta, and gamma families. Alpha crystallins are composed of two gene products: alpha-A and alpha-B, for acidic and basic, respectively. Alpha crystallins can be induced by heat shock and are members of the small heat shock protein (HSP20) family. They act as molecular chaperones although they do not renature proteins and release them in the fashion of a true chaperone; instead they hold them in large soluble aggregates. Post-translational modifications decrease the ability to chaperone. These heterogeneous aggregates consist of 30-40 subunits; the alpha-A and alpha-B subunits have a 3:1 ratio, respectively. Two additional functions of alpha crystallins are an autokinase activity and participation in the intracellular architecture. The encoded protein has been identified as a moonlighting protein based on its ability to perform mechanistically distinct functions. Alpha-A and alpha-B gene products are differentially expressed; alpha-A is preferentially restricted to the lens and alpha-B is expressed widely in many tissues and organs. Elevated expression of alpha-B crystallin occurs in many neurological diseases; a missense mutation cosegregated in a family with a desmin-related myopathy. Alternative splicing results in multiple transcript variants. [provided by RefSeq, Jan 2014]",,CSF1,http://edrn.jpl.nasa.gov/bmdb/biomarkers/view/1031,P09603
BM00275,CSGALNACT1,genomic,Prostate,1,"From NCBI Gene: This gene encodes an enzyme that transfers N-acetylglucosamine (GalNAc) to the core tetrasaccharide linker and to elongating chondroitin sulfate chains in proteoglycans. Knockout of the orthologous mouse gene indicates that the protein is necessary for normal cartilage development and aggrecan metabolism. Mutations in this gene are associated with multiple sclerosis progression, and with mild skeletal dysplasia and joint laxity. [provided by RefSeq, Aug 2017]",,CSGALNACT1,http://edrn.jpl.nasa.gov/bmdb/biomarkers/view/618,Q8TDX6
BM00276,CSK,proteomic,Lung,2,"From NCBI Gene: The protein encoded by this gene is involved in multiple pathways, including the regulation of Src family kinases. It plays an important role in T-cell activation through its association with the protein encoded by the protein tyrosine phosphatase, non-receptor type 22 (PTPN22) gene. This protein also phosphorylates C-terminal tyrosine residues on multiple substrates, including the protein encoded by the SRC proto-oncogene, non-receptor tyrosine kinase gene. Phosphorylation suppresses the kinase activity of the Src family tyrosine kinases. An intronic polymorphism (rs34933034) in this gene has been found to affect B-cell activation and is associated with systemic lupus erythematosus (SLE). Alternative splicing results in multiple transcript variants. [provided by RefSeq, Aug 2017]",,CSK,http://edrn.jpl.nasa.gov/bmdb/biomarkers/view/1212,P41240
BM00277,CSNK1E,proteomic,Breast,1,"CSNK1E is a serine/threonine protein kinase and a member of the casein kinase I protein family. Casein kinases are characterized by their preferential utilization of acidic proteins such as caseins as substrates.  Members of the casein kinase I protein family have been implicated in the control of cytoplasmic and nuclear processes, including DNA replication and repair, and have been shown to phosphorylate a variety of proteins, including itself.  CSNK1E is a monomeric cytoplasmic protein.  CSNK1E has been shown to phosphorylate period, a circadian rhythm protein, and as such is a central component of the circadian clock.  CSNK1E may act as a negative regulator of circadian rhythmicity by phosphorylating PER1 and PER2.  Two transcript variants encoding the same protein have been found for this gene.",,CSNK1E,http://edrn.jpl.nasa.gov/bmdb/biomarkers/view/514,P49674
BM00278,CSNK2A1,genomic,Prostate,1,"Casein kinase II is a serine/threonine protein kinase that phosphorylates acidic proteins such as casein. It is involved in various cellular processes, including cell cycle control, apoptosis, and circadian rhythm. The kinase exists as a tetramer and is composed of an alpha, an alpha-prime, and two beta subunits. The alpha subunits contain the catalytic activity while the beta subunits undergo autophosphorylation. The protein encoded by this gene represents the alpha subunit. While this gene is found on chromosome 20, a related transcribed pseudogene is found on chromosome 11. Three transcript variants encoding two different proteins have been found for this gene. [provided by RefSeq, Jul 2014]",,CSNK2A1,http://edrn.jpl.nasa.gov/bmdb/biomarkers/view/619,P68400
BM00279,CSPG4,genomic,Prostate,1,"From NCBI Gene: A human melanoma-associated chondroitin sulfate proteoglycan plays a role in stabilizing cell-substratum interactions during early events of melanoma cell spreading on endothelial basement membranes. CSPG4 represents an integral membrane chondroitin sulfate proteoglycan expressed by human malignant melanoma cells. [provided by RefSeq, Jul 2008]",,CSPG4,http://edrn.jpl.nasa.gov/bmdb/biomarkers/view/620,Q6UVK1
BM00280,CSRP2,proteomic,Breast,2,"CSRP2 encodes a LIM domain protein.  LIM domain proteins may be involved in
regulatory processes important for development and cellular differentiation. CSRP2 has two copies of the cysteine-rich amino acid sequence motif (LIM) with putative zinc-binding activity, and may be involved in regulating
ordered cell growth.  CSRP2 is thought to play a role in the development of the embryonic vascular system.",,CSRP2,http://edrn.jpl.nasa.gov/bmdb/biomarkers/view/906,Q16527
BM00281,CST1,proteomic,Breast,1,"From NCBI Gene: The cystatin superfamily encompasses proteins that contain multiple cystatin-like sequences. Some of the members are active cysteine protease inhibitors, while others have lost or perhaps never acquired this inhibitory activity. There are three inhibitory families in the superfamily, including the type 1 cystatins (stefins), type 2 cystatins and the kininogens. The type 2 cystatin proteins are a class of cysteine proteinase inhibitors found in a variety of human fluids and secretions, where they appear to provide protective functions. The cystatin locus on chromosome 20 contains the majority of the type 2 cystatin genes and pseudogenes. This gene is located in the cystatin locus and encodes a cysteine proteinase inhibitor found in saliva, tears, urine, and seminal fluid. [provided by RefSeq, Jul 2008]",,CST1,http://edrn.jpl.nasa.gov/bmdb/biomarkers/view/1495,P01037
BM00282,CST3,proteomic,Breast,1,"From NCBI Gene: The cystatin superfamily encompasses proteins that contain multiple cystatin-like sequences. Some of the members are active cysteine protease inhibitors, while others have lost or perhaps never acquired this inhibitory activity. There are three inhibitory families in the superfamily, including the type 1 cystatins (stefins), type 2 cystatins and the kininogens. The type 2 cystatin proteins are a class of cysteine proteinase inhibitors found in a variety of human fluids and secretions, where they appear to provide protective functions. The cystatin locus on chromosome 20 contains the majority of the type 2 cystatin genes and pseudogenes. This gene is located in the cystatin locus and encodes the most abundant extracellular inhibitor of cysteine proteases, which is found in high concentrations in biological fluids and is expressed in virtually all organs of the body. A mutation in this gene has been associated with amyloid angiopathy. Expression of this protein in vascular wall smooth muscle cells is severely reduced in both atherosclerotic and aneurysmal aortic lesions, establishing its role in vascular disease. In addition, this protein has been shown to have an antimicrobial function, inhibiting the replication of herpes simplex virus. Alternative splicing results in multiple transcript variants encoding a single protein. [provided by RefSeq, Nov 2014]",,CST3,http://edrn.jpl.nasa.gov/bmdb/biomarkers/view/1496,P01034
BM00283,CST6,proteomic,Ovary,2,"CST6, a type 2 cystatin protein, is down-regulated in metastatic breast tumor cells as compared to primary tumor cells. Loss of expression is likely associated with the progression of a primary tumor to a metastatic phenotype. The cystatin superfamily encompasses proteins that contain multiple cystatin-like sequences. Some of the members are active cysteine protease inhibitors, while others have lost or perhaps never acquired this inhibitory activity. There are three inhibitory families in the superfamily, including the type 1 cystatins (stefins), type 2 cystatins and the kininogens. The type 2 cystatin proteins, which includes CST6, are a class of cysteine proteinase inhibitors found in a variety of human fluids and secretions, where they appear to provide protective functions.",,CST6,http://edrn.jpl.nasa.gov/bmdb/biomarkers/view/123,P04080
BM00284,CSTA,proteomic,Lung,1,"CSTA, or cystatin-A, is a member of the cystatin superfamily, which includes proteins that contain multiple cystatin-like sequences.  Some members of the cystatin superfamily are active cysteine protease inhibitors, of which there are three families: type 1 cystatins (stefins), type 2 cystatins, and kininogens.  CSTA is a stefin     that functions as a cysteine protease inhibitor, forming tight complexes with papain and the cathepsins B, H, and L. Stefins have been proposed as prognostic and diagnostic biomarkers for cancer.",,CSTA,http://edrn.jpl.nasa.gov/bmdb/biomarkers/view/421,P01040
BM00285,CTAG1A AAb,proteomic,Breast,2,"CTAG1A autoantibodies. From NCBI Gene: The protein encoded by this gene (CTAG1A) is a tumor cell antigen found in various types of cancers, which makes it a good candidate for a cancer vaccine. This gene is also highly expressed in normal ovary and testis tissues. An identical copy of this gene is found on the same chromosome. (CTAG1B) [provided by RefSeq, Dec 2015]",,CTAG1A,http://edrn.jpl.nasa.gov/bmdb/biomarkers/view/1320,P78358
BM00286,CTAG1B,proteomic,"Colon, Lung",2,"NY-ESO-1, official name CTAG1B, is an antigen that is expressed in normal testis and ovary and overexpressed in a wide variety of cancers.  The CTAG1B gene is found in a duplicated region of the X-chromosome and therefore has a neighboring gene of identical sequence.  CTAG1B is expressed from 18 weeks until birth in human fetal testis. In the adult testis, is strongly expressed in spermatogonia and in primary spermatocytes, but not in post-meiotic cells or in testicular somatic cells (at protein level).",,CTAG1B,http://edrn.jpl.nasa.gov/bmdb/biomarkers/view/469,
BM00287,CTAG2 AAb,proteomic,Breast,2,"CTAG2 autoantibodies.  From NCBI Gene entry for CTAG2: This gene encodes an autoimmunogenic tumor antigen that belongs to the ESO/LAGE family of cancer-testis antigens. This protein is expressed in a wide array of cancers including melanoma, breast cancer, bladder cancer and prostate cancer. This protein is also expressed in normal testis tissue. An alternative open reading frame product of this gene has been described in PMID:10399963. This alternate protein, termed CAMEL, is a tumor antigen that is recognized by melanoma-specific cytotoxic T-lymphocytes. Alternate splicing results in multiple transcript variants. [provided by RefSeq, Sep 2013]",,CTAG2,http://edrn.jpl.nasa.gov/bmdb/biomarkers/view/1321,O75638
BM00288,CTBP1,proteomic,Breast,1,"From NCBI Gene: This gene encodes a protein that binds to the C-terminus of adenovirus E1A proteins. This phosphoprotein is a transcriptional repressor and may play a role during cellular proliferation. This protein and the product of a second closely related gene, CTBP2, can dimerize. Both proteins can also interact with a polycomb group protein complex which participates in regulation of gene expression during development. Alternative splicing of transcripts from this gene results in multiple transcript variants. [provided by RefSeq, Jul 2008]",,CTBP1,http://edrn.jpl.nasa.gov/bmdb/biomarkers/view/519,Q13363
BM00289,CTCFL,proteomic,Ovary,2,"CTCFL, a testis-specific DNA binding protein containing 11 C2H2-type zinc fingers, belongs to the CTCF zinc-finger protein family. CTCFL is  responsible for insulator function, nuclear architecture and transcriptional control, which probably acts by recruiting epigenetic chromatin modifiers. It is specifically expressed in primary spermatocytes. CTCFL plays a key role in gene imprinting in male germline, by participating in the establishment of differential methylation at the IGF2/H19 imprinted control region (ICR). It directly binds the unmethylated H19 ICR and recruits the PRMT7 methyltransferase, leading to methylate histone H4 'Arg-3' to form H4R3sme2. CTCFL seems to act as tumor suppressor. CTCFL is required for dimethylation of H3 lysine 4 (H3K4me2) of MYC and BRCA1 promoters.",,CTCFL,http://edrn.jpl.nasa.gov/bmdb/biomarkers/view/182,Q8NI51
BM00290,CTIF,genomic,Prostate,1,"From NCBI Gene: CTIF is a component of the CBP80 (NCBP1; MIM 600469)/CBP20 (NCBP2; MIM 605133) translation initiation complex that binds cotranscriptionally to the cap end of nascent mRNA. The CBP80/CBP20 complex is involved in a simultaneous editing and translation step that recognizes premature termination codons (PTCs) in mRNAs and directs PTC-containing mRNAs toward nonsense-mediated decay (NMD). On mRNAs without PTCs, the CBP80/CBP20 complex is replaced with cytoplasmic mRNA cap-binding proteins, including EIF4G (MIM 600495), and steady-state translation of the mRNAs resumes in the cytoplasm (Kim et al., 2009 [PubMed 19648179]).[supplied by OMIM, Dec 2009]",,CTIF,http://edrn.jpl.nasa.gov/bmdb/biomarkers/view/708,O43310
BM00291,CTNNB1,proteomic,"Breast, Ovary, Pancreas",2,"From NCBI Gene: The protein encoded by this gene is part of a complex of proteins that constitute adherens junctions (AJs). AJs are necessary for the creation and maintenance of epithelial cell layers by regulating cell growth and adhesion between cells. The encoded protein also anchors the actin cytoskeleton and may be responsible for transmitting the contact inhibition signal that causes cells to stop dividing once the epithelial sheet is complete. Finally, this protein binds to the product of the APC gene, which is mutated in adenomatous polyposis of the colon. Mutations in this gene are a cause of colorectal cancer (CRC), pilomatrixoma (PTR), medulloblastoma (MDB), and ovarian cancer. Alternative splicing results in multiple transcript variants. [provided by RefSeq, Aug 2016]",,CTNNB1,http://edrn.jpl.nasa.gov/bmdb/biomarkers/view/1110,P35222
BM00292,CTSC,proteomic,Lung,1,"From NCBI Gene: This gene encodes a member of the peptidase C1 family and lysosomal cysteine proteinase that appears to be a central coordinator for activation of many serine proteinases in cells of the immune system. Alternative splicing results in multiple transcript variants, at least one of which encodes a preproprotein that is proteolytically processed to generate heavy and light chains that form a disulfide-linked dimer. A portion of the propeptide acts as an intramolecular chaperone for the folding and stabilization of the mature enzyme. This enzyme requires chloride ions for activity and can degrade glucagon. Defects in the encoded protein have been shown to be a cause of Papillon-Lefevre syndrome, an autosomal recessive disorder characterized by palmoplantar keratosis and periodontitis. [provided by RefSeq, Nov 2015]",,CTSC,http://edrn.jpl.nasa.gov/bmdb/biomarkers/view/1458,P53634
BM00293,CTSD,proteomic,"Colon, Pancreas",3,"From NCBI Gene: This gene encodes a member of the A1 family of peptidases. The encoded preproprotein is proteolytically processed to generate multiple protein products. These products include the cathepsin D light and heavy chains, which heterodimerize to form the mature enzyme. This enzyme exhibits pepsin-like activity and plays a role in protein turnover and in the proteolytic activation of hormones and growth factors. Mutations in this gene play a causal role in neuronal ceroid lipofuscinosis-10 and may be involved in the pathogenesis of several other diseases, including breast cancer and possibly Alzheimer's disease. [provided by RefSeq, Nov 2015]",,CTSD,http://edrn.jpl.nasa.gov/bmdb/biomarkers/view/1201,P07339
BM00294,CTSE,proteomic,Pancreas,2,"From NCBI Gene: This gene encodes a member of the A1 family of peptidases. Alternative splicing of this gene results in multiple transcript variants. At least one of these variants encodes a preproprotein that is proteolytically processed to generate the mature enzyme. This enzyme, an aspartic endopeptidase, may be involved in antigen processing and the maturation of secretory proteins. Elevated expression of this gene has been observed in neurodegeneration. [provided by RefSeq, Nov 2015]",,CTSE,http://edrn.jpl.nasa.gov/bmdb/biomarkers/view/1114,P14091
BM00295,CUZD16,proteomic,Pancreas,2,Biomarker for pancreatic ductal adenocarcinoma (PDAC).',,CUZD16,http://edrn.jpl.nasa.gov/bmdb/biomarkers/view/1310,
BM00296,CXADR,genomic,Prostate,1,"From NCBI Gene: The protein encoded by this gene is a type I membrane receptor for group B coxsackieviruses and subgroup C adenoviruses. Several transcript variants encoding different isoforms have been found for this gene. Pseudogenes of this gene are found on chromosomes 15, 18, and 21. [provided by RefSeq, May 2011]",,CXADR,http://edrn.jpl.nasa.gov/bmdb/biomarkers/view/621,P78310
BM00297,CXCL1,genomic,Prostate,1,"From NCBI Gene: This antimicrobial gene encodes a member of the CXC subfamily of chemokines. The encoded protein is a secreted growth factor that signals through the G-protein coupled receptor, CXC receptor 2. This protein plays a role in inflammation and as a chemoattractant for neutrophils. Aberrant expression of this protein is associated with the growth and progression of certain tumors. A naturally occurring processed form of this protein has increased chemotactic activity. Alternate splicing results in coding and non-coding variants of this gene. A pseudogene of this gene is found on chromosome 4. [provided by RefSeq, Sep 2014]",,CXCL1,http://edrn.jpl.nasa.gov/bmdb/biomarkers/view/622,P09341
BM00298,CXCL10,proteomic,Breast,3,"From NCBI Gene: This antimicrobial gene encodes a chemokine of the CXC subfamily and ligand for the receptor CXCR3. Binding of this protein to CXCR3 results in pleiotropic effects, including stimulation of monocytes, natural killer and T-cell migration, and modulation of adhesion molecule expression. [provided by RefSeq, Sep 2014]",,CXCL10,http://edrn.jpl.nasa.gov/bmdb/biomarkers/view/1032,P02778
BM00299,CXCL13,proteomic,Lung,2,"From NCBI Gene: B lymphocyte chemoattractant, independently cloned and named Angie, is an antimicrobial peptide and CXC chemokine strongly expressed in the follicles of the spleen, lymph nodes, and Peyer's patches. It preferentially promotes the migration of B lymphocytes (compared to T cells and macrophages), apparently by stimulating calcium influx into, and chemotaxis of, cells expressing Burkitt's lymphoma receptor 1 (BLR-1). It may therefore function in the homing of B lymphocytes to follicles. [provided by RefSeq, Oct 2014]",,CXCL13,http://edrn.jpl.nasa.gov/bmdb/biomarkers/view/973,O43927
BM00300,CXCL2,genomic,Prostate,1,"From NCBI Gene: This antimicrobial gene is part of a chemokine superfamily that encodes secreted proteins involved in immunoregulatory and inflammatory processes. The superfamily is divided into four subfamilies based on the arrangement of the N-terminal cysteine residues of the mature peptide. This chemokine, a member of the CXC subfamily, is expressed at sites of inflammation and may suppress hematopoietic progenitor cell proliferation. [provided by RefSeq, Sep 2014]",,CXCL2,http://edrn.jpl.nasa.gov/bmdb/biomarkers/view/623,P19875
BM00301,CXCL5,genomic,Prostate,1,"From NCBI Gene: This gene encodes a protein that is a member of the CXC subfamily of chemokines. Chemokines, which recruit and activate leukocytes, are classified by function (inflammatory or homeostatic) or by structure. This protein is proposed to bind the G-protein coupled receptor chemokine (C-X-C motif) receptor 2 to recruit neutrophils, to promote angiogenesis and to remodel connective tissues. This protein is thought to play a role in cancer cell proliferation, migration, and invasion. [provided by RefSeq, May 2013]",,CXCL5,http://edrn.jpl.nasa.gov/bmdb/biomarkers/view/624,P42830
BM00302,CXCL8,proteomic,"Bladder, Breast, Lung, Ovary, Prostate",3,"From NCBI Gene: The protein encoded by this gene is a member of the CXC chemokine family and is a major mediator of the inflammatory response. The encoded protein is commonly referred to as interleukin-8 (IL-8). IL-8 is secreted by mononuclear macrophages, neutrophils, eosinophils, T lymphocytes, epithelial cells, and fibroblasts. It functions as a chemotactic factor by guiding the neutrophils to the site of infection. Bacterial and viral products rapidly induce IL-8 expression. IL-8 also participates with other cytokines in the proinflammatory signaling cascade and plays a role in systemic inflammatory response syndrome (SIRS). This gene is believed to play a role in the pathogenesis of the lower respiratory tract infection bronchiolitis, a common respiratory tract disease caused by the respiratory syncytial virus (RSV). The overproduction of this proinflammatory protein is thought to cause the lung inflammation associated with csytic fibrosis. This proinflammatory protein is also suspected of playing a role in coronary artery disease and endothelial dysfunction. This protein is also secreted by tumor cells and promotes tumor migration, invasion, angiogenesis and metastasis. This chemokine is also a potent angiogenic factor. The binding of IL-8 to one of its receptors (IL-8RB/CXCR2) increases the permeability of blood vessels and increasing levels of IL-8 are positively correlated with increased severity of multiple disease outcomes (eg, sepsis). This gene and other members of the CXC chemokine gene family form a gene cluster in a region of chromosome 4q. [provided by RefSeq, May 2020]",,CXCL8,http://edrn.jpl.nasa.gov/bmdb/biomarkers/view/239,P10145
BM00303,CYFRA 21-1,proteomic,Lung,1,"CYFRA 21-1 is a test measuring a cytokeratin-19 fragment that is soluble in human serum and may be a useful circulating tumor marker. 
The test was developed as sandwich ELISA based on two monoclonal antibodies, both reacting with keratin 19. The epitopes recognised by the antibodies are located on the rod region of the molecule.",,CYFRA-21-1,http://edrn.jpl.nasa.gov/bmdb/biomarkers/view/422,
BM00304,CYFRA 21.1 (by CBSI from serum),proteomic,Lung,3,CYFRA 21.1 (by CBSI from serum) biomarker for the early detection of lung cancer in the setting of indeterminate pulmonary nodules.,,,http://edrn.jpl.nasa.gov/bmdb/biomarkers/view/1292,
BM00305,CYGB,genomic,Lung,3,"Cytoglobin is a ubiquitously expressed hexacoordinate hemoglobin that may facilitate diffusion of oxygen through tissues, scavenge nitric oxide or other reactive oxygen species, or serve a protective function during oxidative stress.",,CYGB,http://edrn.jpl.nasa.gov/bmdb/biomarkers/view/110,Q8WWM9
BM00306,CYP1B1,genomic,Prostate,1,"From NCBI Gene: This gene encodes a member of the cytochrome P450 superfamily of enzymes. The cytochrome P450 proteins are monooxygenases which catalyze many reactions involved in drug metabolism and synthesis of cholesterol, steroids and other lipids. The enzyme encoded by this gene localizes to the endoplasmic reticulum and metabolizes procarcinogens such as polycyclic aromatic hydrocarbons and 17beta-estradiol. Mutations in this gene have been associated with primary congenital glaucoma; therefore it is thought that the enzyme also metabolizes a signaling molecule involved in eye development, possibly a steroid. [provided by RefSeq, Jul 2008]",,CYP1B1,http://edrn.jpl.nasa.gov/bmdb/biomarkers/view/625,Q16678
BM00307,CYP24A1,genomic,Lung,2,"The CYP24A1 protein is a member of the cytochrome P450 superfamily of enzymes. The cytochrome P450 proteins are monooxygenases which catalyze many reactions involved in drug metabolism and synthesis of cholesterol, steroids and other lipids.  CYP24A1 is involved in maintaining calcium homeostasis and catalyzes the NADPH-dependent 24-hydroxylation of calcidiol (25-hydroxyvitamin D3) and calcitriol (1-alpha,25-dihydroxyvitamin D3).  Several different isoforms exist, encoded by alternatively spliced transcript variants.",,CYP24A1,http://edrn.jpl.nasa.gov/bmdb/biomarkers/view/423,Q07973
BM00308,CYP3A4,proteomic,Breast,2,"From NCBI Gene: This gene encodes a member of the cytochrome P450 superfamily of enzymes. The cytochrome P450 proteins are monooxygenases that catalyze many reactions involved in drug metabolism and synthesis of cholesterol, steroids and other lipids. This protein localizes to the endoplasmic reticulum and its expression is induced by glucocorticoids and some pharmacological agents. This enzyme is involved in the metabolism of approximately half the drugs in use today, including acetaminophen, codeine, cyclosporin A, diazepam, erythromycin, and chloroquine. The enzyme also metabolizes some steroids and carcinogens. This gene is part of a cluster of cytochrome P450 genes on chromosome 7q21.1. Previously another CYP3A gene, CYP3A3, was thought to exist; however, it is now thought that this sequence represents a transcript variant of CYP3A4. Alternatively spliced transcript variants encoding different isoforms have been identified. [provided by RefSeq, Aug 2020]",,CYP3A4,http://edrn.jpl.nasa.gov/bmdb/biomarkers/view/1322,P08684
BM00309,Cytochrome C,proteomic,Lung,1,"CYCS, or cytochrome C, is an electron carrier protein that is an important part of the electron transport chain in mitochondria. The cytochrome C protein is a small heme protein that associates with the inner membrane of the mitochondrion where it accepts electrons from cytochrome b and transfers them to the cytochrome oxidase complex.  Cytochrome C also plays a role in apoptosis.",,CYCS,http://edrn.jpl.nasa.gov/bmdb/biomarkers/view/424,P99999
BM00310,D16S310,genomic,Bladder,2,"Microsatellites are tandem repeat DNA sequences that are common, highly polymorphic genetic elements within the eukaryotic genome. Alterations, either expansion or deletions, of microsatellites were used as clonal markers for the detection of human cancer, including bladder cancer.   (Taken from EDRN protocol description)",,D16S310,http://edrn.jpl.nasa.gov/bmdb/biomarkers/view/1253,
BM00311,D16S476,genomic,Bladder,2,"Microsatellites are tandem repeat DNA sequences that are common, highly polymorphic genetic elements within the eukaryotic genome. Alterations, either expansion or deletions, of microsatellites were used as clonal markers for the detection of human cancer, including bladder cancer.   (Taken from EDRN protocol description)",,D16S476,http://edrn.jpl.nasa.gov/bmdb/biomarkers/view/1249,
BM00312,D17S654,genomic,Bladder,2,"Microsatellites are tandem repeat DNA sequences that are common, highly polymorphic genetic elements within the eukaryotic genome. Alterations, either expansion or deletions, of microsatellites were used as clonal markers for the detection of human cancer, including bladder cancer.   (Taken from EDRN protocol description)",,D17S654,http://edrn.jpl.nasa.gov/bmdb/biomarkers/view/1252,
BM00313,D17S695,genomic,Bladder,2,"Microsatellites are tandem repeat DNA sequences that are common, highly polymorphic genetic elements within the eukaryotic genome. Alterations, either expansion or deletions, of microsatellites were used as clonal markers for the detection of human cancer, including bladder cancer.   (Taken from EDRN protocol description)",,D17S695,http://edrn.jpl.nasa.gov/bmdb/biomarkers/view/1248,
BM00314,D20S48,genomic,Bladder,2,"Microsatellites are tandem repeat DNA sequences that are common, highly polymorphic genetic elements within the eukaryotic genome. Alterations, either expansion or deletions, of microsatellites were used as clonal markers for the detection of human cancer, including bladder cancer.   (Taken from EDRN protocol description)",,D20S48,http://edrn.jpl.nasa.gov/bmdb/biomarkers/view/1251,
BM00315,D21S1245,genomic,Bladder,2,"Microsatellites are tandem repeat DNA sequences that are common, highly polymorphic genetic elements within the eukaryotic genome. Alterations, either expansion or deletions, of microsatellites were used as clonal markers for the detection of human cancer, including bladder cancer.   (Taken from EDRN protocol description)",,D21S1245,http://edrn.jpl.nasa.gov/bmdb/biomarkers/view/1247,
BM00316,D4S243,genomic,Bladder,2,"Microsatellites are tandem repeat DNA sequences that are common, highly polymorphic genetic elements within the eukaryotic genome. Alterations, either expansion or deletions, of microsatellites were used as clonal markers for the detection of human cancer, including bladder cancer.   (Taken from EDRN protocol description)",,D4S243,http://edrn.jpl.nasa.gov/bmdb/biomarkers/view/1246,
BM00317,D9S171,genomic,Bladder,2,"Microsatellites are tandem repeat DNA sequences that are common, highly polymorphic genetic elements within the eukaryotic genome. Alterations, either expansion or deletions, of microsatellites were used as clonal markers for the detection of human cancer, including bladder cancer.   (Taken from EDRN protocol description)",,D9S171,http://edrn.jpl.nasa.gov/bmdb/biomarkers/view/1250,
BM00318,D9S747,genomic,Bladder,2,"Microsatellites are tandem repeat DNA sequences that are common, highly polymorphic genetic elements within the eukaryotic genome. Alterations, either expansion or deletions, of microsatellites were used as clonal markers for the detection of human cancer, including bladder cancer.   (Taken from EDRN protocol description)",,D9S747,http://edrn.jpl.nasa.gov/bmdb/biomarkers/view/1255,
BM00319,D9SS162,genomic,Bladder,2,"Microsatellites are tandem repeat DNA sequences that are common, highly polymorphic genetic elements within the eukaryotic genome. Alterations, either expansion or deletions, of microsatellites were used as clonal markers for the detection of human cancer, including bladder cancer.   (Taken from EDRN protocol description)",,D9SS162,http://edrn.jpl.nasa.gov/bmdb/biomarkers/view/1254,
BM00320,DAAM2,genomic,Prostate,1,"From NCBI Gene: Predicted to enable actin binding activity and small GTPase binding activity. Predicted to be involved in nervous system development and regulation of Wnt signaling pathway. Predicted to act upstream of or within determination of left/right symmetry. Located in extracellular exosome. [provided by Alliance of Genome Resources, Nov 2021]",,DAAM2,http://edrn.jpl.nasa.gov/bmdb/biomarkers/view/626,Q86T65
BM00321,DAG1,proteomic,"Breast, Ovary",2,"The dystroglycan complex is involved in a number of processes including laminin and basement membrane assembly, sacrolemmal stability, cell survival, peripheral nerve myelination, nodal structure, cell migration, and epithelial polarization. DAG1 is the laminin binding component of the dystrophin-glycoprotein complex which provides a linkage between the subsarcolemmal cytoskeleton and the extracellular matrix. The DAG1 gene is a candidate gene for the site of the mutation in autosomal recessive muscular dystrophies. The dramatic reduction of dystroglycan 1 in Duchenne muscular dystrophy leads to a loss of linkage between the sarcolemma and extracellular matrix, rendering muscle fibers more susceptible to necrosis. Dystroglycan also functions as dual receptor for agrin and laminin-2 in the Schwann cell membrane. The muscle and nonmuscle isoforms of dystroglycan differ by carbohydrate moieties but not protein sequence. Alternative splicing results in multiple transcript variants all encoding the same protein. DAG1 is expressed in a variety of fetal and adult tissues.",,DAG1,http://edrn.jpl.nasa.gov/bmdb/biomarkers/view/124,Q14118
BM00322,DAP,genomic,Lung,2,"DAP, or death-associated protein, is a basic, proline-rich, 15-kD protein. It acts as a positive mediator of programmed cell death that is induced by interferon-gamma.",,DAP,http://edrn.jpl.nasa.gov/bmdb/biomarkers/view/425,P51397
BM00323,DAPK1,genomic,Lung,3,Death-associated protein kinase 1 is a positive mediator of gamma-interferon induced programmed cell death. DAPK1 encodes a structurally unique 160-kD calmodulin dependent serine-threonine kinase that carries 8 ankyrin repeats and 2 putative P-loop consensus sites. It is a tumor suppressor candidate.,,DAPK1,http://edrn.jpl.nasa.gov/bmdb/biomarkers/view/112,P53355
BM00324,DAPL1,proteomic,Ovary,2,DAPL1 is expressed in hair folicles and may play a role in the early stages of epithelial differentiation or in apoptosis.,,DAPL1,http://edrn.jpl.nasa.gov/bmdb/biomarkers/view/179,A0PJW8
BM00325,Das-1,proteomic,Pancreas,2,,,DAS-1,http://edrn.jpl.nasa.gov/bmdb/biomarkers/view/1438,
BM00326,DBN1,genomic,Prostate,1,"From NCBI Gene: The protein encoded by this gene is a cytoplasmic actin-binding protein thought to play a role in the process of neuronal growth. It is a member of the drebrin family of proteins that are developmentally regulated in the brain. A decrease in the amount of this protein in the brain has been implicated as a possible contributing factor in the pathogenesis of memory disturbance in Alzheimer's disease. At least two alternative splice variants encoding different protein isoforms have been described for this gene. [provided by RefSeq, Jul 2008]",,DBN1,http://edrn.jpl.nasa.gov/bmdb/biomarkers/view/627,Q16643
BM00327,DBT,proteomic,Breast,1,"From NCBI Gene: The branched-chain alpha-keto acid dehydrogenase complex (BCKD) is an inner-mitochondrial enzyme complex involved in the breakdown of the branched-chain amino acids isoleucine, leucine, and valine. The BCKD complex is thought to be composed of a core of 24 transacylase (E2) subunits, and associated decarboxylase (E1), dehydrogenase (E3), and regulatory subunits. This gene encodes the transacylase (E2) subunit. Mutations in this gene result in maple syrup urine disease, type 2. Alternatively spliced transcript variants have been described, but their biological validity has not been determined. [provided by RefSeq, Jul 2008]",,DBT,http://edrn.jpl.nasa.gov/bmdb/biomarkers/view/513,P11182
BM00328,DCC,proteomic,"Head and Neck, Lung",1,"DCC is a receptor for netrin 1, which is required for axon guidance.  DCC is a transmembrane protein and a member of the immunoglobulin superfamily of cell adhesion molecules.  It mediates axon attraction of neuronal growth cones in the developing nervous system upon ligand binding. The cytoplasmic tail of DCC interacts with the tyrosine kinases Src and focal adhesion kinase (FAK, also known as PTK2) to mediate axon attraction. The protein partially localizes to lipid rafts, and induces apoptosis in the absence of
ligand. The protein functions as a tumor suppressor, and is frequently mutated or downregulated in colorectal cancer and esophageal carcinoma.",,DCC,http://edrn.jpl.nasa.gov/bmdb/biomarkers/view/426,P43146
BM00329,DCD,proteomic,Breast,1,"From NCBI Gene: This antimicrobial gene encodes a secreted protein that is subsequently processed into mature peptides of distinct biological activities. The C-terminal peptide is constitutively expressed in sweat and has antibacterial and antifungal activities. The N-terminal peptide, also known as diffusible survival evasion peptide, promotes neural cell survival under conditions of severe oxidative stress. A glycosylated form of the N-terminal peptide may be associated with cachexia (muscle wasting) in cancer patients. Alternative splicing results in multiple transcript variants encoding different isoforms. [provided by RefSeq, Oct 2014]",,DCD,http://edrn.jpl.nasa.gov/bmdb/biomarkers/view/1497,P81605
BM00330,DCP,proteomic,Liver,3,"Des-gamma-carboxy prothrombin (DCP) is a non-functional precursor of prothrombin.  Prothrombin, produced by the liver, serves a critical role in normal hemostasis. Functional prothrombin contains several gamma-carboxy-glutamic acid (Gla) residues that are produced as the result of post-translational modification of glutamic acid residues mediated by vitamin K dependent gamma-glutamyl carboxylase. The formation of Gla residues can be impaired in patients with vitamin K deficiency or in patients receiving oral anticoagulant therapy. DCP lacks thrombotic activity and has been shown in multiple studies to be present in the serum of patients with HCC. DCP arises from an acquired defect in the post-translational carboxylation of the pro-thrombin precursor in malignant hepatocytes.",,DCP,http://edrn.jpl.nasa.gov/bmdb/biomarkers/view/19,P12821
BM00331,DCP and AFP-L3 risk biomarkers for HCC,proteomic,Liver,3,DCP and AFP-L3 panel for the detection of hepatocellular carcinoma (HCC).  DCP (des-gamma carboxy-prothrombin) and AFP-L3 (lectin-bound alpha-fetoprotein) as a panel for detection of HCC.,,,http://edrn.jpl.nasa.gov/bmdb/biomarkers/view/1124,
BM00332,"DCP and AFP-L3, and GALAD score - risk biomarkers for HCC (Panel)",proteomic,Liver,3,,,,http://edrn.jpl.nasa.gov/bmdb/biomarkers/view/1420,
BM00333,DCP1B,proteomic,Breast,2,"From NCBI Gene: This gene encodes a member of a family of proteins that function in removing the 5' cap from mRNAs, which is a step in regulated mRNA decay. This protein localizes to cytoplasmic foci which are the site of mRNA breakdown and turnover. Alternative splicing results in multiple transcript variants. [provided by RefSeq, Feb 2016]",,DCP1B,http://edrn.jpl.nasa.gov/bmdb/biomarkers/view/1323,Q8IZD4
BM00334,DCTPP1,proteomic,Breast,1,"From NCBI Gene: The protein encoded by this gene is dCTP pyrophosphatase, which converts dCTP to dCMP and inorganic pyrophosphate. The encoded protein also displays weak activity against dTTP and dATP, but none against dGTP. This protein may be responsible for eliminating excess dCTP after DNA synthesis and may prevent overmethylation of CpG islands. Three transcript variants, one protein-coding and the other two non-protein coding, have been found for this gene. [provided by RefSeq, Dec 2015]",,DCTPP1,http://edrn.jpl.nasa.gov/bmdb/biomarkers/view/1498,Q9H773
BM00335,DECR2,genomic,Pancreas,2,DECR2 is a protein coding gene that is a part of the Short chain dehydrogenase/reductase superfamily,,DECR2,http://edrn.jpl.nasa.gov/bmdb/biomarkers/view/1204,Q9NUI1
BM00336,DEFB1,proteomic,Ovary,2,DEFB1 is a member of the defensin family of microbicidal and cytotoxic peptides made by neutrophils. DEFB1 is an antimicrobial peptide implicated in the resistance of epithelial surfaces to microbial colonization.  DEFB1 is thought to be involved in the pathogenesis of cystic fibrosis.,,DEFB1,http://edrn.jpl.nasa.gov/bmdb/biomarkers/view/364,P60022
BM00337,DENND2B,genomic,Prostate,1,"From NCBI Gene: This gene was identified by its ability to suppress the tumorigenicity of Hela cells in nude mice. The protein encoded by this gene contains a C-terminal region that shares similarity with the Rab 3 family of small GTP binding proteins. This protein preferentially binds to the SH3 domain of c-Abl kinase, and acts as a regulator of MAPK1/ERK2 kinase, which may contribute to its ability to reduce the tumorigenic phenotype in cells. Three alternatively spliced transcript variants of this gene encoding distinct isoforms are identified. [provided by RefSeq, Jul 2008]",,DENND2B,http://edrn.jpl.nasa.gov/bmdb/biomarkers/view/835,P78524
BM00338,Des-ubiquitin,proteomic,Lung,1,Des-ubiquitin is formed when a cysteine protease cleaves two carboxy-terminal glycine residues from ubiquitin.,,DES-UBIQUITIN,http://edrn.jpl.nasa.gov/bmdb/biomarkers/view/427,
BM00339,DGCR6,proteomic,Breast,2,"DGCR6 is located on chromosome 22q11.21.  Microdeletions in this region are associated with DiGeorge syndrome, and more widely, the CATCH 22 syndrome.  DGCR6, also known as DiGeorge syndrome critical region 6, is thought to be involved in DiGeorge syndrome pathology and in schizophrenia.  Another function attributed to this gene is a role in neural crest cell migration into the third and fourth pharyngeal pouches. The DGCR6 protein shares homology with the Drosophila melanogaster gonadal protein, which participates in gonadal and germ cell development, and with the gamma-1 subunit of human laminin.",,DGCR6,http://edrn.jpl.nasa.gov/bmdb/biomarkers/view/907,Q14129
BM00340,DGLUCY,genomic,Prostate,1,"From NCBI Gene: Predicted to enable D-glutamate cyclase activity. Predicted to be involved in glutamate metabolic process. Predicted to be located in mitochondrial matrix. [provided by Alliance of Genome Resources, Nov 2021]
				From Uniprot: Previously known as C14orf159, the protein product of this gene has been shown by similarity to be a D-glutamate cyclase that converts D-glutamate to 5-oxo-D-proline.",,DGLUCY,http://edrn.jpl.nasa.gov/bmdb/biomarkers/view/582,Q7Z3D6
BM00341,DISP3,proteomic,Pancreas,2,"From NCBI Gene: Involved in negative regulation of neuron differentiation; positive regulation of lipid metabolic process; and positive regulation of neural precursor cell proliferation. Located in cytoplasm. [provided by Alliance of Genome Resources, Apr 2022]",,DISP3,http://edrn.jpl.nasa.gov/bmdb/biomarkers/view/1117,Q9P2K9
BM00342,DKK1,proteomic,Liver,2,"From NCBI Gene: This gene encodes a member of the dickkopf family of proteins. Members of this family are secreted proteins characterized by two cysteine-rich domains that mediate protein-protein interactions. The encoded protein binds to the LRP6 co-receptor and inhibits beta-catenin-dependent Wnt signaling. This gene plays a role in embryonic development and may be important in bone formation in adults. Elevated expression of this gene has been observed in numerous human cancers and this protein may promote proliferation, invasion and growth in cancer cell lines. [provided by RefSeq, Sep 2017]",,DKK1,http://edrn.jpl.nasa.gov/bmdb/biomarkers/view/1236,O94907
BM00343,DKK3,proteomic,Ovary,2,"DKK3, a member of the dickkopf family, is a secreted protein containing two cysteine rich regions and involved in embryonic development through its interactions with the Wnt signaling pathway. The expression of the DKK3 gene is decreased in a variety of cancer cell lines and it may function as a tumor suppressor gene. DKKs play an important role in vertebrate development, where they locally inhibit Wnt regulated processes such as antero-posterior axial patterning, limb development, somitogenesis and eye formation. In the adult, Dkks are implicated in bone formation and bone disease, cancer and Alzheimer disease. Highest expression in heart, brain, and spinal cord.",,DKK3,http://edrn.jpl.nasa.gov/bmdb/biomarkers/view/165,Q9UBP4
BM00344,DLD,proteomic,Breast,1,"From NCBI Gene: This gene encodes a member of the class-I pyridine nucleotide-disulfide oxidoreductase family. The encoded protein has been identified as a moonlighting protein based on its ability to perform mechanistically distinct functions. In homodimeric form, the encoded protein functions as a dehydrogenase and is found in several multi-enzyme complexes that regulate energy metabolism. However, as a monomer, this protein can function as a protease. Mutations in this gene have been identified in patients with E3-deficient maple syrup urine disease and lipoamide dehydrogenase deficiency. Alternative splicing results in multiple transcript variants. [provided by RefSeq, Jan 2014]",,DLD,http://edrn.jpl.nasa.gov/bmdb/biomarkers/view/1499,P09622
BM00345,DLG3,genomic,Prostate,1,"From NCBI Gene: This gene encodes a member of the membrane-associated guanylate kinase protein family. The encoded protein may play a role in clustering of NMDA receptors at excitatory synapses. It may also negatively regulate cell proliferation through interaction with the C-terminal region of the adenomatosis polyposis coli tumor suppressor protein. Mutations in this gene have been associated with X-linked cognitive disability. Alternatively spliced transcript variants have been described. [provided by RefSeq, Oct 2009]",,DLG3,http://edrn.jpl.nasa.gov/bmdb/biomarkers/view/628,Q13368
BM00346,DMPK,genomic,Prostate,1,"From NCBI Gene: The protein encoded by this gene is a serine-threonine kinase that is closely related to other kinases that interact with members of the Rho family of small GTPases. Substrates for this enzyme include myogenin, the beta-subunit of the L-type calcium channels, and phospholemman. The 3' untranslated region of this gene contains 5-38 copies of a CTG trinucleotide repeat. Expansion of this unstable motif to 50-5,000 copies causes myotonic dystrophy type I, which increases in severity with increasing repeat element copy number. Repeat expansion is associated with condensation of local chromatin structure that disrupts the expression of genes in this region. Several alternatively spliced transcript variants of this gene have been described, but the full-length nature of some of these variants has not been determined. [provided by RefSeq, Jul 2016]",,DMPK,http://edrn.jpl.nasa.gov/bmdb/biomarkers/view/629,Q09013
BM00347,DMWD,genomic,Prostate,1,"DMWD is a protein coding gene that is expressed in testis, brain, and 25 other tissues.  It is conserved in chimpanzee, dog, cow, mouse, rat, and zebrafish.  From NCBI Gene: Predicted to be located in dendrite; nucleus; and perikaryon. [provided by Alliance of Genome Resources, Nov 2021]",,DMWD,http://edrn.jpl.nasa.gov/bmdb/biomarkers/view/630,Q09019
BM00348,DMXL1,genomic,Prostate,1,"From NCBI Gene: The protein encoded by this gene is a member of the WD repeat superfamily of proteins, which have regulatory functions. This gene is expressed in many tissue types including several types of eye tissue, and it has been associated with ocular phenotypes. In addition, it is upregulated in cultured cells that overexpress growth factor independence 1B, a transcription factor that is essential for hematopoietic cell development. Alternative splicing results in multiple transcript variants. [provided by RefSeq, Nov 2014]",,DMXL1,http://edrn.jpl.nasa.gov/bmdb/biomarkers/view/631,
BM00349,DNAJB6,genomic,Prostate,1,"From NCBI Gene: This gene encodes a member of the DNAJ protein family. DNAJ family members are characterized by a highly conserved amino acid stretch called the 'J-domain' and function as one of the two major classes of molecular chaperones involved in a wide range of cellular events, such as protein folding and oligomeric protein complex assembly. This family member may also play a role in polyglutamine aggregation in specific neurons. Alternative splicing of this gene results in multiple transcript variants; however, not all variants have been fully described. [provided by RefSeq, Jul 2008]",,DNAJB6,http://edrn.jpl.nasa.gov/bmdb/biomarkers/view/632,O75190
BM00350,DNAJC15,genomic,Prostate,1,From UniProtKB/Swiss-Prot: Negative regulator of the mitochondrial respiratory chain. Prevents mitochondrial hyperpolarization state and restricts mitochondrial generation of ATP (By similarity). Acts as an import component of the TIM23 translocase complex. Stimulates the ATPase activity of HSPA9.,,DNAJC15,http://edrn.jpl.nasa.gov/bmdb/biomarkers/view/633,Q9Y5T4
BM00351,DNAJC3,genomic,Prostate,1,"From NCBI Gene: This gene encodes a protein with multiple tetratricopeptide repeat (TPR) motifs as well as the highly conserved J domain found in DNAJ chaperone family members. It is a member of the tetratricopeptide repeat family of proteins and acts as an inhibitor of the interferon-induced, dsRNA-activated protein kinase (PKR). [provided by RefSeq, Jul 2010]",,DNAJC3,http://edrn.jpl.nasa.gov/bmdb/biomarkers/view/634,Q13217
BM00352,DNAJC7,proteomic,Breast,2,"DNAJC7 is a member of the DNAJ heat shock protein 40 family.  This family is characterized by two N-terminal tetratricopeptide repeat domains and a C-terminal DNAJ domain. DNAJC7 functions as a co-chaperone regulating the molecular chaperones HSP70 and HSP90 in folding of steroid receptors, such as the glucocorticoid receptor and the progesterone receptor.  There are pseudogenes of this gene on chromosomes 1 and 6.  Multiple transcript variants of DNAJC7 exist from alternate splicing.",,DNAJC7,http://edrn.jpl.nasa.gov/bmdb/biomarkers/view/908,Q99615
BM00353,DPP4,genomic,Prostate,1,"From NCBI Gene: The protein encoded by this gene is identical to adenosine deaminase complexing protein-2, and to the T-cell activation antigen CD26. It is an intrinsic membrane glycoprotein and a serine exopeptidase that cleaves X-proline dipeptides from the N-terminus of polypeptides. [provided by RefSeq, Jul 2008]",,DPP4,http://edrn.jpl.nasa.gov/bmdb/biomarkers/view/635,P27487
BM00354,DPYSL3,genomic,Prostate,1,"From NCBI Gene:  Enables filamin binding activity. Predicted to be involved in several processes, including actin filament organization; regulation of plasma membrane bounded cell projection organization; and response to axon injury. Predicted to act upstream of or within nervous system development. Predicted to be located in several cellular components, including cell body; growth cone; and lamellipodium. Predicted to be part of filamentous actin. Predicted to be active in synapse. Predicted to colocalize with exocytic vesicle. [provided by Alliance of Genome Resources, Nov 2021]    From UniProtKB/Swiss-Prot:
Necessary for signaling by class 3 semaphorins and subsequent remodeling of the cytoskeleton. Plays a role in axon guidance, neuronal growth cone collapse and cell migration (By similarity).",,DPYSL3,http://edrn.jpl.nasa.gov/bmdb/biomarkers/view/636,Q14195
BM00355,DSC2,proteomic,"Ovary, Prostate",3,"DSC2, a calcium-dependent glycoprotein, is a member of the desmocollin subfamily of the cadherin superfamily. These desmosomal family members, along with the desmogleins, are found primarily in epithelial cells where they constitute the adhesive proteins of the desmosome cell-cell junction and are required for cell adhesion and desmosome formation. The desmosomal family member genes are arranged in two clusters on chromosome 18, occupying less than 650 kb combined. Mutations in this gene are associated with arrhythmogenic right ventricular dysplasia-11, also known as arrhythmogenic right ventricular cardiomyopathy 11, an autosomal dominant disease characterized by partial degeneration of the myocardium of the right ventricle, electrical instability, and sudden death. Alternative splicing results in two transcript variants encoding distinct isoforms; DSC2 is encoded by Isoform 2A.",,DSC2,http://edrn.jpl.nasa.gov/bmdb/biomarkers/view/125,Q02487
BM00356,DSG1,proteomic,Breast,1,"From NCBI Gene: This gene encodes a member of the desmoglein protein subfamily. Desmogleins, along with desmocollins, are cadherin-like transmembrane glycoproteins that are major components of the desmosome. Desmosomes are cell-cell junctions that help resist shearing forces and are found in high concentrations in cells subject to mechanical stress. This gene is found in a cluster with other desmoglein family members on chromosome 18. The encoded protein has been identified as a target of auto-antibodies in the autoimmune skin blistering disease pemphigus foliaceus. Disruption of this gene has also been associated with the skin diseases palmoplantar keratoderma and erythroderma. [provided by RefSeq, Feb 2015]",,DSG1,http://edrn.jpl.nasa.gov/bmdb/biomarkers/view/1500,Q02413
BM00357,DSG2,proteomic,"Ovary, Prostate",2,"From NCBI Gene: This gene encodes a member of the desmoglein family and cadherin cell adhesion molecule superfamily of proteins. Desmogleins are calcium-binding transmembrane glycoprotein components of desmosomes, cell-cell junctions between epithelial, myocardial, and other cell types. The encoded preproprotein is proteolytically processed to generate the mature glycoprotein. This gene is present in a gene cluster with other desmoglein gene family members on chromosome 18. Mutations in this gene have been associated with arrhythmogenic right ventricular dysplasia, familial, 10. [provided by RefSeq, Jan 2016]",,DSG2,http://edrn.jpl.nasa.gov/bmdb/biomarkers/view/155,Q14126
BM00358,DUSP22,genomic,Prostate,1,"From NCIB Gene:  Enables non-membrane spanning protein tyrosine phosphatase activity and protein tyrosine kinase binding activity. Involved in several processes, including cellular response to epidermal growth factor stimulus; negative regulation of focal adhesion assembly; and negative regulation of non-membrane spanning protein tyrosine kinase activity. Acts upstream of or within negative regulation of transcription by RNA polymerase II. Located in plasma membrane. Part of cytoplasm; filamentous actin; and leading edge of lamellipodium. [provided by Alliance of Genome Resources, Nov 2021]   From UniProtKB/Swiss-Prot: Activates the Jnk signaling pathway. Dephosphorylates and deactivates p38 and stress-activated protein kinase/c-Jun N-terminal kinase (SAPK/JNK) (By similarity).",,DUSP22,http://edrn.jpl.nasa.gov/bmdb/biomarkers/view/637,Q9NRW4
BM00359,DUSP9,proteomic,Breast,2,"DUSP9 is a member of the dual specificity protein phosphatase subfamily. DUSP9 is specific for members of the ERK family of MAP kinases, is expressed only in placenta, kidney, and fetal liver, and is localized to the cytoplasm and nucleus.",,DUSP9,http://edrn.jpl.nasa.gov/bmdb/biomarkers/view/909,Q99956
BM00360,DYSF,genomic,Prostate,1,"From NCBI Gene: The protein encoded by this gene belongs to the ferlin family and is a skeletal muscle protein found associated with the sarcolemma. It is involved in muscle contraction and contains C2 domains that play a role in calcium-mediated membrane fusion events, suggesting that it may be involved in membrane regeneration and repair. In addition, the protein encoded by this gene binds caveolin-3, a skeletal muscle membrane protein which is important in the formation of caveolae. Specific mutations in this gene have been shown to cause autosomal recessive limb girdle muscular dystrophy type 2B (LGMD2B) as well as Miyoshi myopathy. Alternative splicing results in multiple transcript variants. [provided by RefSeq, Aug 2008]",,DYSF,http://edrn.jpl.nasa.gov/bmdb/biomarkers/view/638,O75923
BM00361,E2F1,genomic,Lung,2,"The E2F1 protein belongs to the E2F/DP family of transcription factors.  E2F1 binds DNA cooperatively with dp (differentiation regulated transcription factor proteins)proteins through the E2 recognition site, 5'-TTTC[CG]CGC-3' found in the promoter region of a number of genes whose products are involved in cell cycle regulation or in DNA replication. The E2F family plays a crucial role in the control of cell cycle and action of tumor suppressor proteins and is also a target of the transforming proteins of small DNA tumor viruses.  E2F1 can mediate both cell proliferation and p53-dependent/independent apoptosis.",,E2F1,http://edrn.jpl.nasa.gov/bmdb/biomarkers/view/428,Q01094
BM00362,EAF2,genomic,Prostate,1,From UniProtKB/Swiss-Prot: Acts as a transcriptional transactivator of TCEA1 elongation activity (By similarity). Acts as a transcriptional transactivator of ELL and ELL2 elongation activities. Potent inducer of apoptosis in prostatic and non-prostatic cell lines. Inhibits prostate tumor growth in vivo.,,EAF2,http://edrn.jpl.nasa.gov/bmdb/biomarkers/view/639,Q96CJ1
BM00363,ECM1,proteomic,Ovary,2,"ECM1 is an extracellular protein containing motifs with a cysteine pattern characteristic of the cysteine pattern of the ligand-binding ""double-loop"" domains of the albumin protein family. It is involved in endochondral bone formation as negative regulator of bone mineralization.  EMC1 stimulates the proliferation of endothelial cells and promotes angiogenesis.  It also inhibits MMP9 proteolytic activity.  ECM1 is expressed in breast cancer tissues, however little or no expression observed in normal breast tissues. It is also expressed in skin; wide expression is observed throughout the dermis with minimal expression in the epidermis.",,ECM1,http://edrn.jpl.nasa.gov/bmdb/biomarkers/view/126,Q16610
BM00364,EDNRB,genomic,Head and Neck,1,"From Entrez Gene:
The protein encoded by this gene is a G protein-coupled receptor which activates a phosphatidylinositol-calcium second messenger system. Its ligand, endothelin, consists of a family of three potent vasoactive peptides: ET1, ET2, and ET3. Studies suggest that the multigenic disorder, Hirschsprung disease type 2, is due to mutations in the endothelin receptor type B gene. Alternatively spliced transcript variants encoding different isoforms have been found for this gene. (provided by RefSeq, Jan 2011)",,EDNRB,http://edrn.jpl.nasa.gov/bmdb/biomarkers/view/538,P24530
BM00365,EED,proteomic,Breast,2,"EED is a member of the Polycomb-group (PcG) family. PcG family members form multimeric protein complexes, which are involved in maintaining the transcriptional repressive state of genes over successive cell generations. EED is part of the PRC2/EED-EZH2 complex, which methylates 'Lys-9' and 'Lys-27' of histone H3, leading to transcriptional repression of the affected target gene.  Genes repressed by the PRC2/EED-EZH2 complex include HOXC8, HOXA9, MYT1 and CDKN2A. There are two known isoforms arising from two distinct transcript variants for this gene.",,EED,http://edrn.jpl.nasa.gov/bmdb/biomarkers/view/910,O75530
BM00366,EEF1A1,proteomic,Lung,1,"From NCBI Entrez Gene: This gene encodes an isoform of the alpha subunit of the elongation factor-1 complex, which is responsible for the enzymatic delivery of aminoacyl tRNAs to the ribosome. This isoform (alpha 1) is expressed in brain, placenta, lung, liver, kidney, and pancreas, and the other isoform (alpha 2) is expressed in brain, heart and skeletal muscle. This isoform is identified as an autoantigen in 66% of patients with Felty syndrome. This gene has been found to have multiple copies on many chromosomes, some of which, if not all, represent different pseudogenes. [provided by RefSeq, Jul 2008]",,EEF1A1,http://edrn.jpl.nasa.gov/bmdb/biomarkers/view/1087,P68104
BM00367,EFCAB14,genomic,Prostate,1,"From NCBI Gene: Predicted to enable calcium ion binding activity. Predicted to be integral component of membrane. [provided by Alliance of Genome Resources, Nov 2021]",,EFCAB14,http://edrn.jpl.nasa.gov/bmdb/biomarkers/view/709,O75071
BM00368,EFEMP1,proteomic,"Lung, Ovary, Prostate",3,"From NCBI Gene: This gene encodes a member of the fibulin family of extracellular matrix glycoproteins. Like all members of this family, the encoded protein contains tandemly repeated epidermal growth factor-like repeats followed by a C-terminus fibulin-type domain. This gene is upregulated in malignant gliomas and may play a role in the aggressive nature of these tumors. Mutations in this gene are associated with Doyne honeycomb retinal dystrophy. Alternatively spliced transcript variants that encode the same protein have been described.[provided by RefSeq, Nov 2009]",,EFEMP1,http://edrn.jpl.nasa.gov/bmdb/biomarkers/view/127,Q12805
BM00369,EFNA5,proteomic,Breast,2,"EFNA5 is a cell surface-bound member of the ephrin gene family.  Ephrins are proteins that function as ligands for the ephrin receptors (Eph receptors). Eph receptors are a family of receptor tyrosine kinases which are crucial for migration, repulsion and adhesion during neuronal, vascular and epithelial development. Based on their structures and sequence relationships, ephrins are divided into the ephrin-A (EFNA) class, which are anchored to the membrane by a glycosylphosphatidylinositol linkage, and the ephrin-B (EFNB) class, which are transmembrane proteins.",,EFNA5,http://edrn.jpl.nasa.gov/bmdb/biomarkers/view/911,P52803
BM00370,EFR3A,proteomic,Ovary,2,"From NCBI Gene: The protein encoded by this gene is part of a complex that plays a role in maintaining an active pool of phosphatidylinositol 4-kinase (PI4K) at the plasma membrane. This protein is thought to be a peripheral membrane protein that associates with the plasma membrane through palmitoylation. Studies indicate that this gene product plays a role in controlling G protein-coupled receptor (GPCR) activity by affecting receptor phosphorylation. Whole exome sequencing studies have implicated mutations in this gene with autism spectrum disorders. [provided by RefSeq, Apr 2016]",,EFR3A,http://edrn.jpl.nasa.gov/bmdb/biomarkers/view/382,Q14156
BM00371,EGFL6,proteomic,Ovary,2,"From NCBI Gene: This gene encodes a member of the epidermal growth factor (EGF) repeat superfamily. Members of this superfamily are characterized by the presence of EGF-like repeats and are often involved in the regulation of cell cycle, proliferation, and developmental processes. The gene product contains a signal peptide, suggesting that it is secreted; an EGF repeat region consisting of 4 complete EGF-like repeats and 1 partial EGF-like repeat, 3 of which have a calcium-binding consensus sequence; an arg-gly-asp integrin association motif; and a MAM domain, which is believed to have an adhesive function. This gene is expressed early during development, and its expression has been detected in lung and meningioma tumors. [provided by RefSeq, Jul 2008]",,EGFL6,http://edrn.jpl.nasa.gov/bmdb/biomarkers/view/366,Q8IUX8
BM00372,EGFR,genomic,"Breast, Lung, Ovary, Prostate",3,"From NCBI Gene: The protein encoded by this gene is a transmembrane glycoprotein that is a member of the protein kinase superfamily. This protein is a receptor for members of the epidermal growth factor family. EGFR is a cell surface protein that binds to epidermal growth factor. Binding of the protein to a ligand induces receptor dimerization and tyrosine autophosphorylation and leads to cell proliferation. Mutations in this gene are associated with lung cancer. Multiple alternatively spliced transcript variants that encode different protein isoforms have been found for this gene. [provided by RefSeq, Jul 2010]",,EGFR,http://edrn.jpl.nasa.gov/bmdb/biomarkers/view/78,P00533
BM00373,EHF,genomic,Prostate,1,"From NCBI Gene: This gene encodes a protein that belongs to an ETS transcription factor subfamily characterized by epithelial-specific expression (ESEs). The encoded protein acts as a transcriptional repressor and may be involved in epithelial differentiation and carcinogenesis. Three transcript variants encoding different isoforms have been found for this gene. [provided by RefSeq, Jun 2011]",,EHF,http://edrn.jpl.nasa.gov/bmdb/biomarkers/view/640,Q9NZC4
BM00374,EIF3E,proteomic,Breast,1,"From UniProtKB/Swiss-Prot:  Component of the eukaryotic translation initiation factor 3 (eIF-3) complex, which is required for several steps in the initiation of protein synthesis. The eIF-3 complex associates with the 40S ribosome and facilitates the recruitment of eIF-1, eIF-1A, eIF-2:GTP:methionyl-tRNAi and eIF-5 to form the 43S preinitiation complex (43S PIC). The eIF-3 complex stimulates mRNA recruitment to the 43S PIC and scanning of the mRNA for AUG recognition. The eIF-3 complex is also required for disassembly and recycling of post-termination ribosomal complexes and subsequently prevents premature joining of the 40S and 60S ribosomal subunits prior to initiation. Required for nonsense-mediated mRNA decay (NMD); may act in conjunction with UPF2 to divert mRNAs from translation to the NMD pathway. May interact with MCM7 and EPAS1 and regulate the proteasome-mediated degradation of these proteins.",,EIF3E,http://edrn.jpl.nasa.gov/bmdb/biomarkers/view/522,P60228
BM00375,EIF5A,genomic,Prostate,1,"From UniProtKB/Swiss-Prot: mRNA-binding protein involved in translation elongation. Has an important function at the level of mRNA turnover, probably acting downstream of decapping. Involved in actin dynamics and cell cycle progression, mRNA decay and probably in a pathway involved in stress response and maintenance of cell wall integrity. With syntenin SDCBP, functions as a regulator of p53/TP53 and p53/TP53-dependent apoptosis. Regulates also TNF-alpha-mediated apoptosis. Mediates effects of polyamines on neuronal process extension and survival. May play an important role in brain development and function, and in skeletal muscle stem cell differentiation. Also described as a cellular cofactor of human T-cell leukemia virus type I (HTLV-1) Rex protein and of human immunodeficiency virus type 1 (HIV-1) Rev protein, essential for mRNA export of retroviral transcripts.",,EIF5A,http://edrn.jpl.nasa.gov/bmdb/biomarkers/view/641,P63241
BM00376,ELF2,proteomic,Breast,2,"ELF2 is a nuclear protein that is conserved across several species.  Multiple isoforms have been identified.  Isoform 1 transcriptionally activates the LYN and BLK promoters and acts synergistically with RUNX1 to transactivate the BLK promoter, while isoform 2 is thought to function in repression of RUNX1-mediated transactivation.",,ELF2,http://edrn.jpl.nasa.gov/bmdb/biomarkers/view/912,Q15723
BM00377,ELF5,genomic,Prostate,1,"From NCBI Gene: The protein encoded by this gene is a member of an epithelium-specific subclass of the Ets transcritpion factor family. In addition to its role in regulating the later stages of terminal differentiation of keratinocytes, it appears to regulate a number of epithelium-specific genes found in tissues containing glandular epithelium such as salivary gland and prostate. It has very low affinity to DNA due to its negative regulatory domain at the amino terminus. Several alternatively spliced transcript variants encoding different isoforms have been described for this gene. [provided by RefSeq, Jul 2011]",,ELF5,http://edrn.jpl.nasa.gov/bmdb/biomarkers/view/642,Q9UKW6
BM00378,"ELISA based assay, HepaCheC",proteomic,Liver,2,From www.glycobond.com/product: HepaCheC is an elisa based assay.  An in vitro diagnostic device for aid in diagnosis of primary liver cancer (hepatocellular carcinoma).,,,http://edrn.jpl.nasa.gov/bmdb/biomarkers/view/1421,
BM00379,ELOVL2,genomic,Prostate,1,"From UniProtKB/Swiss-Prot: Catalyzes the first and rate-limiting reaction of the four that constitute the long-chain fatty acids elongation cycle. This endoplasmic reticulum-bound enzymatic process, allows the addition of 2 carbons to the chain of long- and very long-chain fatty acids/VLCFAs per cycle. Acts specifically toward polyunsaturated acyl-CoA with the higher activity toward C20:4(n-6) acyl-CoA. Condensing enzyme that catalyzes the synthesis of polyunsaturated very long chain fatty acid (C20- and C22-PUFA). May participate in the production of polyunsaturated VLCFAs of different chain lengths that are involved in multiple biological processes as precursors of membrane lipids and lipid mediators.",,ELOVL2,http://edrn.jpl.nasa.gov/bmdb/biomarkers/view/643,Q9NXB9
BM00380,EMILIN2,proteomic,Ovary,2,"EMILIN2, a secreted protein, may be responsible for anchoring smooth muscle cells to elastic fibers, and may be involved not only in the formation of the elastic fiber, but also in the processes that regulate vessel assembly. EMILIN2 has cell adhesive capacity. Highest levels of this protein are present in fetal heart and adult lung. Intermediate levels in peripheral leukocytes, placenta, and spinal cord and low expression in fetal brain, spleen, thymus, and lung and in adult heart, aorta, testis, bone marrow, small intestine, thymus, lymph node, and appendix.",,EMILIN2,http://edrn.jpl.nasa.gov/bmdb/biomarkers/view/170,Q9BXX0
BM00381,Endostatin,proteomic,"Breast, Lung",2,"COL18A1, also known as endostatin, is the alpha chain of type XVIII collagen.  COL18A1 is one of the multiplexins, extracellular matrix proteins that contain multiple triple-helix domains (collagenous domains) interrupted by non-collagenous domains. COLA18A probably plays a major role in determining the retinal structure as well as in the closure of the neural tube.  It also inhibits endothelial cell proliferation and angiogenesis, and  may inhibit angiogenesis by binding to the heparan sulfate proteoglycans involved in growth factor signaling.",,COL18A1,http://edrn.jpl.nasa.gov/bmdb/biomarkers/view/429,P39060
BM00382,ENG,proteomic,Breast,2,"ENG, or endoglin, is a cell surface adhesion protein involved the regulation of angiogenesis. ENG is a major glycoprotein of the vascular endothelium and is also a component of the transforming growth factor beta receptor complex. ENG binds to the beta1 and beta3 peptides with high affinity. ENG may also be involved in preeclampsia and several types of cancer. There are several isoforms encoded by transcript variants.",,ENG,http://edrn.jpl.nasa.gov/bmdb/biomarkers/view/913,P17813
BM00383,ENO2,proteomic,"Breast, Lung, Pancreas, Prostate",3,"From NCBI Gene: This gene encodes one of the three enolase isoenzymes found in mammals. This isoenzyme, a homodimer, is found in mature neurons and cells of neuronal origin. A switch from alpha enolase to gamma enolase occurs in neural tissue during development in rats and primates. [provided by RefSeq, Jul 2008]",,ENO2,http://edrn.jpl.nasa.gov/bmdb/biomarkers/view/468,P09104
BM00384,ENOX,proteomic,Breast,2,"From NCBI Gene: The protein encoded by this gene is involved in plasma membrane electron transport pathways. The encoded protein has both a hydroquinone (NADH) oxidase activity and a protein disulfide-thiol interchange activity. The two activities cycle with a periodicity of 24 minutes, with one activity being at its peak when the other is at its lowest. [provided by RefSeq, Dec 2016]",,ENOX1,http://edrn.jpl.nasa.gov/bmdb/biomarkers/view/1186,Q8TC92
BM00385,ENOX2,proteomic,Breast,2,"From NCBI Gene: This gene is a tumor-specific member of the ECTO-NOX family of genes that encode cell surface NADH oxidases. The encoded protein has two enzymatic activities: catalysis of hydroquinone or NADH oxidation, and protein disulfide interchange. The protein also displays prion-like properties. Alternative splicing results in multiple transcript variants. [provided by RefSeq, Aug 2013]",,ENOX2,http://edrn.jpl.nasa.gov/bmdb/biomarkers/view/1185,Q16206
BM00386,ENPP2,proteomic,Breast,1,"From NCBI Gene: The protein encoded by this gene functions as both a phosphodiesterase, which cleaves phosphodiester bonds at the 5' end of oligonucleotides, and a phospholipase, which catalyzes production of lysophosphatidic acid (LPA) in extracellular fluids. LPA evokes growth factor-like responses including stimulation of cell proliferation and chemotaxis. This gene product stimulates the motility of tumor cells and has angiogenic properties, and its expression is upregulated in several kinds of carcinomas. The gene product is secreted and further processed to make the biologically active form. Several alternatively spliced transcript variants encoding different isoforms have been identified. [provided by RefSeq, Aug 2008]",,ENPP2,http://edrn.jpl.nasa.gov/bmdb/biomarkers/view/1501,Q13822
BM00387,ENTPD5,genomic,Prostate,1,"From NCBI Gene: The protein encoded by this gene is similar to E-type nucleotidases (NTPases)/ecto-ATPase/apyrases. NTPases, such as CD39, mediate catabolism of extracellular nucleotides. ENTPD5 contains 4 apyrase-conserved regions which is characteristic of NTPases. [provided by RefSeq, Jan 2009]",,ENTPD5,http://edrn.jpl.nasa.gov/bmdb/biomarkers/view/644,O75356
BM00388,EP300,proteomic,Breast,2,"EP300, or E1A binding protein p300, functions as a histone acetyltransferase and regulates transcription via chromatin remodeling. EP300 is important in the processes of cell proliferation and differentiation, and also functions as acetyltransferase for nonhistone targets. EP300 mediates cAMP-gene regulation by binding specifically to phosphorylated CREB protein. This gene has also been identified as a co-activator of HIF1A (hypoxia-inducible factor 1 alpha), and thus plays a role in the stimulation of hypoxia-induced genes such as VEGF.",,EP300,http://edrn.jpl.nasa.gov/bmdb/biomarkers/view/914,Q09472
BM00389,EPB41L3,proteomic,Ovary,2,"EPB41L3 protein is a critical growth regulator in the pathogenesis of meningiomas.  There are three isoforms of this protein, produced by alternative splicing.",,EPB41L3,http://edrn.jpl.nasa.gov/bmdb/biomarkers/view/367,Q9Y2J2
BM00390,EPCA-2,proteomic,Prostate,2,Early prostate cancer antigen-2 (EPCA-2) is a protein of which blood levels are elevated in prostate cancer.  EPCA-2 is not the name of a gene.,,EPCA-2,http://edrn.jpl.nasa.gov/bmdb/biomarkers/view/1257,
BM00391,EPCAM,proteomic,Ovary,2,"This gene encodes a carcinoma-associated antigen and is a member of a family that includes at least two type I membrane proteins. The EPCAM antigen, a single-pass type 1 membrane protein, is expressed on most normal epithelial cells and gastrointestinal carcinomas and functions as a homotypic calcium-independent cell adhesion molecule. EPCAM may act as a physical homophilic interaction molecule between intestinal epithelial cells (IECs) and intraepithelial lymphocytes (IELs) at the mucosal epithelium for providing immunological barrier as a first line of defense against mucosal infection. It plays a role in embryonic stem cells proliferation and differentiation. EPCAM p-regulates the expression of FABP5, MYC and cyclins A and E. EPCAM is being used as a target for immunotherapy treatment of human carcinomas. Mutations in this gene result in congenital tufting enteropathy.",,EPCAM,http://edrn.jpl.nasa.gov/bmdb/biomarkers/view/144,P16422
BM00392,EPHA10 AAb,proteomic,Breast,2,,,EPHA10-AAB,http://edrn.jpl.nasa.gov/bmdb/biomarkers/view/1324,
BM00393,EPM2A,genomic,Prostate,1,"From NCBI Gene: This gene encodes a dual-specificity phosphatase and may be involved in the regulation of glycogen metabolism. The protein acts on complex carbohydrates to prevent glycogen hyperphosphorylation, thus avoiding the formation of insoluble aggregates. Loss-of-function mutations in this gene have been associated with Lafora disease, a rare, adult-onset recessive neurodegenerative disease, which results in myoclonus epilepsy and usually results in death several years after the onset of symptoms. The disease is characterized by the accumulation of insoluble particles called Lafora bodies, which are derived from glycogen. [provided by RefSeq, Jan 2018]",,EPM2A,http://edrn.jpl.nasa.gov/bmdb/biomarkers/view/645,O95278
BM00394,EPPK1,proteomic,Breast,2,"From NCBI Gene: The protein encoded by this gene belongs to the plakin family of proteins, which play a role in the organization of cytoskeletal architecture. This family member is composed of several highly homologous plakin repeats. It may function to maintain the integrity of keratin intermediate filament networks in epithelial cells. Studies of the orthologous mouse protein suggest that it accelerates keratinocyte migration during wound healing. [provided by RefSeq, Oct 2013]",,EPPK1,http://edrn.jpl.nasa.gov/bmdb/biomarkers/view/1147,
BM00395,EPSTI1,proteomic,Ovary,2,"EPSTI1 is highly expressed in placenta, small intestine, spleen, kidney, thymus, liver, salivary gland and testes. There are three isoforms of this protein, produced by alternative splicing.",,EPSTI1,http://edrn.jpl.nasa.gov/bmdb/biomarkers/view/368,Q96J88
BM00396,ERBB2,proteomic,"Breast, Colon, Lung, Ovary",3,"From NCBI Gene: This gene encodes a member of the epidermal growth factor (EGF) receptor family of receptor tyrosine kinases. This protein has no ligand binding domain of its own and therefore cannot bind growth factors. However, it does bind tightly to other ligand-bound EGF receptor family members to form a heterodimer, stabilizing ligand binding and enhancing kinase-mediated activation of downstream signalling pathways, such as those involving mitogen-activated protein kinase and phosphatidylinositol-3 kinase. Allelic variations at amino acid positions 654 and 655 of isoform a (positions 624 and 625 of isoform b) have been reported, with the most common allele, Ile654/Ile655, shown here. Amplification and/or overexpression of this gene has been reported in numerous cancers, including breast and ovarian tumors. Alternative splicing results in several additional transcript variants, some encoding different isoforms and others that have not been fully characterized. [provided by RefSeq, Jul 2008]",,ERBB2,http://edrn.jpl.nasa.gov/bmdb/biomarkers/view/227,P04626
BM00397,ERBB3,genomic,Prostate,1,"From NCBI Gene: This gene encodes a member of the epidermal growth factor receptor (EGFR) family of receptor tyrosine kinases. This membrane-bound protein has a neuregulin binding domain but not an active kinase domain. It therefore can bind this ligand but not convey the signal into the cell through protein phosphorylation. However, it does form heterodimers with other EGF receptor family members which do have kinase activity. Heterodimerization leads to the activation of pathways which lead to cell proliferation or differentiation. Amplification of this gene and/or overexpression of its protein have been reported in numerous cancers, including prostate, bladder, and breast tumors. Alternate transcriptional splice variants encoding different isoforms have been characterized. One isoform lacks the intermembrane region and is secreted outside the cell. This form acts to modulate the activity of the membrane-bound form. Additional splice variants have also been reported, but they have not been thoroughly characterized. [provided by RefSeq, Jul 2008]",,ERBB3,http://edrn.jpl.nasa.gov/bmdb/biomarkers/view/646,P21860
BM00398,ERCC4,genomic,Lung,2,"ERCC4 is a structure-specific DNA repair endonuclease responsible for the 5-prime incision during DNA repair.  It forms a complex with ERCC1 and is involved in the 5' incision made during nucleotide excision repair.  Mutations in the ERCC4 gene can cause xeroderma pigmentosum complementation group F (XP-F), or xeroderma pigmentosum VI (XP6).",,ERCC4,http://edrn.jpl.nasa.gov/bmdb/biomarkers/view/430,Q92889
BM00399,ERCC5,genomic,Lung,2,"The ERCC5 gene encodes a single-stranded structure-specific DNA endonuclease involved in DNA excision repair following UV-induced damage.  ERCC5 makes the 3'incision in DNA nucleotide excision repair (NER) and acts as a cofactor for a DNA glycosylase that removes oxidized pyrimidines from DNA. The ERCC5 protein may also function in other cellular processes, including RNA polymerase II transcription, and transcription-coupled DNA repair. Mutations in this gene cause xeroderma pigmentosum complementation group G (XP-G), which is also referred to as xeroderma pigmentosum VII (XP7), a skin disorder characterized by hypersensitivity to UV light and increased susceptibility for skin cancer development following UV exposure. Read-through transcription exists between this gene and the neighboring upstream BIVM (basic, immunoglobulin-like variable motif containing) gene.",,ERCC5,http://edrn.jpl.nasa.gov/bmdb/biomarkers/view/431,P28715
BM00400,ERG,genomic,Prostate,1,"The ERG gene codes for the ERG protein, a transcription factor that is a member of the erythroblast transformation-specific (ETS) family of transcriptions factors.  Members of this family are involved in embryonic development, cell proliferation, differentiation, angiogenesis, inflammation, and apoptosis.  ERG is mainly expressed in the nucleus.  ERG is also involved in chromosomal translocations, resulting in different fusion gene products, such as TMPSSR2-ERG and NDRG1-ERG in prostate cancer, EWS-ERG in Ewing's sarcoma and FUS-ERG in acute myeloid leukemia. Different isoforms arising from multiple alternatively spliced transcripts have been identified.",,ERG,http://edrn.jpl.nasa.gov/bmdb/biomarkers/view/544,P11308
BM00401,ESM1,proteomic,Ovary,2,"ESM1, a secreted protein containing multiple polyadenylation and mRNA instability signals, may have potent implications in lung endothelial cell-leukocyte interactions. It is expressed in lung, on the vascular capillary network within alveolar walls, and also at lower level in kidney. The expression of the ESM1 gene is regulated by cytokines, suggesting that it may play a role in endothelium-dependent pathological disorders. Two transcript variants encoding different isoforms have been found for this gene.",,ESM1,http://edrn.jpl.nasa.gov/bmdb/biomarkers/view/191,Q9NQ30
BM00402,Exact Sciences DNA Stool Biomarker Panel: Potential improved Exact Sciences DNA Stool Biomarker Panel,genomic,Colon,2,The Exact Sciences panel consists of a panel of genetic biomarkers from DNA isolated from human stool.,,,http://edrn.jpl.nasa.gov/bmdb/biomarkers/view/1224,
BM00403,EXOC6B,proteomic,Lung,1,"From NCBI Entrez Gene: In yeast and rat, Sec15 is part of a multiprotein complex that is required for targeted exocytosis.[supplied by OMIM, Apr 2004]",,EXOC6B,http://edrn.jpl.nasa.gov/bmdb/biomarkers/view/1081,Q9Y2D4
BM00404,EXOSC2,genomic,Prostate,1,"From UniProtKB/Swiss-Prot: Non-catalytic component of the RNA exosome complex which has 3->5 exoribonuclease activity and participates in a multitude of cellular RNA processing and degradation events. In the nucleus, the RNA exosome complex is involved in proper maturation of stable RNA species such as rRNA, snRNA and snoRNA, in the elimination of RNA processing by-products and non-coding pervasive transcripts, such as antisense RNA species and promoter-upstream transcripts (PROMPTs), and of mRNAs with processing defects, thereby limiting or excluding their export to the cytoplasm. The RNA exosome may be involved in Ig class switch recombination (CSR) and/or Ig variable region somatic hypermutation (SHM) by targeting AICDA deamination activity to transcribed dsDNA substrates. In the cytoplasm, the RNA exosome complex is involved in general mRNA turnover and specifically degrades inherently unstable mRNAs containing AU-rich elements (AREs) within their 3 untranslated regions, and in RNA surveillance pathways, preventing translation of aberrant mRNAs. It seems to be involved in degradation of histone mRNA. The catalytic inactive RNA exosome core complex of 9 subunits (Exo-9) is proposed to play a pivotal role in the binding and presentation of RNA for ribonucleolysis, and to serve as a scaffold for the association with catalytic subunits and accessory proteins or complexes. EXOSC2 as peripheral part of the Exo-9 complex stabilizes the hexameric ring of RNase PH-domain subunits through contacts with EXOSC4 and EXOSC7.",,EXOSC2,http://edrn.jpl.nasa.gov/bmdb/biomarkers/view/647,Q13868
BM00405,EYA4,proteomic,Pancreas,2,"From NCBI Gene: This gene encodes a member of the eyes absent (EYA) family of proteins. The encoded protein may act as a transcriptional activator through its protein phosphatase activity, and it may be important for eye development, and for continued function of the mature organ of Corti. Mutations in this gene are associated with postlingual, progressive, autosomal dominant hearing loss at the deafness, autosomal dominant non-syndromic sensorineural 10 locus. The encoded protein is also a putative oncogene that mediates DNA repair, apoptosis, and innate immunity following DNA damage, cellular damage, and viral attack. Defects in this gene are also associated with dilated cardiomyopathy 1J. Alternative splicing results in multiple transcript variants encoding distinct isoforms. [provided by RefSeq, Jul 2014]",,EYA4,http://edrn.jpl.nasa.gov/bmdb/biomarkers/view/1119,O95677
BM00406,EZH2,proteomic,Breast,2,"From NCBI Gene: This gene encodes a member of the Polycomb-group (PcG) family. PcG family members form multimeric protein complexes, which are involved in maintaining the transcriptional repressive state of genes over successive cell generations. This protein associates with the embryonic ectoderm development protein, the VAV1 oncoprotein, and the X-linked nuclear protein. This protein may play a role in the hematopoietic and central nervous systems. Multiple alternatively splcied transcript variants encoding distinct isoforms have been identified for this gene. [provided by RefSeq, Feb 2011]",,EZH2,http://edrn.jpl.nasa.gov/bmdb/biomarkers/view/1142,Q15910
BM00407,EZR,proteomic,Breast,1,"From NCBI Gene: The cytoplasmic peripheral membrane protein encoded by this gene functions as a protein-tyrosine kinase substrate in microvilli. As a member of the ERM protein family, this protein serves as an intermediate between the plasma membrane and the actin cytoskeleton. This protein plays a key role in cell surface structure adhesion, migration and organization, and it has been implicated in various human cancers. A pseudogene located on chromosome 3 has been identified for this gene. Alternatively spliced variants have also been described for this gene. [provided by RefSeq, Jul 2008]",,EZR,http://edrn.jpl.nasa.gov/bmdb/biomarkers/view/1502,P15311
BM00408,F2,proteomic,Lung,2,"From NCBI Gene: This gene encodes the prothrombin protein (also known as coagulation factor II). This protein is proteolytically cleaved in multiple steps to form the activated serine protease thrombin. The activated thrombin enzyme plays an important role in thrombosis and hemostasis by converting fibrinogen to fibrin during blood clot formation, by stimulating platelet aggregation, and by activating additional coagulation factors. Thrombin also plays a role in cell proliferation, tissue repair, and angiogenesis as well as maintaining vascular integrity during development and postnatal life. Peptides derived from the C-terminus of this protein have antimicrobial activity against E. coli and P. aeruginosa. Mutations in this gene lead to various forms of thrombosis and dysprothrombinemia. Rapid increases in cytokine levels following coronavirus infections can dysregulate the coagulation cascade and produce thrombosis, compromised blood supply, and organ failure. [provided by RefSeq, May 2020]",,F2,http://edrn.jpl.nasa.gov/bmdb/biomarkers/view/1230,P00734
BM00409,F5,proteomic,Breast,1,"From NCBI Gene: This gene encodes an essential cofactor of the blood coagulation cascade. This factor circulates in plasma, and is converted to the active form by the release of the activation peptide by thrombin during coagulation. This generates a heavy chain and a light chain which are held together by calcium ions. The activated protein is a cofactor that participates with activated coagulation factor X to activate prothrombin to thrombin. Defects in this gene result in either an autosomal recessive hemorrhagic diathesis or an autosomal dominant form of thrombophilia, which is known as activated protein C resistance. [provided by RefSeq, Oct 2008]",,F5,http://edrn.jpl.nasa.gov/bmdb/biomarkers/view/1503,P12259
BM00410,F7,proteomic,Breast,2,"From NCBI Gene: This gene encodes coagulation factor VII which is a vitamin K-dependent factor essential for hemostasis. This factor circulates in the blood in a zymogen form, and is converted to an active form by either factor IXa, factor Xa, factor XIIa, or thrombin by minor proteolysis. Upon activation of the factor VII, a heavy chain containing a catalytic domain and a light chain containing 2 EGF-like domains are generated, and two chains are held together by a disulfide bond. In the presence of factor III and calcium ions, the activated factor then further activates the coagulation cascade by converting factor IX to factor IXa and/or factor X to factor Xa. Defects in this gene can cause coagulopathy. Alternative splicing results in multiple transcript variants encoding different isoforms that may undergo similar proteolytic processing to generate mature polypeptides. [provided by RefSeq, Aug 2015]",,F7,http://edrn.jpl.nasa.gov/bmdb/biomarkers/view/1325,P08709
BM00411,FABP2,proteomic,Breast,2,"From NCBI Gene: The protein encoded by this gene is an intracellular fatty acid-binding protein that participates in the uptake, intracellular metabolism, and transport of long-chain fatty acids. The encoded protein is also involved in the modulation of cell growth and proliferation. This protein binds saturated long-chain fatty acids with high affinity, and may act as a lipid sensor to maintain energy homeostasis. [provided by RefSeq, Aug 2017]",,FABP2,http://edrn.jpl.nasa.gov/bmdb/biomarkers/view/1181,P12104
BM00412,FABP5,proteomic,Breast,3,"From NCBI Gene: This gene encodes the fatty acid binding protein found in epidermal cells, and was first identified as being upregulated in psoriasis tissue. Fatty acid binding proteins are a family of small, highly conserved, cytoplasmic proteins that bind long-chain fatty acids and other hydrophobic ligands. FABPs may play roles in fatty acid uptake, transport, and metabolism. Polymorphisms in this gene are associated with type 2 diabetes. The human genome contains many pseudogenes similar to this locus.[provided by RefSeq, Feb 2011]",,FABP5,http://edrn.jpl.nasa.gov/bmdb/biomarkers/view/1033,Q01469
BM00413,FABP5 AAb,proteomic,Breast,2,,,FABP5-AAB,http://edrn.jpl.nasa.gov/bmdb/biomarkers/view/1326,
BM00414,FADS2,genomic,Prostate,1,"From NCBI Gene: The protein encoded by this gene is a member of the fatty acid desaturase (FADS) gene family. Desaturase enzymes regulate unsaturation of fatty acids through the introduction of double bonds between defined carbons of the fatty acyl chain. FADS family members are considered fusion products composed of an N-terminal cytochrome b5-like domain and a C-terminal multiple membrane-spanning desaturase portion, both of which are characterized by conserved histidine motifs. This gene is clustered with family members at 11q12-q13.1; this cluster is thought to have arisen evolutionarily from gene duplication based on its similar exon/intron organization. Alternative splicing results in multiple transcript variants encoding different isoforms. [provided by RefSeq, Jul 2013]",,FADS2,http://edrn.jpl.nasa.gov/bmdb/biomarkers/view/648,O95864
BM00415,FAIM2,genomic,Prostate,1,"From NCBI Gene: Involved in regulation of neuron apoptotic process. Acts upstream of or within negative regulation of extrinsic apoptotic signaling pathway via death domain receptors. Located in membrane raft. [provided by Alliance of Genome Resources, Nov 2021]    From SwissProt/UniProtKB: Antiapoptotic protein which protects cells uniquely from Fas-induced apoptosis. Regulates Fas-mediated apoptosis in neurons by interfering with caspase-8 activation. May play a role in cerebellar development by affecting cerebellar size, internal granular layer (IGL) thickness, and Purkinje cell (PC) development.",,FAIM2,http://edrn.jpl.nasa.gov/bmdb/biomarkers/view/649,Q9BWQ8
BM00416,FAM131B,genomic,Prostate,1,"From NCBI Gene: Located in cytosol and nucleoplasm. [provided by Alliance of Genome Resources, Nov 2021]",,FAM131B,http://edrn.jpl.nasa.gov/bmdb/biomarkers/view/651,Q86XD5
BM00417,FAM234B,genomic,Prostate,1,"From NCBI Gene: Predicted to be located in Golgi apparatus and cytoskeleton. Predicted to be integral component of membrane. [provided by Alliance of Genome Resources, Nov 2021]",,FAM234B,http://edrn.jpl.nasa.gov/bmdb/biomarkers/view/710,A2RU67
BM00418,FAM83H,proteomic,Ovary,2,FAM83H is a member of the FAM83 family and plays an important role in the structural development and calcification of tooth enamel. Defects in this gene are a cause of amelogenesis imperfecta type 3 (AI3).  Lack of a recognizable signal peptide indicates that the protein functions within the cell.  It is expressed in the tooth follicle.,,FAM83H,http://edrn.jpl.nasa.gov/bmdb/biomarkers/view/373,Q6ZRV2
BM00419,Farlow 6 marker panel for Lung Cancer,proteomic,Lung,2,"This study aimed to develop a serum test that could be used to discern NSCLC patients from cancer-free controls and may provide a means to indicate who should have spiral CT done. A large number of potential tumor autoantibodies for NSCLC were identified and validated.  The six-analyte blood test that resulted from this study (consisting of IMPDH, phosphoglycerate mutase, ubiquilin, Annexin I, Annexin II, and HSP70-9B) possessed excellent test performance characteristics when tested against our 196 patient cohort that was composed of four clinically distinct groups, with only 13 patients misclassified overall.",,,http://edrn.jpl.nasa.gov/bmdb/biomarkers/view/508,
BM00420,FAS,proteomic,"Breast, Ovary",3,"FAS is a member of the TNF-receptor superfamily. The FAS protein is a  receptor for TNFSF6/FASLG and has been shown to play a central role in the physiological regulation of programmed cell death, and has been implicated in the pathogenesis of various malignancies and diseases of the immune system.     Several alternatively spliced transcript variants have been described, some of which are candidates for nonsense-mediated mRNA decay (NMD). The isoforms lacking the transmembrane domain may negatively regulate the apoptosis mediated by the full length isoform.",,FAS,http://edrn.jpl.nasa.gov/bmdb/biomarkers/view/915,P25445
BM00421,FAS ligand,proteomic,Breast,2,"From NCBI Gene: This gene is a member of the tumor necrosis factor superfamily. The primary function of the encoded transmembrane protein is the induction of apoptosis triggered by binding to FAS. The FAS/FASLG signaling pathway is essential for immune system regulation, including activation-induced cell death (AICD) of T cells and cytotoxic T lymphocyte induced cell death. It has also been implicated in the progression of several cancers. Defects in this gene may be related to some cases of systemic lupus erythematosus (SLE). Alternatively spliced transcript variants have been described. [provided by RefSeq, Nov 2014]",,FASLG,http://edrn.jpl.nasa.gov/bmdb/biomarkers/view/1182,P48023
BM00422,FBLN1,proteomic,"Ovary, Prostate",2,"From NCBI Gene: Fibulin 1 is a secreted glycoprotein that becomes incorporated into a fibrillar extracellular matrix. Calcium-binding is apparently required to mediate its binding to laminin and nidogen. It mediates platelet adhesion via binding fibrinogen. Four splice variants which differ in the 3' end have been identified. Each variant encodes a different isoform, but no functional distinctions have been identified among the four variants. [provided by RefSeq, Jul 2008]",,FBLN1,http://edrn.jpl.nasa.gov/bmdb/biomarkers/view/157,P23142
BM00423,FBP1,proteomic,Breast,1,"From NCBI Gene: Fructose-1,6-bisphosphatase 1, a gluconeogenesis regulatory enzyme, catalyzes the hydrolysis of fructose 1,6-bisphosphate to fructose 6-phosphate and inorganic phosphate. Fructose-1,6-diphosphatase deficiency is associated with hypoglycemia and metabolic acidosis. [provided by RefSeq, Jul 2008]",,FBP1,http://edrn.jpl.nasa.gov/bmdb/biomarkers/view/1504,P09467
BM00424,fbpA,proteomic,Breast,2,,,FBPA,http://edrn.jpl.nasa.gov/bmdb/biomarkers/view/917,
BM00425,FBXO9,genomic,Prostate,1,"From NCBI Gene: This gene encodes a member of the F-box protein family which is characterized by an approximately 40 amino acid motif, the F-box. The F-box proteins constitute one of the four subunits of the ubiquitin protein ligase complex called SCFs (SKP1-cullin-F-box), which function in phosphorylation-dependent ubiquitination. The F-box proteins are divided into 3 classes: Fbws containing WD-40 domains, Fbls containing leucine-rich repeats, and Fbxs containing either different protein-protein interaction modules or no recognizable motifs. The protein encoded by this gene belongs to the Fbxs class. Alternative splicing of this gene generates at least 3 transcript variants diverging at the 5' terminus. [provided by RefSeq, Jul 2008]",,FBXO9,http://edrn.jpl.nasa.gov/bmdb/biomarkers/view/653,Q9UK97
BM00426,FBXW7,proteomic,Ovary,2,"From NCBI Gene: This gene encodes a member of the F-box protein family which is characterized by an approximately 40 amino acid motif, the F-box. The F-box proteins constitute one of the four subunits of ubiquitin protein ligase complex called SCFs (SKP1-cullin-F-box), which function in phosphorylation-dependent ubiquitination. The F-box proteins are divided into 3 classes: Fbws containing WD-40 domains, Fbls containing leucine-rich repeats, and Fbxs containing either different protein-protein interaction modules or no recognizable motifs. The protein encoded by this gene was previously referred to as FBX30, and belongs to the Fbws class; in addition to an F-box, this protein contains 7 tandem WD40 repeats. This protein binds directly to cyclin E and probably targets cyclin E for ubiquitin-mediated degradation. Mutations in this gene are detected in ovarian and breast cancer cell lines, implicating the gene's potential role in the pathogenesis of human cancers. Multiple transcript variants encoding different isoforms have been found for this gene. [provided by RefSeq, Mar 2012]",,FBXW7,http://edrn.jpl.nasa.gov/bmdb/biomarkers/view/1191,Q969H0
BM00427,FCER1A,genomic,Prostate,1,"From NCBI Gene: The immunoglobulin epsilon receptor (IgE receptor) is the initiator of the allergic response. When two or more high-affinity IgE receptors are brought together by allergen-bound IgE molecules, mediators such as histamine that are responsible for allergy symptoms are released. This receptor is comprised of an alpha subunit, a beta subunit, and two gamma subunits. The protein encoded by this gene represents the alpha subunit. [provided by RefSeq, Aug 2011]",,FCER1A,http://edrn.jpl.nasa.gov/bmdb/biomarkers/view/654,P12319
BM00428,FCGBP,proteomic,Breast,1,From UniProtKB: May be involved in the maintenance of the mucosal structure as a gel-like component of the mucosa.,,FCGBP,http://edrn.jpl.nasa.gov/bmdb/biomarkers/view/1505,
BM00429,FERMT2,genomic,Prostate,1,"From NCBI Gene: Enables several functions, including actin binding activity; phosphatidylinositol-3,4,5-trisphosphate binding activity; and type I transforming growth factor beta receptor binding activity. Involved in several processes, including cell surface receptor signaling pathway; positive regulation of cell differentiation; and positive regulation of cellular component biogenesis. Acts upstream of or within cell adhesion and protein localization to cell junction. Located in cytosol; focal adhesion; and nucleoplasm. Is extrinsic component of cytoplasmic side of plasma membrane. Part of adherens junction and plasma membrane. Biomarker of acute myeloid leukemia. [provided by Alliance of Genome Resources, Nov 2021]",,FERMT2,http://edrn.jpl.nasa.gov/bmdb/biomarkers/view/655,Q96AC1
BM00430,FEZ1,genomic,Prostate,1,"From NCBI Gene: This gene is an ortholog of the C. elegans unc-76 gene, which is necessary for normal axonal bundling and elongation within axon bundles. Expression of this gene in C. elegans unc-76 mutants can restore to the mutants partial locomotion and axonal fasciculation, suggesting that it also functions in axonal outgrowth. The N-terminal half of the gene product is highly acidic. Alternatively spliced transcript variants encoding different isoforms of this protein have been described. [provided by RefSeq, Jul 2008]",,FEZ1,http://edrn.jpl.nasa.gov/bmdb/biomarkers/view/656,Q99689
BM00431,FGF1,proteomic,Lung,2,"From NCBI Gene: The protein encoded by this gene is a member of the fibroblast growth factor (FGF) family. FGF family members possess broad mitogenic and cell survival activities, and are involved in a variety of biological processes, including embryonic development, cell growth, morphogenesis, tissue repair, tumor growth and invasion. This protein functions as a modifier of endothelial cell migration and proliferation, as well as an angiogenic factor. It acts as a mitogen for a variety of mesoderm- and neuroectoderm-derived cells in vitro, thus is thought to be involved in organogenesis. Multiple alternatively spliced variants encoding different isoforms have been described. [provided by RefSeq, Jan 2009]",,FGF1,http://edrn.jpl.nasa.gov/bmdb/biomarkers/view/1208,P05230
BM00432,FGF17,proteomic,Lung,2,"From NCBI Gene: This gene encodes a member of the fibroblast growth factor (FGF) family. Member of the FGF family possess broad mitogenic and cell survival activities, and are involved in a variety of biological processes including embryonic development cell growth, morphogenesis, tissue repair, tumor growth and invasion. This protein is expressed during embryogenesis and in the adult cerebellum and cortex and may be essential for vascular growth and normal brain development. Mutations in this gene are the cause of hypogonadotropic hypogonadism 20 with or without anosmia. Alternate splicing results in multiple transcript variants. [provided by RefSeq, Jan 2015]",,FGF17,http://edrn.jpl.nasa.gov/bmdb/biomarkers/view/984,O60258
BM00433,FGF18,proteomic,"Breast, Lung",2,"From NCBI Gene: The protein encoded by this gene is a member of the fibroblast growth factor (FGF) family. FGF family members possess broad mitogenic and cell survival activities, and are involved in a variety of biological processes, including embryonic development, cell growth, morphogenesis, tissue repair, tumor growth, and invasion. It has been shown in vitro that this protein is able to induce neurite outgrowth in PC12 cells. Studies of the similar proteins in mouse and chick suggested that this protein is a pleiotropic growth factor that stimulates proliferation in a number of tissues, most notably the liver and small intestine. Knockout studies of the similar gene in mice implied the role of this protein in regulating proliferation and differentiation of midline cerebellar structures. [provided by RefSeq, Jul 2008]",,FGF18,http://edrn.jpl.nasa.gov/bmdb/biomarkers/view/1183,O76093
BM00434,FGF2,proteomic,"Breast, Lung",3,"From NCBI Gene: The protein encoded by this gene is a member of the fibroblast growth factor (FGF) family. FGF family members bind heparin and possess broad mitogenic and angiogenic activities. This protein has been implicated in diverse biological processes, such as limb and nervous system development, wound healing, and tumor growth. The mRNA for this gene contains multiple polyadenylation sites, and is alternatively translated from non-AUG (CUG) and AUG initiation codons, resulting in five different isoforms with distinct properties. The CUG-initiated isoforms are localized in the nucleus and are responsible for the intracrine effect, whereas, the AUG-initiated form is mostly cytosolic and is responsible for the paracrine and autocrine effects of this FGF. [provided by RefSeq, Jul 2008]",,FGF2,http://edrn.jpl.nasa.gov/bmdb/biomarkers/view/409,P09038
BM00435,FGFR2,proteomic,Ovary,2,"From NCBI Gene: The protein encoded by this gene is a member of the fibroblast growth factor receptor family, where amino acid sequence is highly conserved between members and throughout evolution. FGFR family members differ from one another in their ligand affinities and tissue distribution. A full-length representative protein consists of an extracellular region, composed of three immunoglobulin-like domains, a single hydrophobic membrane-spanning segment and a cytoplasmic tyrosine kinase domain. The extracellular portion of the protein interacts with fibroblast growth factors, setting in motion a cascade of downstream signals, ultimately influencing mitogenesis and differentiation. This particular family member is a high-affinity receptor for acidic, basic and/or keratinocyte growth factor, depending on the isoform. Mutations in this gene are associated with Crouzon syndrome, Pfeiffer syndrome, Craniosynostosis, Apert syndrome, Jackson-Weiss syndrome, Beare-Stevenson cutis gyrata syndrome, Saethre-Chotzen syndrome, and syndromic craniosynostosis. Multiple alternatively spliced transcript variants encoding different isoforms have been noted for this gene. [provided by RefSeq, Jan 2009]",,FGFR2,http://edrn.jpl.nasa.gov/bmdb/biomarkers/view/1192,P21802
BM00436,FGFR4,proteomic,Ovary,2,"FGFR4, a single-pass membrane protein, acts as a receptor for acidic fibroblast growth factor. It binds FGF19, and does not bind to basic fibroblast growth factor. FGFR4 is expressed in gastrointestinal epithelial cells, pancreas, and gastric and pancreatic cancer cell lines.",,FGFR4,http://edrn.jpl.nasa.gov/bmdb/biomarkers/view/201,P22455
BM00437,FHIT,proteomic,Lung,2,"FHIT, or fragile histidine triad, is a member of the histidine triad gene family.  The FHIT protein is a diadenosine 5',5'''-P1,P3-triphosphate hydrolase involved in purine metabolism.  Included in the FHIT gene is the common fragile site FRA3B on chromosome 3, where carcinogen-induced damage can lead to translocations and aberrant transcripts of this gene.  Mutated  transcripts from this gene have been found in about half of all esophageal, stomach, and colon carcinomas. There are several alternatively spliced transcript variants for this gene.",,FHIT,http://edrn.jpl.nasa.gov/bmdb/biomarkers/view/432,P49789
BM00438,FHL1,genomic,Prostate,1,"From NCBI Gene: This gene encodes a member of the four-and-a-half-LIM-only protein family. Family members contain two highly conserved, tandemly arranged, zinc finger domains with four highly conserved cysteines binding a zinc atom in each zinc finger. Expression of these family members occurs in a cell- and tissue-specific mode and these proteins are involved in many cellular processes. Mutations in this gene have been found in patients with Emery-Dreifuss muscular dystrophy. Multiple alternately spliced transcript variants which encode different protein isoforms have been described.[provided by RefSeq, Nov 2009]",,FHL1,http://edrn.jpl.nasa.gov/bmdb/biomarkers/view/657,Q13642
BM00439,FHL3,genomic,Prostate,1,"From NCBI Gene: The protein encoded by this gene is a member of a family of proteins containing a four-and-a-half LIM domain, which is a highly conserved double zinc finger motif. The encoded protein has been shown to interact with the cancer developmental regulators SMAD2, SMAD3, and SMAD4, the skeletal muscle myogenesis protein MyoD, and the high-affinity IgE beta chain regulator MZF-1. This protein may be involved in tumor suppression, repression of MyoD expression, and repression of IgE receptor expression. Two transcript variants encoding different isoforms have been found for this gene. [provided by RefSeq, Aug 2011]",,FHL3,http://edrn.jpl.nasa.gov/bmdb/biomarkers/view/658,Q13643
BM00440,FHOD3,genomic,Prostate,1,"From NCBI Gene: The protein encoded by this gene is a member of the diaphanous-related formins (DRF), and contains multiple domains, including GBD (GTPase-binding domain), DID (diaphanous inhibitory domain), FH1 (formin homology 1), FH2 (formin homology 2), and DAD (diaphanous auto-regulatory domain) domains. This protein is thought to play a role in actin filament polymerization in cardiomyocytes. Mutations in this gene have been associated with dilated cardiomyopathy (DCM), characterized by dilation of the ventricular chamber, leading to impairment of systolic pump function and subsequent heart failure. Increased levels of the protein encoded by this gene have been observed in individuals with hypertrophic cardiomyopathy (HCM). Alternative splicing results in multiple transcript variants encoding different isoforms. A muscle-specific isoform has been shown to possess a casein kinase 2 (CK2) phosphorylation site at the C-terminal end of the FH2 domain. Phosphorylation of this site alters its interaction with sequestosome 1 (SQSTM1), and targets this isoform to myofibrils, while other isoforms form cytoplasmic aggregates. [provided by RefSeq, Aug 2015]",,FHOD3,http://edrn.jpl.nasa.gov/bmdb/biomarkers/view/659,Q8IVF7
BM00441,FJX1,proteomic,Ovary,2,"FJX1 is the human ortholog of mouse and Drosophila four-jointed gene product. The Drosophila protein is important for growth and differentiation of legs and wings, and for proper development of the eyes.  It is predicted, based on similarity, that human FJX1 may act as an inhibitor of dendrite extension and branching.",,FJX1,http://edrn.jpl.nasa.gov/bmdb/biomarkers/view/370,Q86VR8
BM00442,FKBP11,genomic,Prostate,1,"From NCBI Gene: FKBP11 belongs to the FKBP family of peptidyl-prolyl cis/trans isomerases, which catalyze the folding of proline-containing polypeptides. The peptidyl-prolyl isomerase activity of FKBP proteins is inhibited by the immunosuppressant compounds FK506 and rapamycin (Rulten et al., 2006 [PubMed 16596453]).[supplied by OMIM, Mar 2008]",,FKBP11,http://edrn.jpl.nasa.gov/bmdb/biomarkers/view/660,Q9NYL4
BM00443,FLNA,proteomic,Prostate,1,"From NCBI Gene: The protein encoded by this gene is an actin-binding protein that crosslinks actin filaments and links actin filaments to membrane glycoproteins. The encoded protein is involved in remodeling the cytoskeleton to effect changes in cell shape and migration. This protein interacts with integrins, transmembrane receptor complexes, and second messengers. Defects in this gene are a cause of several syndromes, including periventricular nodular heterotopias (PVNH1, PVNH4), otopalatodigital syndromes (OPD1, OPD2), frontometaphyseal dysplasia (FMD), Melnick-Needles syndrome (MNS), and X-linked congenital idiopathic intestinal pseudoobstruction (CIIPX). Two transcript variants encoding different isoforms have been found for this gene.[provided by RefSeq, Mar 2009]",,FLNA,http://edrn.jpl.nasa.gov/bmdb/biomarkers/view/1094,P21333
BM00444,FLNC,genomic,Prostate,1,"From NCBI Gene: This gene encodes one of three related filamin genes, specifically gamma filamin. These filamin proteins crosslink actin filaments into orthogonal networks in cortical cytoplasm and participate in the anchoring of membrane proteins for the actin cytoskeleton. Three functional domains exist in filamin: an N-terminal filamentous actin-binding domain, a C-terminal self-association domain, and a membrane glycoprotein-binding domain. Two transcript variants encoding different isoforms have been found for this gene. [provided by RefSeq, Jul 2008]",,FLNC,http://edrn.jpl.nasa.gov/bmdb/biomarkers/view/662,
BM00445,FLT1,proteomic,Breast,3,"From NCBI Gene: This gene encodes a member of the vascular endothelial growth factor receptor (VEGFR) family. VEGFR family members are receptor tyrosine kinases (RTKs) which contain an extracellular ligand-binding region with seven immunoglobulin (Ig)-like domains, a transmembrane segment, and a tyrosine kinase (TK) domain within the cytoplasmic domain. This protein binds to VEGFR-A, VEGFR-B and placental growth factor and plays an important role in angiogenesis and vasculogenesis. Expression of this receptor is found in vascular endothelial cells, placental trophoblast cells and peripheral blood monocytes. Multiple transcript variants encoding different isoforms have been found for this gene. Isoforms include a full-length transmembrane receptor isoform and shortened, soluble isoforms. The soluble isoforms are associated with the onset of pre-eclampsia.[provided by RefSeq, May 2009]",,FLT1,http://edrn.jpl.nasa.gov/bmdb/biomarkers/view/1035,P17948
BM00446,FLT3LG,proteomic,Breast,3,"From NCBI Gene: Dendritic cells (DCs) provide the key link between innate and adaptive immunity by recognizing pathogens and priming pathogen-specific immune responses. FLT3LG controls the development of DCs and is particularly important for plasmacytoid DCs and CD8 (see MIM 186910)-positive classical DCs and their CD103 (ITGAE; MIM 604682)-positive tissue counterparts (summary by Sathaliyawala et al., 2010 [PubMed 20933441]).[supplied by OMIM, Jan 2011]",,FLT3LG,http://edrn.jpl.nasa.gov/bmdb/biomarkers/view/1036,P49771
BM00447,FMO5,genomic,Prostate,1,"From NCBI Gene: Metabolic N-oxidation of the diet-derived amino-trimethylamine (TMA) is mediated by flavin-containing monooxygenase and is subject to an inherited FMO3 polymorphism in man resulting in a small subpopulation with reduced TMA N-oxidation capacity resulting in fish odor syndrome Trimethylaminuria. Three forms of the enzyme, FMO1 found in fetal liver, FMO2 found in adult liver, and FMO3 are encoded by genes clustered in the 1q23-q25 region. Flavin-containing monooxygenases are NADPH-dependent flavoenzymes that catalyzes the oxidation of soft nucleophilic heteroatom centers in drugs, pesticides, and xenobiotics. Alternative splicing results in multiple transcript variants. [provided by RefSeq, Jan 2009]",,FMO5,http://edrn.jpl.nasa.gov/bmdb/biomarkers/view/663,P49326
BM00448,FN1,proteomic,Breast,2,"From NCBI Gene: This gene encodes fibronectin, a glycoprotein present in a soluble dimeric form in plasma, and in a dimeric or multimeric form at the cell surface and in extracellular matrix. The encoded preproprotein is proteolytically processed to generate the mature protein. Fibronectin is involved in cell adhesion and migration processes including embryogenesis, wound healing, blood coagulation, host defense, and metastasis. The gene has three regions subject to alternative splicing, with the potential to produce 20 different transcript variants, at least one of which encodes an isoform that undergoes proteolytic processing. The full-length nature of some variants has not been determined. [provided by RefSeq, Jan 2016]",,FN1,http://edrn.jpl.nasa.gov/bmdb/biomarkers/view/1460,P02751
BM00449,FNDC3A,proteomic,Ovary,2,"Fndc3a is a member of a three-gene family in mice.  Mouse Fndc3a is composed of a proline-rich amino-terminus, nine fibronectin type-III domains, and a hydrophobic carboxy-terminus.  By similarity, human FNDC3A is thought to mediate spermatid-Sertoli adhesion during spermatogenesis.",,FNDC3A,http://edrn.jpl.nasa.gov/bmdb/biomarkers/view/374,Q9Y2H6
BM00450,"FOBT-CHEKOC®, Polymedco, Inc for Fecal Immunochemical Test (FIT)",proteomic,Colon,3,"From somagen.com: The Immunoassay screening method is the new standard of care worldwide. Fecal Immunochemical Test (FIT, also traditionally called fecal occult blood test) replaces the traditional Guaiac card testing. FIT does not require dietary or medicinal restrictions. There is only one sample collection, which patients are able to perform easily and with little disruption to their daily routine. Ease of use results in increased patient compliance.",,,http://edrn.jpl.nasa.gov/bmdb/biomarkers/view/1223,
BM00451,FOLH1,genomic,Prostate,1,"From NCBI Gene: This gene encodes a type II transmembrane glycoprotein belonging to the M28 peptidase family. The protein acts as a glutamate carboxypeptidase on different alternative substrates, including the nutrient folate and the neuropeptide N-acetyl-l-aspartyl-l-glutamate and is expressed in a number of tissues such as prostate, central and peripheral nervous system and kidney. A mutation in this gene may be associated with impaired intestinal absorption of dietary folates, resulting in low blood folate levels and consequent hyperhomocysteinemia. Expression of this protein in the brain may be involved in a number of pathological conditions associated with glutamate excitotoxicity. In the prostate the protein is up-regulated in cancerous cells and is used as an effective diagnostic and prognostic indicator of prostate cancer. This gene likely arose from a duplication event of a nearby chromosomal region. Alternative splicing gives rise to multiple transcript variants encoding several different isoforms. [provided by RefSeq, Jul 2010]",,FOLH1,http://edrn.jpl.nasa.gov/bmdb/biomarkers/view/664,Q04609
BM00452,FOLH1B,proteomic,"Ovary, Prostate",2,"FOLH1B, or PSMAL, is a cytoplasmic protein.  It has been found in the kidney and liver, and has not been detected in the prostate. GO annotations related to this gene include metallopeptidase activity and dipeptidase activity.",,FOLH1B,http://edrn.jpl.nasa.gov/bmdb/biomarkers/view/389,Q9HBA9
BM00453,FOLR1,proteomic,Ovary,2,FOLR1 is a cell membrane protein that binds to folate and reduced folic acid derivatives and mediates delivery of 5-methyltetrahydrofolate to the interior of cells. It is a secreted protein that either anchors to membranes via a glycosyl-phosphatidylinositol linkage or exists in a soluble form. Mutations in this gene have been associated with neurodegeneration due to cerebral folate transport deficiency.,,FOLR1,http://edrn.jpl.nasa.gov/bmdb/biomarkers/view/158,P15328
BM00454,FOLR3,proteomic,Breast,2,"From NCBI Gene: This gene encodes a member of the folate receptor (FOLR) family of proteins, which have a high affinity for folic acid and for several reduced folic acid derivatives, and mediate delivery of 5-methyltetrahydrofolate to the interior of cells. Expression of this gene may be elevated in ovarian and primary peritoneal carcinoma. This gene is present in a gene cluster on chromosome 11. Alternative splicing results in multiple transcript variants. [provided by RefSeq, Dec 2015]",,FOLR3,http://edrn.jpl.nasa.gov/bmdb/biomarkers/view/1392,P41439
BM00455,FOXA1,proteomic,Breast,2,"From NCBI Gene: This gene encodes a member of the forkhead class of DNA-binding proteins. These hepatocyte nuclear factors are transcriptional activators for liver-specific transcripts such as albumin and transthyretin, and they also interact with chromatin. Similar family members in mice have roles in the regulation of metabolism and in the differentiation of the pancreas and liver. [provided by RefSeq, Jul 2008]",,FOXA1,http://edrn.jpl.nasa.gov/bmdb/biomarkers/view/1327,P55317
BM00456,FOXD1,genomic,Prostate,1,"From NCBI Gene: This gene belongs to the forkhead family of transcription factors which are characterized by a distinct forkhead domain. Studies of the orthologous mouse protein indicate that it functions in kidney development by promoting nephron progenitor differentiation, and it also functions in the development of the retina and optic chiasm. It may also regulate inflammatory reactions and prevent autoimmunity. [provided by RefSeq, Apr 2014]",,FOXD1,http://edrn.jpl.nasa.gov/bmdb/biomarkers/view/666,Q16676
BM00457,FOXE1,proteomic,Pancreas,2,"From NCBI Gene: This intronless gene encodes a protein that belongs to the forkhead family of transcription factors. Members of this family contain a conserved 100-amino acid DNA-binding 'forkhead' domain. The encoded protein functions as a thyroid transcription factor that plays a role in thyroid morphogenesis. Mutations in this gene are associated with the Bamforth-Lazarus syndrome, and with susceptibility to nonmedullary thyroid cancer-4. [provided by RefSeq, Nov 2016]

Annotation Note: Note: TTF2 (Gene ID: 8458) and FOXE1 (Gene ID: 2304) share the TTF2 symbol/alias in common. TTF2 is a widely used alternative name for forkhead box E1 (FOXE1), which can be confused with the official symbol for transcription termination factor 2 (TTF2). [31 May 2018]",,FOXE1,http://edrn.jpl.nasa.gov/bmdb/biomarkers/view/1116,O00358
BM00458,FOXO1,proteomic,Breast,2,"From NCBI Gene: This gene belongs to the forkhead family of transcription factors which are characterized by a distinct forkhead domain. The specific function of this gene has not yet been determined; however, it may play a role in myogenic growth and differentiation. Translocation of this gene with PAX3 has been associated with alveolar rhabdomyosarcoma. [provided by RefSeq, Jul 2008]",,FOXO1,http://edrn.jpl.nasa.gov/bmdb/biomarkers/view/1329,Q12778
BM00459,fPSA,proteomic,Prostate,3,"Free PSA circulates in the bloodstream unbound to any proteins. It is measured separately from PSA and from proPSA, which is also known as [-2]proPSA.",,FPSA,http://edrn.jpl.nasa.gov/bmdb/biomarkers/view/1256,
BM00460,FRS3,proteomic,Breast,1,"From NCBI Gene: This gene encodes a substrate for the fibroblast growth factor receptor. The encoded protein is found in the peripheral plasma membrane and links fibroblast growth factor receptor stimulation to activators of Ras. The encoded protein down-regulates extracellular regulated kinase 2 through direct binding. [provided by RefSeq, Jul 2013]",,FRS3,http://edrn.jpl.nasa.gov/bmdb/biomarkers/view/515,O43559
BM00461,FSH,proteomic,Ovary,3,"The pituitary glycoprotein hormone family includes follicle-stimulating hormone, luteinizing hormone, chorionic gonadotropin, and thyroid-stimulating hormone. All of these glycoproteins consist of an identical alpha subunit and a hormone-specific beta subunit. This gene encodes the beta subunit of follicle-stimulating hormone. In conjunction with luteinizing hormone, follicle-stimulating hormone induces egg and sperm production. Alternative splicing results in two transcript variants encoding the same protein. [provided by RefSeq, Jul 2008]  
Defects in FSHB are a cause of isolated follicle-stimulating hormone deficiency. Selective follicle-stimulating hormone deficiency is an uncommon cause of infertility, producing amenorrhea and hypogonadism in women and oligo or azoospermia with normal testosterone levels in normally virilised men. FSHB belongs to the glycoprotein hormones subunit beta family.  There are two transcript variants from alternative splicing that each encode the same protein.",,FSHB,http://edrn.jpl.nasa.gov/bmdb/biomarkers/view/228,P01225
BM00462,FSTL1,proteomic,Ovary,2,"FSTL1, a protein similar to follistatin, an activin-binding protein, contains an FS module, a follistatin-like sequence containing 10 conserved cysteine residues. It may modulate the action of some growth factors on cell proliferation and differentiation. There is evidence that FSTL1 binds heparin. FSTL1, overexpressed in synovial tissues from rheumatoid arthritis, is thought to be an autoantigen associated with the disease.",,FSTL1,http://edrn.jpl.nasa.gov/bmdb/biomarkers/view/128,Q12841
BM00463,FTH1P5,genomic,Prostate,1,FTH1P5 (Ferritin heavy chain 1 pseudogene 5) is a pseudogene.,,FTH1P5,http://edrn.jpl.nasa.gov/bmdb/biomarkers/view/667,
BM00464,Fuc-HPX,proteomic,Liver,2,"This biomarker is the fucosylated form of hemopexin (HPX). The NCBI Gene summary for HPX follows:
From NCBI Gene: This gene encodes a plasma glycoprotein that binds heme with high affinity. The encoded protein is an acute phase protein that transports heme from the plasma to the liver and may be involved in protecting cells from oxidative stress. [provided by RefSeq, Apr 2009]",,FUC-HPX,http://edrn.jpl.nasa.gov/bmdb/biomarkers/view/1225,
BM00465,FXYD6,genomic,Prostate,1,"From NCBI Gene: This gene encodes a member of the FXYD family of transmembrane proteins. This particular protein encodes phosphohippolin, which likely affects the activity of Na,K-ATPase. Multiple alternatively spliced transcript variants encoding the same protein have been described. Related pseudogenes have been identified on chromosomes 10 and X. Read-through transcripts have been observed between this locus and the downstream sodium/potassium-transporting ATPase subunit gamma (FXYD2, GeneID 486) locus.[provided by RefSeq, Feb 2011]",,FXYD6,http://edrn.jpl.nasa.gov/bmdb/biomarkers/view/668,Q9H0Q3
BM00466,FYN,proteomic,Lung,2,"From NCBI Gene: This gene is a member of the protein-tyrosine kinase oncogene family. It encodes a membrane-associated tyrosine kinase that has been implicated in the control of cell growth. The protein associates with the p85 subunit of phosphatidylinositol 3-kinase and interacts with the fyn-binding protein. Alternatively spliced transcript variants encoding distinct isoforms exist. [provided by RefSeq, Jul 2008]",,FYN,http://edrn.jpl.nasa.gov/bmdb/biomarkers/view/985,P06241
BM00467,FZD10,proteomic,Ovary,2,"FZD10 is a member of the frizzled gene family.  The frizzled gene family encodes 7-transmembrane domain proteins that are receptors for the Wingless type MMTV integration site family of signaling proteins (WNT signaling proteins).  The highest levels of expression for FZD10 are seen in the placenta and fetal kidney, followed by fetal lung and brain. Using array analysis, expression of this intronless gene is significantly up-regulated in two cases of primary colon cancer.",,FZD10,http://edrn.jpl.nasa.gov/bmdb/biomarkers/view/375,Q9ULW2
BM00468,G3BP1,genomic,Prostate,1,"From NCBI Gene: This gene encodes one of the DNA-unwinding enzymes which prefers partially unwound 3'-tailed substrates and can also unwind partial RNA/DNA and RNA/RNA duplexes in an ATP-dependent fashion. This enzyme is a member of the heterogeneous nuclear RNA-binding proteins and is also an element of the Ras signal transduction pathway. It binds specifically to the Ras-GTPase-activating protein by associating with its SH3 domain. Several alternatively spliced transcript variants of this gene have been described, but the full-length nature of some of these variants has not been determined. [provided by RefSeq, Jul 2008]",,G3BP1,http://edrn.jpl.nasa.gov/bmdb/biomarkers/view/669,Q13283
BM00469,GABARAP,proteomic,Breast,2,"From NCBI Gene: Gamma-aminobutyric acid A receptors [GABA(A) receptors] are ligand-gated chloride channels that mediate inhibitory neurotransmission. This gene encodes GABA(A) receptor-associated protein, which is highly positively charged in its N-terminus and shares sequence similarity with light chain-3 of microtubule-associated proteins 1A and 1B. This protein clusters neurotransmitter receptors by mediating interaction with the cytoskeleton. [provided by RefSeq, Jul 2008]",,GABARAP,http://edrn.jpl.nasa.gov/bmdb/biomarkers/view/1330,O95166
BM00470,GADD45A,genomic,Prostate,1,"From NCBI Gene: This gene is a member of a group of genes whose transcript levels are increased following stressful growth arrest conditions and treatment with DNA-damaging agents. The protein encoded by this gene responds to environmental stresses by mediating activation of the p38/JNK pathway via MTK1/MEKK4 kinase. The DNA damage-induced transcription of this gene is mediated by both p53-dependent and -independent mechanisms. Alternatively spliced transcript variants encoding distinct isoforms have been found for this gene.[provided by RefSeq, Dec 2010]",,GADD45A,http://edrn.jpl.nasa.gov/bmdb/biomarkers/view/670,P24522
BM00471,GADD45B,genomic,Prostate,1,"From NCBI Gene: This gene is a member of a group of genes whose transcript levels are increased following stressful growth arrest conditions and treatment with DNA-damaging agents. The genes in this group respond to environmental stresses by mediating activation of the p38/JNK pathway. This activation is mediated via their proteins binding and activating MTK1/MEKK4 kinase, which is an upstream activator of both p38 and JNK MAPKs. The function of these genes or their protein products is involved in the regulation of growth and apoptosis. These genes are regulated by different mechanisms, but they are often coordinately expressed and can function cooperatively in inhibiting cell growth. [provided by RefSeq, Jul 2008]",,GADD45B,http://edrn.jpl.nasa.gov/bmdb/biomarkers/view/671,O75293
BM00472,GAGE7,proteomic,Lung,1,"GAGE7 is a member of a family of genes that code for an antigenic peptide, YRPRPRRY.  These genes are thought to be expressed in a variety of tumors but not in normal tissues, except for the testis.",,GAGE7,http://edrn.jpl.nasa.gov/bmdb/biomarkers/view/1085,O76087
BM00473,galectin-3 ligand,proteomic,Colon,3,"Galectin-3 is an endogenous lectin that binds glycan epitopes of cell membrane and some extracellular glycoproteins such as integrins and laminin. Galectin-3 is involved in several biological activities including regulation of cellular cycle, modulation of adhesion and tumor progression and metastasis. Serum galectin-3 ligands have been shown to modulate the immune reaction against tumors and viruses and their level increases in sera of several neoplastic diseases.",,,http://edrn.jpl.nasa.gov/bmdb/biomarkers/view/83,
BM00474,GALNT3,genomic,Prostate,1,"From NCBI Gene: This gene encodes UDP-GalNAc transferase 3, a member of the GalNAc-transferases family. This family transfers an N-acetyl galactosamine to the hydroxyl group of a serine or threonine residue in the first step of O-linked oligosaccharide biosynthesis. Individual GalNAc-transferases have distinct activities and initiation of O-glycosylation is regulated by a repertoire of GalNAc-transferases. The protein encoded by this gene is highly homologous to other family members, however the enzymes have different substrate specificities. [provided by RefSeq, Jul 2008]",,GALNT3,http://edrn.jpl.nasa.gov/bmdb/biomarkers/view/672,Q14435
BM00475,GALNT7,genomic,Prostate,1,"From NCBI Gene: This gene encodes GalNAc transferase 7, a member of the GalNAc-transferase family. The enzyme encoded by this gene controls the initiation step of mucin-type O-linked protein glycosylation and transfer of N-acetylgalactosamine to serine and threonine amino acid residues. This enzyme is a type II transmembrane protein and shares common sequence motifs with other family members. Unlike other family members, this enzyme shows exclusive specificity for partially GalNAc-glycosylated acceptor substrates and shows no activity with non-glycosylated peptides. This protein may function as a follow-up enzyme in the initiation step of O-glycosylation. [provided by RefSeq, Jul 2008]",,GALNT7,http://edrn.jpl.nasa.gov/bmdb/biomarkers/view/673,Q86SF2
BM00476,GANAB,proteomic,Breast,1,"From NCBI Gene: This gene encodes the alpha subunit of glucosidase II and a member of the glycosyl hydrolase 31 family of proteins. The heterodimeric enzyme glucosidase II plays a role in protein folding and quality control by cleaving glucose residues from immature glycoproteins in the endoplasmic reticulum. Expression of the encoded protein is elevated in lung tumor tissue and in response to UV irradiation. Mutations in this gene cause autosomal-dominant polycystic kidney and liver disease. [provided by RefSeq, Jul 2016]",,GANAB,http://edrn.jpl.nasa.gov/bmdb/biomarkers/view/1506,Q14697
BM00477,GAPDH liver,proteomic,Lung,1,"From NCBI Gene: This gene encodes a member of the glyceraldehyde-3-phosphate dehydrogenase protein family. The encoded protein has been identified as a moonlighting protein based on its ability to perform mechanistically distinct functions. The product of this gene catalyzes an important energy-yielding step in carbohydrate metabolism, the reversible oxidative phosphorylation of glyceraldehyde-3-phosphate in the presence of inorganic phosphate and nicotinamide adenine dinucleotide (NAD). The encoded protein has additionally been identified to have uracil DNA glycosylase activity in the nucleus. Also, this protein contains a peptide that has antimicrobial activity against E. coli, P. aeruginosa, and C. albicans. Studies of a similar protein in mouse have assigned a variety of additional functions including nitrosylation of nuclear proteins, the regulation of mRNA stability, and acting as a transferrin receptor on the cell surface of macrophage. Many pseudogenes similar to this locus are present in the human genome. Alternative splicing results in multiple transcript variants. [provided by RefSeq, Nov 2014]",,GAPDH,http://edrn.jpl.nasa.gov/bmdb/biomarkers/view/1279,P04406
BM00478,Garcia chromosomal aneusomy + cytology,proteomic,Bladder,1,Fluorescence in situ hybridization (FISH) assay is used to monitor levels of chromosome copies in interphase cells.  Multicolor FISH proes simultaneously target four different chromosome regions in a single cell.,,,http://edrn.jpl.nasa.gov/bmdb/biomarkers/view/418,
BM00479,GAS7,proteomic,Breast,2,"From NCBI Gene: Growth arrest-specific 7 is expressed primarily in terminally differentiated brain cells and predominantly in mature cerebellar Purkinje neurons. GAS7 plays a putative role in neuronal development. Several transcript variants encoding proteins which vary in the N-terminus have been described. [provided by RefSeq, Jul 2008]",,GAS7,http://edrn.jpl.nasa.gov/bmdb/biomarkers/view/1331,O60861
BM00480,GATA4,genomic,Head and Neck,1,"From NCBI Entrez Gene: This gene encodes a member of the GATA family of zinc-finger transcription factors. Members of this family recognize the GATA motif which is present in the promoters of many genes. This protein is thought to regulate genes involved in embryogenesis and in myocardial differentiation and function. Mutations in this gene have been associated with cardiac septal defects. [provided by RefSeq, Jul 2008]",,GATA4,http://edrn.jpl.nasa.gov/bmdb/biomarkers/view/539,P43694
BM00481,GBU4-5,proteomic,Lung,2,"GBU-4 is a recently identified protein which was identified using SEREX technologies.  GBU4-5 has a DEAD-box domain (like the CAGE protein), but until 2003 had not been described as eliciting an autoantibody response.",,GBU4-5,http://edrn.jpl.nasa.gov/bmdb/biomarkers/view/433,
BM00482,GC,proteomic,Breast,1,"From NCBI Gene: The protein encoded by this gene belongs to the albumin gene family. It is a multifunctional protein found in plasma, ascitic fluid, cerebrospinal fluid and on the surface of many cell types. It binds to vitamin D and its plasma metabolites and transports them to target tissues. Alternatively spliced transcript variants encoding different isoforms have been found for this gene.[provided by RefSeq, Feb 2011]",,GC,http://edrn.jpl.nasa.gov/bmdb/biomarkers/view/1507,P38435
BM00483,GCLC,proteomic,Breast,1,"From NCBI Gene: Glutamate-cysteine ligase, also known as gamma-glutamylcysteine synthetase is the first rate-limiting enzyme of glutathione synthesis. The enzyme consists of two subunits, a heavy catalytic subunit and a light regulatory subunit. This locus encodes the catalytic subunit, while the regulatory subunit is derived from a different gene located on chromosome 1p22-p21. Mutations at this locus have been associated with hemolytic anemia due to deficiency of gamma-glutamylcysteine synthetase and susceptibility to myocardial infarction.[provided by RefSeq, Oct 2010]",,GCLC,http://edrn.jpl.nasa.gov/bmdb/biomarkers/view/1508,P48506
BM00484,GCLM,proteomic,Breast,3,"From NCBI Gene: Glutamate-cysteine ligase, also known as gamma-glutamylcysteine synthetase, is the first rate limiting enzyme of glutathione synthesis. The enzyme consists of two subunits, a heavy catalytic subunit and a light regulatory subunit. Gamma glutamylcysteine synthetase deficiency has been implicated in some forms of hemolytic anemia. Alternative splicing results in multiple transcript variants encoding different isoforms. [provided by RefSeq, Apr 2015]",,GCLM,http://edrn.jpl.nasa.gov/bmdb/biomarkers/view/1037,P48507
BM00485,GDF15,proteomic,Ovary,2,"GDF15, also known as macrophage inhibitory cytokine 1, or MIC1, is a bone morphogenetic protein (BMP) belonging to the transforming growth factor-beta (TGF-beta) superfamily.  The bone morphogenetic proteins regulate tissue differentiation and maintenance.  GDF15 is a secreted protein that is highly expressed in placenta, with lower levels in prostate and colon and some expression in kidney.  Bone morphogenetic protein precursor molecules are cleaved at a dibasic site to release C-terminal domains with 7 conserved cysteines in the mature protein.",,GDF15,http://edrn.jpl.nasa.gov/bmdb/biomarkers/view/235,Q99988
BM00486,GDNF,genomic,Lung,2,The GDNF gene encodes a neurotrophic factor that enhances survival and morphological differentiation of dopaminergic neurons.  This protein is a mature secreted homodimer.   Several transcript variants encoding multiple isoforms have been identified.,,GDNF,http://edrn.jpl.nasa.gov/bmdb/biomarkers/view/434,P39905
BM00487,GEM,genomic,Prostate,1,"From NCBI Gene: The protein encoded by this gene belongs to the RAD/GEM family of GTP-binding proteins. It is associated with the inner face of the plasma membrane and could play a role as a regulatory protein in receptor-mediated signal transduction. Alternative splicing occurs at this locus and two transcript variants encoding the same protein have been identified. [provided by RefSeq, Jul 2008]",,GEM,http://edrn.jpl.nasa.gov/bmdb/biomarkers/view/674,P55040
BM00488,Gene-expression profile (RNA and DNA from nasal and bronchial brushings),proteomic,Lung,3,Biomarker for the early detection of lung cancer in the setting of indeterminate pulmonary nodules.,,,http://edrn.jpl.nasa.gov/bmdb/biomarkers/view/1293,
BM00489,Genomic Health Index Score,proteomic,Prostate,3,"From oncotypeiq.com: The Oncotype DX Genomic Prostate Score (GPS) assay is the only genomic assay designed for men with clinically low-risk or favorable intermediate-risk cancer to help make treatment decisions at the time of diagnosis. The assay analyzes prostate cancer gene activity to predict disease aggressiveness.

It examines interactions among genes in the tumor to better understand the unique biology of the cancer—a science known as genomics—for prostate cancer patients. Essentially, the Oncotype DX GPS assay provides more specific and individualized information about prostate cancer aggressiveness based on the biology of the tumor.",,,http://edrn.jpl.nasa.gov/bmdb/biomarkers/view/1413,
BM00490,GFPT1,proteomic,Ovary,2,"GFPT1 is the first and rate-limiting enzyme of the hexosamine pathway and controls the flux of glucose into the hexosamine pathway. It appears to catalyze the formation of glucosamine 6-phosphate. It may also be involved in regulating the availability of precursors for N- and O-linked glycosylation of proteins. GFPT1 is predominantly expressed in skeletal muscle, selectively expressed in striated muscle, and not expressed in brain.",,GFPT1,http://edrn.jpl.nasa.gov/bmdb/biomarkers/view/202,Q06210
BM00491,GGT1,genomic,Prostate,1,"From NCBI Gene: The enzyme encoded by this gene is a type I gamma-glutamyltransferase that catalyzes the transfer of the glutamyl moiety of glutathione to a variety of amino acids and dipeptide acceptors. The enzyme is composed of a heavy chain and a light chain, which are derived from a single precursor protein. It is expressed in tissues involved in absorption and secretion and may contribute to the etiology of diabetes and other metabolic disorders. Multiple alternatively spliced variants have been identified. There are a number of related genes present on chromosomes 20 and 22, and putative pseudogenes for this gene on chromosomes 2, 13, and 22. [provided by RefSeq, Jan 2014]",,GGT1,http://edrn.jpl.nasa.gov/bmdb/biomarkers/view/675,P19440
BM00492,GH1,proteomic,"Breast, Ovary",3,"Growth hormone, a secreted protein which exists as a monomer, dimer, trimer, tetramer and pentamer and is disulfide-linked or non-covalently associated in homopolymeric and heteropolymeric combinations, plays an important role in growth control. Its major role in stimulating body growth is to stimulate the liver and other tissues to secrete IGF-1. It stimulates both the differentiation and proliferation of myoblasts. It also stimulates amino acid uptake and protein synthesis in muscle and other tissues. GH belongs to the somatotropin/prolactin family.",,GH1,http://edrn.jpl.nasa.gov/bmdb/biomarkers/view/229,P01241
BM00493,GJB5 AAb,proteomic,Breast,2,,,GJB5-AAB,http://edrn.jpl.nasa.gov/bmdb/biomarkers/view/1332,
BM00494,GLDC,genomic,Prostate,1,"From NCBI Gene: Degradation of glycine is brought about by the glycine cleavage system, which is composed of four mitochondrial protein components: P protein (a pyridoxal phosphate-dependent glycine decarboxylase), H protein (a lipoic acid-containing protein), T protein (a tetrahydrofolate-requiring enzyme), and L protein (a lipoamide dehydrogenase). The protein encoded by this gene is the P protein, which binds to glycine and enables the methylamine group from glycine to be transferred to the T protein. Defects in this gene are a cause of nonketotic hyperglycinemia (NKH).[provided by RefSeq, Jan 2010]",,GLDC,http://edrn.jpl.nasa.gov/bmdb/biomarkers/view/676,P23378
BM00495,GLO1,proteomic,Breast,3,"From NCBI Gene: The enzyme encoded by this gene is responsible for the catalysis and formation of S-lactoyl-glutathione from methylglyoxal condensation and reduced glutatione. Glyoxalase I is linked to HLA and is localized to 6p21.3-p21.1, between HLA and the centromere. [provided by RefSeq, Jul 2008]",,GLO1,http://edrn.jpl.nasa.gov/bmdb/biomarkers/view/1038,Q04760
BM00496,GLOD4,proteomic,Ovary,2,"GLOD4 belongs to the glyoxalase I family. It is expressed in heart, brain, liver, kidney, pancreas and placenta; it is not expressed in skeletal muscle and lung. There is evidence that GLOD4 expression is decreased in hepatocellular carcinoma samples as compared to adjacent non-cancerous liver tissues from the same patients. Transfection in hepatocellular carcinoma cells and overexpression can inhibit the cell growth.",,GLOD4,http://edrn.jpl.nasa.gov/bmdb/biomarkers/view/135,Q9HC38
BM00497,GLRX,genomic,Prostate,1,"From NCBI Gene: This gene encodes a member of the glutaredoxin family. The encoded protein is a cytoplasmic enzyme catalyzing the reversible reduction of glutathione-protein mixed disulfides. This enzyme highly contributes to the antioxidant defense system. It is crucial for several signalling pathways by controlling the S-glutathionylation status of signalling mediators. It is involved in beta-amyloid toxicity and Alzheimer's disease. Multiple alternatively spliced transcript variants encoding the same protein have been identified. [provided by RefSeq, Aug 2011]",,GLRX,http://edrn.jpl.nasa.gov/bmdb/biomarkers/view/677,P35754
BM00498,Glucometer glucose,proteomic,Pancreas,2,,,,http://edrn.jpl.nasa.gov/bmdb/biomarkers/view/1439,
BM00499,GLUD1,genomic,Prostate,1,"From NCBI Gene: This gene encodes glutamate dehydrogenase, which is a mitochondrial matrix enzyme that catalyzes the oxidative deamination of glutamate to alpha-ketoglutarate and ammonia. This enzyme has an important role in regulating amino acid-induced insulin secretion. It is allosterically activated by ADP and inhibited by GTP and ATP. Activating mutations in this gene are a common cause of congenital hyperinsulinism. Alternative splicing of this gene results in multiple transcript variants. The related glutamate dehydrogenase 2 gene on the human X-chromosome originated from this gene via retrotransposition and encodes a soluble form of glutamate dehydrogenase. Related pseudogenes have been identified on chromosomes 10, 18 and X. [provided by RefSeq, Jan 2016]",,GLUD1,http://edrn.jpl.nasa.gov/bmdb/biomarkers/view/678,P00367
BM00500,GM2A,proteomic,Ovary,2,"From NCBI Gene: This gene encodes a small glycolipid transport protein which acts as a substrate specific co-factor for the lysosomal enzyme beta-hexosaminidase A. Beta-hexosaminidase A, together with GM2 ganglioside activator, catalyzes the degradation of the ganglioside GM2, and other molecules containing terminal N-acetyl hexosamines. Mutations in this gene result in GM2-gangliosidosis type AB or the AB variant of Tay-Sachs disease. Alternative splicing results in multiple transcript variants. [provided by RefSeq, Nov 2009]",,GM2A,http://edrn.jpl.nasa.gov/bmdb/biomarkers/view/136,P17900
BM00501,GNAS,proteomic,Pancreas,2,"From NCBI Gene: This locus has a highly complex imprinted expression pattern. It gives rise to maternally, paternally, and biallelically expressed transcripts that are derived from four alternative promoters and 5' exons. Some transcripts contain a differentially methylated region (DMR) at their 5' exons, and this DMR is commonly found in imprinted genes and correlates with transcript expression. An antisense transcript is produced from an overlapping locus on the opposite strand. One of the transcripts produced from this locus, and the antisense transcript, are paternally expressed noncoding RNAs, and may regulate imprinting in this region. In addition, one of the transcripts contains a second overlapping ORF, which encodes a structurally unrelated protein - Alex. Alternative splicing of downstream exons is also observed, which results in different forms of the stimulatory G-protein alpha subunit, a key element of the classical signal transduction pathway linking receptor-ligand interactions with the activation of adenylyl cyclase and a variety of cellular reponses. Multiple transcript variants encoding different isoforms have been found for this gene. Mutations in this gene result in pseudohypoparathyroidism type 1a, pseudohypoparathyroidism type 1b, Albright hereditary osteodystrophy, pseudopseudohypoparathyroidism, McCune-Albright syndrome, progressive osseus heteroplasia, polyostotic fibrous dysplasia of bone, and some pituitary tumors. [provided by RefSeq, Aug 2012]",,GNAS,http://edrn.jpl.nasa.gov/bmdb/biomarkers/view/1108,P84996
BM00502,GNB4,proteomic,Breast,2,"GNB4 is the beta subunit of a heterotrimeric guanine nucleotide-binding protein (G protein). These proteins also have alpha and gamma subunits.  GNB4 and other beta subunits are important regulators of alpha subunits, as well as of certain signal transduction receptors and effectors. Each type of subunit is encoded by families of related genes.",,GNB4,http://edrn.jpl.nasa.gov/bmdb/biomarkers/view/918,Q9HAV0
BM00503,GNB5,genomic,Prostate,1,"From NCBI Gene: Heterotrimeric guanine nucleotide-binding proteins (G proteins), which integrate signals between receptors and effector proteins, are composed of an alpha, a beta, and a gamma subunit. These subunits are encoded by families of related genes. This gene encodes a beta subunit. Beta subunits are important regulators of alpha subunits, as well as of certain signal transduction receptors and effectors. Alternatively spliced transcript variants encoding different isoforms exist. [provided by RefSeq, Jul 2008]",,GNB5,http://edrn.jpl.nasa.gov/bmdb/biomarkers/view/679,O14775
BM00504,GNPDA1,proteomic,Breast,1,"From NCBI Gene: Glucosamine-6-phosphate deaminase (EC 3.5.99.6) is an allosteric enzyme that catalyzes the reversible conversion of D-glucosamine-6-phosphate into D-fructose-6-phosphate and ammonium (Arreola et al., 2003 [PubMed 12965206]).[supplied by OMIM, Jan 2010]",,GNPDA1,http://edrn.jpl.nasa.gov/bmdb/biomarkers/view/1509,P46926
BM00505,GP73,proteomic,"Liver, Prostate",2,"The Golgi complex plays a key role in the sorting and modification of proteins exported from the endoplasmic reticulum. GP73 is a type II Golgi transmembrane protein. It processes proteins synthesized in the rough endoplasmic reticulum and assists in the transport of protein cargo through the Golgi apparatus. The expression of the GP73 gene has been observed to be upregulated in response to viral infection. Alternatively spliced transcript variants encoding the same protein have been described for this gene.
Kladeny, RD. et al. 2000, found significant up-regulation of GOLPH2 expression in human hepatocyte cells infected with a recombinant adenovirus. EDRN investigator Block, TM et al. 2005, found that GP73 over-expression in serum correlate with liver cancer in woodchucks and humans. Chinnayian's lab reported that GP73 transcript was over-expressed in prostate cancer patients urine sediment (Laxman B. et al. 2008).",,GOLM1,http://edrn.jpl.nasa.gov/bmdb/biomarkers/view/86,Q8NBJ4
BM00506,GPANK1,proteomic,Breast,2,"GPANK1, also known as BAT4, is part of a cluster of genes, BAT1-BAT5.  These genes are HLA-B associated transcripts, and are included in the human major histocompatibility complex class III region.  The BAT4 protein is thought to be involved in some aspect of immunity.  Multiple alternatively spliced variants, encoding the same protein, have been identified.",,GPANK1,http://edrn.jpl.nasa.gov/bmdb/biomarkers/view/524,O95872
BM00507,GPI,proteomic,Breast,3,"From NCBI Gene: This gene encodes a member of the glucose phosphate isomerase protein family. The encoded protein has been identified as a moonlighting protein based on its ability to perform mechanistically distinct functions. In the cytoplasm, the gene product functions as a glycolytic enzyme (glucose-6-phosphate isomerase) that interconverts glucose-6-phophsate and fructose-6-phosphate. Extracellularly, the encoded protein (also referred to as neuroleukin) functions as a neurotrophic factor that promotes survival of skeletal motor neurons and sensory neurons, and as a lymphokine that induces immunoglobulin secretion. The encoded protein is also referred to as autocrine motility factor based on an additional function as a tumor-secreted cytokine and angiogenic factor. Defects in this gene are the cause of nonspherocytic hemolytic anemia and a severe enzyme deficiency can be associated with hydrops fetalis, immediate neonatal death and neurological impairment. Alternative splicing results in multiple transcript variants. [provided by RefSeq, Jan 2014]",,GPI,http://edrn.jpl.nasa.gov/bmdb/biomarkers/view/1039,P06744
BM00508,GPKOW,proteomic,Breast,2,"GPKOW is a a putative RNA-binding protein containing G-patch and KOW (Kyprides, Ouzounis, Woese) domains. GPKOW     interacts directly with protein kinase A and protein kinase X and is also found associated with the spliceosome.",,GPKOW,http://edrn.jpl.nasa.gov/bmdb/biomarkers/view/919,Q92917
BM00509,GPM6B,proteomic,"Ovary, Prostate",2,GPM6B is a membrane glycoprotein belonging to the proteolipid protein family.  It is thought to be involved in neural development.  This protein family is expressed in the brain and may be involved in cellular housekeeping functions.  GPM6B is involved in the regulation of osteoblast function and bone formation and matrix vesicle release by osteoblasts.  GPM6B may be involved in cellular trafficking of SERT and thereby in regulation of serotonin uptake.,,GPM6B,http://edrn.jpl.nasa.gov/bmdb/biomarkers/view/376,Q13491
BM00510,GPNMB,genomic,Prostate,1,"From NCBI Gene: The protein encoded by this gene is a type I transmembrane glycoprotein which shows homology to the pMEL17 precursor, a melanocyte-specific protein. GPNMB shows expression in the lowly metastatic human melanoma cell lines and xenografts but does not show expression in the highly metastatic cell lines. GPNMB may be involved in growth delay and reduction of metastatic potential. Two transcript variants encoding different isoforms have been found for this gene. [provided by RefSeq, Jul 2008]",,GPNMB,http://edrn.jpl.nasa.gov/bmdb/biomarkers/view/680,Q14956
BM00511,GPR157,proteomic,Breast,1,"GPR157 is a multi-pass transmembrane G protein-coupled receptor protein.  GPR157 gene is conserved in chimpanzee, dog, cow, mouse, rat, chicken, zebrafish, and frog.",,GPR157,http://edrn.jpl.nasa.gov/bmdb/biomarkers/view/528,Q5UAW9
BM00512,GPR158,proteomic,Ovary,2,"From NCBI Gene: Predicted to enable G protein-coupled receptor activity. Predicted to act upstream of or within G protein-coupled receptor signaling pathway and protein localization to plasma membrane. Predicted to be located in membrane. [provided by Alliance of Genome Resources, Apr 2022]",,GPR158,http://edrn.jpl.nasa.gov/bmdb/biomarkers/view/172,Q5T848
BM00513,GPR172A,proteomic,Breast,2,"From NCBI Gene: This gene encodes a membrane protein which belongs to the riboflavin transporter family. In humans, riboflavin must be obtained by intestinal absorption because it cannot be synthesized by the body. The water-soluble vitamin riboflavin is processed to the coenzymes flavin mononucleotide (FMN) and flavin adenine dinucleotide (FAD) which then act as intermediaries in many cellular metabolic reactions. Paralogous members of the riboflavin transporter gene family are located on chromosomes 17 and 20. Unlike other members of this family, this gene has higher expression in brain tissue than small intestine. Alternative splicing of this gene results in multiple transcript variants encoding the same protein. Mutations in this gene have been associated with Brown-Vialetto-Van Laere syndrome 2 - an autosomal recessive progressive neurologic disorder characterized by deafness, bulbar dysfunction, and axial and limb hypotonia. [provided by RefSeq, Jul 2012]",,SLC52A2,http://edrn.jpl.nasa.gov/bmdb/biomarkers/view/1184,Q9HAB3
BM00514,GPR39,proteomic,Ovary,2,"The GPR39 (a multi-pass cell membrane protein) receptor mediates its action by association with G proteins that activate a phosphatidylinositol-calcium second messenger system. Its effect is mediated mainly through G(q)-alpha and G(12)/G(13) proteins. GPR39 is involved in regulation of body weight, gastrointestinal mobility, hormone secretion and cell death. It is expressed in many tissues, including the stomach, intestine and hypothalamus.",,GPR39,http://edrn.jpl.nasa.gov/bmdb/biomarkers/view/149,O43194
BM00515,GPR65,proteomic,Ovary,2,"GPR65, a member of the G-protein coupled receptor 1 family, is a receptor for the glycosphingolipid psychosine (PSY) and several related glycosphingolipids. GPR65 may have a role in activation-induced cell death or differentiation of T-cells.  It is expressed in thymus, spleen, lymph nodes, small intestine, lung, placenta and peripheral blood leukocytes.",,GPR65,http://edrn.jpl.nasa.gov/bmdb/biomarkers/view/378,Q8IYL9
BM00516,GPRASP1,proteomic,Breast,3,"From NCBI Gene: This gene encodes a member of the GPRASP (G protein-coupled receptor associated sorting protein) family. The protein may modulate lysosomal sorting and functional down-regulation of a variety of G-protein coupled receptors. It targets receptors for degradation in lysosomes. The receptors interacting with this sorting protein include D2 dopamine receptor (DRD2), delta opioid receptor (OPRD1), beta-2 adrenergic receptor (ADRB2), D4 dopamine receptor (DRD4) and cannabinoid 1 receptor (CB1R). Multiple alternatively spliced transcript variants encoding the same protein have been identified. [provided by RefSeq, May 2010]",,GPRASP1,http://edrn.jpl.nasa.gov/bmdb/biomarkers/view/1158,Q5JY77
BM00517,GPX1,genomic,Lung,2,"The GPX1 gene product, glutathione peroxidase 1, is a member of the glutathione peroxidase family.  Family members are involved in the detoxification of hydrogen peroxide.   Glutathione peroxidase is one of the most important antioxidant enzymes in humans.  The GPX1 protein is one of only a few proteins known in higher vertebrates to contain selenocysteine, which occurs at the active site of glutathione peroxidase and is coded by UGA, that normally functions as a translation termination codon. In addition, this protein is characterized in a polyalanine sequence polymorphism in the N-terminal region, which includes three alleles with five, six or seven alanine (ALA) repeats in this sequence. The allele with five ALA repeats is significantly associated with breast cancer risk. Two alternatively spliced transcript variants encoding distinct isoforms have been found for this gene.",,GPX1,http://edrn.jpl.nasa.gov/bmdb/biomarkers/view/437,
BM00518,GPX3,genomic,Lung,2,"The GPX3 gene product, glutathione peroxidase 3, is a member of the glutathione peroxidase family.  Family members are involved in the detoxification of hydrogen peroxide.   Glutathione peroxidase is one of the most important antioxidant enzymes in humans.  The GPX3 protein is one of only a few proteins known in higher vertebrates to contain selenocysteine, which occurs at the active site of glutathione peroxidase and is coded by UGA, that normally functions as a translation termination codon. Selenoprotein mRNAs contain a conserved secondary structure in the 3' UTR that is required for the distinction of UGA stop from UGA selenocysteine. The selenocysteine insertion sequence (SECIS) is around 60 nt in length and adopts a hairpin structure which is sufficiently well-defined and conserved to act as a computational screen for selenoprotein genes.",,GPX3,http://edrn.jpl.nasa.gov/bmdb/biomarkers/view/438,
BM00519,GRN,proteomic,Ovary,2,"Granulins are a family of secreted, glycosylated peptides that are cleaved from a single precursor protein with 7.5 repeats of a highly conserved 12-cysteine granulin/epithelin motif. The 88 kDa precursor protein, progranulin, is also called proepithelin and PC cell-derived growth factor. Cleavage of the signal peptide produces mature granulin which can be further cleaved into a variety of active, 6 kDa peptides. These smaller cleavage products are named granulin A, granulin B, granulin C, etc. Epithelins 1 and 2 are synonymous with granulins A and B, respectively. Both the peptides and intact granulin protein regulate cell growth. However, different members of the granulin protein family may act as inhibitors, stimulators, or have dual actions on cell growth. Granulin family members are important in normal development, wound healing, inflammation, tissue remodeling and tumorigenesis. Granulins have possible cytokine-like activity.",,GRN,http://edrn.jpl.nasa.gov/bmdb/biomarkers/view/154,P28799
BM00520,GSN,proteomic,Breast,1,"From NCBI Gene: The protein encoded by this gene binds to the ""plus"" ends of actin monomers and filaments to prevent monomer exchange. The encoded calcium-regulated protein functions in both assembly and disassembly of actin filaments. Defects in this gene are a cause of familial amyloidosis Finnish type (FAF). Multiple transcript variants encoding several different isoforms have been found for this gene. [provided by RefSeq, Jul 2008]",,GSN,http://edrn.jpl.nasa.gov/bmdb/biomarkers/view/1510,P06396
BM00521,GSS,proteomic,Breast,1,"From NCBI Gene: Glutathione is important for a variety of biological functions, including protection of cells from oxidative damage by free radicals, detoxification of xenobiotics, and membrane transport. The protein encoded by this gene functions as a homodimer to catalyze the second step of glutathione biosynthesis, which is the ATP-dependent conversion of gamma-L-glutamyl-L-cysteine to glutathione. Defects in this gene are a cause of glutathione synthetase deficiency. [provided by RefSeq, Jul 2008]",,GSS,http://edrn.jpl.nasa.gov/bmdb/biomarkers/view/1511,P48637
BM00522,GSTA1,genomic,Prostate,1,"From NCBI Gene: This gene encodes a member of a family of enzymes that function to add glutathione to target electrophilic compounds, including carcinogens, therapeutic drugs, environmental toxins, and products of oxidative stress. This action is an important step in detoxification of these compounds. This subfamily of enzymes has a particular role in protecting cells from reactive oxygen species and the products of peroxidation. Polymorphisms in this gene influence the ability of individuals to metabolize different drugs. This gene is located in a cluster of similar genes and pseudogenes on chromosome 6. Alternative splicing results in multiple transcript variants. [provided by RefSeq, Jan 2016]",,GSTA1,http://edrn.jpl.nasa.gov/bmdb/biomarkers/view/681,P08263
BM00523,GSTM1,proteomic,Breast,3,"From NCBI Gene: Cytosolic and membrane-bound forms of glutathione S-transferase are encoded by two distinct supergene families. At present, eight distinct classes of the soluble cytoplasmic mammalian glutathione S-transferases have been identified: alpha, kappa, mu, omega, pi, sigma, theta and zeta. This gene encodes a glutathione S-transferase that belongs to the mu class. The mu class of enzymes functions in the detoxification of electrophilic compounds, including carcinogens, therapeutic drugs, environmental toxins and products of oxidative stress, by conjugation with glutathione. The genes encoding the mu class of enzymes are organized in a gene cluster on chromosome 1p13.3 and are known to be highly polymorphic. These genetic variations can change an individual's susceptibility to carcinogens and toxins as well as affect the toxicity and efficacy of certain drugs. Null mutations of this class mu gene have been linked with an increase in a number of cancers, likely due to an increased susceptibility to environmental toxins and carcinogens. Multiple protein isoforms are encoded by transcript variants of this gene. [provided by RefSeq, Jul 2008]",,GSTM1,http://edrn.jpl.nasa.gov/bmdb/biomarkers/view/1040,P09488
BM00524,GSTM2,proteomic,Breast,3,"From NCBI Gene: Cytosolic and membrane-bound forms of glutathione S-transferase are encoded by two distinct supergene families. At present, eight distinct classes of the soluble cytoplasmic mammalian glutathione S-transferases have been identified: alpha, kappa, mu, omega, pi, sigma, theta and zeta. This gene encodes a glutathione S-transferase that belongs to the mu class. The mu class of enzymes functions in the detoxification of electrophilic compounds, including carcinogens, therapeutic drugs, environmental toxins and products of oxidative stress, by conjugation with glutathione. The genes encoding the mu class of enzymes are organized in a gene cluster on chromosome 1p13.3 and are known to be highly polymorphic. These genetic variations can change an individual's susceptibility to carcinogens and toxins as well as affect the toxicity and efficacy of certain drugs. [provided by RefSeq, Jul 2008]",,GSTM2,http://edrn.jpl.nasa.gov/bmdb/biomarkers/view/1041,P28161
BM00525,GSTM3,genomic,"Breast, Lung",2,"The GSTM3 gene product is glutathione S-transferase mu 3. Cytosolic and membrane-bound forms of glutathione S-transferase are encoded by two distinct supergene families. At present, eight distinct classes of the soluble cytoplasmic mammalian glutathione S-transferases have been identified: alpha, kappa, mu, omega, pi, sigma, theta and zeta. This gene encodes a glutathione S-transferase that belongs to the mu class. The mu class of enzymes functions in the detoxification of electrophilic compounds, including carcinogens, therapeutic drugs, environmental toxins and products of oxidative stress, by conjugation with glutathione. The genes encoding the mu class of enzymes are organized in a gene cluster on chromosome 1p13.3 and are known to be highly polymorphic. These genetic variations can change an individual's susceptibility to carcinogens and toxins as well as affect the toxicity and efficacy of certain drugs. Mutations of this class mu gene have been linked with a slight increase in a number of cancers, likely due to exposure with environmental toxins. Alternative splicing results in multiple transcript variants.",,GSTM3,http://edrn.jpl.nasa.gov/bmdb/biomarkers/view/439,P21266
BM00526,GSTP1,genomic,"Liver, Lung, Prostate",1,"Glutathione S-transferases are a family of enzymes that play an important role in detoxification by catalyzing the conjugation of many hydrophobic and electrophilic compounds with reduced glutathione. Based on their biochemical, immunologic, and structural properties, the mammalian cytosolic GSTs are divided into several classes, including alpha, mu, kappa, theta, pi, omega, and zeta. In addition, there is a class of microsomal GSTs. Each class is encoded by a single gene or a gene family.
Promoter hypermethylation is an alternative pathway for gene silencing in neoplastic cells and a promising cancer detection marker. Quantitative methylation-specific PCR (QMSP) of the GSTP1 promoter has demonstrated near perfect specificity for cancer detection in prostate biopsies. Identification and characterization of additional methylation markers might further improve its high (80-90%) sensitivity.  Studies have shown that methylation levels of GSTP1, APC, and RASSF1A are associated with advanced grade and stage. QMSP may augment the pathologic indicators currently used to predict tumor aggressiveness.",,GSTP1,http://edrn.jpl.nasa.gov/bmdb/biomarkers/view/116,P09211
BM00527,GSTT1,genomic,Lung,2,"The GSTT1 gene encodes glutathione S-transferase theta 1, a member of a superfamily of proteins that catalyze the conjugation of reduced glutathione to a variety of electrophilic and hydrophobic compounds.  This group of proteins can be subdivided into five main classes: alpha, mu, pi, theta, and zeta. The theta class includes GSTT1 and GSTT2. The GSTT1 and GSTT2 share 55% amino acid sequence identity and both of them were claimed to have an important role in human carcinogenesis. The GSTT1 gene is located approximately 50kb away from the GSTT2 gene. The GSTT1 and GSTT2 genes have a similar structure, being composed of five exons with identical exon/intron boundaries.  GSTT1 is found in erythrocytes and is expressed at low levels in liver. In lung, it is expressed at low levels in Clara cells and ciliated cells at the alveolar/bronchiolar junction. It is absent from epithelial cells of larger bronchioles.",,GSTT1,http://edrn.jpl.nasa.gov/bmdb/biomarkers/view/440,P30711
BM00528,GSTZ1,genomic,Lung,2,"The GSTZ1 gene product, glutathione transferase zeta 1, is a member of the glutathione S-transferase (GSTs) super-family which encodes multifunctional enzymes important in the detoxification of electrophilic molecules, including carcinogens, mutagens, and several therapeutic drugs, by conjugation with glutathione.  GSTZ1 is also involved in the catabolism of phenylalanine and tyrosine. Thus defects in this enzyme may lead to severe metabolic disorders including alkaptonuria, phenylketonuria and tyrosinaemia. Several transcript variants of this gene encode multiple protein isoforms.",,GSTZ1,http://edrn.jpl.nasa.gov/bmdb/biomarkers/view/441,O43708
BM00529,GTF2A2,proteomic,Breast,2,"From NCBI Gene: Accurate transcription initiation on TATA-containing class II genes involves the ordered assembly of RNA polymerase II (POLR2A; MIM 180660) and the general initiation factors TFIIA, TFIIB (MIM 189963), TFIID (MIM 313650), TFIIE (MIM 189962), TFIIF (MIM 189968), TFIIG/TFIIJ, and TFIIH (MIM 189972). The first step involves recognition of the TATA element by the TATA-binding subunit (TBP; MIM 600075) and may be regulated by TFIIA, a factor that interacts with both TBP and a TBP-associated factor (TAF; MIM 600475) in TFIID. TFIIA has 2 subunits (43 and 12 kD) in yeast and 3 subunits in higher eukaryotes. In HeLa extracts, it consists of a 35-kD alpha subunit and a 19-kD beta subunit encoded by the N- and C-terminal regions of GTF2A1 (MIM 600520), respectively, and a 12-kD gamma subunit encoded by GTF2A2 (DeJong et al., 1995 [PubMed 7724559]).[supplied by OMIM, Mar 2008]",,GTF2A2,http://edrn.jpl.nasa.gov/bmdb/biomarkers/view/1333,P52657
BM00530,H1-2,genomic,Prostate,1,"This gene was formerly known as HIST1H1C. From NCBI Gene: Histones are basic nuclear proteins responsible for nucleosome structure of the chromosomal fiber in eukaryotes. Two molecules of each of the four core histones (H2A, H2B, H3, and H4) form an octamer, around which approximately 146 bp of DNA is wrapped in repeating units, called nucleosomes. The linker histone, H1, interacts with linker DNA between nucleosomes and functions in the compaction of chromatin into higher order structures. This gene is intronless and encodes a replication-dependent histone that is a member of the histone H1 family. Transcripts from this gene lack polyA tails but instead contain a palindromic termination element. This gene is found in the large histone gene cluster on chromosome 6. [provided by RefSeq, Aug 2015]",,H1-2,http://edrn.jpl.nasa.gov/bmdb/biomarkers/view/682,P16403
BM00531,H2AC1,proteomic,Ovary,2,"This gene was formerly known as HIST1H2AA. From NCBI Gene: Histones are basic nuclear proteins that are responsible for the nucleosome structure of the chromosomal fiber in eukaryotes. Nucleosomes consist of approximately 146 bp of DNA wrapped around a histone octamer composed of pairs of each of the four core histones (H2A, H2B, H3, and H4). The chromatin fiber is further compacted through the interaction of a linker histone, H1, with the DNA between the nucleosomes to form higher order chromatin structures. This gene is intronless and encodes a replication-dependent histone that is a member of the histone H2A family. Transcripts from this gene contain a palindromic termination element. [provided by RefSeq, Aug 2015]",,H2AC1,http://edrn.jpl.nasa.gov/bmdb/biomarkers/view/205,Q96QV6
BM00532,H2AFJ,proteomic,Ovary,2,"H2AFJ is a core component of the nucleosome. The nucleosome is a histone octamer containing two molecules each of H2A, H2B, H3 and H4 assembled in one H3-H4 heterotetramer and two H2A-H2B heterodimers. Nucleosomes wrap and compact DNA into chromatin, limiting DNA accessibility to the cellular machineries which require DNA as a template (the octamer wraps approximately 147 bp of DNA). Histones thereby play a central role in transcription regulation, DNA repair, DNA replication and chromosomal stability. DNA accessibility is regulated via a complex set of post-translational modifications of histones, also called histone code, and nucleosome remodeling.",,H2AFJ,http://edrn.jpl.nasa.gov/bmdb/biomarkers/view/203,Q9BTM1
BM00533,H2AZ2,proteomic,Ovary,2,"H2AZ2 was previously known as H2AFV.  Histones are basic nuclear proteins that are responsible for the nucleosome structure of the chromosomal fiber in eukaryotes. Nucleosomes consist of approximately 146 bp of DNA wrapped around a histone octamer composed of pairs of each of the four core histones (H2A, H2B, H3, and H4). The chromatin fiber is further compacted through the interaction of a linker histone, H1, with the DNA between the nucleosomes to form higher order chromatin structures. This gene encodes a replication-independent histone that is a member of the histone H2A family. Several transcript variants encoding different isoforms, have been identified for this gene. [provided by RefSeq, Oct 2015]",,H2AZ2,http://edrn.jpl.nasa.gov/bmdb/biomarkers/view/204,Q71UI9
BM00534,H2BC10,genomic,Prostate,1,"This gene was formerly known as HIST1H2BI.  From NCBI Gene: Histones are basic nuclear proteins that are responsible for the nucleosome structure of the chromosomal fiber in eukaryotes. Two molecules of each of the four core histones (H2A, H2B, H3, and H4) form an octamer, around which approximately 146 bp of DNA is wrapped in repeating units, called nucleosomes. The linker histone, H1, interacts with linker DNA between nucleosomes and functions in the compaction of chromatin into higher order structures. This gene is intronless and encodes a replication-dependent histone that is a member of the histone H2B family. The protein has antibacterial and antifungal antimicrobial activity. Transcripts from this gene lack polyA tails but instead contain a palindromic termination element. This gene is found in the large histone gene cluster on chromosome 6. [provided by RefSeq, Aug 2015]",,H2BC10,http://edrn.jpl.nasa.gov/bmdb/biomarkers/view/1012,
BM00535,H2BC4,genomic,Prostate,1,"This gene was formerly known as HIST1H2BC.  From NCBI Gene: Histones are basic nuclear proteins that are responsible for the nucleosome structure of the chromosomal fiber in eukaryotes. Two molecules of each of the four core histones (H2A, H2B, H3, and H4) form an octamer, around which approximately 146 bp of DNA is wrapped in repeating units, called nucleosomes. The linker histone, H1, interacts with linker DNA between nucleosomes and functions in the compaction of chromatin into higher order structures. The protein has antibacterial and antifungal antimicrobial activity. The main transcript variant of this gene is intronless and encodes a replication-dependent histone that is a member of the histone H2B family. This transcript variant lacks a polyA tail but instead contains a palindromic termination element. This gene is found in the large histone gene cluster on chromosome 6. [provided by RefSeq, Apr 2020]",,H2BC4,http://edrn.jpl.nasa.gov/bmdb/biomarkers/view/683,P62807
BM00536,H2BC6,genomic,Prostate,1,"This gene was formerly known as HIST1H2BE.  From NCBI Gene: Histones are basic nuclear proteins that are responsible for the nucleosome structure of the chromosomal fiber in eukaryotes. Nucleosomes consist of approximately 146 bp of DNA wrapped around a histone octamer composed of pairs of each of the four core histones (H2A, H2B, H3, and H4). The chromatin fiber is further compacted through the interaction of a linker histone, H1, with the DNA between the nucleosomes to form higher order chromatin structures. This gene is intronless and encodes a replication-dependent histone that is a member of the histone H2B family. Two transcripts that encode the same protein have been identified for this gene, which is found in the large histone gene cluster on chromosome 6p22-p21.3. [provided by RefSeq, Aug 2015]",,H2BC6,http://edrn.jpl.nasa.gov/bmdb/biomarkers/view/1010,
BM00537,H2BC7,genomic,Prostate,1,"This gene was formerly known as HIST1H2BF.  From NCBI Gene: Histones are basic nuclear proteins that are responsible for the nucleosome structure of the chromosomal fiber in eukaryotes. Two molecules of each of the four core histones (H2A, H2B, H3, and H4) form an octamer, around which approximately 146 bp of DNA is wrapped in repeating units, called nucleosomes. The linker histone, H1, interacts with linker DNA between nucleosomes and functions in the compaction of chromatin into higher order structures. This gene is intronless and encodes a replication-dependent histone that is a member of the histone H2B family. The protein has antibacterial and antifungal antimicrobial activity. Transcripts from this gene lack polyA tails but instead contain a palindromic termination element. This gene is found in the large histone gene cluster on chromosome 6. [provided by RefSeq, Aug 2015]",,H2BC7,http://edrn.jpl.nasa.gov/bmdb/biomarkers/view/684,
BM00538,H2BC8,genomic,Prostate,1,"This gene was formerly known as HIST1H2BG.  From NCBI Gene:  Histones are basic nuclear proteins that are responsible for the nucleosome structure of the chromosomal fiber in eukaryotes. Nucleosomes consist of approximately 146 bp of DNA wrapped around a histone octamer composed of pairs of each of the four core histones (H2A, H2B, H3, and H4). The chromatin fiber is further compacted through the interaction of a linker histone, H1, with the DNA between the nucleosomes to form higher order chromatin structures. The protein has antibacterial and antifungal antimicrobial activity. This gene is intronless and encodes a replication-dependent histone that is a member of the histone H2B family. Transcripts from this gene lack polyA tails; instead, they contain a palindromic termination element. This gene is found in the large histone gene cluster on chromosome 6p22-p21.3. [provided by RefSeq, Aug 2015]",,H2BC8,http://edrn.jpl.nasa.gov/bmdb/biomarkers/view/1011,
BM00539,H2BC9,genomic,Prostate,1,"This gene was formerly known as HIST1H2BH.  From NCBI Gene: Histones are basic nuclear proteins that are responsible for the nucleosome structure of the chromosomal fiber in eukaryotes. Two molecules of each of the four core histones (H2A, H2B, H3, and H4) form an octamer, around which approximately 146 bp of DNA is wrapped in repeating units, called nucleosomes. The linker histone, H1, interacts with linker DNA between nucleosomes and functions in the compaction of chromatin into higher order structures. This gene is intronless and encodes a replication-dependent histone that is a member of the histone H2B family. Transcripts from this gene lack polyA tails but instead contain a palindromic termination element. This gene is found in the large histone gene cluster on chromosome 6. [provided by RefSeq, Aug 2015]",,H2BC9,http://edrn.jpl.nasa.gov/bmdb/biomarkers/view/685,Q93079
BM00540,HACD3,proteomic,Breast,1,"From UniProtKB: Catalyzes the third of the four reactions of the long-chain fatty acids elongation cycle. This endoplasmic reticulum-bound enzymatic process, allows the addition of two carbons to the chain of long- and very long-chain fatty acids/VLCFAs per cycle. This enzyme catalyzes the dehydration of the 3-hydroxyacyl-CoA intermediate into trans-2,3-enoyl-CoA, within each cycle of fatty acid elongation. Thereby, it participates in the production of VLCFAs of different chain lengths that are involved in multiple biological processes as precursors of membrane lipids and lipid mediators. May be involved in Rac1-signaling pathways leading to the modulation of gene expression. Promotes insulin receptor/INSR autophosphorylation and is involved in INSR internalization (PubMed:25687571).",,HACD3,http://edrn.jpl.nasa.gov/bmdb/biomarkers/view/1512,Q9P035
BM00541,Halling 4 marker LAVysion lung cancer probe set,genomic,Lung,1,"This panel is comprised of the commercially available LAVysion probe set, Abbott Molecular, Des Plaines, IL.  This panel was used by Halling, et al, to compare conventional cytology to FISH in the detection of centrally and peripherally located early and late stage lung cancers in bronchial brushing and washing specimens obtained from patients undergoing bronchoscopy for suspected lung cancer.	The panel is comprised of 5p15, 7p12 (EGFR), 8q24 (C-MYC), and CEP6.",,,http://edrn.jpl.nasa.gov/bmdb/biomarkers/view/502,
BM00542,HAMP,proteomic,Ovary,3,"HEPC, also known as HAMP, is involved in the maintenance of iron homeostasis, and it is necessary for the regulation of iron storage in macrophages, and for intestinal iron absorption. The preproprotein is post-translationally cleaved into mature peptides of 20, 22 and 25 amino acids, and these active peptides are rich in cysteines, which form intramolecular bonds that stabilize their beta-sheet structures. These peptides exhibit antimicrobial activity. Mutations in this gene cause hemochromatosis type 2B, also known as juvenile hemochromatosis, a disease caused by severe iron overload that results in cardiomyopathy, cirrhosis, and endocrine failure.",,HAMP,http://edrn.jpl.nasa.gov/bmdb/biomarkers/view/68,P81172
BM00543,Hanash 3 marker panel for Lung Cancer,proteomic,Lung,1,"The EDRN validation study (""Validation of Protein Markers for Lung Cancer Using CARET Sera and Proteomics Techniques"") presents evidence for the occurrence in lung cancer sera of autoantibodies to annexin 1, 14-3-3 theta and LAMR1, which precede the onset of symptoms and diagnosis.  The combined AUC for these three antigens in CARET pre-clinical lung cancer sera vs. matched controls was 0.73. While autoantibodies to various cancer antigens have been reported in newly diagnosed lung cancer patient sera, an important aspect of this study is testing for occurrence of autoantibodies in pre-diagnostic sera and demonstration of significant autoantibody reactivity against LAMR1, annexin 1 and 14-3-3 theta.",,,http://edrn.jpl.nasa.gov/bmdb/biomarkers/view/39,
BM00544,HAPLN1,proteomic,"Lung, Ovary",2,This widely expressed protein stabilizes the aggregates of proteoglycan monomers with hyaluronic acid in the extracellular cartilage matrix.,,HAPLN1,http://edrn.jpl.nasa.gov/bmdb/biomarkers/view/30,P10915
BM00545,Haptoglobin-related glycoprotein,proteomic,Colon,3,"A major circulating ligand for galectin-3, which is elevated in the sera of patients with colon cancer, is a cancer-associated glycoform of haptoglobin. In colon cancer sera, the galectin-3 ligand is a novel 40-kilodalton ligand with expression 10- to 30-fold higher in patients with colon cancer than in healthy subjects. The purified 40-kilodalton ligand was identified as haptoglobin beta subunit. Colon cancer sera had only a modest increase in total haptoglobin as compared with healthy subjects, suggesting that the structure rather than the amount of haptoglobin is altered in patients with colon cancer. Immunohistochemical staining confirmed the absence of haptoglobin in normal colon and the ectopic expression of haptoglobin in colon cancers and adenomatous polyps.",,,http://edrn.jpl.nasa.gov/bmdb/biomarkers/view/97,
BM00546,HBB,proteomic,Breast,1,"From NCBI Gene: The alpha (HBA) and beta (HBB) loci determine the structure of the 2 types of polypeptide chains in adult hemoglobin, Hb A. The normal adult hemoglobin tetramer consists of two alpha chains and two beta chains. Mutant beta globin causes sickle cell anemia. Absence of beta chain causes beta-zero-thalassemia. Reduced amounts of detectable beta globin causes beta-plus-thalassemia. The order of the genes in the beta-globin cluster is 5'-epsilon -- gamma-G -- gamma-A -- delta -- beta--3'. [provided by RefSeq, Jul 2008]",,HBB,http://edrn.jpl.nasa.gov/bmdb/biomarkers/view/1513,P68871
BM00547,HE4,proteomic,Ovary,3,"11 kDa protein that is a precursor to the epididymal secretory protein HE4; an inhibitor of an as yet unidentified protease.  Highly expressed in a number of tumors cells lines, such ovarian, colon, breast, lung and renal cells lines.",,WFDC2,http://edrn.jpl.nasa.gov/bmdb/biomarkers/view/24,Q14508
BM00548,HE4 (by CBSI from serum),proteomic,Lung,3,Biomarker for the early detection of lung cancer in the setting of indeterminate pulmonary nodules.,,,http://edrn.jpl.nasa.gov/bmdb/biomarkers/view/1294,
BM00549,HEXIM1,proteomic,Breast,2,HEXIM1 is an intronless transcriptional regulator which functions as a general RNA polymerase II transcription inhibitor. HEXIM1 expression is induced by hexamethylene-bis-acetamide in vascular smooth muscle cells.,,HEXIM1,http://edrn.jpl.nasa.gov/bmdb/biomarkers/view/920,O94992
BM00550,HFE2,proteomic,Lung,2,"HFE2, also known as RGM-C, is a member of the repulsive guidance molecule (RGM) family and is involved in iron metabolism.  HFE2 may act as a bone morphogenetic protein (BMP) coreceptor.  It is also thought to be a component of the signaling pathway which activates hepcidin or it may act as a modulator of hepcidin expression. It could also represent the cellular receptor for hepcidin. Alternatively spliced transcript variants encoding different isoforms have been identified for this gene.  Mutations in the HFE2 gene cause hemochromatosis type 2A, also called juvenile hemochromatosis (JH), an early-onset autosomal recessive disorder due to severe iron overload resulting in hypogonadotrophic hypogonadism, hepatic fibrosis or cirrhosis and cardiomyopathy, occurring typically before age of 30.",,HFE2,http://edrn.jpl.nasa.gov/bmdb/biomarkers/view/483,Q6ZVN8
BM00551,HGF,proteomic,"Breast, Liver",3,"From NCBI Gene: Hepatocyte growth factor regulates cell growth, cell motility, and morphogenesis by activating a tyrosine kinase signaling cascade after binding to the proto-oncogenic c-Met receptor. Hepatocyte growth factor is secreted by mesenchymal cells and acts as a multi-functional cytokine on cells of mainly epithelial origin. Its ability to stimulate mitogenesis, cell motility, and matrix invasion gives it a central role in angiogenesis, tumorogenesis, and tissue regeneration. It is secreted as a single inactive polypeptide and is cleaved by serine proteases into a 69-kDa alpha-chain and 34-kDa beta-chain. A disulfide bond between the alpha and beta chains produces the active, heterodimeric molecule. The protein belongs to the plasminogen subfamily of S1 peptidases but has no detectable protease activity. Alternative splicing of this gene produces multiple transcript variants encoding different isoforms. [provided by RefSeq, Jul 2008]",,HGF,http://edrn.jpl.nasa.gov/bmdb/biomarkers/view/1042,P14210
BM00552,HGFAC,proteomic,Breast,1,"From NCBI Gene: This gene encodes a member of the peptidase S1 protein family. The encoded protein is first synthesized as an inactive single-chain precursor before being activated to a heterodimeric form by endoproteolytic processing. It acts as serine protease that converts hepatocyte growth factor to the active form. Alternative splicing results in multiple transcript variants. [provided by RefSeq, Jul 2014]",,HGFAC,http://edrn.jpl.nasa.gov/bmdb/biomarkers/view/1514,Q04756
BM00553,HLA-C,proteomic,Breast,1,"From NCBI Gene: HLA-C belongs to the HLA class I heavy chain paralogues. This class I molecule is a heterodimer consisting of a heavy chain and a light chain (beta-2 microglobulin). The heavy chain is anchored in the membrane. Class I molecules play a central role in the immune system by presenting peptides derived from endoplasmic reticulum lumen. They are expressed in nearly all cells. The heavy chain is approximately 45 kDa and its gene contains 8 exons. Exon one encodes the leader peptide, exons 2 and 3 encode the alpha1 and alpha2 domain, which both bind the peptide, exon 4 encodes the alpha3 domain, exon 5 encodes the transmembrane region, and exons 6 and 7 encode the cytoplasmic tail. Polymorphisms within exon 2 and exon 3 are responsible for the peptide binding specificity of each class one molecule. Typing for these polymorphisms is routinely done for bone marrow and kidney transplantation. About 6000 HLA-C alleles have been described. The HLA system plays an important role in the occurrence and outcome of infectious diseases, including those caused by the malaria parasite, the human immunodeficiency virus (HIV), and the severe acute respiratory syndrome coronavirus (SARS-CoV). The structural spike and the nucleocapsid proteins of the novel coronavirus SARS-CoV-2, which causes coronavirus disease 2019 (COVID-19), are reported to contain multiple Class I epitopes with predicted HLA restrictions. Individual HLA genetic variation may help explain different immune responses to a virus across a population.[provided by RefSeq, Aug 2020]",,HLA-C,http://edrn.jpl.nasa.gov/bmdb/biomarkers/view/1515,P10321
BM00554,HLA-DRB1,proteomic,Breast,1,"From NCBI Gene: HLA-DRB1 belongs to the HLA class II beta chain paralogs. The class II molecule is a heterodimer consisting of an alpha (DRA) and a beta chain (DRB), both anchored in the membrane. It plays a central role in the immune system by presenting peptides derived from extracellular proteins. Class II molecules are expressed in antigen presenting cells. The beta chain is approximately 26-28 kDa. It is encoded by 6 exons. Exon one encodes the leader peptide; exons 2 and 3 encode the two extracellular domains; exon 4 encodes the transmembrane domain; and exon 5 encodes the cytoplasmic tail. Within the DR molecule the beta chain contains all the polymorphisms specifying the peptide binding specificities. Hundreds of DRB1 alleles have been described and some alleles have increased frequencies associated with certain diseases or conditions. For example, DRB1*1302 has been related to acute and chronic hepatitis B virus persistence. There are multiple pseudogenes of this gene. [provided by RefSeq, Jul 2020]",,HLA-DRB1,http://edrn.jpl.nasa.gov/bmdb/biomarkers/view/1516,P01911
BM00555,HLA-G,genomic,Prostate,1,"From NCBI Gene: HLA-G belongs to the HLA class I heavy chain paralogues. This class I molecule is a heterodimer consisting of a heavy chain and a light chain (beta-2 microglobulin). The heavy chain is anchored in the membrane. HLA-G is expressed on fetal derived placental cells. The heavy chain is approximately 45 kDa and its gene contains 8 exons. Exon one encodes the leader peptide, exons 2 and 3 encode the alpha1 and alpha2 domain, which both bind the peptide, exon 4 encodes the alpha3 domain, exon 5 encodes the transmembrane region, and exon 6 encodes the cytoplasmic tail. [provided by RefSeq, Jul 2008]",,HLA-G,http://edrn.jpl.nasa.gov/bmdb/biomarkers/view/686,P17693
BM00556,HLX AAb,proteomic,Breast,2,,,HLX-AAB,http://edrn.jpl.nasa.gov/bmdb/biomarkers/view/1334,
BM00557,HMGB1,proteomic,"Lung, Ovary",3,Nuclear protein HMGB1 is a DNA-binding protein that associates with chromatin and has the ability to bend DNA. It binds preferentially single-stranded DNA. HMGB1 is involved in V(D)J recombination by acting as a cofactor of the RAG complex. It acts by stimulating cleavage and RAG protein binding at the 23 bp spacer of conserved recombination signal sequences (RSS).,,HMGB1,http://edrn.jpl.nasa.gov/bmdb/biomarkers/view/206,P09429
BM00558,HNRNPD,genomic,Prostate,1,"From NCBI Gene: This gene belongs to the subfamily of ubiquitously expressed heterogeneous nuclear ribonucleoproteins (hnRNPs). The hnRNPs are nucleic acid binding proteins and they complex with heterogeneous nuclear RNA (hnRNA). These proteins are associated with pre-mRNAs in the nucleus and appear to influence pre-mRNA processing and other aspects of mRNA metabolism and transport. While all of the hnRNPs are present in the nucleus, some seem to shuttle between the nucleus and the cytoplasm. The hnRNP proteins have distinct nucleic acid binding properties. The protein encoded by this gene has two repeats of quasi-RRM domains that bind to RNAs. It localizes to both the nucleus and the cytoplasm. This protein is implicated in the regulation of mRNA stability. Alternative splicing of this gene results in four transcript variants. [provided by RefSeq, Jul 2008]",,HNRNPD,http://edrn.jpl.nasa.gov/bmdb/biomarkers/view/687,Q14103
BM00559,HNRNPL,genomic,Prostate,1,"From NCBI Gene: Heterogeneous nuclear RNAs (hnRNAs) which include mRNA precursors and mature mRNAs are associated with specific proteins to form heterogenous ribonucleoprotein (hnRNP) complexes. Heterogeneous nuclear ribonucleoprotein L is among the proteins that are stably associated with hnRNP complexes and along with other hnRNP proteins is likely to play a major role in the formation, packaging, processing, and function of mRNA. Heterogeneous nuclear ribonucleoprotein L is present in the nucleoplasm as part of the HNRP complex. HNRP proteins have also been identified outside of the nucleoplasm. Exchange of hnRNP for mRNA-binding proteins accompanies transport of mRNA from the nucleus to the cytoplasm. Since HNRP proteins have been shown to shuttle between the nucleus and the cytoplasm, it is possible that they also have cytoplasmic functions. Two transcript variants encoding different isoforms have been found for this gene. [provided by RefSeq, Jul 2008]",,HNRNPL,http://edrn.jpl.nasa.gov/bmdb/biomarkers/view/688,P14866
BM00560,HOXA4,genomic,Prostate,1,"From NCBI Gene: In vertebrates, the genes encoding the class of transcription factors called homeobox genes are found in clusters named A, B, C, and D on four separate chromosomes. Expression of these proteins is spatially and temporally regulated during embryonic development. This gene is part of the A cluster on chromosome 7 and encodes a DNA-binding transcription factor which may regulate gene expression, morphogenesis, and differentiation. [provided by RefSeq, Jul 2008]",,HOXA4,http://edrn.jpl.nasa.gov/bmdb/biomarkers/view/689,Q00056
BM00561,HOXA5,genomic,Prostate,1,"From NCBI Gene: In vertebrates, the genes encoding the class of transcription factors called homeobox genes are found in clusters named A, B, C, and D on four separate chromosomes. Expression of these proteins is spatially and temporally regulated during embryonic development. This gene is part of the A cluster on chromosome 7 and encodes a DNA-binding transcription factor which may regulate gene expression, morphogenesis, and differentiation. Methylation of this gene may result in the loss of its expression and, since the encoded protein upregulates the tumor suppressor p53, this protein may play an important role in tumorigenesis. [provided by RefSeq, Jul 2008]",,HOXA5,http://edrn.jpl.nasa.gov/bmdb/biomarkers/view/690,P20719
BM00562,HOXA7 methylation loci,genomic,Lung,3,Biomarker for the early detection of lung cancer in the setting of indeterminate pulmonary nodules.,,,http://edrn.jpl.nasa.gov/bmdb/biomarkers/view/1214,
BM00563,HOXA9,proteomic,"Head and Neck, Ovary, Prostate",2,"From NCBI Gene: In vertebrates, the genes encoding the class of transcription factors called homeobox genes are found in clusters named A, B, C, and D on four separate chromosomes. Expression of these proteins is spatially and temporally regulated during embryonic development. This gene is part of the A cluster on chromosome 7 and encodes a DNA-binding transcription factor which may regulate gene expression, morphogenesis, and differentiation. This gene is highly similar to the abdominal-B (Abd-B) gene of Drosophila. A specific translocation event which causes a fusion between this gene and the NUP98 gene has been associated with myeloid leukemogenesis. Read-through transcription exists between this gene and the upstream homeobox A10 (HOXA10) gene.[provided by RefSeq, Mar 2011]",,HOXA9,http://edrn.jpl.nasa.gov/bmdb/biomarkers/view/381,P31269
BM00564,HOXB13,genomic,Prostate,1,"From NCBI Gene: This gene encodes a transcription factor that belongs to the homeobox gene family. Genes of this family are highly conserved among vertebrates and essential for vertebrate embryonic development. This gene has been implicated to play a role in fetal skin development and cutaneous regeneration. In mice, a similar gene was shown to exhibit temporal and spatial colinearity in the main body axis of the embryo, but was not expressed in the secondary axes, which suggests functions in body patterning along the axis. This gene and other HOXB genes form a gene cluster at chromosome the 17q21-22 region. [provided by RefSeq, Jul 2008]",,HOXB13,http://edrn.jpl.nasa.gov/bmdb/biomarkers/view/691,Q92826
BM00565,HOXC6,genomic,Prostate,1,"From NCBI Gene: This gene belongs to the homeobox family, members of which encode a highly conserved family of transcription factors that play an important role in morphogenesis in all multicellular organisms. Mammals possess four similar homeobox gene clusters, HOXA, HOXB, HOXC and HOXD, which are located on different chromosomes and consist of 9 to 11 genes arranged in tandem. This gene, HOXC6, is one of several HOXC genes located in a cluster on chromosome 12. Three genes, HOXC5, HOXC4 and HOXC6, share a 5' non-coding exon. Transcripts may include the shared exon spliced to the gene-specific exons, or they may include only the gene-specific exons. Alternatively spliced transcript variants encoding different isoforms have been identified for HOXC6. Transcript variant two includes the shared exon, and transcript variant one includes only gene-specific exons. [provided by RefSeq, Jul 2008]",,HOXC6,http://edrn.jpl.nasa.gov/bmdb/biomarkers/view/1600,P09630
BM00566,HOXD1,proteomic,Breast,1,"From NCBI Gene: This gene is a member of the Antp homeobox family and encodes a protein with a homeobox DNA-binding domain. This nuclear protein functions as a sequence-specific transcription factor that is involved in differentiation and limb development. Mutations in this gene have been associated with severe developmental defects on the anterior-posterior (a-p) limb axis. [provided by RefSeq, Jul 2008]",,HOXD1,http://edrn.jpl.nasa.gov/bmdb/biomarkers/view/517,Q9GZZ0
BM00567,HPD,genomic,Prostate,1,"From NCBI Gene: The protein encoded by this gene is an enzyme in the catabolic pathway of tyrosine. The encoded protein catalyzes the conversion of 4-hydroxyphenylpyruvate to homogentisate. Defects in this gene are a cause of tyrosinemia type 3 (TYRO3) and hawkinsinuria (HAWK). Two transcript variants encoding different isoforms have been found for this gene. [provided by RefSeq, Jan 2010]",,HPD,http://edrn.jpl.nasa.gov/bmdb/biomarkers/view/692,P32754
BM00568,HPGD,genomic,Prostate,1,"From NCBI Gene: This gene encodes a member of the short-chain nonmetalloenzyme alcohol dehydrogenase protein family. The encoded enzyme is responsible for the metabolism of prostaglandins, which function in a variety of physiologic and cellular processes such as inflammation. Mutations in this gene result in primary autosomal recessive hypertrophic osteoarthropathy and cranioosteoarthropathy. Multiple transcript variants encoding different isoforms have been found for this gene. [provided by RefSeq, Mar 2009]",,HPGD,http://edrn.jpl.nasa.gov/bmdb/biomarkers/view/693,P15428
BM00569,HRG,proteomic,Breast,1,"From NCBI Gene: This histidine-rich glycoprotein contains two cystatin-like domains and is located in plasma and platelets. The physiological function has not been determined but it is known that the protein binds heme, dyes and divalent metal ions. The encoded protein also has a peptide that displays antimicrobial activity against C. albicans, E. coli, S. aureus, P. aeruginosa, and E. faecalis. It can inhibit rosette formation and interacts with heparin, thrombospondin and plasminogen. Two of the protein's effects, the inhibition of fibrinolysis and the reduction of inhibition of coagulation, indicate a potential prothrombotic effect. Mutations in this gene lead to thrombophilia due to abnormal histidine-rich glycoprotein levels. [provided by RefSeq, Nov 2014]",,HRG,http://edrn.jpl.nasa.gov/bmdb/biomarkers/view/1517,P04196
BM00570,hsCYFRA-21-1,genomic,Lung,3,,,,http://edrn.jpl.nasa.gov/bmdb/biomarkers/view/1428,
BM00571,HSD17B10,proteomic,Breast,2,"HSD17B10, hydroxysteroid (17-beta) dehydrogenase 10, is a member of the short-chain dehydrogenase/reductase superfamily. HSD17B10 functions in mitochondrial tRNA maturation and     catalyzes the oxidation of a wide variety of fatty acids, alcohols, and steroids.  The protein is thought to play a role in the development of Alzheimer's disease.  There are several alternatively spliced transcript variants, of which only two have been fully sequenced.",,HSD17B10,http://edrn.jpl.nasa.gov/bmdb/biomarkers/view/921,Q99714
BM00572,HSP70,proteomic,Breast,2,From GeneCards: HSPA4 (Heat Shock Protein Family A (Hsp70) Member 4) is a Protein Coding gene. Diseases associated with HSPA4 include Vulvovaginitis and Babesiosis. Among its related pathways are Cellular response to heat stress and Mechanisms of CFTR activation by S-nitrosoglutathione (normal and CF). An important paralog of this gene is HSPA4L.,,HSPA4,http://edrn.jpl.nasa.gov/bmdb/biomarkers/view/1176,P34932
BM00573,HSP70-9B,proteomic,Lung,1,"HSP70-9B (HSPA9) is a member of the heat shock protein 70 family.  The protein is found mostly in the mitochondria, but is also seen in endoplasmic reticulum, plasma membrane and cytoplasmic vesicles.  HSPA9 is thought to be involved in the control of cell proliferation and cellular aging, and may also act as a chaperone.",,HSPA9,http://edrn.jpl.nasa.gov/bmdb/biomarkers/view/443,P38646
BM00574,HSP90AA1,proteomic,"Breast, Lung",2,"The HSP90AA1 protein, also known as HSP90a, is a molecular chaperone that promotes the maturation, structural maintenance and proper regulation of specific target proteins involved in cell cycle control and signal transduction.  HSP90AA1 is a homodimer that assists in the proper folding of specific target proteins by use of an ATPase activity that is modulated by co-chaperones. Two transcript variants encoding different isoforms have been found for this gene.",,HSP90AA1,http://edrn.jpl.nasa.gov/bmdb/biomarkers/view/444,P07900
BM00575,HSP90AB1,proteomic,Lung,2,"From NCBI Gene: This gene encodes a member of the heat shock protein 90 family; these proteins are involved in signal transduction, protein folding and degradation and morphological evolution. This gene encodes the constitutive form of the cytosolic 90 kDa heat-shock protein and is thought to play a role in gastric apoptosis and inflammation. Alternative splicing results in multiple transcript variants. Pseudogenes have been identified on multiple chromosomes. [provided by RefSeq, Dec 2012]",,HSP90AB1,http://edrn.jpl.nasa.gov/bmdb/biomarkers/view/986,P08238
BM00576,HSP90B1,genomic,"Breast, Prostate",1,"From NCBI Gene: This gene encodes a member of a family of adenosine triphosphate(ATP)-metabolizing molecular chaperones with roles in stabilizing and folding other proteins. The encoded protein is localized to melanosomes and the endoplasmic reticulum. Expression of this protein is associated with a variety of pathogenic states, including tumor formation. There is a microRNA gene located within the 5' exon of this gene. There are pseudogenes for this gene on chromosomes 1 and 15. [provided by RefSeq, Aug 2012]",,HSP90B1,http://edrn.jpl.nasa.gov/bmdb/biomarkers/view/694,P14625
BM00577,HSPA12A,genomic,Prostate,1,"From NCBI Gene: Predicted to enable ATP binding activity. Located in extracellular exosome. [provided by Alliance of Genome Resources, Nov 2021]",,HSPA12A,http://edrn.jpl.nasa.gov/bmdb/biomarkers/view/695,O43301
BM00578,HSPB1,genomic,Prostate,1,"From NCBI Gene: This gene encodes a member of the small heat shock protein (HSP20) family of proteins. In response to environmental stress, the encoded protein translocates from the cytoplasm to the nucleus and functions as a molecular chaperone that promotes the correct folding of other proteins. This protein plays an important role in the differentiation of a wide variety of cell types. Expression of this gene is correlated with poor clinical outcome in multiple human cancers, and the encoded protein may promote cancer cell proliferation and metastasis, while protecting cancer cells from apoptosis. Mutations in this gene have been identified in human patients with Charcot-Marie-Tooth disease and distal hereditary motor neuropathy. [provided by RefSeq, Aug 2017]",,HSPB1,http://edrn.jpl.nasa.gov/bmdb/biomarkers/view/696,P04792
BM00579,HSPB6,genomic,Prostate,1,"From NCBI Gene: This locus encodes a heat shock protein. The encoded protein likely plays a role in smooth muscle relaxation. [provided by RefSeq, Jan 2012]",,HSPB6,http://edrn.jpl.nasa.gov/bmdb/biomarkers/view/697,O14558
BM00580,HSPB8,genomic,Prostate,1,"From NCBI Gene: The protein encoded by this gene belongs to the superfamily of small heat-shock proteins containing a conservative alpha-crystallin domain at the C-terminal part of the molecule. The expression of this gene in induced by estrogen in estrogen receptor-positive breast cancer cells, and this protein also functions as a chaperone in association with Bag3, a stimulator of macroautophagy. Thus, this gene appears to be involved in regulation of cell proliferation, apoptosis, and carcinogenesis, and mutations in this gene have been associated with different neuromuscular diseases, including Charcot-Marie-Tooth disease. [provided by RefSeq, Jul 2008]",,HSPB8,http://edrn.jpl.nasa.gov/bmdb/biomarkers/view/698,Q9UJY1
BM00581,HSPG2,proteomic,"Ovary, Pancreas",2,"HSPG2, which consists of a core protein to which three long chains of glycosaminoglycans (heparan sulfate or chondroitin sulfate) are attached, is a large multidomain proteoglycan that binds to and cross-links many extracellular matrix components and cell-surface molecules. It has been shown that HSPG2 interacts with other basement membrane components (such as laminin, prolargin, collagen type IV, FGFBP1, FBLN2, FGF7 and Transthyretin). HSPG2 is a key component of the vascular extracellular matrix, where it helps to maintain the endothelial barrier function; it is responsible for the fixed negative electrostatic membrane charge, and which provides a barrier which is both size- and charge-selective. It is a potent inhibitor of smooth muscle cell proliferation and is thus thought to help maintain vascular homeostasis. It can also promote growth factor (e.g., FGF2) activity and thus stimulate endothelial growth and re-generation. It is a major component of basement membranes, where it is involved in the stabilization of other molecules as well as being involved with glomerular permeability to macromolecules and cell adhesion. Mutations in this gene cause Schwartz-Jampel syndrome type 1, Silverman-Handmaker type of dyssegmental dysplasia, and Tardive dyskinesia.  HSPG2 is cleaved into two chains, Endorepellin and LG3 peptide. The endorepellin chain is an anti-angiogenic and anti-tumor peptide that inhibits endothelial cell migration, collagen-induced endothelial tube morphogenesis and blood vessel growth in the chorioallantoic membrane. It blocks endothelial cell adhesion to fibronectin and type I collagen and acts as an anti-tumor agent in neovascularization.",,HSPG2,http://edrn.jpl.nasa.gov/bmdb/biomarkers/view/129,
BM00582,HTRA1,proteomic,Ovary,2,"HTRA1, a member of the trypsin family of serine proteases, is a secreted enzyme that is proposed to regulate the availability of insulin-like growth factors (IGFs) by cleaving IGF-binding proteins. It has also been suggested to be a regulator of cell growth. It represses signaling by TGF-beta family members. HTRA1 is expressed in a variety of tissues, with strongest expression in placenta. Variations in the promoter region of HTRA1 are the cause of susceptibility to age-related macular degeneration type 7. Age-related macular degeneration is the leading cause of vision loss and blindness among older individuals in the developed world. Defects in HTRA1 are the cause of cerebral autosomal recessive arteriopathy with subcortical infarcts and leukoencephalopathy (CARASIL), a disease characterized by nonhypertensive cerebral small-vessel arteriopathy with subcortical infarcts, alopecia, and spondylosis, with an onset in early adulthood.",,HTRA1,http://edrn.jpl.nasa.gov/bmdb/biomarkers/view/130,Q92743
BM00583,HYAL1,proteomic,Breast,2,"From NCBI Gene: This gene encodes a lysosomal hyaluronidase. Hyaluronidases intracellularly degrade hyaluronan, one of the major glycosaminoglycans of the extracellular matrix. Hyaluronan is thought to be involved in cell proliferation, migration and differentiation. This enzyme is active at an acidic pH and is the major hyaluronidase in plasma. Mutations in this gene are associated with mucopolysaccharidosis type IX, or hyaluronidase deficiency. The gene is one of several related genes in a region of chromosome 3p21.3 associated with tumor suppression. Multiple transcript variants encoding different isoforms have been found for this gene. [provided by RefSeq, Jul 2008]",,HYAL1,http://edrn.jpl.nasa.gov/bmdb/biomarkers/view/1144,Q12794
BM00584,HYAL2,proteomic,Lung,2,"HYAL2, or hyaluronoglucosaminidase 2, is a weak acid-active hyaluronidase. HYAL2 breaks down hyaluronan, one of the major glycosaminoglycans of the extracellular matrix. Hyaluronan and fragments of hyaluronan are thought to be involved in cell proliferation, migration and differentiation.  This hyaluronidase serves as a receptor for the oncogenic virus Jaagsiekte sheep retrovirus. The HYAL2 gene is one of several related genes in a region of chromosome 3p21.3 associated with tumor suppression.  There are two known alternatively spliced transcript variants.",,HYAL2,http://edrn.jpl.nasa.gov/bmdb/biomarkers/view/445,Q12891
BM00585,Hypomethylated LINE1 from circulating cell free DNA (VolitionRx),genomic,Colon,2,Long interspersed nuclear element-1 (LINE-1 or LINE1) is subject to aberrant DNA hypomethylation. This is one of the major DNA methylation abnormalities in cancer. Studies have found a correlation between LINE-1 DNA hypomethylation and colorectal cancer.,,,http://edrn.jpl.nasa.gov/bmdb/biomarkers/view/1235,
BM00586,ICAM1,proteomic,"Breast, Ovary, Pancreas",3,"From NCBI Gene: This gene encodes a cell surface glycoprotein which is typically expressed on endothelial cells and cells of the immune system. It binds to integrins of type CD11a / CD18, or CD11b / CD18 and is also exploited by Rhinovirus as a receptor. [provided by RefSeq, Jul 2008]",,ICAM1,http://edrn.jpl.nasa.gov/bmdb/biomarkers/view/101,P05362
BM00587,IDH1,proteomic,Ovary,2,"IDH1 is an NADP(+)-dependent isocitrate dehydrogenase found in the cytoplasm and peroxisomes. It contains the PTS-1 peroxisomal targeting signal sequence. The presence of this enzyme in peroxisomes suggests roles in the regeneration of NADPH for intraperoxisomal reductions, such as the conversion of 2, 4-dienoyl-CoAs to 3-enoyl-CoAs, as well as in peroxisomal reactions that consume 2-oxoglutarate, namely the alpha-hydroxylation of phytanic acid. The cytoplasmic enzyme serves a significant role in cytoplasmic NADPH production. Isocitrate dehydrogenases catalyze the oxidative decarboxylation of isocitrate to 2-oxoglutarate. IDH1 binds 1 magnesium or manganese ion per subunit. Defects in IDH1 are involved in the development of glioma.",,IDH1,http://edrn.jpl.nasa.gov/bmdb/biomarkers/view/207,O75874
BM00588,IFI27,proteomic,Ovary,2,"IFI27, a multi-pass membrane protein, promotes cell death. It mediates IFN-induced apoptosis characterized by a rapid and robust release of cytochrome C from the mitochondria and activation of BAX and caspases 2, 3, 6, 8 and 9. IFI27 belongs to the IFI6/IFI27 family.  It is up-regulated by interferons.",,IFI27,http://edrn.jpl.nasa.gov/bmdb/biomarkers/view/142,P40305
BM00589,IFNA1,genomic,Bladder,2,"From NCBI Gene: This gene is a member of the alpha interferon gene cluster on chromosome 9. The encoded cytokine is a member of the type I interferon family that is produced in response to viral infection as a key part of the innate immune response with potent antiviral, antiproliferative and immunomodulatory properties. This cytokine, like other type I interferons, binds a plasma membrane receptor made of IFNAR1 and IFNAR2 that is ubiquitously expressed, and thus is able to act on virtually all body cells. This cytokine is upregulated in preeclamptic placentas and is thought to be a mediator of preeclampsia. [provided by RefSeq, Aug 2020]",,IFNA1,http://edrn.jpl.nasa.gov/bmdb/biomarkers/view/1226,P01562
BM00590,IFNG,proteomic,Breast,3,"From NCBI Gene: This gene encodes a member of the type II interferon family. The protein encoded is a soluble cytokine with antiviral, immunoregulatory and anti-tumor properties and is a potent activator of macrophages. Mutations in this gene are associated with aplastic anemia.[provided by RefSeq, Nov 2009]",,IFNG,http://edrn.jpl.nasa.gov/bmdb/biomarkers/view/1043,P01579
BM00591,IGF-II,proteomic,Ovary,2,"From NCBI Gene: This gene encodes a member of the insulin family of polypeptide growth factors, which are involved in development and growth. It is an imprinted gene, expressed only from the paternal allele, and epigenetic changes at this locus are associated with Wilms tumour, Beckwith-Wiedemann syndrome, rhabdomyosarcoma, and Silver-Russell syndrome. A read-through INS-IGF2 gene exists, whose 5' region overlaps the INS gene and the 3' region overlaps this gene. Alternatively spliced transcript variants encoding different isoforms have been found for this gene. [provided by RefSeq, Oct 2010]",,IGF-II,http://edrn.jpl.nasa.gov/bmdb/biomarkers/view/1267,
BM00592,IGF1,genomic,Prostate,1,"From NCBI Gene: The protein encoded by this gene is similar to insulin in function and structure and is a member of a family of proteins involved in mediating growth and development. The encoded protein is processed from a precursor, bound by a specific receptor, and secreted. Defects in this gene are a cause of insulin-like growth factor I deficiency. Alternative splicing results in multiple transcript variants encoding different isoforms that may undergo similar processing to generate mature protein. [provided by RefSeq, Sep 2015]",,IGF1,http://edrn.jpl.nasa.gov/bmdb/biomarkers/view/699,P05019
BM00593,IGF2,proteomic,Ovary,3,"IGF2 is a member of the insulin family of polypeptide growth factors that is involved in development and growth. The IGF2 gene is an imprinted gene and is expressed only from the paternally inherited allele. It is a candidate gene for eating disorders. There is a read-through, INS-IGF2, which aligns to this gene at the 3' region and to the upstream INS gene at the 5' region. Alternatively spliced transcript variants, encoding either the same or different isoform, have been found for this gene. IGF2 is influenced by placental lactogen and may play a role in fetal development.",,IGF2,http://edrn.jpl.nasa.gov/bmdb/biomarkers/view/82,P01344
BM00594,IGF2R,proteomic,Breast,2,"From NCBI Gene: This gene encodes a receptor for both insulin-like growth factor 2 and mannose 6-phosphate. The binding sites for each ligand are located on different segments of the protein. This receptor has various functions, including in the intracellular trafficking of lysosomal enzymes, the activation of transforming growth factor beta, and the degradation of insulin-like growth factor 2. Mutation or loss of heterozygosity of this gene has been association with risk of hepatocellular carcinoma. The orthologous mouse gene is imprinted and shows exclusive expression from the maternal allele; however, imprinting of the human gene may be polymorphic, as only a minority of individuals showed biased expression from the maternal allele (PMID:8267611). [provided by RefSeq, Nov 2015]",,IGF2R,http://edrn.jpl.nasa.gov/bmdb/biomarkers/view/1335,P11717
BM00595,IGFBP1,proteomic,"Breast, Ovary, Pancreas",3,"IGFBP1, a secreted protein, is a member of the insulin-like growth factor binding protein (IGFBP) family and encodes a protein with an IGFBP domain and a thyroglobulin type-I domain. It binds both insulin-like growth factors (IGFs) I and II and circulates in the plasma. Binding of this protein prolongs the half-life of the IGFs and alters their interaction with cell surface receptors. IGFBP1 promotes cell migration.",,IGFBP1,http://edrn.jpl.nasa.gov/bmdb/biomarkers/view/230,P08833
BM00596,IGFBP2,proteomic,"Breast, Colon, Lung, Ovary",3,"IGF-binding proteins prolong the half-life of the IGFs and have been shown to either inhibit or stimulate the growth promoting effects of the IGFs on cell culture. They alter the interaction of IGFs with their cell surface receptors. Insulin-like growth factor binding protein 2 (IGFBP2) is overexpressed in ovarian malignant tissues and in the serum and cystic fluid of ovarian cancer patients, suggesting an important role of IGFBP2 in the biology of ovarian cancer.",,IGFBP2,http://edrn.jpl.nasa.gov/bmdb/biomarkers/view/66,P18065
BM00597,IGFBP3,proteomic,"Breast, Ovary, Pancreas",3,"The IGFBP3 gene is a member of the insulin-like growth factor binding protein (IGFBP) family and encodes a secreted protein with an IGFBP domain and a thyroglobulin type-I domain. IGFBP3 forms a ternary complex with insulin-like growth factor acid-labile subunit (IGFALS) and either insulin-like growth factor (IGF) I or II. In this form, it circulates in the plasma, prolonging the half-life of IGFs and altering their interaction with cell surface receptors. It is expressed by most tissues. Present in plasma.",,IGFBP3,http://edrn.jpl.nasa.gov/bmdb/biomarkers/view/166,P17936
BM00598,IGFBP4,proteomic,"Ovary, Pancreas",3,The IGFBP4 gene is a member of the insulin-like growth factor binding protein (IGFBP) family and encodes a protein with an IGFBP domain and a thyroglobulin type-I domain. IGFBP4 binds both insulin-like growth factors (IGFs) I and II and circulates in the plasma in both glycosylated and non-glycosylated forms. Binding of this protein prolongs the half-life of the IGFs and alters their interaction with cell surface receptors.,,IGFBP4,http://edrn.jpl.nasa.gov/bmdb/biomarkers/view/106,P22692
BM00599,IGFBP6,genomic,Prostate,1,"From NCBI Gene: Enables identical protein binding activity and insulin-like growth factor II binding activity. Involved in cell migration and positive regulation of stress-activated MAPK cascade. Part of insulin-like growth factor binary complex. Implicated in obesity. Biomarker of breast cancer; in situ carcinoma; leiomyoma; and neovascular inflammatory vitreoretinopathy. [provided by Alliance of Genome Resources, Nov 2021]",,IGFBP6,http://edrn.jpl.nasa.gov/bmdb/biomarkers/view/700,P24592
BM00600,IGHA1,proteomic,Breast,1,"From UniProtKB: Constant region of immunoglobulin heavy chains. Immunoglobulins, also known as antibodies, are membrane-bound or secreted glycoproteins produced by B lymphocytes. In the recognition phase of humoral immunity, the membrane-bound immunoglobulins serve as receptors which, upon binding of a specific antigen, trigger the clonal expansion and differentiation of B lymphocytes into immunoglobulins-secreting plasma cells. Secreted immunoglobulins mediate the effector phase of humoral immunity, which results in the elimination of bound antigens (PubMed:22158414, PubMed:20176268).

The antigen binding site is formed by the variable domain of one heavy chain, together with that of its associated light chain. Thus, each immunoglobulin has two antigen binding sites with remarkable affinity for a particular antigen. The variable domains are assembled by a process called V-(D)-J rearrangement and can then be subjected to somatic hypermutations which, after exposure to antigen and selection, allow affinity maturation for a particular antigen (PubMed:17576170, PubMed:20176268).",,IGHA1,http://edrn.jpl.nasa.gov/bmdb/biomarkers/view/1518,P01876
BM00601,IGHV3-13,proteomic,Breast,1,"From UniProtKB: V region of the variable domain of immunoglobulin heavy chains that participates in the antigen recognition (PubMed:24600447).

Immunoglobulins, also known as antibodies, are membrane-bound or secreted glycoproteins produced by B lymphocytes. In the recognition phase of humoral immunity, the membrane-bound immunoglobulins serve as receptors which, upon binding of a specific antigen, trigger the clonal expansion and differentiation of B lymphocytes into immunoglobulins-secreting plasma cells. Secreted immunoglobulins mediate the effector phase of humoral immunity, which results in the elimination of bound antigens (PubMed:22158414, PubMed:20176268).

The antigen binding site is formed by the variable domain of one heavy chain, together with that of its associated light chain. Thus, each immunoglobulin has two antigen binding sites with remarkable affinity for a particular antigen. The variable domains are assembled by a process called V-(D)-J rearrangement and can then be subjected to somatic hypermutations which, after exposure to antigen and selection, allow affinity maturation for a particular antigen (PubMed:20176268, PubMed:17576170).",,IGHV3-13,http://edrn.jpl.nasa.gov/bmdb/biomarkers/view/1519,P01766
BM00602,IGKC,proteomic,Breast,1,"From UniProtKB: Constant region of immunoglobulin light chains. Immunoglobulins, also known as antibodies, are membrane-bound or secreted glycoproteins produced by B lymphocytes. In the recognition phase of humoral immunity, the membrane-bound immunoglobulins serve as receptors which, upon binding of a specific antigen, trigger the clonal expansion and differentiation of B lymphocytes into immunoglobulins-secreting plasma cells. Secreted immunoglobulins mediate the effector phase of humoral immunity, which results in the elimination of bound antigens (PubMed:22158414, PubMed:20176268).

The antigen binding site is formed by the variable domain of one heavy chain, together with that of its associated light chain. Thus, each immunoglobulin has two antigen binding sites with remarkable affinity for a particular antigen. The variable domains are assembled by a process called V-(D)-J rearrangement and can then be subjected to somatic hypermutations which, after exposure to antigen and selection, allow affinity maturation for a particular antigen (PubMed:17576170, PubMed:20176268).",,IGKC,http://edrn.jpl.nasa.gov/bmdb/biomarkers/view/1520,P01834
BM00603,IGLC7,proteomic,Breast,1,"From UniProtKB: Constant region of immunoglobulin light chains. Immunoglobulins, also known as antibodies, are membrane-bound or secreted glycoproteins produced by B lymphocytes. In the recognition phase of humoral immunity, the membrane-bound immunoglobulins serve as receptors which, upon binding of a specific antigen, trigger the clonal expansion and differentiation of B lymphocytes into immunoglobulins-secreting plasma cells. Secreted immunoglobulins mediate the effector phase of humoral immunity, which results in the elimination of bound antigens (PubMed:22158414, PubMed:20176268).

The antigen binding site is formed by the variable domain of one heavy chain, together with that of its associated light chain. Thus, each immunoglobulin has two antigen binding sites with remarkable affinity for a particular antigen. The variable domains are assembled by a process called V-(D)-J rearrangement and can then be subjected to somatic hypermutations which, after exposure to antigen and selection, allow affinity maturation for a particular antigen (PubMed:17576170, PubMed:20176268).",,IGLC7,http://edrn.jpl.nasa.gov/bmdb/biomarkers/view/1521,A0M8Q6
BM00604,IHC and FISH for T2-ERG fusion,proteomic,Prostate,2,IHC and FISH for T2-ERG fusion.,,,http://edrn.jpl.nasa.gov/bmdb/biomarkers/view/1079,
BM00605,IKZF1,genomic,Colon,1,"From NCBI Gene: This gene encodes a transcription factor that belongs to the family of zinc-finger DNA-binding proteins associated with chromatin remodeling. The expression of this protein is restricted to the fetal and adult hemo-lymphopoietic system, and it functions as a regulator of lymphocyte differentiation. Several alternatively spliced transcript variants encoding different isoforms have been described for this gene. Most isoforms share a common C-terminal domain, which contains two zinc finger motifs that are required for hetero- or homo-dimerization, and for interactions with other proteins. The isoforms, however, differ in the number of N-terminal zinc finger motifs that bind DNA and in nuclear localization signal presence, resulting in members with and without DNA-binding properties. Only a few isoforms contain the requisite three or more N-terminal zinc motifs that confer high affinity binding to a specific core DNA sequence element in the promoters of target genes. The non-DNA-binding isoforms are largely found in the cytoplasm, and are thought to function as dominant-negative factors. Overexpression of some dominant-negative isoforms have been associated with B-cell malignancies, such as acute lymphoblastic leukemia (ALL). [provided by RefSeq, May 2014]",,IKZF1,http://edrn.jpl.nasa.gov/bmdb/biomarkers/view/1233,Q13422
BM00606,IL10,proteomic,"Breast, Ovary",3,"From NCBI Gene: The protein encoded by this gene is a cytokine produced primarily by monocytes and to a lesser extent by lymphocytes. This cytokine has pleiotropic effects in immunoregulation and inflammation. It down-regulates the expression of Th1 cytokines, MHC class II Ags, and costimulatory molecules on macrophages. It also enhances B cell survival, proliferation, and antibody production. This cytokine can block NF-kappa B activity, and is involved in the regulation of the JAK-STAT signaling pathway. Knockout studies in mice suggested the function of this cytokine as an essential immunoregulator in the intestinal tract. Mutations in this gene are associated with an increased susceptibility to HIV-1 infection and rheumatoid arthritis.[provided by RefSeq, May 2011]",,IL10,http://edrn.jpl.nasa.gov/bmdb/biomarkers/view/233,P22301
BM00607,IL12,proteomic,Breast,3,"The cytokine IL12, also known as IL12-p70, is the heterodimer formed by the protein products of the IL12A and IL12B genes.  IL12A has a molecular weight of 35 kD, IL12B has a molecular weight of 40 kD, and together they are known as IL12-p70.
From NCBI Gene: The cytokine (IL12) is a disulfide-linked heterodimer composed of the 35-kD subunit encoded by this gene, and a 40-kD subunit that is a member of the cytokine receptor family. This cytokine is required for the T-cell-independent induction of interferon (IFN)-gamma, and is important for the differentiation of both Th1 and Th2 cells. The responses of lymphocytes to this cytokine are mediated by the activator of transcription protein STAT4. Nitric oxide synthase 2A (NOS2A/NOS2) is found to be required for the signaling process of this cytokine in innate immunity. [provided by RefSeq, Jul 2008]",,IL12,http://edrn.jpl.nasa.gov/bmdb/biomarkers/view/1090,
BM00608,IL13,proteomic,Breast,3,"From NCBI Gene: This gene encodes an immunoregulatory cytokine produced primarily by activated Th2 cells. This cytokine is involved in several stages of B-cell maturation and differentiation. It up-regulates CD23 and MHC class II expression, and promotes IgE isotype switching of B cells. This cytokine down-regulates macrophage activity, thereby inhibits the production of pro-inflammatory cytokines and chemokines. This cytokine is found to be critical to the pathogenesis of allergen-induced asthma but operates through mechanisms independent of IgE and eosinophils. This gene, IL3, IL5, IL4, and CSF2 form a cytokine gene cluster on chromosome 5q, with this gene particularly close to IL4. [provided by RefSeq, Jul 2008]",,IL13,http://edrn.jpl.nasa.gov/bmdb/biomarkers/view/1044,P35225
BM00609,IL15RA,proteomic,Lung,2,"From NCBI Gene: This gene encodes a cytokine receptor that specifically binds interleukin 15 (IL15) with high affinity. The receptors of IL15 and IL2 share two subunits, IL2R beta and IL2R gamma. This forms the basis of many overlapping biological activities of IL15 and IL2. The protein encoded by this gene is structurally related to IL2R alpha, an additional IL2-specific alpha subunit necessary for high affinity IL2 binding. Unlike IL2RA, IL15RA is capable of binding IL15 with high affinity independent of other subunits, which suggests distinct roles between IL15 and IL2. This receptor is reported to enhance cell proliferation and expression of apoptosis inhibitor BCL2L1/BCL2-XL and BCL2. Multiple alternatively spliced transcript variants of this gene have been reported.[provided by RefSeq, Apr 2010]",,IL15RA,http://edrn.jpl.nasa.gov/bmdb/biomarkers/view/987,Q13261
BM00610,IL17B,proteomic,Lung,2,"From NCBI Gene: The protein encoded by this gene is a T cell-derived cytokine that shares sequence similarity with IL17. This cytokine was reported to stimulate the release of TNF alpha (TNF) and IL1 beta (IL1B) from a monocytic cell line. Immunohistochemical analysis of several nerve tissues indicated that this cytokine is primarily localized to neuronal cell bodies. Alternative splicing results in multiple splice variants. [provided by RefSeq, Dec 2015]",,IL17B,http://edrn.jpl.nasa.gov/bmdb/biomarkers/view/988,Q9UHF5
BM00611,IL18,proteomic,Breast,3,"From NCBI Gene: The protein encoded by this gene is a proinflammatory cytokine that augments natural killer cell activity in spleen cells, and stimulates interferon gamma production in T-helper type I cells. Alternatively spliced transcript variants encoding different isoforms have been found for this gene.[provided by RefSeq, Aug 2011]",,IL18,http://edrn.jpl.nasa.gov/bmdb/biomarkers/view/1045,Q14116
BM00612,IL1B,proteomic,Breast,3,"From NCBI Gene: The protein encoded by this gene is a member of the interleukin 1 cytokine family. This cytokine is produced by activated macrophages as a proprotein, which is proteolytically processed to its active form by caspase 1 (CASP1/ICE). This cytokine is an important mediator of the inflammatory response, and is involved in a variety of cellular activities, including cell proliferation, differentiation, and apoptosis. The induction of cyclooxygenase-2 (PTGS2/COX2) by this cytokine in the central nervous system (CNS) is found to contribute to inflammatory pain hypersensitivity. This gene and eight other interleukin 1 family genes form a cytokine gene cluster on chromosome 2. [provided by RefSeq, Jul 2008]",,IL1B,http://edrn.jpl.nasa.gov/bmdb/biomarkers/view/1046,P01584
BM00613,IL2,proteomic,Breast,3,"From NCBI Gene: The protein encoded by this gene is a secreted cytokine that is important for the proliferation of T and B lymphocytes. The receptor of this cytokine is a heterotrimeric protein complex whose gamma chain is also shared by interleukin 4 (IL4) and interleukin 7 (IL7). The expression of this gene in mature thymocytes is monoallelic, which represents an unusual regulatory mode for controlling the precise expression of a single gene. The targeted disruption of a similar gene in mice leads to ulcerative colitis-like disease, which suggests an essential role of this gene in the immune response to antigenic stimuli. [provided by RefSeq, Jul 2008]",,IL2,http://edrn.jpl.nasa.gov/bmdb/biomarkers/view/1047,P60568
BM00614,IL24,proteomic,Breast,2,"From NCBI Gene: This gene encodes a member of the IL10 family of cytokines. It was identified as a gene induced during terminal differentiation in melanoma cells. The protein encoded by this gene can induce apoptosis selectively in various cancer cells. Overexpression of this gene leads to elevated expression of several GADD family genes, which correlates with the induction of apoptosis. The phosphorylation of mitogen-activated protein kinase 14 (MAPK7/P38), and heat shock 27kDa protein 1 (HSPB2/HSP27) are found to be induced by this gene in melanoma cells, but not in normal immortal melanocytes. Alternatively spliced transcript variants encoding distinct isoforms have been reported. [provided by RefSeq, Jul 2008]",,IL24,http://edrn.jpl.nasa.gov/bmdb/biomarkers/view/1336,Q13007
BM00615,IL2RA,proteomic,Ovary,3,"The interleukin 2 receptor exists in three forms which differ in their ability to bind interleukin 2.  The low affinity form of the receptor is a monomer of IL2RA, the alpha subunit.  The alpha/beta subunit heterodimer, formed by IL2RA and IL2RB, is an intermediate affinity form.  The alpha/beta/gamma heterotrimer formed by IL2RA, IL2RB, and IL2RG is the high affinity form.  IL2RA is normally an integral membrane protein, although soluble IL2RA has been isolated.  There are known alternately-spliced versions of IL2RA mRNAs, but their functions are unknown.  Mutations in the IL2RA gene are associated with diabetes mellitus insulin-dependent type 10 (IDDM10).  Complications of IDDM10 can adversely affect the eyes, kidneys, nerves, and blood vessels.",,IL2RA,http://edrn.jpl.nasa.gov/bmdb/biomarkers/view/242,P01589
BM00616,IL4,proteomic,Breast,3,"From NCBI Gene: The protein encoded by this gene is a pleiotropic cytokine produced by activated T cells. This cytokine is a ligand for interleukin 4 receptor. The interleukin 4 receptor also binds to IL13, which may contribute to many overlapping functions of this cytokine and IL13. STAT6, a signal transducer and activator of transcription, has been shown to play a central role in mediating the immune regulatory signal of this cytokine. This gene, IL3, IL5, IL13, and CSF2 form a cytokine gene cluster on chromosome 5q, with this gene particularly close to IL13. This gene, IL13 and IL5 are found to be regulated coordinately by several long-range regulatory elements in an over 120 kilobase range on the chromosome. Two alternatively spliced transcript variants of this gene encoding distinct isoforms have been reported. [provided by RefSeq, Jul 2008]",,IL4,http://edrn.jpl.nasa.gov/bmdb/biomarkers/view/1048,P05112
BM00617,IL5,proteomic,Breast,3,"From NCBI Gene: This gene encodes a cytokine that acts as a growth and differentiation factor for both B cells and eosinophils. The encoded cytokine plays a major role in the regulation of eosinophil formation, maturation, recruitment and survival. The increased production of this cytokine may be related to pathogenesis of eosinophil-dependent inflammatory diseases. This cytokine functions by binding to its receptor, which is a heterodimer, whose beta subunit is shared with the receptors for interleukine 3 (IL3) and colony stimulating factor 2 (CSF2/GM-CSF). This gene is located on chromosome 5 within a cytokine gene cluster which includes interleukin 4 (IL4), interleukin 13 (IL13), and CSF2 . This gene, IL4, and IL13 may be regulated coordinately by long-range regulatory elements spread over 120 kilobases on chromosome 5q31. [provided by RefSeq, Jul 2013]",,IL5,http://edrn.jpl.nasa.gov/bmdb/biomarkers/view/1049,P05113
BM00618,IL6,proteomic,"Breast, Ovary",2,"Interleukin 6 (IL6) is a cytokine that is involved in inflammation and the maturation of B cells as well as induction of the acute phase response.  In addition to inducing myeloma and plasmacytoma growth and nerve cell differentiation, it also plays an important role in the differentiation of B-cells into Ig-secreting cells involved in lymphocyte and monocyte differentiation.  The IL6 protein is produced mainly at sites of acute and chronic inflammation, where it is secreted into the serum and induces a transcriptional inflammatory response through interleukin 6 receptor, alpha.  The IL6 gene is involved in many inflammation-associated disease states, including diabetes mellitus, where it acts on insulin resistance, and systemic juvenile rheumatoid arthritis.  IL6 is discharged into the bloodstream after muscle contraction.",,IL6,http://edrn.jpl.nasa.gov/bmdb/biomarkers/view/238,P05231
BM00619,IL6R,proteomic,Ovary,3,"The interleukin 6 receptor is a protein complex consisting of two parts: the IL6R (interleukin 6 receptor) subunit and the IL6ST (interleukin 6 signal transducer) subunit.  The IL6R subunit binds to IL6 (interleukin 6) with low affinity, but does not transduce a signal.  The IL6ST subunit is needed for signal activation.  Impaired regulation of IL6 and IL6R have been linked to many diseases, such as multiple myeloma, autoimmune diseases, and prostate cancer.  Isoforms encoded by alternatively spliced transcripts have been reported.  Activation of the IL6/IL6R/IL6ST complex may lead to the regulation of the immune response, acute-phase reactions, and hematopoiesis.",,IL6R,http://edrn.jpl.nasa.gov/bmdb/biomarkers/view/243,P08887
BM00620,IMPDH2,proteomic,Lung,2,"The enzyme IMPDH2 catalyzes the rate-limiting step of conversion of inosine 5'-phosphate (IMP) to xanthosine 5'-phosphate (XMP), the first committed step in the de novo synthesis of guanine nucleotides.  Therefore IMPDH2 is involved in maintaining cellular guanine deoxy- and ribonucleotide pools needed for DNA and RNA synthesis.  It is also thought to be involvedmin the development of malignancy and the growth progression of some tumors.",,IMPDH2,http://edrn.jpl.nasa.gov/bmdb/biomarkers/view/446,P12268
BM00621,INTS12 AAb,proteomic,Breast,2,,,INTS12-AAB,http://edrn.jpl.nasa.gov/bmdb/biomarkers/view/1337,
BM00622,IQCB1,genomic,Prostate,1,"From NCBI Gene: This gene encodes a nephrocystin protein that interacts with calmodulin and the retinitis pigmentosa GTPase regulator protein. The encoded protein has a central coiled-coil region and two calmodulin-binding IQ domains. It is localized to the primary cilia of renal epithelial cells and connecting cilia of photoreceptor cells. The protein is thought to play a role in ciliary function. Defects in this gene result in Senior-Loken syndrome type 5. Alternative splicing results in multiple transcript variants. A pseudogene of this gene is found on chromosome 6. [provided by RefSeq, Jan 2016]",,IQCB1,http://edrn.jpl.nasa.gov/bmdb/biomarkers/view/701,Q15051
BM00623,IQGAP2,proteomic,Breast,2,"From NCBI Gene: This gene encodes a member of the IQGAP family. The encoded protein contains three IQ domains, one calponin homology domain, one Ras-GAP domain and one WW domain. This protein interacts with components of the cytoskeleton, with cell adhesion molecules, and with several signaling molecules to regulate cell morphology and motility. It also acts as a tumor suppressor and has been found to play a role in regulating innate antiviral responses. Alternative splicing results in multiple transcript variants. [provided by RefSeq, Apr 2017]",,IQGAP2,http://edrn.jpl.nasa.gov/bmdb/biomarkers/view/1150,Q13576
BM00624,IRF9,genomic,Prostate,1,"From NCBI Gene: This gene encodes a member of the interferon regulatory factor (IRF) family, a group of transcription factors with diverse roles, including virus-mediated activation of interferon, and modulation of cell growth, differentiation, apoptosis, and immune system activity. Members of the IRF family are characterized by a conserved N-terminal DNA-binding domain containing tryptophan (W) repeats. Mutations in this gene result in Immunodeficiency 65. [provided by RefSeq, Jul 2020]",,IRF9,http://edrn.jpl.nasa.gov/bmdb/biomarkers/view/702,Q00978
BM00625,ITGA3,proteomic,Breast,2,"From NCBI Gene: The gene encodes a member of the integrin alpha chain family of proteins. Integrins are heterodimeric integral membrane proteins composed of an alpha chain and a beta chain that function as cell surface adhesion molecules. The encoded preproprotein is proteolytically processed to generate light and heavy chains that comprise the alpha 3 subunit. This subunit joins with a beta 1 subunit to form an integrin that interacts with extracellular matrix proteins including members of the laminin family. Expression of this gene may be correlated with breast cancer metastasis. [provided by RefSeq, Oct 2015]",,ITGA3,http://edrn.jpl.nasa.gov/bmdb/biomarkers/view/1338,P26006
BM00626,ITGA5,genomic,"Breast, Prostate",2,"From NCBI Gene: The product of this gene belongs to the integrin alpha chain family. Integrins are heterodimeric integral membrane proteins composed of an alpha subunit and a beta subunit that function in cell surface adhesion and signaling. The encoded preproprotein is proteolytically processed to generate light and heavy chains that comprise the alpha 5 subunit. This subunit associates with the beta 1 subunit to form a fibronectin receptor. This integrin may promote tumor invasion, and higher expression of this gene may be correlated with shorter survival time in lung cancer patients. Note that the integrin alpha 5 and integrin alpha V subunits are encoded by distinct genes. [provided by RefSeq, Oct 2015]",,ITGA5,http://edrn.jpl.nasa.gov/bmdb/biomarkers/view/703,P08648
BM00627,ITGB1,proteomic,Breast,2,"ITGB1 is a beta subunit of the heterodimeric integrin protein.  Integrins are ubiquitously expressed adhesion molecules composed of alpha and beta subunits.  In mammals, 18 alpha and 8 beta subunits have been identified.     Integrin family members are membrane receptors involved in cell adhesion and recognition in a variety of processes including embryogenesis, hemostasis, tissue repair, immune response and metastatic diffusion of tumor cells.  Several protein isoforms have been identifed, arising from alternatively spliced transcript variants.",,ITGB1,http://edrn.jpl.nasa.gov/bmdb/biomarkers/view/922,P05556
BM00628,ITGB3,genomic,Prostate,1,"From NCBI Gene: The ITGB3 protein product is the integrin beta chain beta 3. Integrins are integral cell-surface proteins composed of an alpha chain and a beta chain. A given chain may combine with multiple partners resulting in different integrins. Integrin beta 3 is found along with the alpha IIb chain in platelets. Integrins are known to participate in cell adhesion as well as cell-surface mediated signalling. [provided by RefSeq, Jul 2008]",,ITGB3,http://edrn.jpl.nasa.gov/bmdb/biomarkers/view/704,P05106
BM00629,ITGB4,proteomic,Breast,2,"From NCBI Gene: Integrins are heterodimers comprised of alpha and beta subunits, that are noncovalently associated transmembrane glycoprotein receptors. Different combinations of alpha and beta polypeptides form complexes that vary in their ligand-binding specificities. Integrins mediate cell-matrix or cell-cell adhesion, and transduced signals that regulate gene expression and cell growth. This gene encodes the integrin beta 4 subunit, a receptor for the laminins. This subunit tends to associate with alpha 6 subunit and is likely to play a pivotal role in the biology of invasive carcinoma. Mutations in this gene are associated with epidermolysis bullosa with pyloric atresia. Multiple alternatively spliced transcript variants encoding distinct isoforms have been found for this gene. [provided by RefSeq, Jul 2008]",,ITGB4,http://edrn.jpl.nasa.gov/bmdb/biomarkers/view/1375,P16144
BM00630,ITGBL1,proteomic,Breast,2,"ITGBL1, or integrin, beta-like 1 (with EGF-like repeat domains), is a member of the EGF-like protein family.  It is a beta integrin-related protein containing integrin-like cysteine-rich repeats. Multiple transcript variants result from alternative splicing.",,ITGBL1,http://edrn.jpl.nasa.gov/bmdb/biomarkers/view/923,O95965
BM00631,ITIH3,proteomic,Breast,1,"From NCBI Gene: This gene encodes the heavy chain subunit of the pre-alpha-trypsin inhibitor complex. This complex may stabilize the extracellular matrix through its ability to bind hyaluronic acid. Polymorphisms of this gene may be associated with increased risk for schizophrenia and major depressive disorder. This gene is present in an inter-alpha-trypsin inhibitor family gene cluster on chromosome 3. [provided by RefSeq, Jul 2015]",,ITIH3,http://edrn.jpl.nasa.gov/bmdb/biomarkers/view/1522,Q06033
BM00632,ITIH4,proteomic,Ovary,3,"The inter-alpha-trypsin inhibitors (ITI) are a family of plasma protease inhibitors, assembled from a light chain - bikunin, encoded by AMBP - and five homologous heavy chains (encoded by ITIH1, ITIH2, ITIH3, ITIH4, and ITIH5), contributing to extracellular matrix stability by covalent linkage to hyaluronan. ITIH4 is secreted into the blood, where it is cleaved by plasma kallikrein into two smaller forms. Expression of the ITIH4 gene has been detected only in liver, and it seems to be upregulated during surgical trauma. This gene is part of a cluster of similar genes on chromosome 3. Two transcript variants encoding different isoforms have been found for this gene.",,ITIH4,http://edrn.jpl.nasa.gov/bmdb/biomarkers/view/69,Q14624
BM00633,ITSN1,proteomic,Breast,2,"From NCBI Gene: The protein encoded by this gene is a cytoplasmic membrane-associated protein that indirectly coordinates endocytic membrane traffic with the actin assembly machinery. In addition, the encoded protein may regulate the formation of clathrin-coated vesicles and could be involved in synaptic vesicle recycling. This protein has been shown to interact with dynamin, CDC42, SNAP23, SNAP25, SPIN90, EPS15, EPN1, EPN2, and STN2. Multiple transcript variants encoding different isoforms have been found for this gene, but the full-length nature of only two of them have been characterized so far. [provided by RefSeq, Jul 2008]",,ITSN1,http://edrn.jpl.nasa.gov/bmdb/biomarkers/view/1339,Q15811
BM00634,JAG1,proteomic,Prostate,1,"From NCBI Gene: The jagged 1 protein encoded by JAG1 is the human homolog of the Drosophilia jagged protein. Human jagged 1 is the ligand for the receptor notch 1, the latter a human homolog of the Drosophilia jagged receptor notch. Mutations that alter the jagged 1 protein cause Alagille syndrome. Jagged 1 signalling through notch 1 has also been shown to play a role in hematopoiesis. [provided by RefSeq, Jul 2008]",,JAG1,http://edrn.jpl.nasa.gov/bmdb/biomarkers/view/1095,P78504
BM00635,JMJD6,genomic,Prostate,1,"From NCBI Gene: This gene encodes a nuclear protein with a JmjC domain. JmjC domain-containing proteins are predicted to function as protein hydroxylases or histone demethylases. This protein was first identified as a putative phosphatidylserine receptor involved in phagocytosis of apoptotic cells; however, subsequent studies have indicated that it does not directly function in the clearance of apoptotic cells, and questioned whether it is a true phosphatidylserine receptor. Multiple transcript variants encoding different isoforms have been found for this gene. [provided by RefSeq, Jul 2008]",,JMJD6,http://edrn.jpl.nasa.gov/bmdb/biomarkers/view/705,Q6NYC1
BM00636,JUNB,proteomic,Breast,2,"JUNB, or jun B proto-oncogene, is a transcription factor involved in regulating gene activity following the primary growth factor response. Binds to the DNA sequence 5'-TGA[CG]TCA-3'.",,JUNB,http://edrn.jpl.nasa.gov/bmdb/biomarkers/view/924,P17275
BM00637,KCNH5,genomic,Lung,1,"KCNH5 is a member of the potassium channel, voltage-gated, subfamily H family of voltage-gated potassium channels.  The voltage-gated potassium channels are a complex class, both functionally and structurally.  Functions include regulating neurotransmitter release, heart rate, insulin secretion, neuronal excitability, epithelial electrolyte transport, smooth muscle contraction, and cell volume.  This member, KCNH5, is a pore-forming (alpha) subunit of a voltage-gated non-inactivating delayed rectifier potassium channel. The pore-forming alpha-subunits contain a single pore-forming region and combine to form tetramers. Alternative splicing results in three transcript variants encoding distinct isoforms.",,KCNH5,http://edrn.jpl.nasa.gov/bmdb/biomarkers/view/447,Q8NCM2
BM00638,KCNJ8,genomic,Prostate,1,"From NCBI Gene: Potassium channels are present in most mammalian cells, where they participate in a wide range of physiologic responses. The protein encoded by this gene is an integral membrane protein and inward-rectifier type potassium channel. The encoded protein, which has a greater tendency to allow potassium to flow into a cell rather than out of a cell, is controlled by G-proteins. Defects in this gene may be a cause of J-wave syndromes and sudden infant death syndrome (SIDS). [provided by RefSeq, May 2012]",,KCNJ8,http://edrn.jpl.nasa.gov/bmdb/biomarkers/view/706,Q15842
BM00639,KCP,proteomic,Ovary,2,"From NCBI Gene: Predicted to act upstream of or within hematopoietic progenitor cell differentiation and positive regulation of BMP signaling pathway. Predicted to be located in extracellular space. [provided by Alliance of Genome Resources, Apr 2022]",,KCP,http://edrn.jpl.nasa.gov/bmdb/biomarkers/view/188,Q6ZWJ8
BM00640,KCTD17,genomic,Prostate,1,"From NCBI Gene: This gene encodes a protein that belongs to a conserved family of potassium channel tetramerization domain (KCTD)-containing proteins. The encoded protein functions in ciliogenesis by acting as a substrate adaptor for the cullin3-based ubiquitin-conjugating enzyme E3 ligase, and targets trichoplein, a keratin-binding protein, for degradation via polyubiquitinylation. A mutation in this gene is associated with autosomal dominant myoclonic dystonia 26. [provided by RefSeq, Nov 2016]",,KCTD17,http://edrn.jpl.nasa.gov/bmdb/biomarkers/view/707,Q8N5Z5
BM00641,KDR,proteomic,Breast,3,"From NCBI Gene: Vascular endothelial growth factor (VEGF) is a major growth factor for endothelial cells. This gene encodes one of the two receptors of the VEGF. This receptor, known as kinase insert domain receptor, is a type III receptor tyrosine kinase. It functions as the main mediator of VEGF-induced endothelial proliferation, survival, migration, tubular morphogenesis and sprouting. The signalling and trafficking of this receptor are regulated by multiple factors, including Rab GTPase, P2Y purine nucleotide receptor, integrin alphaVbeta3, T-cell protein tyrosine phosphatase, etc.. Mutations of this gene are implicated in infantile capillary hemangiomas. [provided by RefSeq, May 2009]",,KDR,http://edrn.jpl.nasa.gov/bmdb/biomarkers/view/1050,P35968
BM00642,KIF1A,genomic,Head and Neck,1,"From NCBI Entrez Gene: The protein encoded by this gene is a member of the kinesin family and functions as an anterograde motor protein that transports membranous organelles along axonal microtubules. Mutations at this locus have been associated with spastic paraplegia-30 and hereditary sensory neuropathy IIC. Alternatively spliced transcript variants encoding distinct isoforms have been described. [provided by RefSeq, Apr 2012]",,KIF1A,http://edrn.jpl.nasa.gov/bmdb/biomarkers/view/541,Q12756
BM00643,KIF3C,genomic,Prostate,1,"From NCBI Gene: Predicted to enable microtubule binding activity and microtubule motor activity. Predicted to be involved in microtubule-based movement. Predicted to act upstream of or within organelle transport along microtubule. Predicted to be located in microtubule cytoskeleton; neuronal cell body; and neuronal ribonucleoprotein granule. Predicted to be part of kinesin complex. Predicted to be active in microtubule. [provided by Alliance of Genome Resources, Nov 2021]",,KIF3C,http://edrn.jpl.nasa.gov/bmdb/biomarkers/view/711,O14782
BM00644,KIF5B,proteomic,Breast,1,"From UniProtKB: Microtubule-dependent motor required for normal distribution of mitochondria and lysosomes. Can induce formation of neurite-like membrane protrusions in non-neuronal cells in a ZFYVE27-dependent manner (By similarity).

Regulates centrosome and nuclear positioning during mitotic entry. During the G2 phase of the cell cycle in a BICD2-dependent manner, antagonizes dynein function and drives the separation of nuclei and centrosomes (PubMed:20386726).

Required for anterograde axonal transportation of MAPK8IP3/JIP3 which is essential for MAPK8IP3/JIP3 function in axon elongation (By similarity).

Through binding with PLEKHM2 and ARL8B, directs lysosome movement toward microtubule plus ends (Probable). Involved in NK cell-mediated cytotoxicity. Drives the polarization of cytolytic granules and microtubule-organizing centers (MTOCs) toward the immune synapse between effector NK lymphocytes and target cells (PubMed:24088571).",,KIF5B,http://edrn.jpl.nasa.gov/bmdb/biomarkers/view/1523,P33176
BM00645,KIT,proteomic,"Breast, Lung",2,"SCF-sR, also known as KIT, is the human homolog of the proto-oncogene c-kit. C-kit was first identified as the cellular homolog of the feline sarcoma viral oncogene v-kit.  Human KIT is a tyrosine-protein kinase that acts as cell-surface receptor for the cytokine KITLG/SCF and plays an essential role in the regulation of cell survival and proliferation, hematopoiesis, stem cell maintenance, gametogenesis, mast cell development, migration and function, and in melanogenesis.  KIT is a type 3 transmembrane receptor for MGF (mast cell growth factor, also known as stem cell factor). Mutations in this gene are associated with gastrointestinal stromal tumors, mast cell disease, acute myelogenous lukemia, and piebaldism. Multiple transcript variants encoding different isoforms have been found for this gene.",,KIT,http://edrn.jpl.nasa.gov/bmdb/biomarkers/view/488,P10721
BM00646,KLC1,genomic,Prostate,1,"From NCBI Gene: Conventional kinesin is a tetrameric molecule composed of two heavy chains and two light chains, and transports various cargos along microtubules toward their plus ends. The heavy chains provide the motor activity, while the light chains bind to various cargos. This gene encodes a member of the kinesin light chain family. It associates with kinesin heavy chain through an N-terminal domain, and six tetratricopeptide repeat (TPR) motifs are thought to be involved in binding of cargos such as vesicles, mitochondria, and the Golgi complex. Thus, kinesin light chains function as adapter molecules and not motors per se. Although previously named ""kinesin 2"", this gene is not a member of the kinesin-2 / kinesin heavy chain subfamily of kinesin motor proteins. Extensive alternative splicing produces isoforms with different C-termini that are proposed to bind to different cargos; however, the full-length nature and/or biological validity of most of these variants have not been determined. [provided by RefSeq, Jul 2008]",,KLC1,http://edrn.jpl.nasa.gov/bmdb/biomarkers/view/712,Q07866
BM00647,KLF5,genomic,Prostate,1,"From NCBI Gene: This gene encodes a member of the Kruppel-like factor subfamily of zinc finger proteins. The encoded protein is a transcriptional activator that binds directly to a specific recognition motif in the promoters of target genes. This protein acts downstream of multiple different signaling pathways and is regulated by post-translational modification. It may participate in both promoting and suppressing cell proliferation. Expression of this gene may be changed in a variety of different cancers and in cardiovascular disease. Alternative splicing results in multiple transcript variants. [provided by RefSeq, Nov 2013]",,KLF5,http://edrn.jpl.nasa.gov/bmdb/biomarkers/view/713,Q13887
BM00648,KLHL14,proteomic,Ovary,2,"From NCBI Gene: The protein encoded by this gene is a member of the Kelch-like gene family, whose members contain a BTB/POZ domain, a BACK domain, and several Kelch domains. The encoded protein possesses six Kelch domains and localizes to the endoplasmic reticulum, where it interacts with torsin-1A. [provided by RefSeq, Sep 2015]",,KLHL14,http://edrn.jpl.nasa.gov/bmdb/biomarkers/view/177,Q9P2G3
BM00649,KLK10,genomic,Breast,2,"From NCBI Gene: Kallikreins are a subgroup of serine proteases having diverse physiological functions. Growing evidence suggests that many kallikreins are implicated in carcinogenesis and some have potential as novel cancer and other disease biomarkers. This gene is one of the fifteen kallikrein subfamily members located in a cluster on chromosome 19. Its encoded protein is secreted and may play a role in suppression of tumorigenesis in breast and prostate cancers. Alternate splicing of this gene results in multiple transcript variants encoding the same protein. [provided by RefSeq, Jul 2008]",,KLK10,http://edrn.jpl.nasa.gov/bmdb/biomarkers/view/1162,O43240
BM00650,KLK11,proteomic,"Breast, Lung, Prostate",2,"The glandular kallikreins are a distinct group of serine proteases with molecular masses of 25,000 to 40,000. Kallikreins are a subgroup of serine proteases having diverse physiological functions. hk11 is a possible multifunctional protease which efficiently cleaves 'bz-Phe-Arg-4-methylcoumaryl-7-amide', a kallikrein substrate, and weakly cleaves other substrates for kallikrein and trypsin. Growing evidence suggests that many kallikreins are implicated in carcinogenesis and some have potential as novel cancer and other disease biomarkers. This gene is one of the fifteen kallikrein subfamily members located in a cluster on chromosome 19. Several human kallikrein genes have been isolated. Expressed in brain, skin and prostate. Isoform 1 is expressed preferentially in brain. Isoform 2 is expressed in prostate.",,KLK11,http://edrn.jpl.nasa.gov/bmdb/biomarkers/view/62,Q9UBX7
BM00651,KLK12,genomic,Lung,2,"From NCBI Gene: Kallikreins are a subgroup of serine proteases having diverse physiological functions. Growing evidence suggests that many kallikreins are implicated in carcinogenesis and some have potential as novel cancer and other disease biomarkers. This gene is one of the fifteen kallikrein subfamily members located in a cluster on chromosome 19. Alternate splicing of this gene results in three transcript variants encoding different isoforms. [provided by RefSeq, Jul 2008]",,KLK12,http://edrn.jpl.nasa.gov/bmdb/biomarkers/view/1159,Q9UKR0
BM00652,KLK13,genomic,Lung,2,"From NCBI Gene: Kallikreins are a subgroup of serine proteases having diverse physiological functions. Growing evidence suggests that many kallikreins are implicated in carcinogenesis and some have potential as novel cancer and other disease biomarkers. This gene is one of the fifteen kallikrein subfamily members located in a cluster on chromosome 19. Expression of this gene is regulated by steroid hormones and may be useful as a marker for breast cancer. [provided by RefSeq, Jan 2017]",,KLK13,http://edrn.jpl.nasa.gov/bmdb/biomarkers/view/1160,Q9UKR3
BM00653,KLK14,genomic,Lung,2,"From NCBIGene: This gene encodes a member of the kallikrein subfamily of serine proteases that have diverse physiological functions such as regulation of blood pressure and desquamation. The altered expression of this gene is implicated in the progression of different cancers including breast and prostate tumors. The encoded protein is a precursor that is proteolytically processed to generate the functional enzyme. This gene is one of the fifteen kallikrein subfamily members located in a cluster on chromosome 19. Alternative splicing results in multiple transcript variants. [provided by RefSeq, Jul 2015]",,KLK14,http://edrn.jpl.nasa.gov/bmdb/biomarkers/view/1161,Q9P0G3
BM00654,KLK2,proteomic,Prostate,2,"The glandular kallikreins are a distinct group of serine proteases with molecular masses of 25,000 to 40,000. The glandular kallikrein gene family comprises 25 to 30 highly homologous genes that encode specific proteases involved in the processing of biologically active peptides (they cleave Met-Lys and Arg-Ser bonds in kininogen to release Lys-bradykinin). Several human kallikrein genes have been isolated.",,KLK2,http://edrn.jpl.nasa.gov/bmdb/biomarkers/view/56,P20151
BM00655,KLK4,proteomic,Prostate,2,"The glandular kallikreins are a distinct group of serine proteases with molecular masses of 25,000 to 40,000. Kallikreins are a subgroup of serine proteases having diverse physiological functions. Growing evidence suggests that many kallikreins are implicated in carcinogenesis and some have potential as novel cancer and other disease biomarkers. This gene is one of the fifteen kallikrein subfamily members located in a cluster on chromosome 19. Several human kallikrein genes have been isolated. hK4 is expressed in the prostate.",,KLK4,http://edrn.jpl.nasa.gov/bmdb/biomarkers/view/57,Q9Y5K2
BM00656,KLK5,proteomic,Breast,2,"From NCBI Gene: Kallikreins are a subgroup of serine proteases having diverse physiological functions. Growing evidence suggests that many kallikreins are implicated in carcinogenesis and some have potential as novel cancer and other disease biomarkers. This gene is one of the fifteen kallikrein subfamily members located in a cluster on chromosome 19. Its expression is up-regulated by estrogens and progestins. The encoded protein is secreted and may be involved in desquamation in the epidermis. Alternative splicing results in multiple transcript variants encoding the same protein. [provided by RefSeq, Jul 2008]",,KLK5,http://edrn.jpl.nasa.gov/bmdb/biomarkers/view/1163,Q9Y337
BM00657,KLK6,proteomic,"Breast, Ovary",3,"Serine protease M expressed on epithelial cell surface and released in ECM. Tumor cells treated with a neutralizing KLK6 antibody migrate less than control cells, suggesting a role in invasion and metastasis. Overexpressed in primary breast tumors but not expressed in metastatic tumors.",,KLK6,http://edrn.jpl.nasa.gov/bmdb/biomarkers/view/21,Q92876
BM00658,KLK7,proteomic,"Breast, Lung",2,"From NCBI Gene: This gene encodes a member of the kallikrein subfamily of serine proteases. These enzymes have diverse physiological functions and many kallikrein genes are biomarkers for cancer. The encoded protein has chymotrypsin-like activity and plays a role in the proteolysis of intercellular cohesive structures that precedes desquamation, the shedding of the outermost layer of the epidermis. The encoded protein may play a role in cancer invasion and metastasis, and increased expression of this gene is associated with unfavorable prognosis and progression of several types of cancer. Polymorphisms in this gene may play a role in the development of atopic dermatitis. Alternatively spliced transcript variants encoding multiple isoforms have been observed for this gene, which is one of fifteen kallikrein subfamily members located in a gene cluster on chromosome 19. [provided by RefSeq, May 2011]",,KLK7,http://edrn.jpl.nasa.gov/bmdb/biomarkers/view/990,P49862
BM00659,KLK8,proteomic,"Breast, Lung, Ovary",3,"KLK8, a member of the kallikrein subgroup of serine proteases, is capable of degrading a number of proteins such as casein, fibrinogen, kininogen, fibronectin and collagen type IV.  Kallikreins have been implicated in carcinogenesis, and some have potential as novel cancer and other disease biomarkers.  KLK8 is one of fifteen kallikrein subfamily members located in a cluster on chromosome 19.  The four isoforms of KLK8 are a result of alternate splicing of the gene.  The isoforms exhibit distinct patterns of expression that suggest roles in brain plasticity and ovarian cancer.",,KLK8,http://edrn.jpl.nasa.gov/bmdb/biomarkers/view/234,O60259
BM00660,KNG1,proteomic,"Breast, Liver",1,"Kininogens are inhibitors of thiol proteases. The KNG1 gene uses alternative splicing to generate two different proteins- high molecular weight kininogen (HMWK) and low molecular weight kininogen (LMWK). HMW-kininogen plays an important role in blood coagulation by helping to position optimally prekallikrein and factor XI next to factor XII. HMW-kininogen also inhibits the thrombin- and plasmin-induced aggregation of thrombocytes. LMW-kininogen inhibits the aggregation of thrombocytes. LMW-kininogen, in contrast to HMW-kininogen, is not involved in blood clotting.",,KNG1,http://edrn.jpl.nasa.gov/bmdb/biomarkers/view/84,P01042
BM00661,KPNA6,genomic,Prostate,1,"From NCBI Gene: Nucleocytoplasmic transport, a signal- and energy-dependent process, takes place through nuclear pore complexes embedded in the nuclear envelope. The import of proteins containing a nuclear localization signal (NLS) requires the NLS import receptor, a heterodimer of importin alpha and beta subunits also known as karyopherins. Importin alpha binds the NLS-containing cargo in the cytoplasm and importin beta docks the complex at the cytoplasmic side of the nuclear pore complex. In the presence of nucleoside triphosphates and the small GTP binding protein Ran, the complex moves into the nuclear pore complex and the importin subunits dissociate. Importin alpha enters the nucleoplasm with its passenger protein and importin beta remains at the pore. The protein encoded by this gene is a member of the importin alpha family. [provided by RefSeq, Jul 2008]",,KPNA6,http://edrn.jpl.nasa.gov/bmdb/biomarkers/view/714,O60684
BM00662,KPNB1,proteomic,Lung,2,"From NCBI Gene: Nucleocytoplasmic transport, a signal- and energy-dependent process, takes place through nuclear pore complexes embedded in the nuclear envelope. The import of proteins containing a nuclear localization signal (NLS) requires the NLS import receptor, a heterodimer of importin alpha and beta subunits also known as karyopherins. Importin alpha binds the NLS-containing cargo in the cytoplasm and importin beta docks the complex at the cytoplasmic side of the nuclear pore complex. In the presence of nucleoside triphosphates and the small GTP binding protein Ran, the complex moves into the nuclear pore complex and the importin subunits dissociate. Importin alpha enters the nucleoplasm with its passenger protein and importin beta remains at the pore. Interactions between importin beta and the FG repeats of nucleoporins are essential in translocation through the pore complex. The protein encoded by this gene is a member of the importin beta family. Two transcript variants encoding different isoforms have been found for this gene. [provided by RefSeq, Feb 2013]",,KPNB1,http://edrn.jpl.nasa.gov/bmdb/biomarkers/view/989,Q14974
BM00663,KRAS,proteomic,"Colon, Lung, Ovary, Pancreas",3,"The KRAS gene, a Kirsten ras oncogene homolog from the mammalian ras gene family, encodes a protein that is a member of the small GTPase superfamily. A single amino acid substitution is responsible for an activating mutation. The transforming protein that results is implicated in various malignancies, including lung adenocarcinoma, mucinous adenoma, ductal carcinoma of the pancreas and colorectal carcinoma. Alternative splicing leads to variants encoding two isoforms that differ in the C-terminal region.",,KRAS,http://edrn.jpl.nasa.gov/bmdb/biomarkers/view/87,P01116
BM00664,KRT17,proteomic,Breast,2,"From NCBI Gene: This gene encodes the type I intermediate filament chain keratin 17, expressed in nail bed, hair follicle, sebaceous glands, and other epidermal appendages. Mutations in this gene lead to Jackson-Lawler type pachyonychia congenita and steatocystoma multiplex. [provided by RefSeq, Aug 2008]",,KRT17,http://edrn.jpl.nasa.gov/bmdb/biomarkers/view/1340,Q04695
BM00665,KRT19,proteomic,"Ovary, Prostate",3,"KRT19, a member of the keratin family which exists as a heterotetramer of two type I and two type II keratins, is involved in the organization of myofibers. Together with KRT8, KRT19 helps to link the contractile apparatus to dystrophin at the costameres of striated muscle.  KRT18 is expressed in a defined zone of basal keratinocytes in the deep outer root sheath of hair follicles.  It is also observed in sweat gland and mammary gland ductal and secretory cells, bile ducts, gastrointestinal tract, bladder urothelium, oral epithelia, esophagus, ectocervical epithelium (at protein level). It is expressed in epidermal basal cells and in nipple epidermis. It is also evident in a subset of vascular wall cells in both the veins and artery of human umbilical cord, and in umbilical cord vascular smooth muscle, as well as in muscle fibers accumulating in the costameres of myoplasm at the sarcolemma in structures that contain dystrophin and spectrin.",,KRT19,http://edrn.jpl.nasa.gov/bmdb/biomarkers/view/226,P08727
BM00666,KRT6B,proteomic,Breast,1,"From NCBI Gene: The protein encoded by this gene is a member of the keratin gene family. The type II cytokeratins consist of basic or neutral proteins which are arranged in pairs of heterotypic keratin chains coexpressed during differentiation of simple and stratified epithelial tissues. As many as six of this type II cytokeratin (KRT6) have been identified; the multiplicity of the genes is attributed to successive gene duplication events. The genes are expressed with family members KRT16 and/or KRT17 in the filiform papillae of the tongue, the stratified epithelial lining of oral mucosa and esophagus, the outer root sheath of hair follicles, and the glandular epithelia. Mutations in these genes have been associated with pachyonychia congenita. The type II cytokeratins are clustered in a region of chromosome 12q12-q13. [provided by RefSeq, Jul 2008]",,KRT6B,http://edrn.jpl.nasa.gov/bmdb/biomarkers/view/1524,P04259
BM00667,KRT7,genomic,Prostate,1,"From NCBI Gene: The protein encoded by this gene is a member of the keratin gene family. The type II cytokeratins consist of basic or neutral proteins which are arranged in pairs of heterotypic keratin chains coexpressed during differentiation of simple and stratified epithelial tissues. This type II cytokeratin is specifically expressed in the simple epithelia lining the cavities of the internal organs and in the gland ducts and blood vessels. The genes encoding the type II cytokeratins are clustered in a region of chromosome 12q12-q13. Alternative splicing may result in several transcript variants; however, not all variants have been fully described. [provided by RefSeq, Jul 2008]",,KRT7,http://edrn.jpl.nasa.gov/bmdb/biomarkers/view/715,P08729
BM00668,KRT8,proteomic,Ovary,2,"From NCBI Gene: This gene is a member of the type II keratin family clustered on the long arm of chromosome 12. Type I and type II keratins heteropolymerize to form intermediate-sized filaments in the cytoplasm of epithelial cells. The product of this gene typically dimerizes with keratin 18 to form an intermediate filament in simple single-layered epithelial cells. This protein plays a role in maintaining cellular structural integrity and also functions in signal transduction and cellular differentiation. Mutations in this gene cause cryptogenic cirrhosis. Alternatively spliced transcript variants have been found for this gene. [provided by RefSeq, Jan 2012]",,KRT8,http://edrn.jpl.nasa.gov/bmdb/biomarkers/view/1005,P05787
BM00669,L1CAM,genomic,Prostate,1,"From NCBI Gene: The protein encoded by this gene is an axonal glycoprotein belonging to the immunoglobulin supergene family. The ectodomain, consisting of several immunoglobulin-like domains and fibronectin-like repeats (type III), is linked via a single transmembrane sequence to a conserved cytoplasmic domain. This cell adhesion molecule plays an important role in nervous system development, including neuronal migration and differentiation. Mutations in the gene cause X-linked neurological syndromes known as CRASH (corpus callosum hypoplasia, retardation, aphasia, spastic paraplegia and hydrocephalus). Alternative splicing of this gene results in multiple transcript variants, some of which include an alternate exon that is considered to be specific to neurons. [provided by RefSeq, May 2013]",,L1CAM,http://edrn.jpl.nasa.gov/bmdb/biomarkers/view/716,P32004
BM00670,LAMA5,proteomic,"Breast, Ovary",2,"LAMA5 belongs to the alpha subfamily of laminin chains and is a major component of basement membranes. Two transcript variants encoding different isoforms have been found for this gene.  The laminins, a family of heterotrimeric extracellular glycoproteins, affect tissue development and integrity in such diverse organs as the kidney, lung, skin, and nervous system. It is thought that laminins mediate the attachment, migration, and organization of cells into tissues during embryonic development by interacting with other extracellular matrix components. Laminin is a complex glycoprotein, consisting of three different polypeptide chains (alpha, beta, gamma), which are bound to each other by disulfide bonds into a cross-shaped molecule comprising one long and three short arms with globules at each end. Alpha-5 is a subunit of laminin-10 (laminin-511), laminin-11 (laminin-521) and laminin-15 (laminin-523). LAMA5 is expressed in heart, lung, kidney, skeletal muscle, pancreas, retina and placenta. There is little or no expression in brain and liver.",,LAMA5,http://edrn.jpl.nasa.gov/bmdb/biomarkers/view/183,
BM00671,LAMB2,proteomic,Ovary,2,"Laminin is a complex glycoprotein, consisting of three different polypeptide chains (alpha, beta, gamma), which are bound to each other by disulfide bonds into a cross-shaped molecule comprising one long and three short arms with globules at each end. LMB2 is a subunit of laminin-3 (laminin-121 or S-laminin), laminin-4 (laminin-221 or S-merosin), laminin-7 (laminin-321 or KS-laminin), laminin-9 (laminin-421), laminin-11 (laminin-521), laminin-14 (laminin-423) and laminin-15 (laminin-523). LAMB2 binds to cells via a high affinity receptor and is thought to mediate the attachment, migration and organization of cells into tissues during embryonic development by interacting with other extracellular matrix components.",,LAMB2,http://edrn.jpl.nasa.gov/bmdb/biomarkers/view/208,P11047
BM00672,LAMC1,proteomic,Breast,1,"From NCBI Gene: Laminins, a family of extracellular matrix glycoproteins, are the major noncollagenous constituent of basement membranes. They have been implicated in a wide variety of biological processes including cell adhesion, differentiation, migration, signaling, neurite outgrowth and metastasis. Laminins, composed of 3 non identical chains: laminin alpha, beta and gamma (formerly A, B1, and B2, respectively), have a cruciform structure consisting of 3 short arms, each formed by a different chain, and a long arm composed of all 3 chains. Each laminin chain is a multidomain protein encoded by a distinct gene. Several isoforms of each chain have been described. Different alpha, beta and gamma chain isomers combine to give rise to different heterotrimeric laminin isoforms which are designated by Arabic numerals in the order of their discovery, i.e. alpha1beta1gamma1 heterotrimer is laminin 1. The biological functions of the different chains and trimer molecules are largely unknown, but some of the chains have been shown to differ with respect to their tissue distribution, presumably reflecting diverse functions in vivo. This gene encodes the gamma chain isoform laminin, gamma 1. The gamma 1 chain, formerly thought to be a beta chain, contains structural domains similar to beta chains, however, lacks the short alpha region separating domains I and II. The structural organization of this gene also suggested that it had diverged considerably from the beta chain genes. Embryos of transgenic mice in which both alleles of the gamma 1 chain gene were inactivated by homologous recombination, lacked basement membranes, indicating that laminin, gamma 1 chain is necessary for laminin heterotrimer assembly. It has been inferred by analogy with the strikingly similar 3' UTR sequence in mouse laminin gamma 1 cDNA, that multiple polyadenylation sites are utilized in human to generate the 2 different sized mRNAs (5.5 and 7.5 kb) seen on Northern analysis. [provided by RefSeq, Au",,LAMC1,http://edrn.jpl.nasa.gov/bmdb/biomarkers/view/1525,P11047
BM00673,LAMC2,proteomic,Pancreas,2,"From NCBI Gene: Laminins, a family of extracellular matrix glycoproteins, are the major noncollagenous constituent of basement membranes. They have been implicated in a wide variety of biological processes including cell adhesion, differentiation, migration, signaling, neurite outgrowth and metastasis. Laminins, composed of 3 non identical chains: laminin alpha, beta and gamma (formerly A, B1, and B2, respectively), have a cruciform structure consisting of 3 short arms, each formed by a different chain, and a long arm composed of all 3 chains. Each laminin chain is a multidomain protein encoded by a distinct gene. Several isoforms of each chain have been described. Different alpha, beta and gamma chain isomers combine to give rise to different heterotrimeric laminin isoforms which are designated by Arabic numerals in the order of their discovery, i.e. alpha1beta1gamma1 heterotrimer is laminin 1. The biological functions of the different chains and trimer molecules are largely unknown, but some of the chains have been shown to differ with respect to their tissue distribution, presumably reflecting diverse functions in vivo. This gene encodes the gamma chain isoform laminin, gamma 2. The gamma 2 chain, formerly thought to be a truncated version of beta chain (B2t), is highly homologous to the gamma 1 chain; however, it lacks domain VI, and domains V, IV and III are shorter. It is expressed in several fetal tissues but differently from gamma 1, and is specifically localized to epithelial cells in skin, lung and kidney. The gamma 2 chain together with alpha 3 and beta 3 chains constitute laminin 5 (earlier known as kalinin), which is an integral part of the anchoring filaments that connect epithelial cells to the underlying basement membrane. The epithelium-specific expression of the gamma 2 chain implied its role as an epithelium attachment molecule, and mutations in this gene have been associated with junctional epidermolysis bullosa, a skin disease characterized by b",,LAMC2,http://edrn.jpl.nasa.gov/bmdb/biomarkers/view/1237,Q13753
BM00674,LAMP1,proteomic,Breast,1,"From NCBI Gene: The protein encoded by this gene is a member of a family of membrane glycoproteins. This glycoprotein provides selectins with carbohydrate ligands. It may also play a role in tumor cell metastasis. [provided by RefSeq, Jul 2008]",,LAMP1,http://edrn.jpl.nasa.gov/bmdb/biomarkers/view/1526,P11279
BM00675,LAMR1,proteomic,Lung,2,"Laminins, a family of extracellular matrix glycoproteins, are the major noncollagenous constituent of basement membranes.  They have been implicated in a wide variety of biological processes including cell adhesion, differentiation, migration, signaling, neurite outgrowth and metastasis. Many of the effects of laminin are mediated through interactions with cell surface receptors. These receptors include members of the integrin family, as well as non-integrin laminin-binding proteins. The amino acid sequence of laminin receptor 1 is highly through evolution, suggesting a key biological function. It has been observed that the level of the laminin receptor transcript is higher in colon carcinoma tissue and lung cancer cell line than their normal counterparts. Also, there is a correlation between the upregulation of this polypeptide in cancer cells and their invasive and metastatic phenotype.  Cell-adhesive protein LAMR1 plays an important role in the processes of cancer proliferation, invasion and metastasis.  LAMR1 antigens have been found to be targets of autoantibodies in subjects newly diagnosed with lung cancer.",,RPSA,http://edrn.jpl.nasa.gov/bmdb/biomarkers/view/35,P08865
BM00676,LAPTM4B,proteomic,Ovary,2,"LAPTM4B, a multi-pass membrane protein and part of the endomembrane system, belongs to the LAPTM4/LAPTM5 transporter family. There is little documentation about the function of this protein.",,LAPTM4B,http://edrn.jpl.nasa.gov/bmdb/biomarkers/view/169,Q86VI4
BM00677,LARP6,genomic,Prostate,1,"From NCBI Gene: Enables RNA binding activity and myosin binding activity. Involved in positive regulation of collagen biosynthetic process; positive regulation of mRNA binding activity; and positive regulation of translation. Located in nucleus. Part of polysome. [provided by Alliance of Genome Resources, Nov 2021]",,LARP6,http://edrn.jpl.nasa.gov/bmdb/biomarkers/view/717,Q9BRS8
BM00678,LBP,proteomic,Breast,3,"From NCBI Gene: The protein encoded by this gene is involved in the acute-phase immunologic response to gram-negative bacterial infections. Gram-negative bacteria contain a glycolipid, lipopolysaccharide (LPS), on their outer cell wall. Together with bactericidal permeability-increasing protein (BPI), the encoded protein binds LPS and interacts with the CD14 receptor, probably playing a role in regulating LPS-dependent monocyte responses. Studies in mice suggest that the encoded protein is necessary for the rapid acute-phase response to LPS but not for the clearance of LPS from circulation. This protein is part of a family of structurally and functionally related proteins, including BPI, plasma cholesteryl ester transfer protein (CETP), and phospholipid transfer protein (PLTP). [provided by RefSeq, Apr 2012]",,LBP,http://edrn.jpl.nasa.gov/bmdb/biomarkers/view/1052,P18428
BM00679,LCN1,proteomic,Breast,1,"From NCBI Gene: This gene encodes a member of the lipocalin family of small secretory proteins. Lipocalins are extracellular transport proteins that bind to a variety of hydrophobic ligands. The encoded protein is the primary lipid binding protein in tears and is overproduced in response to multiple stimuli including infection and stress. The encoded protein may be a marker for chromosome aneuploidy as well as an autoantigen in Sjogren's syndrome. Alternatively spliced transcript variants encoding multiple isoforms have been observed for this gene, and two pseudogenes of this gene are also located on the long arm of chromosome 9. [provided by RefSeq, Nov 2011]",,LCN1,http://edrn.jpl.nasa.gov/bmdb/biomarkers/view/1527,P31025
BM00680,LCN2,genomic,Prostate,1,"From NCBI Gene: This gene encodes a protein that belongs to the lipocalin family. Members of this family transport small hydrophobic molecules such as lipids, steroid hormones and retinoids. The protein encoded by this gene is a neutrophil gelatinase-associated lipocalin and plays a role in innate immunity by limiting bacterial growth as a result of sequestering iron-containing siderophores. The presence of this protein in blood and urine is an early biomarker of acute kidney injury. This protein is thought to be be involved in multiple cellular processes, including maintenance of skin homeostasis, and suppression of invasiveness and metastasis. Mice lacking this gene are more susceptible to bacterial infection than wild type mice. [provided by RefSeq, Sep 2015]",,LCN2,http://edrn.jpl.nasa.gov/bmdb/biomarkers/view/718,P80188
BM00681,LCP-CNN model (CT-images),proteomic,Lung,3,Biomarker for the early detection of lung cancer in the setting of indeterminate pulmonary nodules.,,,http://edrn.jpl.nasa.gov/bmdb/biomarkers/view/1295,
BM00682,LCP1,genomic,"Breast, Prostate",1,"From NCBI Gene: Plastins are a family of actin-binding proteins that are conserved throughout eukaryote evolution and expressed in most tissues of higher eukaryotes. In humans, two ubiquitous plastin isoforms (L and T) have been identified. Plastin 1 (otherwise known as Fimbrin) is a third distinct plastin isoform which is specifically expressed at high levels in the small intestine. The L isoform is expressed only in hemopoietic cell lineages, while the T isoform has been found in all other normal cells of solid tissues that have replicative potential (fibroblasts, endothelial cells, epithelial cells, melanocytes, etc.). However, L-plastin has been found in many types of malignant human cells of non-hemopoietic origin suggesting that its expression is induced accompanying tumorigenesis in solid tissues. [provided by RefSeq, Jul 2008]",,LCP1,http://edrn.jpl.nasa.gov/bmdb/biomarkers/view/719,P13796
BM00683,LCP2,proteomic,Breast,2,"LCP2, previously known as SLP76, functions as an adaptor or scaffolding protein.  LCP2 has three modular domains.  The amino-terminal end has an acidic region that includes a PEST domain and several tyrosine residues which are phosphorylated following TCR ligation. LCP2 also contains a central proline-rich domain and a COOH-terminal SH2 domain.",,LCP2,http://edrn.jpl.nasa.gov/bmdb/biomarkers/view/926,Q13094
BM00684,LDAH,genomic,Prostate,1,"Previously known as C2orf43, the protein product of this gene is lipid droplet associated hydrolase.  From UniprotKB/SwissProt: Serine lipid hydrolase associated with lipid droplets. Highly expressed in macrophage-rich areas in atherosclerotic lesions, suggesting that it could promote cholesterol ester turnover in macrophages.",,LDAH,http://edrn.jpl.nasa.gov/bmdb/biomarkers/view/584,Q9H6V9
BM00685,LDH-H 1,proteomic,Lung,1,Lactate dehydrogenase,,LDH-H-1,http://edrn.jpl.nasa.gov/bmdb/biomarkers/view/1280,
BM00686,LDHB,proteomic,"Breast, Lung",1,"From NCBI Gene: This gene encodes the B subunit of lactate dehydrogenase enzyme, which catalyzes the interconversion of pyruvate and lactate with concomitant interconversion of NADH and NAD+ in a post-glycolysis process. Alternatively spliced transcript variants have been found for this gene. Recent studies have shown that a C-terminally extended isoform is produced by use of an alternative in-frame translation termination codon via a stop codon readthrough mechanism, and that this isoform is localized in the peroxisomes. Mutations in this gene are associated with lactate dehydrogenase B deficiency. Pseudogenes have been identified on chromosomes X, 5 and 13. [provided by RefSeq, Feb 2016]",,LDHB,http://edrn.jpl.nasa.gov/bmdb/biomarkers/view/991,P07195
BM00687,LEBS,proteomic,Colon,3,Low-coherence enhanced backscattering (LEBS) is a technique that has recently shown promise for tissue characterization and the detection of early pre-cancer. LEBS enables depth-selective spectroscopic assessment of mucosal tissue. Preliminary resesarch shows that pre-cancerous and benign mucosal tissues have different small length scale light transport properties.,,LEBS,http://edrn.jpl.nasa.gov/bmdb/biomarkers/view/99,
BM00688,LEP,proteomic,"Breast, Ovary",3,"Leptin (LEP) is secreted by white adipocytes and plays a major role in the regulation of body weight. This protein, which acts through the leptin receptor, functions as part of a signaling pathway that can inhibit food intake and/or regulate energy expenditure to maintain constancy of the adipose mass.  Leptin has also been implicated in the regulation of reproduction, glucose homeostasis, bone formation, wound healing and the immune system. Leptin has several endocrine functions and is also involved in the regulation of immune and inflammatory responses, hematopoiesis, angiogenesis and wound healing. Mutations in the leptin gene and/or its regulatory regions cause severe obesity and morbid obesity with hypogonadism. The leptin gene has also been linked to type 2 diabetes mellitus development.",,LEP,http://edrn.jpl.nasa.gov/bmdb/biomarkers/view/80,P41159
BM00689,LEPR,genomic,Prostate,1,"From NCBI Gene: The protein encoded by this gene belongs to the gp130 family of cytokine receptors that are known to stimulate gene transcription via activation of cytosolic STAT proteins. This protein is a receptor for leptin (an adipocyte-specific hormone that regulates body weight), and is involved in the regulation of fat metabolism, as well as in a novel hematopoietic pathway that is required for normal lymphopoiesis. Mutations in this gene have been associated with obesity and pituitary dysfunction. Alternatively spliced transcript variants encoding different isoforms have been described for this gene. It is noteworthy that this gene and LEPROT gene (GeneID:54741) share the same promoter and the first 2 exons, however, encode distinct proteins (PMID:9207021).[provided by RefSeq, Nov 2010]",,LEPR,http://edrn.jpl.nasa.gov/bmdb/biomarkers/view/720,P48357
BM00690,LFAMB (5 loci in three gene regions of RNA and DNA from nasal and bronchial brushings),proteomic,Lung,3,Biomarker for the early detection of lung cancer in the setting of indeterminate pulmonary nodules.,,,http://edrn.jpl.nasa.gov/bmdb/biomarkers/view/1296,
BM00691,LGALS3BP,proteomic,Ovary,2,"From NCBI Gene: he galectins are a family of beta-galactoside-binding proteins implicated in modulating cell-cell and cell-matrix interactions. LGALS3BP has been found elevated in the serum of patients with cancer and in those infected by the human immunodeficiency virus (HIV). It appears to be implicated in immune response associated with natural killer (NK) and lymphokine-activated killer (LAK) cell cytotoxicity. Using fluorescence in situ hybridization the full length 90K cDNA has been localized to chromosome 17q25. The native protein binds specifically to a human macrophage-associated lectin known as Mac-2 and also binds galectin 1. [provided by RefSeq, Jul 2008]",,LGALS3BP,http://edrn.jpl.nasa.gov/bmdb/biomarkers/view/384,Q08380
BM00692,LGALS8,genomic,Prostate,1,"From NCBI Gene: This gene encodes a member of the galectin family. Galectins are beta-galactoside-binding animal lectins with conserved carbohydrate recognition domains. The galectins have been implicated in many essential functions including development, differentiation, cell-cell adhesion, cell-matrix interaction, growth regulation, apoptosis, and RNA splicing. This gene is widely expressed in tumoral tissues and seems to be involved in integrin-like cell interactions. Alternatively spliced transcript variants encoding different isoforms have been identified. [provided by RefSeq, Jul 2008]",,LGALS8,http://edrn.jpl.nasa.gov/bmdb/biomarkers/view/721,O00214
BM00693,LGMN,proteomic,Lung,2,"From NCBI Gene: This gene encodes a cysteine protease that has a strict specificity for hydrolysis of asparaginyl bonds. This enzyme may be involved in the processing of bacterial peptides and endogenous proteins for MHC class II presentation in the lysosomal/endosomal systems. Enzyme activation is triggered by acidic pH and appears to be autocatalytic. Protein expression occurs after monocytes differentiate into dendritic cells. A fully mature, active enzyme is produced following lipopolysaccharide expression in mature dendritic cells. Overexpression of this gene may be associated with the majority of solid tumor types. This gene has a pseudogene on chromosome 13. Several alternatively spliced transcript variants have been described, but the biological validity of only two has been determined. These two variants encode the same isoform. [provided by RefSeq, Jul 2008]",,LGMN,http://edrn.jpl.nasa.gov/bmdb/biomarkers/view/992,Q99538
BM00694,LHB,proteomic,Ovary,3,"The pituitary glycoprotein hormone family includes follicle stimulating hormone (FSH), luteinizing hormone (LH), chorionic gonadotropin (CG), and thyroid-stimulating hormone (TSH). All of these glycoproteins consist of an identical alpha subunit and a hormone-specific beta subunit.  LHB, the beta subunit of luteinizing hormone, confers biological specificity.  LH is expressed in the pituitary gland and promotes spermatogenesis and ovulation by stimulating the testes and ovaries to synthesize steroids. The genes for the beta chains of chorionic gonadotropin and for luteinizing hormone are contiguous on chromosome 19q13.3. Mutations in this gene are associated with hypogonadism which is characterized by infertility and pseudohermaphroditism.",,LHB,http://edrn.jpl.nasa.gov/bmdb/biomarkers/view/244,P01229
BM00695,Li 9 marker panel for breast cancer,proteomic,Breast,3,,,,http://edrn.jpl.nasa.gov/bmdb/biomarkers/view/1462,
BM00696,LIMS2,genomic,Prostate,1,"From NCBI Gene: This gene encodes a member of a small family of focal adhesion proteins which interacts with ILK (integrin-linked kinase), a protein which effects protein-protein interactions with the extraceullar matrix. The encoded protein has five LIM domains, each domain forming two zinc fingers, which permit interactions which regulate cell shape and migration. A pseudogene of this gene is located on chromosome 4. Multiple transcript variants encoding different isoforms have been found for this gene. [provided by RefSeq, Nov 2011]",,LIMS2,http://edrn.jpl.nasa.gov/bmdb/biomarkers/view/722,Q7Z4I7
BM00697,LMNA,genomic,Prostate,1,"From NCBI Gene: The nuclear lamina consists of a two-dimensional matrix of proteins located next to the inner nuclear membrane. The lamin family of proteins make up the matrix and are highly conserved in evolution. During mitosis, the lamina matrix is reversibly disassembled as the lamin proteins are phosphorylated. Lamin proteins are thought to be involved in nuclear stability, chromatin structure and gene expression. Vertebrate lamins consist of two types, A and B. Alternative splicing results in multiple transcript variants. Mutations in this gene lead to several diseases: Emery-Dreifuss muscular dystrophy, familial partial lipodystrophy, limb girdle muscular dystrophy, dilated cardiomyopathy, Charcot-Marie-Tooth disease, and Hutchinson-Gilford progeria syndrome. [provided by RefSeq, Apr 2012]",,LMNA,http://edrn.jpl.nasa.gov/bmdb/biomarkers/view/723,P02545
BM00698,LMNB2,proteomic,Breast,1,"From NCBI Gene: This gene encodes a B type nuclear lamin. The nuclear lamina consists of a two-dimensional matrix of proteins located next to the inner nuclear membrane. The lamin family of proteins make up the matrix and are highly conserved in evolution. During mitosis, the lamina matrix is reversibly disassembled as the lamin proteins are phosphorylated. Lamin proteins are thought to be involved in nuclear stability, chromatin structure and gene expression. Vertebrate lamins consist of two types, A and B. Mutations in this gene are associated with acquired partial lipodystrophy. [provided by RefSeq, May 2012]",,LMNB2,http://edrn.jpl.nasa.gov/bmdb/biomarkers/view/1528,Q03252
BM00699,LMO3,genomic,Prostate,1,"From NCBI Gene: The protein encoded by this gene belongs to the rhombotin family of cysteine-rich LIM domain oncogenes. This gene is predominantly expressed in the brain. Related family members, LMO1 and LMO2 on chromosome 11, have been reported to be involved in chromosomal translocations in T-cell leukemia. Many alternatively spliced transcript variants have been found for this gene. [provided by RefSeq, Aug 2011]",,LMO3,http://edrn.jpl.nasa.gov/bmdb/biomarkers/view/724,Q8TAP4
BM00700,LMOD1,genomic,Prostate,1,"From NCBI Gene: The leiomodin 1 protein has a putative membrane-spanning region and 2 types of tandemly repeated blocks. The transcript is expressed in all tissues tested, with the highest levels in thyroid, eye muscle, skeletal muscle, and ovary. Increased expression of leiomodin 1 may be linked to Graves' disease and thyroid-associated ophthalmopathy. [provided by RefSeq, Jul 2008]",,LMOD1,http://edrn.jpl.nasa.gov/bmdb/biomarkers/view/725,P29536
BM00701,LMR1,proteomic,Lung,2,"From NCBI Gene: The protein encoded by this gene contains a tyrosine kinase domain at the N-terminus and a proline-rich domain at the C-terminus. This gene is induced during apoptosis, and expression of this gene may be a necessary pre-requisite for the induction of growth arrest and/or apoptosis of myeloid precursor cells. This gene has been shown to produce neuronal differentiation in a neuroblastoma cell line. Two transcript variants encoding different isoforms have been found for this gene. [provided by RefSeq, Jun 2011]",,AATK,http://edrn.jpl.nasa.gov/bmdb/biomarkers/view/448,Q6ZMQ8
BM00702,LPAR3,proteomic,Ovary,2,"LPAR3, a multi-pass cell membrane protein, is a receptor for lysophosphatidic acid (LPA), a mediator of diverse cellular activities. LPAR3 seems to be coupled to the G(i)/G(o) and G(q) families of heteromeric G proteins. LPAR3 may play a role in the development of ovarian cancer. This protein is most abundantly expressed in prostate, testes, pancreas, and heart, with moderate levels in lung and ovary. There is no detectable expression in brain, placenta, liver, skeletal muscle, kidney, spleen, thymus, small intestine, colon, or peripheral blood leukocytes.",,LPAR3,http://edrn.jpl.nasa.gov/bmdb/biomarkers/view/148,Q9UBY5
BM00703,LPHA,proteomic,Breast,3,"From NCBI Gene: The protein encoded by this gene is a member of the lipophilin subfamily, part of the uteroglobin superfamily, and is an ortholog of prostatein, the major secretory glycoprotein of the rat ventral prostate gland. This gene product represents one component of a heterodimeric molecule present in human tears whose elution profile is consistent with prostatein, a tetrameric molecule composed of three peptide components in heterodimers. Assuming that human lipophilins are the functional counterparts of prostatein, they may be transcriptionally regulated by steroid hormones, with the ability to bind androgens, other steroids and possibly bind and concentrate estramustine, a chemotherapeutic agent widely used for prostate cancer. Although the gene has been reported to be on chromosome 15, this sequence appears to be from a cluster of genes on chromosome 11 that includes mammaglobin 2. [provided by RefSeq, Jul 2008]",,SCGB1D1,http://edrn.jpl.nasa.gov/bmdb/biomarkers/view/1165,O95968
BM00704,LPIN1,genomic,Prostate,1,"From NCBI Gene: This gene encodes a magnesium-ion-dependent phosphatidic acid phosphohydrolase enzyme that catalyzes the penultimate step in triglyceride synthesis including the dephosphorylation of phosphatidic acid to yield diacylglycerol. Expression of this gene is required for adipocyte differentiation and it also functions as a nuclear transcriptional coactivator with some peroxisome proliferator-activated receptors to modulate expression of other genes involved in lipid metabolism. Mutations in this gene are associated with metabolic syndrome, type 2 diabetes, acute recurrent rhabdomyolysis, and autosomal recessive acute recurrent myoglobinuria (ARARM). This gene is also a candidate for several human lipodystrophy syndromes. [provided by RefSeq, Mar 2017]",,LPIN1,http://edrn.jpl.nasa.gov/bmdb/biomarkers/view/726,Q14693
BM00705,LRG1,proteomic,"Breast, Ovary, Pancreas",2,"From NCBI Gene: The leucine-rich repeat (LRR) family of proteins, including LRG1, have been shown to be involved in protein-protein interaction, signal transduction, and cell adhesion and development. LRG1 is expressed during granulocyte differentiation (O'Donnell et al., 2002 [PubMed 12223515]).[supplied by OMIM, Mar 2008]",,LRG1,http://edrn.jpl.nasa.gov/bmdb/biomarkers/view/167,P02750
BM00706,LRIG3,proteomic,Lung,2,"The LRIG3 protein is a widely expressed type I membrane protein.  It contains three Ig-like C2-type (immunoglobulin-like) domains, 15 LRR (leucine-rich) repeats, 1 LRRCT domain, and 1 LRRNT domain.",,LRIG3,http://edrn.jpl.nasa.gov/bmdb/biomarkers/view/450,Q6UXM1
BM00707,LRRC47,proteomic,Ovary,2,"From NCBI Gene: Enables RNA binding activity. Predicted to be involved in phenylalanyl-tRNA aminoacylation. [provided by Alliance of Genome Resources, Apr 2022]",,LRRC47,http://edrn.jpl.nasa.gov/bmdb/biomarkers/view/209,Q8N1G4
BM00708,LTA4H,proteomic,Breast,1,"From NCBI Gene: The protein encoded by this gene is an enzyme that contains both hydrolase and aminopeptidase activities. The hydrolase activity is used in the final step of the biosynthesis of leukotriene B4, a proinflammatory mediator. The aminopeptidase activity has been shown to degrade proline-glycine-proline (PGP), a neutrophil chemoattractant and biomarker for chronic obstructive pulmonary disease (COPD). Several transcript variants encoding different isoforms have been found for this gene. [provided by RefSeq, Sep 2015]",,LTA4H,http://edrn.jpl.nasa.gov/bmdb/biomarkers/view/1529,P09960
BM00709,LTBP1,proteomic,"Breast, Ovary",2,"From NCBI Gene: The protein encoded by this gene belongs to the family of latent TGF-beta binding proteins (LTBPs). The secretion and activation of TGF-betas is regulated by their association with latency-associated proteins and with latent TGF-beta binding proteins. The product of this gene targets latent complexes of transforming growth factor beta to the extracellular matrix, where the latent cytokine is subsequently activated by several different mechanisms. Alternatively spliced transcript variants encoding different isoforms have been identified. [provided by RefSeq, Jul 2008]",,LTBP1,http://edrn.jpl.nasa.gov/bmdb/biomarkers/view/159,Q14766
BM00710,LTBP2,proteomic,Ovary,2,"LTBP2, the largest member of the latent transforming growth factor (TGF)-beta binding protein family, possesses unique regions and is most similar to the fibrillins. It has thus been suggested that it may have multiple functions: as a member of the TGF-beta latent complex, as a structural component of microfibrils, and a role in cell adhesion. LTBP2 forms part of the large latent transforming growth factor beta precursor complex; removal is essential for activation of complex. It is expressed in lung, weakly expressed in heart, placenta, liver and skeletal muscle.",,LTBP2,http://edrn.jpl.nasa.gov/bmdb/biomarkers/view/163,Q14767
BM00711,LTBP4,genomic,Prostate,1,"From NCBI Gene: The protein encoded by this gene binds transforming growth factor beta (TGFB) as it is secreted and targeted to the extracellular matrix. TGFB is biologically latent after secretion and insertion into the extracellular matrix, and sheds TGFB and other proteins upon activation. Defects in this gene may be a cause of cutis laxa and severe pulmonary, gastrointestinal, and urinary abnormalities. Three transcript variants encoding different isoforms have been found for this gene.[provided by RefSeq, May 2010]",,LTBP4,http://edrn.jpl.nasa.gov/bmdb/biomarkers/view/727,Q8N2S1
BM00712,LTF,genomic,Prostate,1,"From NCBI Gene: This gene is a member of the transferrin family of genes and its protein product is found in the secondary granules of neutrophils. The protein is a major iron-binding protein in milk and body secretions with an antimicrobial activity, making it an important component of the non-specific immune system. The protein demonstrates a broad spectrum of properties, including regulation of iron homeostasis, host defense against a broad range of microbial infections, anti-inflammatory activity, regulation of cellular growth and differentiation and protection against cancer development and metastasis. Antimicrobial, antiviral, antifungal and antiparasitic activity has been found for this protein and its peptides. Alternatively spliced transcript variants encoding different isoforms have been found for this gene. [provided by RefSeq, Sep 2014]",,LTF,http://edrn.jpl.nasa.gov/bmdb/biomarkers/view/728,P02788
BM00713,LY6G6C,proteomic,Ovary,2,"LY6G6C, a cell membrane protein, is highly expressed at the leading edges of cells, on filopodia. The LY6G6C gene belongs to a cluster of leukocyte antigen-6 (LY6) genes located in the major histocompatibility complex (MHC) class III region on chromosome 6. Members of the LY6 superfamily typically contain 70 to 80 amino acids, including 8 to 10 cysteines. LY6G6C is attached to the cell surface by a glycosylphosphatidylinositol (GPI) anchor that is directly involved in signal transduction.",,LY6G6C,http://edrn.jpl.nasa.gov/bmdb/biomarkers/view/187,O95867
BM00714,LYPD3,proteomic,Breast,1,From UniProtKB: Supports cell migration. May be involved in urothelial cell-matrix interactions. May be involved in tumor progression.,,LYPD3,http://edrn.jpl.nasa.gov/bmdb/biomarkers/view/1530,O95274
BM00715,LYPLA1,genomic,Prostate,1,"From NCBI Gene: This gene encodes a member of the alpha/beta hydrolase superfamily. The encoded protein functions as a homodimer, exhibiting both depalmitoylating as well as lysophospholipase activity, and may be involved in Ras localization and signaling. Alternate splicing results in multiple transcript variants. Pseudogenes of this gene have been defined on chromosomes 4, 6, and 7. [provided by RefSeq, Jul 2013]",,LYPLA1,http://edrn.jpl.nasa.gov/bmdb/biomarkers/view/729,O75608
BM00716,LYZ,proteomic,Breast,1,"From NCBI Gene: This gene encodes human lysozyme, whose natural substrate is the bacterial cell wall peptidoglycan (cleaving the beta[1-4]glycosidic linkages between N-acetylmuramic acid and N-acetylglucosamine). Lysozyme is one of the antimicrobial agents found in human milk, and is also present in spleen, lung, kidney, white blood cells, plasma, saliva, and tears. The protein has antibacterial activity against a number of bacterial species. Missense mutations in this gene have been identified in heritable renal amyloidosis. [provided by RefSeq, Oct 2014]",,LYZ,http://edrn.jpl.nasa.gov/bmdb/biomarkers/view/1531,P61626
BM00717,LZTS1,proteomic,Ovary,2,"LZTS1 is a tumor suppressor protein that is widely expressed in normal tissues.  It is involved in regulating cell growth and is also thought to interact with the active CDC2-cyclin B1 complex and contribute to the regulation of the cell cycle and the prevention of uncontrolled cell proliferation. Loss of heterozygosity (LOH) in the 8p arm is a common characteristic of many types of cancer, and this gene is located on 8p22.",,LZTS1,http://edrn.jpl.nasa.gov/bmdb/biomarkers/view/385,Q9Y250
BM00718,MA,proteomic,Breast,3,Marker A,,MA,http://edrn.jpl.nasa.gov/bmdb/biomarkers/view/1308,
BM00719,MAGEA4,proteomic,Breast,3,"From NCBI Gene: This gene is a member of the MAGEA gene family. The members of this family encode proteins with 50 to 80% sequence identity to each other. The promoters and first exons of the MAGEA genes show considerable variability, suggesting that the existence of this gene family enables the same function to be expressed under different transcriptional controls. The MAGEA genes are clustered at chromosomal location Xq28. They have been implicated in some hereditary disorders, such as dyskeratosis congenita. At least four variants encoding the same protein have been found for this gene. [provided by RefSeq, Jul 2008]",,MAGEA4,http://edrn.jpl.nasa.gov/bmdb/biomarkers/view/1053,P43358
BM00720,MAGEA6,proteomic,Breast,2,"The members of the MAGEA protein family display 50-80% sequence identity among their members.  MAGEA proteins are thought to play a role in tumor transformation or aspects of tumor progression. The promoters and first exons of the MAGEA genes show considerable variability, suggesting that the existence of this gene family enables the same function to be expressed under different transcriptional controls. Alternative splicing results in multiple transcript variants.",,MAGEA6,http://edrn.jpl.nasa.gov/bmdb/biomarkers/view/927,P43360
BM00721,MAL,genomic,Prostate,1,"From NCBI Gene: The protein encoded by this gene is a highly hydrophobic integral membrane protein belonging to the MAL family of proteolipids. The protein has been localized to the endoplasmic reticulum of T-cells and is a candidate linker protein in T-cell signal transduction. In addition, this proteolipid is localized in compact myelin of cells in the nervous system and has been implicated in myelin biogenesis and/or function. The protein plays a role in the formation, stabilization and maintenance of glycosphingolipid-enriched membrane microdomains. Down-regulation of this gene has been associated with a variety of human epithelial malignancies. Alternative splicing produces four transcript variants which vary from each other by the presence or absence of alternatively spliced exons 2 and 3. [provided by RefSeq, May 2012]",,MAL,http://edrn.jpl.nasa.gov/bmdb/biomarkers/view/730,P01732
BM00722,MALAT1,proteomic,Lung,1,MALAT1 is a non-protein coding RNA known to be associated with lung adenocarcinoma.,,MALAT1,http://edrn.jpl.nasa.gov/bmdb/biomarkers/view/1083,
BM00723,Mammographic Breast Density,genomic,Breast,1,,,,http://edrn.jpl.nasa.gov/bmdb/biomarkers/view/1138,
BM00724,MAOB,genomic,Prostate,1,"From NCBI Gene: The protein encoded by this gene belongs to the flavin monoamine oxidase family. It is a enzyme located in the mitochondrial outer membrane. It catalyzes the oxidative deamination of biogenic and xenobiotic amines and plays an important role in the metabolism of neuroactive and vasoactive amines in the central nervous sysytem and peripheral tissues. This protein preferentially degrades benzylamine and phenylethylamine. [provided by RefSeq, Jul 2008]",,MAOB,http://edrn.jpl.nasa.gov/bmdb/biomarkers/view/731,P27338
BM00725,MAP1A,genomic,Prostate,1,"From NCBI Gene: This gene encodes a protein that belongs to the microtubule-associated protein family. The proteins of this family are thought to be involved in microtubule assembly, which is an essential step in neurogenesis. The product of this gene is a precursor polypeptide that presumably undergoes proteolytic processing to generate the final MAP1A heavy chain and LC2 light chain. Expression of this gene is almost exclusively in the brain. Studies of the rat microtubule-associated protein 1A gene suggested a role in early events of spinal cord development. [provided by RefSeq, Jul 2008]",,MAP1A,http://edrn.jpl.nasa.gov/bmdb/biomarkers/view/732,
BM00726,MAP2K1,proteomic,"Breast, Lung",2,"MAP2K1, or mitogen-activated protein kinase kinase 1, is a dual specificity protein kinase which acts as an essential component of the MAP kinase signal transduction pathway. MAP kinases, also known as extracellular signal-regulated kinases (ERKs), act as an integration point for multiple biochemical signals. MAP2K1 is located upstream of MAP kinases and stimulates the enzymatic activity of MAP kinases upon wide variety of extra- and intracellular signals.  MAP2K1 is thought to be involved in binding of extracellular ligands such as growth factors, cytokines and hormones to their cell-surface receptors, as well as     cellular processes such as proliferation, differentiation, transcription regulation and development.",,MAP2K1,http://edrn.jpl.nasa.gov/bmdb/biomarkers/view/928,Q02750
BM00727,MAPK1,proteomic,"Breast, Ovary",2,"From NCBI Gene: This gene encodes a member of the MAP kinase family. MAP kinases, also known as extracellular signal-regulated kinases (ERKs), act as an integration point for multiple biochemical signals, and are involved in a wide variety of cellular processes such as proliferation, differentiation, transcription regulation and development. The activation of this kinase requires its phosphorylation by upstream kinases. Upon activation, this kinase translocates to the nucleus of the stimulated cells, where it phosphorylates nuclear targets. One study also suggests that this protein acts as a transcriptional repressor independent of its kinase activity. The encoded protein has been identified as a moonlighting protein based on its ability to perform mechanistically distinct functions. Two alternatively spliced transcript variants encoding the same protein, but differing in the UTRs, have been reported for this gene. [provided by RefSeq, Jan 2014]",,MAPK1,http://edrn.jpl.nasa.gov/bmdb/biomarkers/view/1199,P28482
BM00728,MAPK13,proteomic,Lung,1,"From NCBI Gene: This gene encodes a member of the mitogen-activated protein (MAP) kinase family. MAP kinases act as an integration point for multiple biochemical signals, and are involved in a wide variety of cellular processes such as proliferation, differentiation, transcription regulation and development. The encoded protein is a p38 MAP kinase and is activated by proinflammatory cytokines and cellular stress. Substrates of the encoded protein include the transcription factor ATF2 and the microtubule dynamics regulator stathmin. Alternatively spliced transcript variants have been observed for this gene. [provided by RefSeq, Jul 2012]",,MAPK13,http://edrn.jpl.nasa.gov/bmdb/biomarkers/view/994,O15264
BM00729,MAPK14,proteomic,Breast,3,"From NCBI Gene: The protein encoded by this gene is a member of the MAP kinase family. MAP kinases act as an integration point for multiple biochemical signals, and are involved in a wide variety of cellular processes such as proliferation, differentiation, transcription regulation and development. This kinase is activated by various environmental stresses and proinflammatory cytokines. The activation requires its phosphorylation by MAP kinase kinases (MKKs), or its autophosphorylation triggered by the interaction of MAP3K7IP1/TAB1 protein with this kinase. The substrates of this kinase include transcription regulator ATF2, MEF2C, and MAX, cell cycle regulator CDC25B, and tumor suppressor p53, which suggest the roles of this kinase in stress related transcription and cell cycle regulation, as well as in genotoxic stress response. Four alternatively spliced transcript variants of this gene encoding distinct isoforms have been reported. [provided by RefSeq, Jul 2008]",,MAPK14,http://edrn.jpl.nasa.gov/bmdb/biomarkers/view/1054,Q16539
BM00730,MAPK3,proteomic,Breast,2,"From NCBI Gene: The protein encoded by this gene is a member of the MAP kinase family. MAP kinases, also known as extracellular signal-regulated kinases (ERKs), act in a signaling cascade that regulates various cellular processes such as proliferation, differentiation, and cell cycle progression in response to a variety of extracellular signals. This kinase is activated by upstream kinases, resulting in its translocation to the nucleus where it phosphorylates nuclear targets. Alternatively spliced transcript variants encoding different protein isoforms have been described. [provided by RefSeq, Jul 2008]",,MAPK3,http://edrn.jpl.nasa.gov/bmdb/biomarkers/view/1341,P27361
BM00731,Marker L,proteomic,Liver,2,Candidate biomarker for early detection of hepatocellular carcinoma.,,MARKER-L,http://edrn.jpl.nasa.gov/bmdb/biomarkers/view/1288,
BM00732,Marker S,proteomic,Liver,2,Candidate biomarker for early detection of hepatocellular carcinoma.,,MARKER-S,http://edrn.jpl.nasa.gov/bmdb/biomarkers/view/1289,
BM00733,Massion 4 marker FISH panel for lung cancer,genomic,Lung,2,"The combination of these 4 probes, TP63, MYC, CEP3, and CEP6, offered a sensitivity of 82% for lung cancer and a specificity of 58%. These results indicate that specific cytogenetic alterations present in preinvasive lung lesions are closely associated with the diagnosis of lung cancer and may therefore have value in assessing lung cancer risk.",,,http://edrn.jpl.nasa.gov/bmdb/biomarkers/view/503,
BM00734,Massion CEP6 + sputum cytology + demographics,genomic,Lung,2,is the designation for the centromere region of chromosome 6.  Amplification of this region has been identified in lung cancer.,,,http://edrn.jpl.nasa.gov/bmdb/biomarkers/view/417,
BM00735,MAZ,genomic,Prostate,1,"From NCBI Gene: Enables DNA-binding transcription factor activity, RNA polymerase II-specific and RNA polymerase II cis-regulatory region sequence-specific DNA binding activity. Involved in several processes, including regulation of gene expression; regulation of signal transduction; and transcription by RNA polymerase II. Predicted to be located in cytoplasm and nucleus. [provided by Alliance of Genome Resources, Apr 2022]",,MAZ,http://edrn.jpl.nasa.gov/bmdb/biomarkers/view/733,P56270
BM00736,MB,proteomic,Breast,3,Marker B,,MB,http://edrn.jpl.nasa.gov/bmdb/biomarkers/view/1309,P02144
BM00737,MBD1,proteomic,Breast,3,"From NCBI Gene: The protein encoded by this gene is a member of a family of nuclear proteins related by the presence of a methyl-CpG binding domain (MBD). These proteins are capable of binding specifically to methylated DNA, and some members can also repress transcription from methylated gene promoters. This protein contains multiple domains: MBD at the N-terminus that functions both in binding to methylated DNA and in protein interactions; several CXXC-type zinc finger domains that mediate binding to non-methylated CpG dinucleotides; transcriptional repression domain (TRD) at the C-terminus that is involved in transcription repression and in protein interactions. Numerous alternatively spliced transcript variants encoding different isoforms have been noted for this gene.[provided by RefSeq, Feb 2011]",,MBD1,http://edrn.jpl.nasa.gov/bmdb/biomarkers/view/1055,Q9UIS9
BM00738,MBP,genomic,Bladder,2,"From NCBI Gene: The protein encoded by the classic MBP gene is a major constituent of the myelin sheath of oligodendrocytes and Schwann cells in the nervous system. However, MBP-related transcripts are also present in the bone marrow and the immune system. These mRNAs arise from the long MBP gene (otherwise called ""Golli-MBP"") that contains 3 additional exons located upstream of the classic MBP exons. Alternative splicing from the Golli and the MBP transcription start sites gives rise to 2 sets of MBP-related transcripts and gene products. The Golli mRNAs contain 3 exons unique to Golli-MBP, spliced in-frame to 1 or more MBP exons. They encode hybrid proteins that have N-terminal Golli aa sequence linked to MBP aa sequence. The second family of transcripts contain only MBP exons and produce the well characterized myelin basic proteins. This complex gene structure is conserved among species suggesting that the MBP transcription unit is an integral part of the Golli transcription unit and that this arrangement is important for the function and/or regulation of these genes. [provided by RefSeq, Jul 2008]",,MBP,http://edrn.jpl.nasa.gov/bmdb/biomarkers/view/1218,P02686
BM00739,MBPA,genomic,Bladder,2,"Microsatellites are tandem repeat DNA sequences that are common, highly polymorphic genetic elements within the eukaryotic genome. Alterations, either expansion or deletions, of microsatellites were used as clonal markers for the detection of human cancer, including bladder cancer.   (Taken from EDRN protocol description)",,MBPA,http://edrn.jpl.nasa.gov/bmdb/biomarkers/view/1264,
BM00740,MCCC2,genomic,Prostate,1,"From NCBI Gene: This gene encodes the small subunit of 3-methylcrotonyl-CoA carboxylase. This enzyme functions as a heterodimer and catalyzes the carboxylation of 3-methylcrotonyl-CoA to form 3-methylglutaconyl-CoA. Mutations in this gene are associated with 3-Methylcrotonylglycinuria, an autosomal recessive disorder of leucine catabolism. Alternative splicing results in multiple transcript variants encoding distinct isoforms. [provided by RefSeq, May 2018]",,MCCC2,http://edrn.jpl.nasa.gov/bmdb/biomarkers/view/735,Q9HCC0
BM00741,MCUR1,genomic,Prostate,1,"From UniprotKB/Swiss-Prot: Key regulator of mitochondrial calcium uniporter (MCU) required for calcium entry into mitochondrion (PubMed:23178883, PubMed:26445506, PubMed:27184846, PubMed:26976564). Plays a direct role in uniporter-mediated calcium uptake via a direct interaction with MCU (PubMed:23178883). Probably involved in the assembly of the membrane components of the uniporter complex (uniplex) (PubMed:27184846).",,MCUR1,http://edrn.jpl.nasa.gov/bmdb/biomarkers/view/593,Q96AQ8
BM00742,MDK,proteomic,Lung,2,"From NCBI Gene: This gene encodes a member of a small family of secreted growth factors that binds heparin and responds to retinoic acid. The encoded protein promotes cell growth, migration, and angiogenesis, in particular during tumorigenesis. This gene has been targeted as a therapeutic for a variety of different disorders. Alternatively spliced transcript variants encoding multiple isoforms have been observed. [provided by RefSeq, Jul 2012]",,MDK,http://edrn.jpl.nasa.gov/bmdb/biomarkers/view/996,P21741
BM00743,ME1,genomic,"Breast, Prostate",1,"From NCBI Gene: This gene encodes a cytosolic, NADP-dependent enzyme that generates NADPH for fatty acid biosynthesis. The activity of this enzyme, the reversible oxidative decarboxylation of malate, links the glycolytic and citric acid cycles. The regulation of expression for this gene is complex. Increased expression can result from elevated levels of thyroid hormones or by higher proportions of carbohydrates in the diet. [provided by RefSeq, Jul 2008]",,ME1,http://edrn.jpl.nasa.gov/bmdb/biomarkers/view/736,P48163
BM00744,MED21,genomic,Prostate,1,"From NCBI Gene: This gene encodes a member of the mediator complex subunit 21 family. The encoded protein interacts with the human RNA polymerase II holoenzyme and is involved in transcriptional regulation of RNA polymerase II transcribed genes. A pseudogene of this gene is located on chromosome 8. Alternative splicing results in multiple transcript variants. [provided by RefSeq, Nov 2012]",,MED21,http://edrn.jpl.nasa.gov/bmdb/biomarkers/view/737,Q13503
BM00745,Meltzer 3 marker panel for Esophageal Adenocarcinoma,genomic,Esophagus,3,"Using real-time quantitative methylation-specific PCR, ten genes (HPP1, RUNX3, RIZ1, CRBP1, 3-OST-2, APC, TIMP3, p16, MGMT and p14) were screened for promoter hypermethylation in 77 esophageal adenocarcinoma, 93 Barrett's Esophagus, and 64 normal esophagus specimens. p16, RUNX3 and HPP1 displayed increasing methylation frequencies in Barrett's Esophagus vs. esophageal adenocarcinoma samples, with the increases in methylation occurring early, at the interface between Barrett's Esophagus and low-grade dysplasia. Further study has shown that hypermethylation of p16 and HPP1 are independently associated with an increased risk of progression. In combined analyses, risk was detectable up to, but not earlier than, two years prededing neoplastic progression. Hypermethylation of p16, RUNX3 and HPP1 in Barrett's Esophagus or low-grade dysplasia may represent independent risk factors for the progression of Barrett's Esophagus to high-grade dysplasia or esophageal adenocarcinoma.",,,http://edrn.jpl.nasa.gov/bmdb/biomarkers/view/90,
BM00746,Meltzer 3 marker panel with clinical features for Esophageal Adenocarcinoma,genomic,Esophagus,3,"Barrett's esophagus predisposes to esophageal adenocarcinoma. This biomarker is part of a three-tiered risk stratification strategy, based on systematically selected epigenetic and clinical parameters, to improve Barrett's esophagus surveillance efficiency.",,,http://edrn.jpl.nasa.gov/bmdb/biomarkers/view/91,
BM00747,Mercola 131 probe-set classifer panel for prostate cancer,genomic,Prostate,1,From PMID 21459804: A stroma-specific classifier for nearby tumor was constructed on the basis of 114 candidate genes. The resulting significantly differentially expressed genes for the comparison of normal prostate biopsies to tumor-bearing prostate tissue were used for development of the diagnostic classifier.,,,http://edrn.jpl.nasa.gov/bmdb/biomarkers/view/1591,
BM00748,Mercola 15-gene classifier panel for prostate cancer,genomic,Prostate,1,From PMID 22870216: A 15-gene classifier. The overall accuracy was 87% when the classifier was tested on 47 independent test samples. Pathway analysis and Gene Ontology studies indicated these 15 genes are significantly enriched for genes that are involved in apoptosis-related processes. These studies supported the possibility that stroma is a practical basis of risk assessment.,,,http://edrn.jpl.nasa.gov/bmdb/biomarkers/view/1590,
BM00749,Mercola 7-gene signature for prostate cancer,genomic,Prostate,3,"Significance Analysis of Microarray (SAM) was used to develop a 7-gene classifier. The overall prediction accuracy and sensitivity is 71% and 76%, respectively. The inclusion of the Gleason sum to the seven-gene classifier raised the prediction accuracy and sensitivity to 83% and 76% respectively This prognostic signature is closely associated with biochemical recurrence in patients after radical prostatectomy.  The seven genes are: RRAGD, PQBP1, HIST1H2BC, ALDH1A2, TRIM22, RBPMS, HSPB8.",,,http://edrn.jpl.nasa.gov/bmdb/biomarkers/view/1013,
BM00750,MET,proteomic,Breast,3,"From NCBI Gene: The proto-oncogene MET product is the hepatocyte growth factor receptor and encodes tyrosine-kinase activity. The primary single chain precursor protein is post-translationally cleaved to produce the alpha and beta subunits, which are disulfide linked to form the mature receptor. Various mutations in the MET gene are associated with papillary renal carcinoma. Two transcript variants encoding different isoforms have been found for this gene. [provided by RefSeq, Jul 2008]",,MET,http://edrn.jpl.nasa.gov/bmdb/biomarkers/view/1056,P08581
BM00751,METAP2,proteomic,Lung,1,"From NCBI Gene: The protein encoded by this gene is a member of the methionyl aminopeptidase family. The encoded protein functions both by protecting the alpha subunit of eukaryotic initiation factor 2 from inhibitory phosphorylation and by removing the amino-terminal methionine residue from nascent proteins. Increased expression of this gene is associated with various forms of cancer, and the anti-cancer drugs fumagillin and ovalicin inhibit the protein by irreversibly binding to its active site. Inhibitors of this gene have also been shown to be effective for the treatment of obesity. A pseudogene of this gene is located on chromosome 2. Several transcript variants encoding different isoforms have been found for this gene. [provided by RefSeq, Nov 2015]",,METAP2,http://edrn.jpl.nasa.gov/bmdb/biomarkers/view/995,P50579
BM00752,MFAP5,genomic,Prostate,1,"From NCBI Gene: This gene encodes a 25-kD microfibril-associated glycoprotein which is a component of microfibrils of the extracellular matrix. The encoded protein promotes attachment of cells to microfibrils via alpha-V-beta-3 integrin. Deficiency of this gene in mice results in neutropenia. Alternate splicing results in multiple transcript variants encoding different isoforms. [provided by RefSeq, Jul 2014]",,MFAP5,http://edrn.jpl.nasa.gov/bmdb/biomarkers/view/738,Q13361
BM00753,MGMT,genomic,"Lung, Prostate",1,"From NCBI Gene: Alkylating agents are potent carcinogens that can result in cell death, mutation and cancer. The protein encoded by this gene is a DNA repair protein that is involved in cellular defense against mutagenesis and toxicity from alkylating agents. The protein catalyzes transfer of methyl groups from O(6)-alkylguanine and other methylated moieties of the DNA to its own molecule, which repairs the toxic lesions. Methylation of the genes promoter has been associated with several cancer types, including colorectal cancer, lung cancer, lymphoma and glioblastoma. [provided by RefSeq, Sep 2015]",,MGMT,http://edrn.jpl.nasa.gov/bmdb/biomarkers/view/111,P16455
BM00754,MGST1,genomic,Lung,2,"MGST1, or microsomal glutathione S-transferase 1, is a protein that catalyzes the conjugation of glutathione to electrophiles and the reduction of lipid hydroperoxides. This protein is localized to the endoplasmic reticulum and outer mitochondrial membrane where it is thought to protect these membranes from oxidative stress.  The MGST1 gene is a member of the MAPEG (Membrane Associated Proteins in Eicosanoid and Glutathione metabolism) family.  This family consists of six human proteins, two of which are involved in the production of leukotrienes and prostaglandin E, important mediators of inflammation. Other family members, demonstrating glutathione S-transferase and peroxidase activities, are involved in cellular defense against toxic, carcinogenic, and pharmacologically active electrophilic compounds.  There are several transcript variants, some of which do not code for a protein product.",,MGST1,http://edrn.jpl.nasa.gov/bmdb/biomarkers/view/452,P10620
BM00755,Microsatellite Instability Assay,genomic,Bladder,2,"Microsatellite analysis (MSA) is a promising new technique for the surveillance of bladder cancer.  The technology, which permits the separation by electrophoresis of polymerase chain reaction (PCR)-amplified sequences from non-malignant and malignant sources, has been applied to the diagnosis of solid tumors arising in colon, lung, oropharynx, kidney and bladder.

MSA can detect genetic changes indicative of carcinoma from urothelial cells obtained in voided urine specimens.  The genetic profile of DNA purified from urine is compared to that of DNA purified from peripheral lymphocytes that are considered normal. Once the DNA from uroepithelial cells has been obtained, PCR is performed with specific oligonucleotide primers for each chromosomal locus.  The PCR products are then examined for evidence of microsatellite instability (MSI) and loss of heterozygosity (LOH), which are genetic characteristics of epithelial tumors.  Preliminary work shows that MSA detects 95% of cancers.",,,http://edrn.jpl.nasa.gov/bmdb/biomarkers/view/31,
BM00756,MIEN1,proteomic,Breast,1,"From UniProtKB: Increases cell migration by inducing filopodia formation at the leading edge of migrating cells. Plays a role in regulation of apoptosis, possibly through control of CASP3. May be involved in a redox-related process.",,MIEN1,http://edrn.jpl.nasa.gov/bmdb/biomarkers/view/1532,Q9BRT3
BM00757,MIF,proteomic,"Lung, Ovary",3,"MIF, a lymphokine involved in cell-mediated immunity, immunoregulation, and inflammation, plays a role in the regulation of macrophage function in host defense through the suppression of anti-inflammatory effects of glucocorticoids. This lymphokine and the JAB1 protein form a complex in the cytosol near the peripheral plasma membrane, which may indicate an additional role in integrin signaling pathways. MIF is also closely related to tumorigenesis.",,MIF,http://edrn.jpl.nasa.gov/bmdb/biomarkers/view/81,P03971
BM00758,Milagen CRC Biomarker Panel,proteomic,Pancreas,2,Milagen CRC Biomarker Panel,,,http://edrn.jpl.nasa.gov/bmdb/biomarkers/view/1474,
BM00759,MiPS (Mi Prostate Score Urine test),genomic,Prostate,3,"The MiPS assay is a multiplex analysis of T2-ERG gene fusion, PCA3, and serum PSA (KLK3).  It is commercially available through the University of Michigan MLabs.  The MiPS assay tests for the presence of two prostate cancer biomarkers: a piece of RNA made from the PCA3 gene, found to be overactive in 95 percent of all prostate cancers, and another RNA marker that is found only when TMPRSS2 and ERG abnormally fuse. TMPRSS2:ERG, or T2-ERG, is a strong indicator of prostate cancer.",,,http://edrn.jpl.nasa.gov/bmdb/biomarkers/view/1075,
BM00760,MIR126,genomic,Lung,2,"From NCBI Gene: microRNAs (miRNAs) are short (20-24 nt) non-coding RNAs that are involved in post-transcriptional regulation of gene expression in multicellular organisms by affecting both the stability and translation of mRNAs. miRNAs are transcribed by RNA polymerase II as part of capped and polyadenylated primary transcripts (pri-miRNAs) that can be either protein-coding or non-coding.
miRNAs bind to complementary sequences in the 3' UTR of multiple target mRNAs, usually silencing the targeted mRNA.  miRNAs may trigger the cleavage of their target molecules or act as translational repressors. miRNAs are thought to target approximateley 60% of all genes and are able to repress hundreds of targets each.",,MIR126,http://edrn.jpl.nasa.gov/bmdb/biomarkers/view/460,
BM00761,MIR200B,proteomic,Lung,2,"microRNAs (miRNAs) are short (20-24 nt) non-coding RNAs that are involved in post-transcriptional regulation of gene expression in multicellular organisms by affecting both the stability and translation of mRNAs. miRNAs are transcribed by RNA polymerase II as part of capped and polyadenylated primary transcripts (pri-miRNAs) that can be either protein-coding or non-coding.
miRNAs bind to complementary sequences in the 3' UTR of multiple target mRNAs, usually silencing the targeted mRNA.  miRNAs may trigger the cleavage of their target molecules or act as translational repressors. miRNAs are thought to target approximateley 60% of all genes and are able to repress hundreds of targets each.",,MIR200B-2,http://edrn.jpl.nasa.gov/bmdb/biomarkers/view/455,
BM00762,MIR21,genomic,Lung,2,"From NCBI Gene: microRNAs (miRNAs) are short (20-24 nt) non-coding RNAs that are involved in post-transcriptional regulation of gene expression in multicellular organisms by affecting both the stability and translation of mRNAs. miRNAs are transcribed by RNA polymerase II as part of capped and polyadenylated primary transcripts (pri-miRNAs) that can be either protein-coding or non-coding.
miRNAs bind to complementary sequences in the 3' UTR of multiple target mRNAs, usually silencing the targeted mRNA.  miRNAs may trigger the cleavage of their target molecules or act as translational repressors. miRNAs are thought to target approximatley 60% of all genes and are able to repress hundreds of targets each.",,MIR21,http://edrn.jpl.nasa.gov/bmdb/biomarkers/view/456,
BM00763,MIR210,genomic,Lung,2,"From NCBI Gene: microRNAs (miRNAs) are short (20-24 nt) non-coding RNAs that are involved in post-transcriptional regulation of gene expression in multicellular organisms by affecting both the stability and translation of mRNAs. miRNAs are transcribed by RNA polymerase II as part of capped and polyadenylated primary transcripts (pri-miRNAs) that can be either protein-coding or non-coding.
miRNAs bind to complementary sequences in the 3' UTR of multiple target mRNAs, usually silencing the targeted mRNA.  miRNAs may trigger the cleavage of their target molecules or act as translational repressors. miRNAs are thought to target approximateley 60% of all genes and are able to repress hundreds of targets each.",,MIR210,http://edrn.jpl.nasa.gov/bmdb/biomarkers/view/462,
BM00764,MIR375,proteomic,Lung,2,"microRNAs (miRNAs) are short (20-24 nt) non-coding RNAs that are involved in post-transcriptional regulation of gene expression in multicellular organisms by affecting both the stability and translation of mRNAs. miRNAs are transcribed by RNA polymerase II as part of capped and polyadenylated primary transcripts (pri-miRNAs) that can be either protein-coding or non-coding.
miRNAs bind to complementary sequences in the 3' UTR of multiple target mRNAs, usually silencing the targeted mRNA.  miRNAs may trigger the cleavage of their target molecules or act as translational repressors. miRNAs are thought to target approximateley 60% of all genes and are able to repress hundreds of targets each.",,MIR375,http://edrn.jpl.nasa.gov/bmdb/biomarkers/view/457,
BM00765,MIR486-1,proteomic,Lung,2,"microRNAs (miRNAs) are short (20-24 nt) non-coding RNAs that are involved in post-transcriptional regulation of gene expression in multicellular organisms by affecting both the stability and translation of mRNAs. miRNAs are transcribed by RNA polymerase II as part of capped and polyadenylated primary transcripts (pri-miRNAs) that can be either protein-coding or non-coding.
miRNAs bind to complementary sequences in the 3' UTR of multiple target mRNAs, usually silencing the targeted mRNA.  miRNAs may trigger the cleavage of their target molecules or act as translational repressors. miRNAs are thought to target approximateley 60% of all genes and are able to repress hundreds of targets each.",,MIR486-1,http://edrn.jpl.nasa.gov/bmdb/biomarkers/view/458,
BM00766,miRNA profile (plasma),proteomic,Lung,3,Biomarker for the early detection of lung cancer in the setting of indeterminate pulmonary nodules.,,,http://edrn.jpl.nasa.gov/bmdb/biomarkers/view/1297,
BM00767,Mitochondrial Genome Deletion for Detection of Prostate Cancer,genomic,Prostate,3,"The Prostate Core Mitomic Test is based upon a 3.4 kb mitochondrial genome deletion (3.4 mtdelta) that was identified through PCR analysis of frozen prostate cancer samples.  In cancer research it has been found that deletions in mitochondrial DNA can correlate with cellular changes that indicate development of cancer.  This deletion includes the terminal 22 bases of MT-ND4L, all of MT-ND4, 3 tRNAs (histidine, serine 2, and leucine 2), and all except the terminal 24 bases of MT-ND5.",,,http://edrn.jpl.nasa.gov/bmdb/biomarkers/view/1078,
BM00768,MKI67,proteomic,"Breast, Prostate",3,"From NCBI Gene: This gene encodes a nuclear protein that is associated with and may be necessary for cellular proliferation. Alternatively spliced transcript variants have been described. A related pseudogene exists on chromosome X. [provided by RefSeq, Mar 2009]",,MKI67,http://edrn.jpl.nasa.gov/bmdb/biomarkers/view/1097,
BM00769,MLH1,proteomic,Ovary,2,"From NCBI Gene: The protein encoded by this gene can heterodimerize with mismatch repair endonuclease PMS2 to form MutL alpha, part of the DNA mismatch repair system. When MutL alpha is bound by MutS beta and some accessory proteins, the PMS2 subunit of MutL alpha introduces a single-strand break near DNA mismatches, providing an entry point for exonuclease degradation. The encoded protein is also involved in DNA damage signaling and can heterodimerize with DNA mismatch repair protein MLH3 to form MutL gamma, which is involved in meiosis. This gene was identified as a locus frequently mutated in hereditary nonpolyposis colon cancer (HNPCC). [provided by RefSeq, Aug 2017]",,MLH1,http://edrn.jpl.nasa.gov/bmdb/biomarkers/view/1197,P40692
BM00770,MLX,genomic,Prostate,1,"From NCBI Gene: The product of this gene belongs to the family of basic helix-loop-helix leucine zipper (bHLH-Zip) transcription factors. These factors form heterodimers with Mad proteins and play a role in proliferation, determination and differentiation. This gene product may act to diversify Mad family function by its restricted association with a subset of the Mad family of transcriptional repressors, namely, Mad1 and Mad4. Alternatively spliced transcript variants encoding different isoforms have been identified for this gene. [provided by RefSeq, Jul 2008]",,MLX,http://edrn.jpl.nasa.gov/bmdb/biomarkers/view/739,Q9UH92
BM00771,MME,proteomic,Breast,3,"From NCBI Gene: The protein encoded by this gene is a type II transmembrane glycoprotein and a common acute lymphocytic leukemia antigen that is an important cell surface marker in the diagnosis of human acute lymphocytic leukemia (ALL). The encoded protein is present on leukemic cells of pre-B phenotype, which represent 85% of cases of ALL. This protein is not restricted to leukemic cells, however, and is found on a variety of normal tissues. The protein is a neutral endopeptidase that cleaves peptides at the amino side of hydrophobic residues and inactivates several peptide hormones including glucagon, enkephalins, substance P, neurotensin, oxytocin, and bradykinin. [provided by RefSeq, Aug 2017]",,MME,http://edrn.jpl.nasa.gov/bmdb/biomarkers/view/1188,P08473
BM00772,MMP1,proteomic,Breast,3,"From NCBI Gene: Proteins of the matrix metalloproteinase (MMP) family are involved in the breakdown of extracellular matrix in normal physiological processes, such as embryonic development, reproduction, and tissue remodeling, as well as in disease processes, such as arthritis and metastasis. Most MMP's are secreted as inactive proproteins which are activated when cleaved by extracellular proteinases. This gene encodes a secreted enzyme which breaks down the interstitial collagens, types I, II, and III. The gene is part of a cluster of MMP genes which localize to chromosome 11q22.3. Alternative splicing results in multiple transcript variants.[provided by RefSeq, Mar 2009]",,MMP1,http://edrn.jpl.nasa.gov/bmdb/biomarkers/view/1057,P03956
BM00773,MMP10,genomic,"Bladder, Breast, Prostate",3,"From NCBI Gene: This gene encodes a member of the peptidase M10 family of matrix metalloproteinases (MMPs). Proteins in this family are involved in the breakdown of extracellular matrix in normal physiological processes, such as embryonic development, reproduction, and tissue remodeling, as well as in disease processes, such as arthritis and metastasis. The encoded preproprotein is proteolytically processed to generate the mature protease. This secreted protease breaks down fibronectin, laminin, elastin, proteoglycan core protein, gelatins, and several types of collagen. The gene is part of a cluster of MMP genes on chromosome 11. [provided by RefSeq, Jan 2016]",,MMP10,http://edrn.jpl.nasa.gov/bmdb/biomarkers/view/740,P09238
BM00774,MMP12,proteomic,Lung,3,"From NCBI Gene: This gene encodes a member of the peptidase M10 family of matrix metalloproteinases (MMPs). Proteins in this family are involved in the breakdown of extracellular matrix in normal physiological processes, such as embryonic development, reproduction, and tissue remodeling, as well as in disease processes, such as arthritis and metastasis. The encoded preproprotein is proteolytically processed to generate the mature protease. This protease degrades soluble and insoluble elastin. This gene may play a role in aneurysm formation and mutations in this gene are associated with lung function and chronic obstructive pulmonary disease (COPD). This gene is part of a cluster of MMP genes on chromosome 11. [provided by RefSeq, Jan 2016]",,MMP12,http://edrn.jpl.nasa.gov/bmdb/biomarkers/view/1272,P39900
BM00775,MMP2,proteomic,"Breast, Ovary",3,"MMP2 is a member of the matrix metalloproteinase (MMP) family and is involved in many functions, such as remodeling of the vasculature, angiogenesis, tissue repair and remodeling, tumor invasion, inflammation, atherosclerotic plaque rupture, reproduction and embryonic development, as well as in disease processes such as arthritis and metastasis.  In addition to degrading extracellular matrix proteins, MMP2 can also act on several nonmatrix proteins such as big endothelial 1 and beta-type CGRP promoting vasoconstriction and appears to have a role in myocardial cell death pathways.  MMPs are generally secreted as inactive proproteins which are activated when cleaved by extracellular proteinases.  The MMP2 protein degrades gelatin type I and collagen types IV, V, VII, and X.  MMP2 gene mutations have been associated with Winchester syndrome and Nodulosis-Arthropathy-Osteolysis (NAO) syndrome.  There are two known isoforms of this gene, encoded by two transcript variants.",,MMP2,http://edrn.jpl.nasa.gov/bmdb/biomarkers/view/236,P08253
BM00776,MMP28,genomic,Prostate,1,"From NCBI Gene: Proteins of the matrix metalloproteinase (MMP) family are involved in the breakdown of extracellular matrix for both normal physiological processes, such as embryonic development, reproduction and tissue remodeling, and disease processes, such as asthma and metastasis. This gene encodes a secreted enzyme that degrades casein. Its expression pattern suggests that it plays a role in tissue homeostasis and in wound repair. Alternative splicing of this gene results in multiple transcript variants. [provided by RefSeq, Apr 2014]",,MMP28,http://edrn.jpl.nasa.gov/bmdb/biomarkers/view/741,Q9H239
BM00777,MMP3,proteomic,"Breast, Lung, Ovary",3,"Proteins of the matrix metalloproteinase (MMP) family are involved in the breakdown of extracellular matrix in normal physiological processes, such as embryonic development, reproduction, and tissue remodeling, as well as in disease processes, such as arthritis and metastasis. Most MMP's are secreted as inactive proproteins which are activated when cleaved by extracellular proteinases. MMP3 degrades fibronectin, laminin, collagens III, IV, IX, and X, and cartilage proteoglycans. The enzyme is thought to be involved in wound repair, progression of atherosclerosis, and tumor initiation. The gene is part of a cluster of MMP genes which localize to chromosome 11q22.3.",,MMP3,http://edrn.jpl.nasa.gov/bmdb/biomarkers/view/77,P08254
BM00778,MMP7,proteomic,"Lung, Ovary",3,"Proteins of the matrix metalloproteinase (MMP) family are involved in the breakdown of extracellular matrix in normal physiological processes, such as embryonic development, reproduction, and tissue remodeling, as well as in disease processes, such as arthritis and metastasis. Most MMP's are secreted as inactive proproteins which are activated when cleaved by extracellular proteinases. The enzyme encoded by this gene degrades proteoglycans, fibronectin, elastin and casein and differs from most MMP family members in that it lacks a conserved C-terminal protein domain. The enzyme is involved in wound healing, and studies in mice suggest that it regulates the activity of defensins in intestinal mucosa. The gene is part of a cluster of MMP genes which localize to chromosome 11q22.3.",,MMP7,http://edrn.jpl.nasa.gov/bmdb/biomarkers/view/65,P09237
BM00779,MMP9,proteomic,"Bladder, Breast, Lung, Ovary",3,"MMP9 is a member of the matrix metalloproteinase (MMP) family.  It is a secreted protein that may play an essential role in local proteolysis of the extracellular matrix in normal physiological processes, such as embryonic development, reproduction, and tissue remodeling, as well as in disease processes, such as arthritis and metastasis. MMP9 also plays a role in leukocyte migration.  Murine studies suggest a role in tumor-associated tissue remodeling",,MMP9,http://edrn.jpl.nasa.gov/bmdb/biomarkers/view/29,P14780
BM00780,MMRN2,genomic,Prostate,1,"From NCBI Gene: This gene encodes a protein belonging to the member of elastin microfibril interface-located (EMILIN) protein family. This family member is an extracellular matrix glycoprotein that can interfere with tumor angiogenesis and growth. It serves as a transforming growth factor beta antagonist and can interfere with the VEGF-A/VEGFR2 pathway. A related pseudogene has been identified on chromosome 6. [provided by RefSeq, Aug 2012]",,MMRN2,http://edrn.jpl.nasa.gov/bmdb/biomarkers/view/742,Q9H8L6
BM00781,MPG,proteomic,Lung,2,"MPG is a DNA repair enzyme that repairs hypoxanthine, which is formed by spontaneous or oxidative deamination of adenine.  MPG also repairs secondary oxidative lesions such as 1,N6-ethenoadenine alkylated bases, and 3-methyladenine and 7-methylguanine.",,MPG,http://edrn.jpl.nasa.gov/bmdb/biomarkers/view/1008,P29372
BM00782,MPO,proteomic,"Breast, Ovary",3,"Myeloperoxidase (MPO) is a lysosomal heme protein found at chromosomal location 17q23.1.  It is produced as a single chain precursor that is cleaved into two parts, a light chain and a heavy chain.  The mature form of MPO is a tetramer made up of 2 light chains and 2 heavy chains.  MPO is synthesized during myeloid differentiation and comprises the major component of neutrophil azurophilic granules.  It is part of the host defense system of polymorphonuclear leukocytes. The production of hypohalous acids by MPO is responsible for microbicidal activity against a wide range of organisms.",,MPO,http://edrn.jpl.nasa.gov/bmdb/biomarkers/view/237,P05164
BM00783,MPPED2,proteomic,"Ovary, Prostate",2,"From NCBI Gene: This gene likely encodes a metallophosphoesterase. The encoded protein may play a role a brain development. Alternatively spliced transcript variants have been described. [provided by RefSeq, Feb 2009]",,MPPED2,http://edrn.jpl.nasa.gov/bmdb/biomarkers/view/360,Q15777
BM00784,MPZ,genomic,Prostate,1,"From NCBI Gene: This gene is specifically expressed in Schwann cells of the peripheral nervous system and encodes a type I transmembrane glycoprotein that is a major structural protein of the peripheral myelin sheath. The encoded protein contains a large hydrophobic extracellular domain and a smaller basic intracellular domain, which are essential for the formation and stabilization of the multilamellar structure of the compact myelin. Mutations in this gene are associated with autosomal dominant form of Charcot-Marie-Tooth disease type 1 (CMT1B) and other polyneuropathies, such as Dejerine-Sottas syndrome (DSS) and congenital hypomyelinating neuropathy (CHN). A recent study showed that two isoforms are produced from the same mRNA by use of alternative in-frame translation termination codons via a stop codon readthrough mechanism. [provided by RefSeq, Oct 2015]",,MPZ,http://edrn.jpl.nasa.gov/bmdb/biomarkers/view/743,P25189
BM00785,MPZL2,proteomic,"Ovary, Prostate",2,"From NCBI Gene: Thymus development depends on a complex series of interactions between thymocytes and the stromal component of the organ. Epithelial V-like antigen (EVA) is expressed in thymus epithelium and strongly downregulated by thymocyte developmental progression. This gene is expressed in the thymus and in several epithelial structures early in embryogenesis. It is highly homologous to the myelin protein zero and, in thymus-derived epithelial cell lines, is poorly soluble in nonionic detergents, strongly suggesting an association to the cytoskeleton. Its capacity to mediate cell adhesion through a homophilic interaction and its selective regulation by T cell maturation might imply the participation of EVA in the earliest phases of thymus organogenesis. The protein bears a characteristic V-type domain and two potential N-glycosylation sites in the extracellular domain; a putative serine phosphorylation site for casein kinase 2 is also present in the cytoplasmic tail. Two transcript variants encoding the same protein have been found for this gene. [provided by RefSeq, Jul 2008]",,MPZL2,http://edrn.jpl.nasa.gov/bmdb/biomarkers/view/369,O60487
BM00786,MRC1,proteomic,Lung,2,"From NCBI Gene: The recognition of complex carbohydrate structures on glycoproteins is an important part of several biological processes, including cell-cell recognition, serum glycoprotein turnover, and neutralization of pathogens. The protein encoded by this gene is a type I membrane receptor that mediates the endocytosis of glycoproteins by macrophages. The protein has been shown to bind high-mannose structures on the surface of potentially pathogenic viruses, bacteria, and fungi so that they can be neutralized by phagocytic engulfment.[provided by RefSeq, Sep 2015]",,MRC1,http://edrn.jpl.nasa.gov/bmdb/biomarkers/view/993,P22897
BM00787,MS4A12 AAb,proteomic,Breast,2,,,MS4A12-AAB,http://edrn.jpl.nasa.gov/bmdb/biomarkers/view/1342,
BM00788,MSH2,proteomic,Ovary,2,"From NCBI Gene: This locus is frequently mutated in hereditary nonpolyposis colon cancer (HNPCC). When cloned, it was discovered to be a human homolog of the E. coli mismatch repair gene mutS, consistent with the characteristic alterations in microsatellite sequences (RER+ phenotype) found in HNPCC. Two transcript variants encoding different isoforms have been found for this gene. [provided by RefSeq, Apr 2012]",,MSH2,http://edrn.jpl.nasa.gov/bmdb/biomarkers/view/1198,P43246
BM00789,MSLN,proteomic,"Breast, Ovary",3,"Mesothelin, a cell surface antigen, was isolated using an antibody that reacts with ovarian cancers and mesotheliomas. Although the function of mesothelin is unknown, it may play a role in cellular adhesion and is present on mesothelium, mesotheliomas, and ovarian cancers. This gene encodes a preproprotein that is cleaved into two products, megakaryocyte potentiating factor and mesothelin. Alternative splicing results in multiple transcript variants.",,MSLN,http://edrn.jpl.nasa.gov/bmdb/biomarkers/view/64,Q13421
BM00790,MSN,proteomic,Breast,1,"From NCBI Gene: Moesin (for membrane-organizing extension spike protein) is a member of the ERM family which includes ezrin and radixin. ERM proteins appear to function as cross-linkers between plasma membranes and actin-based cytoskeletons. Moesin is localized to filopodia and other membranous protrusions that are important for cell-cell recognition and signaling and for cell movement. [provided by RefSeq, Jul 2008]",,MSN,http://edrn.jpl.nasa.gov/bmdb/biomarkers/view/1533,P26038
BM00791,MSRA,genomic,Prostate,1,"From NCBI Gene: This gene encodes a ubiquitous and highly conserved protein that carries out the enzymatic reduction of methionine sulfoxide to methionine. Human and animal studies have shown the highest levels of expression in kidney and nervous tissue. The protein functions in the repair of oxidatively damaged proteins to restore biological activity. Alternative splicing results in multiple transcript variants. [provided by RefSeq, May 2014]",,MSRA,http://edrn.jpl.nasa.gov/bmdb/biomarkers/view/744,Q9UJ68
BM00792,MSX2,genomic,Prostate,1,"From NCBI Gene: This gene encodes a member of the muscle segment homeobox gene family. The encoded protein is a transcriptional repressor whose normal activity may establish a balance between survival and apoptosis of neural crest-derived cells required for proper craniofacial morphogenesis. The encoded protein may also have a role in promoting cell growth under certain conditions and may be an important target for the RAS signaling pathways. Mutations in this gene are associated with parietal foramina 1 and craniosynostosis type 2. [provided by RefSeq, Jul 2008]",,MSX2,http://edrn.jpl.nasa.gov/bmdb/biomarkers/view/745,P35548
BM00793,MTA1,proteomic,Prostate,1,"From NCBI Gene: This gene encodes a protein that was identified in a screen for genes expressed in metastatic cells, specifically, mammary adenocarcinoma cell lines. Expression of this gene has been correlated with the metastatic potential of at least two types of carcinomas although it is also expressed in many normal tissues. The role it plays in metastasis is unclear. It was initially thought to be the 70kD component of a nucleosome remodeling deacetylase complex, NuRD, but it is more likely that this component is a different but very similar protein. These two proteins are so closely related, though, that they share the same types of domains. These domains include two DNA binding domains, a dimerization domain, and a domain commonly found in proteins that methylate DNA. The profile and activity of this gene product suggest that it is involved in regulating transcription and that this may be accomplished by chromatin remodeling. Two transcript variants encoding different isoforms have been found for this gene. [provided by RefSeq, Feb 2011]",,MTA1,http://edrn.jpl.nasa.gov/bmdb/biomarkers/view/1098,Q13330
BM00794,MTHFR,genomic,Lung,1,"The MTHFR gene product catalyzes the conversion of 5,10-methylenetetrahydrofolate to 5-methyltetrahydrofolate, a co-substrate for homocysteine remethylation to methionine.  This gene is involved in susceptibility to occlusive vascular disease, neural tube defects, colon cancer and acute leukemia.",,MTHFR,http://edrn.jpl.nasa.gov/bmdb/biomarkers/view/464,P42898
BM00795,MTMR11,genomic,Prostate,1,"From NCBI Gene: Predicted to enable phosphatidylinositol-3-phosphatase activity. Predicted to be involved in phosphatidylinositol dephosphorylation. Located in cytoplasm. [provided by Alliance of Genome Resources, Nov 2021]",,MTMR11,http://edrn.jpl.nasa.gov/bmdb/biomarkers/view/746,A4FU01
BM00796,MTO1,genomic,Prostate,1,"From NCBI Gene: This gene encodes a mitochondrial protein thought to be involved in mitochondrial tRNA modification. The encoded protein may also play a role in the expression of the non-syndromic and aminoglycoside-induced deafness phenotypes associated with a specific mutation in the mitochondrial 12S rRNA gene. Multiple transcript variants encoding different isoforms have been found for this gene. [provided by RefSeq, Jul 2008]",,MTO1,http://edrn.jpl.nasa.gov/bmdb/biomarkers/view/747,Q9Y2Z2
BM00797,MUC4,genomic,Pancreas,3,"From NCBI Gene: The major constituents of mucus, the viscous secretion that covers epithelial surfaces such as those in the trachea, colon, and cervix, are highly glycosylated proteins called mucins. These glycoproteins play important roles in the protection of the epithelial cells and have been implicated in epithelial renewal and differentiation. This gene encodes an integral membrane glycoprotein found on the cell surface, although secreted isoforms may exist. At least two dozen transcript variants of this gene have been found, although for many of them the full-length transcript has not been determined or they are found only in tumor tissues. This gene contains a region in the coding sequence which has a variable number (>100) of 48 nt tandem repeats. [provided by RefSeq, Jul 2008]",,MUC4,http://edrn.jpl.nasa.gov/bmdb/biomarkers/view/1155,Q99102
BM00798,MUC5AC,proteomic,"Breast, Pancreas",3,From UniProtKB/Swiss-Prot: Gel-forming glycoprotein of gastric and respiratoy tract epithelia that protects the mucosa from infection and chemical damage by binding to inhaled microrganisms and particles that are subsequently removed by the mucocilary system.,,MUC5AC,http://edrn.jpl.nasa.gov/bmdb/biomarkers/view/1092,
BM00799,MUC5AC:BGH,proteomic,Pancreas,1,A glycoform of MUC5AC bound to a blood group H antibody (BGH).,,MUC5ACBGH,http://edrn.jpl.nasa.gov/bmdb/biomarkers/view/1122,
BM00800,MUC5AC:WGA,proteomic,Pancreas,1,A glycoform of MUC5AC bound to the plant lectin wheat germ agglutinin (WGA).,,MUC5ACWGA,http://edrn.jpl.nasa.gov/bmdb/biomarkers/view/1121,
BM00801,MXRA5,proteomic,Ovary,2,"From NCBI Gene: This gene encodes one of the matrix-remodelling associated proteins. This protein contains 7 leucine-rich repeats and 12 immunoglobulin-like C2-type domains related to perlecan. This gene has a pseudogene on chromosome Y. [provided by RefSeq, Mar 2010]",,MXRA5,http://edrn.jpl.nasa.gov/bmdb/biomarkers/view/131,
BM00802,MXRA7,genomic,Prostate,1,"From NCBI Gene: Located in endoplasmic reticulum. [provided by Alliance of Genome Resources, Apr 2022]",,MXRA7,http://edrn.jpl.nasa.gov/bmdb/biomarkers/view/748,P84157
BM00803,MYC,genomic,"Breast, Lung",2,"The oncogenic protein MYC, previously known as c-MYC, is a multifunctional, nuclear phosphoprotein that plays a role in cell cycle progression, apoptosis and cellular transformation.  It participates in the regulation of gene transcription of specific target genes.  MYC binds DNA in a non-specific manner, yet also specifically recognizes the core sequence 5'-CAC[GA]TG-3'. Mutations, overexpression, rearrangement and translocation of the MYC gene have been associated with a variety of hematopoietic tumors, leukemias and lymphomas, including Burkitt lymphoma. Evidence shows that alternative translation initiations from an upstream, in-frame non-AUG (CUG) and a downstream AUG start site result in the production of two isoforms with distinct N-termini.",,MYC,http://edrn.jpl.nasa.gov/bmdb/biomarkers/view/466,P01106
BM00804,MYCBP,proteomic,Breast,2,"MYCBP, or MYC binding protein, or C-MYC binding protein, binds to the     N-terminus of the oncogenic protein MYC, also known as C-MYC, enhancing the ability of MYC to activate E box-dependent transcription. MYCBP is normally found in the cytoplasm, but it moves to the nucleus during the S phase of the cell cycle and associates with MYC.",,MYCBP,http://edrn.jpl.nasa.gov/bmdb/biomarkers/view/930,Q99417
BM00805,MYDGF,proteomic,Breast,1,"From NCBI Gene: The protein encoded by this gene was previously thought to support proliferation of lymphoid cells and was considered an interleukin. However, this activity has not been reproducible and the function of this protein is currently unknown. [provided by RefSeq, Jul 2008]",,MYDGF,http://edrn.jpl.nasa.gov/bmdb/biomarkers/view/1534,Q969H8
BM00806,MYO5A,proteomic,Breast,2,"The MYO5A gene is one of three myosin V heavy-chain genes, belonging to the myosin gene superfamily. The MYO5A protein functions as a processive actin-based motor that can move in large steps approximating the 36-nm pseudo-repeat of the actin filament.  MYO5A is also involved in cytoplasmic vesicle transport and anchorage, spindle-pole alignment and mRNA translocation. Different isoforms, encoded by alternatively spliced transcript variants, have been reported.",,MYO5A,http://edrn.jpl.nasa.gov/bmdb/biomarkers/view/931,Q9Y4I1
BM00807,MYOZ2,proteomic,Breast,1,"From NCBI Gene: The protein encoded by this gene belongs to a family of sarcomeric proteins that bind to calcineurin, a phosphatase involved in calcium-dependent signal transduction in diverse cell types. These family members tether calcineurin to alpha-actinin at the z-line of the sarcomere of cardiac and skeletal muscle cells, and thus they are important for calcineurin signaling. Mutations in this gene cause cardiomyopathy familial hypertrophic type 16, a hereditary heart disorder. [provided by RefSeq, Aug 2011]",,MYOZ2,http://edrn.jpl.nasa.gov/bmdb/biomarkers/view/521,Q9NPC6
BM00808,MyProstateScore 2.0,genomic,Prostate,3,"From lynxdx.com: MyProstateScore 2.0 (MPS2) is a non invasive, genetically data-driven prostate cancer screening solution that provides highly accurate, stratified risk assessment insights to guide clinical decisions and improve your patients’ experience.    
The MPS2 algorithm has been developed to optimize accuracy. For biopsy naïve patients, MPS2 is a standalone biomarker test. For patients with a prior negative biopsy, relevant clinical factors are included in the algorithm.   
MPS2 is a urine test designed to predict the
presence of clinically significant prostate
cancer (Grade Group ≥2 or Gleason score
≥7) by analyzing a comprehensive array
of 18 unique gene transcripts. Among the
transcripts, the test’s foundation is the novel
gene fusion, T2:ERG.",,,http://edrn.jpl.nasa.gov/bmdb/biomarkers/view/1594,
BM00809,MZT2A,genomic,Prostate,1,"From NCBI Gene: Located in centrosome; cytosol; and nucleoplasm. [provided by Alliance of Genome Resources, Nov 2021]",,MZT2A,http://edrn.jpl.nasa.gov/bmdb/biomarkers/view/650,Q6P582
BM00810,NACA,proteomic,Lung,2,"From NCBI Gene: This gene encodes a protein that associates with basic transcription factor 3 (BTF3) to form the nascent polypeptide-associated complex (NAC). This complex binds to nascent proteins that lack a signal peptide motif as they emerge from the ribosome, blocking interaction with the signal recognition particle (SRP) and preventing mistranslocation to the endoplasmic reticulum. This protein is an IgE autoantigen in atopic dermatitis patients. Alternative splicing results in multiple transcript variants, but the full length nature of some of these variants, including those encoding very large proteins, has not been determined. There are multiple pseudogenes of this gene on different chromosomes. [provided by RefSeq, Feb 2016]",,NACA,http://edrn.jpl.nasa.gov/bmdb/biomarkers/view/998,Q13765
BM00811,NAGK,proteomic,Lung,2,"From NCBI Gene: This gene encodes a member of the N-acetylhexosamine kinase family. The encoded protein catalyzes the conversion of N-acetyl-D-glucosamine to N-acetyl-D-glucosamine 6-phosphate, and is the major mammalian enzyme which recovers amino sugars. [provided by RefSeq, Nov 2011]",,NAGK,http://edrn.jpl.nasa.gov/bmdb/biomarkers/view/999,Q9UJ70
BM00812,NanoString Panel (539 gene-expression probes),proteomic,Lung,3,Biomarker for the early detection of lung cancer in the setting of indeterminate pulmonary nodules.,,,http://edrn.jpl.nasa.gov/bmdb/biomarkers/view/1298,
BM00813,NAXE,proteomic,Breast,1,"From NCBI Gene: The product of this gene interacts with apolipoprotein A-I (apoA-I), the major apolipoprotein of high-density lipoproteins (HDLs). It is secreted into some bodily fluids, and its synthesis and secretion are stimulated in vitro by incubating cells with apoA-I. The human genome contains related pseudogenes. [provided by RefSeq, Jul 2008]",,NAXE,http://edrn.jpl.nasa.gov/bmdb/biomarkers/view/1535,Q8NCW5
BM00814,NCAM1,proteomic,Breast,1,"From NCBI Gene: This gene encodes a cell adhesion protein which is a member of the immunoglobulin superfamily. The encoded protein is involved in cell-to-cell interactions as well as cell-matrix interactions during development and differentiation. The encoded protein plays a role in the development of the nervous system by regulating neurogenesis, neurite outgrowth, and cell migration. This protein is also involved in the expansion of T lymphocytes, B lymphocytes and natural killer (NK) cells which play an important role in immune surveillance. This protein plays a role in signal transduction by interacting with fibroblast growth factor receptors, N-cadherin and other components of the extracellular matrix and by triggering signalling cascades involving FYN-focal adhesion kinase (FAK), mitogen-activated protein kinase (MAPK), and phosphatidylinositol 3-kinase (PI3K). One prominent isoform of this gene, cell surface molecule CD56, plays a role in several myeloproliferative disorders such as acute myeloid leukemia and differential expression of this gene is associated with differential disease progression. For example, increased expression of CD56 is correlated with lower survival in acute myeloid leukemia patients whereas increased severity of COVID-19 is correlated with decreased abundance of CD56-expressing NK cells in peripheral blood. Alternative splicing results in multiple transcript variants encoding distinct protein isoforms. [provided by RefSeq, Aug 2020]",,NCAM1,http://edrn.jpl.nasa.gov/bmdb/biomarkers/view/1536,P13591
BM00815,NCS1,genomic,Prostate,1,"From NCBI Gene: This gene is a member of the neuronal calcium sensor gene family, which encode calcium-binding proteins expressed predominantly in neurons. The protein encoded by this gene regulates G protein-coupled receptor phosphorylation in a calcium-dependent manner and can substitute for calmodulin. The protein is associated with secretory granules and modulates synaptic transmission and synaptic plasticity. Multiple transcript variants encoding different isoforms have been found for this gene. [provided by RefSeq, Jul 2008]",,NCS1,http://edrn.jpl.nasa.gov/bmdb/biomarkers/view/749,P62166
BM00816,NDUFA10,proteomic,Breast,2,"NDUFA10 is an accessory subunit of the mitochondrial membrane respiratory chain NADH dehydrogenase (Complex I), that is believed not to be involved in catalysis. Mammalian complex I is the first enzyme complex in the electron transport chain of mitochondria. It is composed of 45 different subunits. This protein is a component of the hydrophobic protein fraction and has NADH dehydrogenase activity and oxidoreductase activity. It transfers electrons from NADH to the respiratory chain.",,NDUFA10,http://edrn.jpl.nasa.gov/bmdb/biomarkers/view/932,O95299
BM00817,NECTIN4,proteomic,"Breast, Lung",3,"The PVRL4 protein, also known as nectin-4, is a member of the nectin family.  PVRL4 contains two immunoglobulin-like (Ig-like) C2-type domains and one Ig-like V-type domain. It is involved in cell adhesion through trans-homophilic and -heterophilic interactions, the latter including specifically interactions with PVRL2/nectin-1. It is a single-pass type I membrane protein. The soluble form is produced by proteolytic cleavage at the cell surface by the metalloproteinase ADAM17/TACE. The secreted form is found in both breast tumor cell lines and breast tumor patients. Mutations in this gene are the cause of ectodermal dysplasia-syndactyly syndrome type 1, an autosomal recessive disorder.",,NECTIN4,http://edrn.jpl.nasa.gov/bmdb/biomarkers/view/467,Q96NY8
BM00818,NEK3,genomic,Prostate,1,"From NCBI Gene: This gene encodes a member of the NimA (never in mitosis A) family of serine/threonine protein kinases. The encoded protein differs from other NimA family members in that it is not cell cycle regulated and is found primarily in the cytoplasm. The kinase is activated by prolactin stimulation, leading to phosphorylation of VAV2 guanine nucleotide exchange factor, paxillin, and activation of the RAC1 GTPase. Two functional alleles for this gene have been identified in humans. The reference genome assembly (GRCh38) represents a functional allele that is associated with the inclusion of an additional coding exon in protein-coding transcripts, compared to an alternate functional allele that lacks the exon. [provided by RefSeq, Sep 2019]",,NEK3,http://edrn.jpl.nasa.gov/bmdb/biomarkers/view/750,P51956
BM00819,NELFA,proteomic,Breast,2,"From NCBI Gene: This gene is expressed ubiquitously with higher levels in fetal than in adult tissues. It encodes a protein sharing 93% sequence identity with the mouse protein. Wolf-Hirschhorn syndrome (WHS) is a malformation syndrome associated with a hemizygous deletion of the distal short arm of chromosome 4. This gene is mapped to the 165 kb WHS critical region, and may play a role in the phenotype of the WHS or Pitt-Rogers-Danks syndrome. The encoded protein is found to be capable of reacting with HLA-A2-restricted and tumor-specific cytotoxic T lymphocytes, suggesting a target for use in specific immunotherapy for a large number of cancer patients. This protein has also been shown to be a member of the NELF (negative elongation factor) protein complex that participates in the regulation of RNA polymerase II transcription elongation. [provided by RefSeq, Jul 2008]",,NELFA,http://edrn.jpl.nasa.gov/bmdb/biomarkers/view/1343,Q9H3P2
BM00820,NELL1,genomic,Esophagus,3,NELL1 is a cytoplasmic protein that contains epidermal growth factor (EGF)-like repeats. The encoded heterotrimeric protein may be involved in cell growth regulation and differentiation.,,NELL1,http://edrn.jpl.nasa.gov/bmdb/biomarkers/view/46,Q92832
BM00821,NID1,proteomic,"Breast, Ovary",2,"From NCBI Gene: This gene encodes a member of the nidogen family of basement membrane glycoproteins. The protein interacts with several other components of basement membranes, and may play a role in cell interactions with the extracellular matrix. [provided by RefSeq, Jul 2008]",,NID1,http://edrn.jpl.nasa.gov/bmdb/biomarkers/view/210,P14543
BM00822,NID2,genomic,"Head and Neck, Ovary",2,"From NCBI Gene: This gene encodes a member of the nidogen family of basement membrane proteins. This protein is a cell-adhesion protein that binds collagens I and IV and laminin and may be involved in maintaining the structure of the basement membrane.[provided by RefSeq, Jun 2010]",,NID2,http://edrn.jpl.nasa.gov/bmdb/biomarkers/view/537,Q14112
BM00823,NIF3L1,proteomic,Breast,1,"From UniProtKB: May function as a transcriptional corepressor through its interaction with COPS2, negatively regulating the expression of genes involved in neuronal differentiation.",,NIF3L1,http://edrn.jpl.nasa.gov/bmdb/biomarkers/view/1537,Q9GZT8
BM00824,NKAIN1,genomic,Prostate,1,"From NCBI Gene: NKAIN1 is a member of a family of mammalian proteins with similarity to Drosophila Nkain and interacts with the beta subunit of Na,K-ATPase (ATP1B1; MIM 182330) (Gorokhova et al., 2007 [PubMed 17606467]).[supplied by OMIM, Jun 2009]",,NKAIN1,http://edrn.jpl.nasa.gov/bmdb/biomarkers/view/1597,Q4KMZ8
BM00825,NKX3-1,genomic,Prostate,1,"From NCBI Gene: This gene encodes a homeobox-containing transcription factor. This transcription factor functions as a negative regulator of epithelial cell growth in prostate tissue. Aberrant expression of this gene is associated with prostate tumor progression. Alternate splicing results in multiple transcript variants of this gene. [provided by RefSeq, Jan 2012]",,NKX3-1,http://edrn.jpl.nasa.gov/bmdb/biomarkers/view/751,Q99801
BM00826,NLRP1,genomic,Prostate,1,"From NCBI Gene: This gene encodes a member of the Ced-4 family of apoptosis proteins. Ced-family members contain a caspase recruitment domain (CARD) and are known to be key mediators of programmed cell death. The encoded protein contains a distinct N-terminal pyrin-like motif, which is possibly involved in protein-protein interactions. This protein interacts strongly with caspase 2 and weakly with caspase 9. Overexpression of this gene was demonstrated to induce apoptosis in cells. Multiple alternatively spliced transcript variants encoding distinct isoforms have been found for this gene, but the biological validity of some variants has not been determined. [provided by RefSeq, Jul 2008]",,NLRP1,http://edrn.jpl.nasa.gov/bmdb/biomarkers/view/1014,Q9C000
BM00827,NME1-NME2,proteomic,Breast,1,"From NCBI Gene: This locus represents naturally occurring read-through transcription between the neighboring NME1 and NME2 genes. The significance of this read-through transcription and the function of the resulting protein product have not yet been determined. Alternative splicing of this gene results in multiple transcript variants. [provided by RefSeq, Nov 2010]",,NME1-NME2,http://edrn.jpl.nasa.gov/bmdb/biomarkers/view/1538,J3KPD9
BM00828,NME2,proteomic,Breast,3,"From NCBI Gene: Nucleoside diphosphate kinase (NDK) exists as a hexamer composed of 'A' (encoded by NME1) and 'B' (encoded by this gene) isoforms. Multiple alternatively spliced transcript variants have been found for this gene. Read-through transcription from the neighboring upstream gene (NME1) generates naturally-occurring transcripts (NME1-NME2) that encode a fusion protein comprised of sequence sharing identity with each individual gene product. [provided by RefSeq, Nov 2010]",,NME2,http://edrn.jpl.nasa.gov/bmdb/biomarkers/view/1058,P22392
BM00829,NMU,proteomic,Ovary,2,"From NCBI Gene: This gene encodes a member of the neuromedin family of neuropeptides. The encoded protein is a precursor that is proteolytically processed to generate a biologically active neuropeptide that plays a role in pain, stress, immune-mediated inflammatory diseases and feeding regulation. Increased expression of this gene was observed in renal, pancreatic and lung cancers. Alternative splicing results in multiple transcript variants encoding different isoforms. Some of these isoforms may undergo similar processing to generate the mature peptide. [provided by RefSeq, Jul 2015]",,NMU,http://edrn.jpl.nasa.gov/bmdb/biomarkers/view/186,P48645
BM00830,NOS1,proteomic,Breast,2,"NOS1, or nitric oxide synthase 1 (neuronal), along with inducible nitric oxide synthase (NOS2) and endothelial nitric oxide synthase (NOS3), catalyze the generation of nitric oxide and L-citrulline from L-arginine and molecular oxygen.  Nitric oxide is a messenger molecule with diverse functions throughout the body. In the brain and peripheral nervous system, nitric oxide displays many properties of a neurotransmitter.  NOS1 also displays antimicrobial and antitumoral activities.",,NOS1,http://edrn.jpl.nasa.gov/bmdb/biomarkers/view/933,P29475
BM00831,NOTCH2,proteomic,Breast,1,"From NCBI Gene: This gene encodes a member of the Notch family. Members of this Type 1 transmembrane protein family share structural characteristics including an extracellular domain consisting of multiple epidermal growth factor-like (EGF) repeats, and an intracellular domain consisting of multiple, different domain types. Notch family members play a role in a variety of developmental processes by controlling cell fate decisions. The Notch signaling network is an evolutionarily conserved intercellular signaling pathway which regulates interactions between physically adjacent cells. In Drosophilia, notch interaction with its cell-bound ligands (delta, serrate) establishes an intercellular signaling pathway that plays a key role in development. Homologues of the notch-ligands have also been identified in human, but precise interactions between these ligands and the human notch homologues remain to be determined. This protein is cleaved in the trans-Golgi network, and presented on the cell surface as a heterodimer. This protein functions as a receptor for membrane bound ligands, and may play a role in vascular, renal and hepatic development. Two transcript variants encoding different isoforms have been found for this gene. [provided by RefSeq, Jan 2011]",,NOTCH2,http://edrn.jpl.nasa.gov/bmdb/biomarkers/view/1539,Q04721
BM00832,NOTCH2NLA,proteomic,Breast,1,"From UniProtKB: Human-specific protein that promotes neural progenitor proliferation and evolutionary expansion of the brain neocortex by regulating the Notch signaling pathway (PubMed:29856954, PubMed:29856955, PubMed:29561261).

Able to promote neural progenitor self-renewal, possibly by down-regulating neuronal differentiation genes, thereby delaying the differentiation of neuronal progenitors and leading to an overall final increase in neuronal production (PubMed:29856954).

Acts by enhancing the Notch signaling pathway via two different mechanisms that probably work in parallel to reach the same effect (PubMed:29856954).

Enhances Notch signaling pathway in a non-cell-autonomous manner via direct interaction with NOTCH2 (PubMed:29856954).

Also promotes Notch signaling pathway in a cell-autonomous manner through inhibition of cis DLL1-NOTCH2 interactions, which promotes neuronal differentiation (By similarity).",,NOTCH2NLA,http://edrn.jpl.nasa.gov/bmdb/biomarkers/view/1540,Q7Z3S9
BM00833,NPC2,proteomic,Ovary,2,"From NCBI Gene: This gene encodes a protein containing a lipid recognition domain. The encoded protein may function in regulating the transport of cholesterol through the late endosomal/lysosomal system. Mutations in this gene have been associated with Niemann-Pick disease, type C2 and frontal lobe atrophy. [provided by RefSeq, Jul 2008]",,NPC2,http://edrn.jpl.nasa.gov/bmdb/biomarkers/view/160,P61916
BM00834,NR4A1,genomic,Prostate,1,"From NCBI Gene: This gene encodes a member of the steroid-thyroid hormone-retinoid receptor superfamily. Expression is induced by phytohemagglutinin in human lymphocytes and by serum stimulation of arrested fibroblasts. The encoded protein acts as a nuclear transcription factor. Translocation of the protein from the nucleus to mitochondria induces apoptosis. Multiple transcript variants encoding different isoforms have been found for this gene. [provided by RefSeq, Jan 2011]",,NR4A1,http://edrn.jpl.nasa.gov/bmdb/biomarkers/view/752,P22736
BM00835,NR4A3,genomic,Prostate,1,"From NCBI Gene: This gene encodes a member of the steroid-thyroid hormone-retinoid receptor superfamily. The encoded protein may act as a transcriptional activator. The protein can efficiently bind the NGFI-B Response Element (NBRE). Three different versions of extraskeletal myxoid chondrosarcomas (EMCs) are the result of reciprocal translocations between this gene and other genes. The translocation breakpoints are associated with Nuclear Receptor Subfamily 4, Group A, Member 3 (on chromosome 9) and either Ewing Sarcome Breakpoint Region 1 (on chromosome 22), RNA Polymerase II, TATA Box-Binding Protein-Associated Factor, 68-KD (on chromosome 17), or Transcription factor 12 (on chromosome 15). Multiple transcript variants encoding different isoforms have been found for this gene. [provided by RefSeq, Mar 2010]",,NR4A3,http://edrn.jpl.nasa.gov/bmdb/biomarkers/view/753,Q92570
BM00836,NRAS,proteomic,Ovary,2,"From NCBI Gene: This is an N-ras oncogene encoding a membrane protein that shuttles between the Golgi apparatus and the plasma membrane. This shuttling is regulated through palmitoylation and depalmitoylation by the ZDHHC9-GOLGA7 complex. The encoded protein, which has intrinsic GTPase activity, is activated by a guanine nucleotide-exchange factor and inactivated by a GTPase activating protein. Mutations in this gene have been associated with somatic rectal cancer, follicular thyroid cancer, autoimmune lymphoproliferative syndrome, Noonan syndrome, and juvenile myelomonocytic leukemia. [provided by RefSeq, Jun 2011]",,NRAS,http://edrn.jpl.nasa.gov/bmdb/biomarkers/view/1417,P01111
BM00837,NRIP2,genomic,Prostate,1,"From NCBI Gene: Predicted to enable aspartic-type endopeptidase activity. Predicted to be involved in proteolysis. Predicted to act upstream of or within Notch signaling pathway and negative regulation of transcription by RNA polymerase II. Located in cytoplasm. [provided by Alliance of Genome Resources, Apr 2022]",,NRIP2,http://edrn.jpl.nasa.gov/bmdb/biomarkers/view/754,Q9BQI9
BM00838,NRXN1,genomic,Prostate,1,"From NCBI Gene: This gene encodes a single-pass type I membrane protein that belongs to the neurexin family. Neurexins are cell-surface receptors that bind neuroligins to form Ca(2+)-dependent neurexin/neuroligin complexes at synapses in the central nervous system. This complex is required for efficient neurotransmission and is involved in the formation of synaptic contacts. Three members of this gene family have been studied in detail and are estimated to generate over 3,000 variants through the use of two alternative promoters (alpha and beta) and extensive alternative splicing in each family member. Recently, a third promoter (gamma) was identified for this gene in the 3' region. Mutations in this gene are associated with Pitt-Hopkins-like syndrome-2 and may contribute to susceptibility to schizophrenia. [provided by RefSeq, Aug 2016]",,NRXN1,http://edrn.jpl.nasa.gov/bmdb/biomarkers/view/755,P58400
BM00839,NSFL1C,proteomic,Breast,1,"From NCBI Gene: N-ethylmaleimide-sensitive factor (NSF) and valosin-containing protein (p97) are two ATPases known to be involved in transport vesicle/target membrane fusion and fusions between membrane compartments. A trimer of the protein encoded by this gene binds a hexamer of cytosolic p97 and is required for p97-mediated regrowth of Golgi cisternae from mitotic Golgi fragments. Alternative splicing results in multiple transcript variants. A related pseudogene has been identified on chromosome 8. [provided by RefSeq, May 2011]",,NSFL1C,http://edrn.jpl.nasa.gov/bmdb/biomarkers/view/1541,Q9UNZ2
BM00840,NT5E,genomic,Prostate,1,"From NCBI Gene: The protein encoded by this gene is a plasma membrane protein that catalyzes the conversion of extracellular nucleotides to membrane-permeable nucleosides. The encoded protein is used as a determinant of lymphocyte differentiation. Defects in this gene can lead to the calcification of joints and arteries. Two transcript variants encoding different isoforms have been found for this gene.[provided by RefSeq, Mar 2011]",,NT5E,http://edrn.jpl.nasa.gov/bmdb/biomarkers/view/756,P21589
BM00841,NUCB1,proteomic,Ovary,2,"From NCBI Gene: This gene encodes a member of a small calcium-binding EF-hand protein family. The encoded protein is thought to have a key role in Golgi calcium homeostasis and Ca(2+)-regulated signal transduction events. [provided by RefSeq, Jun 2010]",,NUCB1,http://edrn.jpl.nasa.gov/bmdb/biomarkers/view/140,Q02818
BM00842,NX034,proteomic,Breast,2,,,NX034,http://edrn.jpl.nasa.gov/bmdb/biomarkers/view/1259,
BM00843,NXN,genomic,Prostate,1,"From NCBI Gene: This gene encodes a member of the thioredoxin superfamily, a group of small, multifunctional redox-active proteins. Members of this family are characterized by a conserved active motif called the thioredoxin fold that catalyzes disulfide bond formation and isomerization. The encoded protein acts a redox-dependent regulator of the Wnt signaling pathway and is involved in cell growth and differentiation. [provided by RefSeq, Sep 2015]",,NXN,http://edrn.jpl.nasa.gov/bmdb/biomarkers/view/757,Q6DKJ4
BM00844,NXOB826,proteomic,Breast,2,,,NXOB826,http://edrn.jpl.nasa.gov/bmdb/biomarkers/view/1258,
BM00845,NXPE4,genomic,Prostate,1,"From NCBI Gene: Located in extracellular exosome. [provided by Alliance of Genome Resources, Nov 2021]",,NXPE4,http://edrn.jpl.nasa.gov/bmdb/biomarkers/view/652,Q6UWF7
BM00846,NXT1,genomic,Prostate,1,"From NCBI Gene: The protein encoded by this gene is located in the nuclear envelope. It has protein similarity to nuclear transport factor 2. This protein functions as a nuclear export factor in both RAN (Ras-related nuclear protein)- and CRM1 (required for chromosome region maintenance)-dependent pathways. It is found to stimulate the export of U1 snRNA in RAN- and CRM1-dependent pathways and the export of tRNA and mRNA in a CRM1-independent pathway. The encoded protein heterodimerizes with Tap protein and may regulate the ability of Tap protein to mediate nuclear mRNA export. The use of alternate polyadenylation sites has been found for this gene. [provided by RefSeq, Jul 2008]",,NXT1,http://edrn.jpl.nasa.gov/bmdb/biomarkers/view/758,Q9UKK6
BM00847,OAS1,proteomic,"Breast, Prostate",2,"From NCBI Gene: This gene is induced by interferons and encodes a protein that synthesizes 2',5'-oligoadenylates (2-5As). This protein activates latent RNase L, which results in viral RNA degradation and the inhibition of viral replication. Alternative splicing results in multiple transcript variants with different enzymatic activities. Polymorphisms in this gene have been associated with susceptibility to viral infection and diabetes mellitus, type 1. A disease-associated allele in a splice acceptor site influences the production of the p46 splice isoform. This gene is located in a cluster of related genes on chromosome 12. [provided by RefSeq, Feb 2016]",,OAS1,http://edrn.jpl.nasa.gov/bmdb/biomarkers/view/759,P00973
BM00848,ODC1,proteomic,Breast,3,"From NCBI Gene: This gene encodes the rate-limiting enzyme of the polyamine biosynthesis pathway which catalyzes ornithine to putrescine. The activity level for the enzyme varies in response to growth-promoting stimuli and exhibits a high turnover rate in comparison to other mammalian proteins. Originally localized to both chromosomes 2 and 7, the gene encoding this enzyme has been determined to be located on 2p25, with a pseudogene located on 7q31-qter. Multiple alternatively spliced transcript variants encoding distinct isoforms have been identified. [provided by RefSeq, Dec 2013]",,ODC1,http://edrn.jpl.nasa.gov/bmdb/biomarkers/view/1059,P11926
BM00849,OGG1,proteomic,Lung,2,"8-Oxoguanine DNA Glycosylase, or OGG1, is a DNA repair enzyme that removes both 7,8-dihydro-8-oxoguanine and 2,6-diamino-4-hydroxy-5-N-methylformamidopyrimidine (FAPY) from damaged DNA. OGG1 has a beta-lyase activity that nicks DNA 3' to the lesion.  There are two major groups of splice variants for this gene, classified by alternative splicing of the C-terminal region of the gene, type 1 and type 2, depending on the last exon of the sequence. Type 1 alternative splice variants end with exon 7 and type 2 end with exon 8. All variants share the N-terminal region in common, which contains a mitochondrial targeting signal that is essential for mitochondrial localization.",,OGG1,http://edrn.jpl.nasa.gov/bmdb/biomarkers/view/1007,O15527
BM00850,OGT,genomic,Prostate,1,"From NCBI Gene: This gene encodes a glycosyltransferase that catalyzes the addition of a single N-acetylglucosamine in O-glycosidic linkage to serine or threonine residues. Since both phosphorylation and glycosylation compete for similar serine or threonine residues, the two processes may compete for sites, or they may alter the substrate specificity of nearby sites by steric or electrostatic effects. The protein contains multiple tetratricopeptide repeats that are required for optimal recognition of substrates. Alternatively spliced transcript variants encoding distinct isoforms have been found for this gene. [provided by RefSeq, Oct 2009]",,OGT,http://edrn.jpl.nasa.gov/bmdb/biomarkers/view/760,O15294
BM00851,OLFM1,proteomic,Lung,1,"From NCBI Entrez Gene: This gene product shares extensive sequence similarity with the rat neuronal olfactomedin-related ER localized protein. While the exact function of the encoded protein is not known, its abundant expression in brain suggests that it may have an essential role in nerve tissue. Several alternatively spliced transcripts encoding different isoforms have been found for this gene. [provided by RefSeq, Jul 2008]",,OLFM1,http://edrn.jpl.nasa.gov/bmdb/biomarkers/view/1088,Q99784
BM00852,OLFML2B,proteomic,Ovary,2,"From NCBI Gene: This gene encodes an olfactomedin domain-containing protein. Most olfactomedin domain-containing proteins are secreted glycoproteins. [provided by RefSeq, Dec 2016]",,OLFML2B,http://edrn.jpl.nasa.gov/bmdb/biomarkers/view/387,Q68BL8
BM00853,Oncotype-dx DCIS score,proteomic,Breast,3,"From www.oncotypeiq.com: The Oncotype DX Breast DCIS Score test looks at the tumor biology to find out how likely your cancer is to return.  
Before the Breast DCIS Score test, doctors only had measurements (such as margin width, tumor size, and tumor grade) to estimate how likely a patient’s cancer was to return. The Breast DCIS Score provides information about your tumor that’s not available from these pathological measures.  The Breast DCIS Score is a genomic test — it looks at the activity of tumor genes. Specifically, the Breast DCIS Score tests a group of cancer-related genes in your tumor tissue. These genes can provide information about how your tumor might behave in the future, including how likely it is to grow and spread.",,,http://edrn.jpl.nasa.gov/bmdb/biomarkers/view/1187,
BM00854,OPA1,genomic,Prostate,1,"From NCBI Gene: The protein encoded by this gene is a nuclear-encoded mitochondrial protein with similarity to dynamin-related GTPases. The encoded protein localizes to the inner mitochondrial membrane and helps regulate mitochondrial stability and energy output. This protein also sequesters cytochrome c. Mutations in this gene have been associated with optic atrophy type 1, which is a dominantly inherited optic neuropathy resulting in progressive loss of visual acuity, leading in many cases to legal blindness. [provided by RefSeq, Aug 2017]",,OPA1,http://edrn.jpl.nasa.gov/bmdb/biomarkers/view/761,O60313
BM00855,OPCML,genomic,Lung,1,"The OPCML protein is a member of the IgLON subfamily in the immunoglobulin protein superfamily.  OPCML binds opioids in the presence of acidic lipids.  The gene has an ortholog in rat and bovine. The OPCML protein is highly conserved across species, and therefore it is hypothesized that it may have a fundamental role in mammalian systems. There are two different isoforms, each from its own transcript.",,OPCML,http://edrn.jpl.nasa.gov/bmdb/biomarkers/view/470,Q14982
BM00856,OR51E2,genomic,Prostate,1,"From NCBI Gene: Olfactory receptors interact with odorant molecules in the nose, to initiate a neuronal response that triggers the perception of a smell. The olfactory receptor proteins are members of a large family of G-protein-coupled receptors (GPCR) arising from single coding-exon genes. Olfactory receptors share a 7-transmembrane domain structure with many neurotransmitter and hormone receptors and are responsible for the recognition and G protein-mediated transduction of odorant signals. The olfactory receptor gene family is the largest in the genome. The nomenclature assigned to the olfactory receptor genes and proteins for this organism is independent of other organisms. [provided by RefSeq, Jul 2008]",,OR51E2,http://edrn.jpl.nasa.gov/bmdb/biomarkers/view/1595,Q9H255
BM00857,ORM1,genomic,"Breast, Prostate",1,"From NCBI Gene: This gene encodes a key acute phase plasma protein. Because of its increase due to acute inflammation, this protein is classified as an acute-phase reactant. The specific function of this protein has not yet been determined; however, it may be involved in aspects of immunosuppression. [provided by RefSeq, Jul 2008]",,ORM1,http://edrn.jpl.nasa.gov/bmdb/biomarkers/view/762,P02763
BM00858,ORM2,proteomic,Breast,1,"From NCBI Gene: This gene encodes a key acute phase plasma protein. Because of its increase due to acute inflammation, this protein is classified as an acute-phase reactant. The specific function of this protein has not yet been determined; however, it may be involved in aspects of immunosuppression. [provided by RefSeq, Jul 2008]",,ORM2,http://edrn.jpl.nasa.gov/bmdb/biomarkers/view/1542,P19652
BM00859,OSBPL10,genomic,Prostate,1,"From NCBI Gene: This gene encodes a member of the oxysterol-binding protein (OSBP) family, a group of intracellular lipid receptors. Like most members, the encoded protein contains an N-terminal pleckstrin homology domain and a highly conserved C-terminal OSBP-like sterol-binding domain. Multiple transcript variants encoding different isoforms have been found for this gene. [provided by RefSeq, Mar 2010]",,OSBPL10,http://edrn.jpl.nasa.gov/bmdb/biomarkers/view/763,Q9BXB5
BM00860,Osteopontin,proteomic,"Breast, Liver, Lung, Ovary, Pancreas",3,"From NCBI Gene: The protein encoded by this gene is involved in the attachment of osteoclasts to the mineralized bone matrix. The encoded protein is secreted and binds hydroxyapatite with high affinity. The osteoclast vitronectin receptor is found in the cell membrane and may be involved in the binding to this protein. This protein is also a cytokine that upregulates expression of interferon-gamma and interleukin-12. Several transcript variants encoding different isoforms have been found for this gene. [provided by RefSeq, Oct 2011]",,SPP1,http://edrn.jpl.nasa.gov/bmdb/biomarkers/view/27,P10451
BM00861,OVA1,proteomic,Ovary,3,"The OVA1 diagnostic test is comprised of five biomarkers: CA125, transthyretin (prealbumin), apolipprotein A1 (Apo A-1), beta-2 microglobulin, and transferrin.  OVA1 is an In Vitro Diagnostic Multivariate Index Assay (IVDMIA) of Proteomic Biomarkers test that analyzes the serum levels of these five proteomic biomarkers.  OVA1 is the first FDA approved test for assessing ovarian cancer risk in women previously diagnosed with an ovarian mass, and already scheduled for surgery. The OVA1 algorithm combines the results of these levels with information on the menopause status of the patient to classify the patient into a low- or high-risk group.  The results of the OVA1 test can help determine patients needing referral to a gynecologic oncologist for their surgery.",,OVA1,http://edrn.jpl.nasa.gov/bmdb/biomarkers/view/547,
BM00862,Overa,proteomic,Ovary,5,"From Vermillion website: Overa, a second-generation Multivariate Index Assay (MIA2G) is an FDA-cleared blood test for women with a pelvic mass who are planned for surgery. Overa (MIA2G) maintains the high level of ovarian cancer detection, across rare subtypes and including early stage cancers, afforded by OVA1 (MIA). However, Overa (MIA2G) incorporates different markers and a refined algorithm in order to improve the balance between ovarian cancer detection and healthcare efficiency. Overa (MIA2G) represents a significant improvement in positive predictive value, overall accuracy and a reduction in false positives and unnecessary referrals.   https://vermillion.com/our-products/ova1-ova1plus/",,OVERA,http://edrn.jpl.nasa.gov/bmdb/biomarkers/view/1127,
BM00863,OVGP1,proteomic,Ovary,2,"From NCBI Gene: This gene encodes a large, carbohydrate-rich, epithelial glycoprotein with numerous O-glycosylation sites located within threonine, serine, and proline-rich tandem repeats. The gene is similar to members of the mucin and the glycosyl hydrolase 18 gene families. Regulation of expression may be estrogen-dependent. Gene expression and protein secretion occur during late follicular development through early cleavage-stage embryonic development. The protein is secreted from non-ciliated oviductal epithelial cells and associates with ovulated oocytes, blastomeres, and spermatozoan acrosomal regions. [provided by RefSeq, Jul 2008]",,OVGP1,http://edrn.jpl.nasa.gov/bmdb/biomarkers/view/143,Q12889
BM00864,p14/ARF,genomic,"Ovary, Prostate",2,"From NCBI Gene: This gene (CDKN2A) generates several transcript variants which differ in their first exons. At least three alternatively spliced variants encoding distinct proteins have been reported, two of which encode structurally related isoforms known to function as inhibitors of CDK4 kinase. The remaining transcript includes an alternate first exon located 20 Kb upstream of the remainder of the gene; this transcript contains an alternate open reading frame (ARF) that specifies a protein which is structurally unrelated to the products of the other variants. This ARF product functions as a stabilizer of the tumor suppressor protein p53 as it can interact with, and sequester, the E3 ubiquitin-protein ligase MDM2, a protein responsible for the degradation of p53. In spite of the structural and functional differences, the CDK inhibitor isoforms and the ARF product encoded by this gene, through the regulatory roles of CDK4 and p53 in cell cycle G1 progression, share a common functionality in cell cycle G1 control. This gene is frequently mutated or deleted in a wide variety of tumors, and is known to be an important tumor suppressor gene. [provided by RefSeq, Sep 2012]",,,http://edrn.jpl.nasa.gov/bmdb/biomarkers/view/117,
BM00865,P2RY14,proteomic,Ovary,2,"From NCBI Gene: The product of this gene belongs to the family of G-protein coupled receptors, which contains several receptor subtypes with different pharmacological selectivity for various adenosine and uridine nucleotides. This receptor is a P2Y purinergic receptor for UDP-glucose and other UDP-sugars coupled to G-proteins. It has been implicated in extending the known immune system functions of P2Y receptors by participating in the regulation of the stem cell compartment, and it may also play a role in neuroimmune function. Two transcript variants encoding the same protein have been identified for this gene. [provided by RefSeq, Jul 2008]",,P2RY14,http://edrn.jpl.nasa.gov/bmdb/biomarkers/view/377,Q15391
BM00866,PAFAH1B2,proteomic,Breast,2,"From NCBI Gene: Platelet-activating factor acetylhydrolase (PAFAH) inactivates platelet-activating factor (PAF) into acetate and LYSO-PAF. This gene encodes the beta subunit of PAFAH, the other subunits are alpha and gamma. Multiple alternatively spliced transcript variants have been described for this gene. [provided by RefSeq, Jan 2014]",,PAFAH1B2,http://edrn.jpl.nasa.gov/bmdb/biomarkers/view/1344,P68402
BM00867,PAICS,proteomic,Breast,1,"From NCBI Gene: This gene encodes a bifunctional enzyme containing phosphoribosylaminoimidazole carboxylase activity in its N-terminal region and phosphoribosylaminoimidazole succinocarboxamide synthetase in its C-terminal region. It catalyzes steps 6 and 7 of purine biosynthesis. The gene is closely linked and divergently transcribed with a locus that encodes an enzyme in the same pathway, and transcription of the two genes is coordinately regulated. The human genome contains several pseudogenes of this gene. Multiple transcript variants encoding different isoforms have been found for this gene. [provided by RefSeq, Jul 2008]",,PAICS,http://edrn.jpl.nasa.gov/bmdb/biomarkers/view/1543,P22234
BM00868,PAM,proteomic,Breast,1,"From NCBI Gene: This gene encodes a multifunctional protein. The encoded preproprotein is proteolytically processed to generate the mature enzyme. This enzyme includes two domains with distinct catalytic activities, a peptidylglycine alpha-hydroxylating monooxygenase (PHM) domain and a peptidyl-alpha-hydroxyglycine alpha-amidating lyase (PAL) domain. These catalytic domains work sequentially to catalyze the conversion of neuroendocrine peptides to active alpha-amidated products. Alternative splicing results in multiple transcript variants, at least one of which encodes an isoform that is proteolytically processed. [provided by RefSeq, Jan 2016]",,PAM,http://edrn.jpl.nasa.gov/bmdb/biomarkers/view/1544,P19021
BM00869,PARK7,proteomic,Lung,2,"DJ-1, also known as PARK-7, belongs to the peptidase C56 family of proteins. It acts as a positive regulator of androgen receptor-dependent transcription. It may also function as a redox-sensitive chaperone, as a sensor for oxidative stress, and it apparently protects neurons against oxidative stress and cell death. DJ-1 is highly expressed in pancreas, kidney, skeletal muscle, liver, testis and heart and is detected at slightly lower levels in placenta and brain.",,PARK7,http://edrn.jpl.nasa.gov/bmdb/biomarkers/view/41,Q99497
BM00870,PAX8,genomic,Lung,2,"The PAX8 gene product is a member of the paired box (PAX) family of transcription factors.  It is a transcription factor for the thyroid-specific expression of the genes exclusively expressed in the thyroid
cell type, maintaining the functional differentiation of such cells. This nuclear protein is involved in thyroid follicular cell development and expression of thyroid-specific genes.  There are several isoforms arising from multiple transcript variants.",,PAX8,http://edrn.jpl.nasa.gov/bmdb/biomarkers/view/472,Q06710
BM00871,PCA3,genomic,Prostate,3,"The prostate cancer antigen 3 (PCA3) gene is a highly specific biomarker upregulated in prostate cancer.  Because there is no extensive open reading frame, the gene is thought to express a noncoding RNA.	
The FDA has approved an assay for prostate cancer that uses the ratio of PCA3 RNA to PSA RNA in urine.  The assay is used to help physicians determine the need for repeat prostate biopsies in men 50 years of age or older who have had a previous negative biopsy.  When used in conjunction with other clinical information, the use of this test can reduce the need for unnecessary prostate biopsies.",,PCA3,http://edrn.jpl.nasa.gov/bmdb/biomarkers/view/63,
BM00872,PCCA,proteomic,Breast,2,"PCCA, or propionyl CoA carboxylase, alpha polypeptide, is the alpha subunit of the heterodimeric mitochondrial enzyme Propionyl-CoA carboxylase.  The beta subunit is PCCB.  The enzyme deficiency  propionic acidemia results from mutations in either PCCA or PCCB. Several isoforms for this gene have been identified, coded by multiple transcript variants.",,PCCA,http://edrn.jpl.nasa.gov/bmdb/biomarkers/view/934,P05165
BM00873,PCDH17,proteomic,Ovary,2,"From NCBI Gene: This gene belongs to the protocadherin gene family, a subfamily of the cadherin superfamily. The encoded protein contains six extracellular cadherin domains, a transmembrane domain, and a cytoplasmic tail differing from those of the classical cadherins. The encoded protein may play a role in the establishment and function of specific cell-cell connections in the brain. [provided by RefSeq, Jul 2008]",,PCDH17,http://edrn.jpl.nasa.gov/bmdb/biomarkers/view/388,O14917
BM00874,PCMT1,proteomic,Breast,1,"From NCBI Gene: This gene encodes a member of the type II class of protein carboxyl methyltransferase enzymes. The encoded enzyme plays a role in protein repair by recognizing and converting D-aspartyl and L-isoaspartyl residues resulting from spontaneous deamidation back to the normal L-aspartyl form. The encoded protein may play a protective role in the pathogenesis of Alzheimer's disease, and single nucleotide polymorphisms in this gene have been associated with spina bifida and premature ovarian failure. Alternatively spliced transcript variants encoding multiple isoforms have been observed for this gene. [provided by RefSeq, Oct 2011]",,PCMT1,http://edrn.jpl.nasa.gov/bmdb/biomarkers/view/1545,P22061
BM00875,PCOLCE,proteomic,"Breast, Ovary",2,"From NCBI Gene: Fibrillar collagen types I-III are synthesized as precursor molecules known as procollagens. These precursors contain amino- and carboxyl-terminal peptide extensions known as N- and C-propeptides, respectively, which are cleaved, upon secretion of procollagen from the cell, to yield the mature triple helical, highly structured fibrils. This gene encodes a glycoprotein which binds and drives the enzymatic cleavage of type I procollagen and heightens C-proteinase activity. [provided by RefSeq, Jul 2008]",,PCOLCE,http://edrn.jpl.nasa.gov/bmdb/biomarkers/view/132,Q15113
BM00876,PCSK9,proteomic,Ovary,2,"From NCBI Gene: This gene encodes a member of the subtilisin-like proprotein convertase family, which includes proteases that process protein and peptide precursors trafficking through regulated or constitutive branches of the secretory pathway. The encoded protein undergoes an autocatalytic processing event with its prosegment in the ER and is constitutively secreted as an inactive protease into the extracellular matrix and trans-Golgi network. It is expressed in liver, intestine and kidney tissues and escorts specific receptors for lysosomal degradation. It plays a role in cholesterol and fatty acid metabolism. Mutations in this gene have been associated with autosomal dominant familial hypercholesterolemia. Alternative splicing results in multiple transcript variants. [provided by RefSeq, Feb 2014]",,PCSK9,http://edrn.jpl.nasa.gov/bmdb/biomarkers/view/212,Q8NBP7
BM00877,PDCD10,genomic,Prostate,1,"From NCBI Gene: This gene encodes an evolutionarily conserved protein associated with cell apoptosis. The protein interacts with the serine/threonine protein kinase MST4 to modulate the extracellular signal-regulated kinase (ERK) pathway. It also interacts with and is phosphoryated by serine/threonine kinase 25, and is thought to function in a signaling pathway essential for vascular developent. Mutations in this gene are one cause of cerebral cavernous malformations, which are vascular malformations that cause seizures and cerebral hemorrhages. Multiple alternatively spliced variants, encoding the same protein, have been identified. [provided by RefSeq, Jul 2008]",,PDCD10,http://edrn.jpl.nasa.gov/bmdb/biomarkers/view/764,Q9BUL8
BM00878,PDCD4,genomic,Prostate,1,"From NCBI Gene: This gene is a tumor suppressor and encodes a protein that binds to the eukaryotic translation initiation factor 4A1 and inhibits its function by preventing RNA binding. Alternative splicing results in multiple transcript variants. [provided by RefSeq, Dec 2010]",,PDCD4,http://edrn.jpl.nasa.gov/bmdb/biomarkers/view/765,Q53EL6
BM00879,PDCD6IP,proteomic,Breast,1,"From NCBI Gene: This gene encodes a protein that functions within the ESCRT pathway in the abscission stage of cytokinesis, in intralumenal endosomal vesicle formation, and in enveloped virus budding. Studies using mouse cells have shown that overexpression of this protein can block apoptosis. In addition, the product of this gene binds to the product of the PDCD6 gene, a protein required for apoptosis, in a calcium-dependent manner. This gene product also binds to endophilins, proteins that regulate membrane shape during endocytosis. Overexpression of this gene product and endophilins results in cytoplasmic vacuolization, which may be partly responsible for the protection against cell death. Several alternatively spliced transcript variants encoding different isoforms have been found for this gene. Related pseudogenes have been identified on chromosome 15. [provided by RefSeq, Jan 2012]",,PDCD6IP,http://edrn.jpl.nasa.gov/bmdb/biomarkers/view/512,Q8WUM4
BM00880,PDGFA,proteomic,Breast,2,"PDGFA, or platelet-derived growth factor alpha polypeptide, is a member of the platelet-derived growth factor family. PDGFA is a growth factor that plays an essential role in the regulation of embryonic development, cell proliferation, cell migration, survival and chemotaxis.  There are four members of the PDGF family, characterized by a motif of eight cysteines. PDGFA exists as either a homodimer or a heterodimer with PDGFB (platelet-derived growth factor beta polypeptide).",,PDGFA,http://edrn.jpl.nasa.gov/bmdb/biomarkers/view/935,P04085
BM00881,PDGFRB,proteomic,Breast,2,"From NCBI Gene: The protein encoded by this gene is a cell surface tyrosine kinase receptor for members of the platelet-derived growth factor family. These growth factors are mitogens for cells of mesenchymal origin. The identity of the growth factor bound to a receptor monomer determines whether the functional receptor is a homodimer (PDGFB or PDGFD) or a heterodimer (PDGFA and PDGFB). This gene is essential for normal development of the cardiovascular system and aids in rearrangement of the actin cytoskeleton. This gene is flanked on chromosome 5 by the genes for granulocyte-macrophage colony-stimulating factor and macrophage-colony stimulating factor receptor; all three genes may be implicated in the 5-q syndrome. A translocation between chromosomes 5 and 12, that fuses this gene to that of the ETV6 gene, results in chronic myeloproliferative disorder with eosinophilia. [provided by RefSeq, Aug 2017]",,PDGFRB,http://edrn.jpl.nasa.gov/bmdb/biomarkers/view/1345,P09619
BM00882,PDLIM1,proteomic,Breast,1,"From NCBI Gene: This gene encodes a member of the enigma protein family. The protein contains two protein interacting domains, a PDZ domain at the amino terminal end and one to three LIM domains at the carboxyl terminal. It is a cytoplasmic protein associated with the cytoskeleton. The protein may function as an adapter to bring other LIM-interacting proteins to the cytoskeleton. Pseudogenes associated with this gene are located on chromosomes 3, 14 and 17. [provided by RefSeq, Oct 2012]",,PDLIM1,http://edrn.jpl.nasa.gov/bmdb/biomarkers/view/1546,O00151
BM00883,PDLIM4,genomic,Prostate,1,"From NCBI Gene: This gene encodes a protein which may be involved in bone development. Mutations in this gene are associated with susceptibility to osteoporosis. [provided by RefSeq, Nov 2009]",,PDLIM4,http://edrn.jpl.nasa.gov/bmdb/biomarkers/view/766,P50479
BM00884,PDLIM5,genomic,Prostate,1,"From NCBI Gene: This gene encodes a member of a family of proteins that possess a 100-amino acid PDZ domain at the N terminus and one to three LIM domains at the C-terminus. This family member functions as a scaffold protein that tethers protein kinases to the Z-disk in striated muscles. It is thought to function in cardiomyocyte expansion and in restraining postsynaptic growth of excitatory synapses. Alternative splicing of this gene results in multiple transcript variants. [provided by RefSeq, Jan 2012]",,PDLIM5,http://edrn.jpl.nasa.gov/bmdb/biomarkers/view/767,Q96HC4
BM00885,PDLIM7,genomic,Prostate,1,"From NCBI Gene: The protein encoded by this gene is representative of a family of proteins composed of conserved PDZ and LIM domains. LIM domains are proposed to function in protein-protein recognition in a variety of contexts including gene transcription and development and in cytoskeletal interaction. The LIM domains of this protein bind to protein kinases, whereas the PDZ domain binds to actin filaments. The gene product is involved in the assembly of an actin filament-associated complex essential for transmission of ret/ptc2 mitogenic signaling. The biological function is likely to be that of an adapter, with the PDZ domain localizing the LIM-binding proteins to actin filaments of both skeletal muscle and nonmuscle tissues. Alternative splicing of this gene results in multiple transcript variants. [provided by RefSeq, Jul 2008]",,PDLIM7,http://edrn.jpl.nasa.gov/bmdb/biomarkers/view/768,Q9NR12
BM00886,PDXK,proteomic,Breast,1,"From NCBI Gene: The protein encoded by this gene phosphorylates vitamin B6, a step required for the conversion of vitamin B6 to pyridoxal-5-phosphate, an important cofactor in intermediary metabolism. The encoded protein is cytoplasmic and probably acts as a homodimer. Alternatively spliced transcript variants have been described, but their biological validity has not been determined. [provided by RefSeq, Jul 2008]",,PDXK,http://edrn.jpl.nasa.gov/bmdb/biomarkers/view/1547,O00764
BM00887,PDZK1IP1,genomic,Prostate,1,"From NCBI Gene: Located in extracellular exosome. [provided by Alliance of Genome Resources, Nov 2021]",,PDZK1IP1,http://edrn.jpl.nasa.gov/bmdb/biomarkers/view/769,Q13113
BM00888,PEBP1,proteomic,Ovary,2,"From NCBI Gene: This gene encodes a member of the phosphatidylethanolamine-binding family of proteins and has been shown to modulate multiple signaling pathways, including the MAP kinase (MAPK), NF-kappa B, and glycogen synthase kinase-3 (GSK-3) signaling pathways. The encoded protein can be further processed to form a smaller cleavage product, hippocampal cholinergic neurostimulating peptide (HCNP), which may be involved in neural development. This gene has been implicated in numerous human cancers and may act as a metastasis suppressor gene. Multiple pseudogenes of this gene have been identified in the genome. [provided by RefSeq, Jul 2015]",,PEBP1,http://edrn.jpl.nasa.gov/bmdb/biomarkers/view/141,P30086
BM00889,Pecot MALDI MS signature + clinical and imaging data,proteomic,Lung,1,"A serum proteomic signature of seven features identified by MALDI MS was previously identified (see ""Yildiz MALDI MS signature for lung cancer"").  The serum signature was associated with the diagnosis of lung cancer independently of gender, smoking status, smoking pack-years, and C-reactive protein levels.  Here the signature is applied to cohorts presenting with one or more lung nodules discovered by clinical evaluation and chest CT.",,,http://edrn.jpl.nasa.gov/bmdb/biomarkers/view/463,
BM00890,pentraxin-3,proteomic,Lung,2,"From NCBI Gene: This gene encodes a member of the pentraxin protein family. The expression of this protein is induced by inflammatory cytokines in response to inflammatory stimuli in several mesenchymal and epithelial cell types, particularly endothelial cells and mononuclear phagocytes. The protein promotes fibrocyte differentiation and is involved in regulating inflammation and complement activation. It also plays a role in angiogenesis and tissue remodeling. The protein serves as a biomarker for several inflammatory conditions. [provided by RefSeq, Jun 2016]",,PTX3,http://edrn.jpl.nasa.gov/bmdb/biomarkers/view/473,P26022
BM00891,PER1,genomic,Prostate,1,"From NCBI Gene: This gene is a member of the Period family of genes and is expressed in a circadian pattern in the suprachiasmatic nucleus, the primary circadian pacemaker in the mammalian brain. Genes in this family encode components of the circadian rhythms of locomotor activity, metabolism, and behavior. This gene is upregulated by CLOCK/ARNTL heterodimers but then represses this upregulation in a feedback loop using PER/CRY heterodimers to interact with CLOCK/ARNTL. Polymorphisms in this gene may increase the risk of getting certain cancers. Alternative splicing has been observed in this gene; however, these variants have not been fully described. [provided by RefSeq, Jan 2014]",,PER1,http://edrn.jpl.nasa.gov/bmdb/biomarkers/view/770,O15534
BM00892,PERP,genomic,Prostate,1,"From NCBI Gene: Involved in activation of cysteine-type endopeptidase activity. Predicted to be located in plasma membrane. Predicted to be active in cell-cell junction. Implicated in erythrokeratodermia variabilis and mutilating palmoplantar keratoderma with periorificial keratotic plaques. [provided by Alliance of Genome Resources, Nov 2021]",,PERP,http://edrn.jpl.nasa.gov/bmdb/biomarkers/view/771,Q96FX8
BM00893,PEX11B,proteomic,Breast,2,"PEX11B, or peroxisomal biogenesis factor 11 beta, is involved in peroxisomal proliferation and interacts with PEX19. PEX11B is located in the peroxisomal membrane and is thought to regulate peroxisome division by recruiting the dynamin-related GTPase DNM1L to the peroxisomal membrane.",,PEX11B,http://edrn.jpl.nasa.gov/bmdb/biomarkers/view/936,O96011
BM00894,PFAS,proteomic,"Breast, Ovary",2,"From NCBI Gene: Purines are necessary for many cellular processes, including DNA replication, transcription, and energy metabolism. Ten enzymatic steps are required to synthesize inosine monophosphate (IMP) in the de novo pathway of purine biosynthesis. The enzyme encoded by this gene catalyzes the fourth step of IMP biosynthesis. [provided by RefSeq, Jul 2008]",,PFAS,http://edrn.jpl.nasa.gov/bmdb/biomarkers/view/176,O15067
BM00895,PGAM1,proteomic,Lung,2,"PGAM1 catalyzes the interconversion of 3- phosphoglycerate (3-PGA) and 2-phosphoglycerate (2-PGA) in the glycolytic pathway, with 2,3-bisphosphoglycerate as the primer of the reaction.  It is widely distributed in mammalian tissues.",,PGAM1,http://edrn.jpl.nasa.gov/bmdb/biomarkers/view/474,P18669
BM00896,PGC,genomic,"Pancreas, Prostate",2,"From NCBI Gene: This gene encodes an aspartic proteinase that belongs to the peptidase family A1. The encoded protein is a digestive enzyme that is produced in the stomach and constitutes a major component of the gastric mucosa. This protein is also secreted into the serum. This protein is synthesized as an inactive zymogen that includes a highly basic prosegment. This enzyme is converted into its active mature form at low pH by sequential cleavage of the prosegment that is carried out by the enzyme itself. Polymorphisms in this gene are associated with susceptibility to gastric cancers. Serum levels of this enzyme are used as a biomarker for certain gastric diseases including Helicobacter pylori related gastritis. Alternate splicing results in multiple transcript variants. A pseudogene of this gene is found on chromosome 1. [provided by RefSeq, Oct 2009]",,PGC,http://edrn.jpl.nasa.gov/bmdb/biomarkers/view/772,P20142
BM00897,PGD,proteomic,Breast,1,"From NCBI Gene: 6-phosphogluconate dehydrogenase is the second dehydrogenase in the pentose phosphate shunt. Deficiency of this enzyme is generally asymptomatic, and the inheritance of this disorder is autosomal dominant. Hemolysis results from combined deficiency of 6-phosphogluconate dehydrogenase and 6-phosphogluconolactonase suggesting a synergism of the two enzymopathies. Several transcript variants encoding different isoforms have been found for this gene. [provided by RefSeq, Jan 2015]",,PGD,http://edrn.jpl.nasa.gov/bmdb/biomarkers/view/1548,P52209
BM00898,PGGHG,proteomic,Ovary,2,"From NCBI Gene: Enables protein-glucosylgalactosylhydroxylysine glucosidase activity. Involved in carbohydrate metabolic process. Located in cytosol. [provided by Alliance of Genome Resources, Apr 2022]",,PGGHG,http://edrn.jpl.nasa.gov/bmdb/biomarkers/view/173,Q32M88
BM00899,PGM3,genomic,Pancreas,2,"From NCBI Gene: This gene encodes a member of the phosphohexose mutase family. The encoded protein mediates both glycogen formation and utilization by catalyzing the interconversion of glucose-1-phosphate and glucose-6-phosphate. A non-synonymous single nucleotide polymorphism in this gene may play a role in resistance to diabetic nephropathy and neuropathy. Alternatively spliced transcript variants encoding multiple isoforms have been observed for this gene. [provided by RefSeq, Dec 2010]",,PGM3,http://edrn.jpl.nasa.gov/bmdb/biomarkers/view/1205,O95394
BM00900,PGP,proteomic,Lung,3,"From UniProtKB/Swiss-Prot: Glycerol-3-phosphate phosphatase hydrolyzing glycerol-3-phosphate into glycerol. Thereby, regulates the cellular levels of glycerol-3-phosphate a metabolic intermediate of glucose, lipid and energy metabolism. Was also shown to have a 2-phosphoglycolate phosphatase activity and a tyrosine-protein phosphatase activity. However, their physiological relevance is unclear (PubMed:26755581). In vitro, has also a phosphatase activity toward ADP, ATP, GDP and GTP (By similarity).",,PGP,http://edrn.jpl.nasa.gov/bmdb/biomarkers/view/1457,A6NDG6
BM00901,PGR,proteomic,Breast,2,"From NCBI Gene: This gene encodes a member of the steroid receptor superfamily. The encoded protein mediates the physiological effects of progesterone, which plays a central role in reproductive events associated with the establishment and maintenance of pregnancy. This gene uses two distinct promotors and translation start sites in the first exon to produce several transcript variants, both protein coding and non-protein coding. Two of the isoforms (A and B) are identical except for an additional 165 amino acids found in the N-terminus of isoform B and mediate their own response genes and physiologic effects with little overlap. [provided by RefSeq, Sep 2015]",,PGR,http://edrn.jpl.nasa.gov/bmdb/biomarkers/view/1328,P06401
BM00902,phi/PCA3,proteomic,Prostate,3,Prostate Health Index (phi or PHI) and Prostate Cancer Antigen 3.,,PHIPCA3,http://edrn.jpl.nasa.gov/bmdb/biomarkers/view/1465,
BM00903,PHYHIPL-AAb,proteomic,Breast,2,,,PHYHIPL-AAB,http://edrn.jpl.nasa.gov/bmdb/biomarkers/view/1346,
BM00904,PI3,proteomic,Ovary,2,"From NCBI Gene: This gene encodes an elastase-specific inhibitor that functions as an antimicrobial peptide against Gram-positive and Gram-negative bacteria, and fungal pathogens. The protein contains a WAP-type four-disulfide core (WFDC) domain, and is thus a member of the WFDC domain family. Most WFDC gene members are localized to chromosome 20q12-q13 in two clusters: centromeric and telomeric. This gene belongs to the centromeric cluster. Expression of this gene is upgulated by bacterial lipopolysaccharides and cytokines. [provided by RefSeq, Oct 2014]",,PI3,http://edrn.jpl.nasa.gov/bmdb/biomarkers/view/145,P19957
BM00905,PIGF,proteomic,Breast,3,"From NCBI Gene: This gene encodes a protein involved in glycosylphosphatidylinositol (GPI)-anchor biosynthesis. The GPI-anchor, a glycolipid containing three mannose molecules in its core backbone, is found on many blood cells where it serves to anchor proteins to the cell surface. The encoded protein and another GPI synthesis protein, PIGO, function in the transfer of ethanolaminephosphate to the third mannose in GPI. Alternatively spliced transcript variants encoding different isoforms have been described. [provided by RefSeq, Jul 2008]",,PIGF,http://edrn.jpl.nasa.gov/bmdb/biomarkers/view/1060,Q07326
BM00906,PIGR,proteomic,Breast,1,"From NCBI Gene: This gene is a member of the immunoglobulin superfamily. The encoded poly-Ig receptor binds polymeric immunoglobulin molecules at the basolateral surface of epithelial cells; the complex is then transported across the cell to be secreted at the apical surface. A significant association was found between immunoglobulin A nephropathy and several SNPs in this gene.[provided by RefSeq, Sep 2009]",,PIGR,http://edrn.jpl.nasa.gov/bmdb/biomarkers/view/1549,P01833
BM00907,PIK3CA,proteomic,"Ovary, Pancreas",2,"From NCBI Gene: Phosphatidylinositol 3-kinase is composed of an 85 kDa regulatory subunit and a 110 kDa catalytic subunit. The protein encoded by this gene represents the catalytic subunit, which uses ATP to phosphorylate PtdIns, PtdIns4P and PtdIns(4,5)P2. This gene has been found to be oncogenic and has been implicated in cervical cancers. A pseudogene of this gene has been defined on chromosome 22. [provided by RefSeq, Apr 2016]",,PIK3CA,http://edrn.jpl.nasa.gov/bmdb/biomarkers/view/1111,P42336
BM00908,PIK3R1,proteomic,Ovary,2,"From NCBI Gene: Phosphatidylinositol 3-kinase phosphorylates the inositol ring of phosphatidylinositol at the 3-prime position. The enzyme comprises a 110 kD catalytic subunit and a regulatory subunit of either 85, 55, or 50 kD. This gene encodes the 85 kD regulatory subunit. Phosphatidylinositol 3-kinase plays an important role in the metabolic actions of insulin, and a mutation in this gene has been associated with insulin resistance. Alternative splicing of this gene results in four transcript variants encoding different isoforms. [provided by RefSeq, Jun 2011]",,PIK3R1,http://edrn.jpl.nasa.gov/bmdb/biomarkers/view/1193,P27986
BM00909,PIN1,proteomic,Breast,2,"From NCBI Gene: Peptidyl-prolyl cis/trans isomerases (PPIases) catalyze the cis/trans isomerization of peptidyl-prolyl peptide bonds. This gene encodes one of the PPIases, which specifically binds to phosphorylated ser/thr-pro motifs to catalytically regulate the post-phosphorylation conformation of its substrates. The conformational regulation catalyzed by this PPIase has a profound impact on key proteins involved in the regulation of cell growth, genotoxic and other stress responses, the immune response, induction and maintenance of pluripotency, germ cell development, neuronal differentiation, and survival. This enzyme also plays a key role in the pathogenesis of Alzheimer's disease and many cancers. Multiple alternatively spliced transcript variants have been found for this gene.[provided by RefSeq, Jun 2011]",,PIN1,http://edrn.jpl.nasa.gov/bmdb/biomarkers/view/1347,Q13526
BM00910,PITX2,genomic,Lung,1,"The PITX2 protein is a member of the RIEG/PITX paired homeobox family, in the bicoid class of homeodomain proteins.  PITX2 acts as a transcription factor, controls cell proliferation in a tissue-specific manner and is involved in morphogenesis. During embryonic development, PITX2 exerts a role in the expansion of muscle progenitors.  Several alternatively spliced transcripts have been identified encoding different isoforms.",,PITX2,http://edrn.jpl.nasa.gov/bmdb/biomarkers/view/476,Q99697
BM00911,PLA2G2A,genomic,Prostate,1,"From NCBI Gene: The protein encoded by this gene is a member of the phospholipase A2 family (PLA2). PLA2s constitute a diverse family of enzymes with respect to sequence, function, localization, and divalent cation requirements. This gene product belongs to group II, which contains secreted form of PLA2, an extracellular enzyme that has a low molecular mass and requires calcium ions for catalysis. It catalyzes the hydrolysis of the sn-2 fatty acid acyl ester bond of phosphoglycerides, releasing free fatty acids and lysophospholipids, and thought to participate in the regulation of the phospholipid metabolism in biomembranes. Several alternatively spliced transcript variants with different 5' UTRs have been found for this gene.[provided by RefSeq, Sep 2009]",,PLA2G2A,http://edrn.jpl.nasa.gov/bmdb/biomarkers/view/774,P14555
BM00912,PLEC,proteomic,Ovary,2,"From NCBI Gene: Plectin is a prominent member of an important family of structurally and in part functionally related proteins, termed plakins or cytolinkers, that are capable of interlinking different elements of the cytoskeleton. Plakins, with their multi-domain structure and enormous size, not only play crucial roles in maintaining cell and tissue integrity and orchestrating dynamic changes in cytoarchitecture and cell shape, but also serve as scaffolding platforms for the assembly, positioning, and regulation of signaling complexes (reviewed in PMID: 9701547, 11854008, and 17499243). Plectin is expressed as several protein isoforms in a wide range of cell types and tissues from a single gene located on chromosome 8 in humans (PMID: 8633055, 8698233). Until 2010, this locus was named plectin 1 (symbol PLEC1 in human; Plec1 in mouse and rat) and the gene product had been referred to as ""hemidesmosomal protein 1"" or ""plectin 1, intermediate filament binding 500kDa"". These names were superseded by plectin. The plectin gene locus in mouse on chromosome 15 has been analyzed in detail (PMID: 10556294, 14559777), revealing a genomic exon-intron organization with well over 40 exons spanning over 62 kb and an unusual 5' transcript complexity of plectin isoforms. Eleven exons (1-1j) have been identified that alternatively splice directly into a common exon 2 which is the first exon to encode plectin's highly conserved actin binding domain (ABD). Three additional exons (-1, 0a, and 0) splice into an alternative first coding exon (1c), and two additional exons (2alpha and 3alpha) are optionally spliced within the exons encoding the acting binding domain (exons 2-8). Analysis of the human locus has identified eight of the eleven alternative 5' exons found in mouse and rat (PMID: 14672974); exons 1i, 1j and 1h have not been confirmed in human. Furthermore, isoforms lacking the central rod domain encoded by exon 31 have been detected in mouse (PMID:10556294), rat (PMID: 9177781",,PLEC,http://edrn.jpl.nasa.gov/bmdb/biomarkers/view/137,
BM00913,pleiotrophin,proteomic,Lung,2,"Pleiotrophin, or PTN, is a secreted growth factor found in osteoblasts and brain tissue.  PTN induces neurite outgrowth and is mitogenic for fibroblasts, epithelial, and endothelial cells. It binds anaplastic lymphoma kinase (ALK) which induces MAPK pathway activation, an important step in the anti-apoptotic signaling of PTN and regulation of cell proliferation.",,PTN,http://edrn.jpl.nasa.gov/bmdb/biomarkers/view/477,P21246
BM00914,PLN,genomic,Prostate,1,"From NCBI Gene: The protein encoded by this gene is found as a pentamer and is a major substrate for the cAMP-dependent protein kinase in cardiac muscle. The encoded protein is an inhibitor of cardiac muscle sarcoplasmic reticulum Ca(2+)-ATPase in the unphosphorylated state, but inhibition is relieved upon phosphorylation of the protein. The subsequent activation of the Ca(2+) pump leads to enhanced muscle relaxation rates, thereby contributing to the inotropic response elicited in heart by beta-agonists. The encoded protein is a key regulator of cardiac diastolic function. Mutations in this gene are a cause of inherited human dilated cardiomyopathy with refractory congestive heart failure, and also familial hypertrophic cardiomyopathy. [provided by RefSeq, Apr 2016]",,PLN,http://edrn.jpl.nasa.gov/bmdb/biomarkers/view/775,P26678
BM00915,PLP1,genomic,Prostate,1,"From NCBI Gene: This gene encodes a transmembrane proteolipid protein that is the predominant component of myelin. The encoded protein may play a role in the compaction, stabilization, and maintenance of myelin sheaths, as well as in oligodendrocyte development and axonal survival. Mutations in this gene cause Pelizaeus-Merzbacher disease and spastic paraplegia type 2. Alternatively splicing results in multiple transcript variants, including the DM20 splice variant. [provided by RefSeq, Feb 2015]",,PLP1,http://edrn.jpl.nasa.gov/bmdb/biomarkers/view/776,P60201
BM00916,PLPP2,genomic,Prostate,1,"From NCBI Gene: The protein encoded by this gene is a member of the phosphatidic acid phosphatase (PAP) family. PAPs convert phosphatidic acid to diacylglycerol, and function in de novo synthesis of glycerolipids as well as in receptor-activated signal transduction mediated by phospholipase D. This protein is similar to phosphatidic acid phosphatase type 2A (PPAP2A) and type 2B (PPAP2B). All three proteins contain 6 transmembrane regions, and a consensus N-glycosylation site. This protein has been shown to possess membrane associated PAP activity. Three alternatively spliced transcript variants encoding distinct isoforms have been reported. [provided by RefSeq, Jul 2008]",,PLPP2,http://edrn.jpl.nasa.gov/bmdb/biomarkers/view/777,O43688
BM00917,PLTP,proteomic,Ovary,2,"From NCBI Gene: The protein encoded by this gene is one of at least two lipid transfer proteins found in human plasma. The encoded protein transfers phospholipids from triglyceride-rich lipoproteins to high density lipoprotein (HDL). In addition to regulating the size of HDL particles, this protein may be involved in cholesterol metabolism. At least two transcript variants encoding different isoforms have been found for this gene. [provided by RefSeq, Jul 2008]",,PLTP,http://edrn.jpl.nasa.gov/bmdb/biomarkers/view/168,P55058
BM00918,PLUNC AAb,proteomic,Breast,2,,,PLUNC-AAB,http://edrn.jpl.nasa.gov/bmdb/biomarkers/view/1348,
BM00919,PLXNB1,proteomic,Ovary,2,"From NCBI Gene: Enables semaphorin receptor activity. Involved in several processes, including negative regulation of cell adhesion; regulation of cell shape; and semaphorin-plexin signaling pathway. Is integral component of plasma membrane. Part of semaphorin receptor complex. [provided by Alliance of Genome Resources, Apr 2022]",,PLXNB1,http://edrn.jpl.nasa.gov/bmdb/biomarkers/view/185,O43157
BM00920,PMS2P7,proteomic,Lung,1,"PMS2P7, previously known as PMS2L15, was thought to be part of a multigene family found on chromosome bands 7p22, 7p12-p13, 7q11, and 7q22.  These genes have since been labeled  pseudogenes.",,PMS2P7,http://edrn.jpl.nasa.gov/bmdb/biomarkers/view/1086,
BM00921,PNISR,genomic,Prostate,1,"From NCBI Gene: Enables RNA binding activity. Located in cytosol; nuclear speck; and plasma membrane. [provided by Alliance of Genome Resources, Nov 2021]",,PNISR,http://edrn.jpl.nasa.gov/bmdb/biomarkers/view/812,Q8TF01
BM00922,PNOC AAb,proteomic,Breast,2,,,PNOC-AAB,http://edrn.jpl.nasa.gov/bmdb/biomarkers/view/1349,
BM00923,PNP,proteomic,Ovary,2,"From NCBI Gene: This gene encodes an enzyme which reversibly catalyzes the phosphorolysis of purine nucleosides. The enzyme is trimeric, containing three identical subunits. Mutations which result in nucleoside phosphorylase deficiency result in defective T-cell (cell-mediated) immunity but can also affect B-cell immunity and antibody responses. Neurologic disorders may also be apparent in patients with immune defects. A known polymorphism at aa position 51 that does not affect enzyme activity has been described. A pseudogene has been identified on chromosome 2. [provided by RefSeq, Jul 2008]",,PNP,http://edrn.jpl.nasa.gov/bmdb/biomarkers/view/211,P00491
BM00924,POLE,proteomic,Ovary,2,"From NCBI Gene: This gene encodes the catalytic subunit of DNA polymerase epsilon. The enzyme is involved in DNA repair and chromosomal DNA replication. Mutations in this gene have been associated with colorectal cancer 12 and facial dysmorphism, immunodeficiency, livedo, and short stature. [provided by RefSeq, Sep 2013]",,POLE,http://edrn.jpl.nasa.gov/bmdb/biomarkers/view/1196,Q07864
BM00925,POLQ,proteomic,Ovary,2,"From NCBI Gene: Enables catalytic activity, acting on DNA; chromatin binding activity; and identical protein binding activity. Involved in DNA repair; negative regulation of double-strand break repair via homologous recombination; and protein homooligomerization. Located in Golgi apparatus; cytosol; and nucleoplasm. [provided by Alliance of Genome Resources, Apr 2022]",,POLQ,http://edrn.jpl.nasa.gov/bmdb/biomarkers/view/184,O75417
BM00926,POLR2L,proteomic,Breast,2,"POLR2L is the central component of RNA polymerase II.  RNA polymerase II is the polymerase responsible for synthesizing messenger RNA in eukaryotes. This subunit may be shared by the other two DNA-directed RNA polymerases, I and III.  RNA polymerases, or Pols, are composed of mobile elements that move relative to each other. In Pol II, POLR2L/RBP10 is thought to be part of the core element with the central large cleft.",,POLR2L,http://edrn.jpl.nasa.gov/bmdb/biomarkers/view/937,P62875
BM00927,POMGNT1,proteomic,Breast,1,"From NCBI Gene: This gene encodes a type II transmembrane protein that resides in the Golgi apparatus. It participates in O-mannosyl glycosylation and is specific for alpha linked terminal mannose. Mutations in this gene may be associated with muscle-eye-brain disease and several congenital muscular dystrophies. Alternatively spliced transcript variants that encode different protein isoforms have been described. [provided by RefSeq, Feb 2014]",,POMGNT1,http://edrn.jpl.nasa.gov/bmdb/biomarkers/view/1550,Q8WZA1
BM00928,POSTN,proteomic,"Breast, Ovary",3,"From NCBI Gene: This gene encodes a secreted extracellular matrix protein that functions in tissue development and regeneration, including wound healing, and ventricular remodeling following myocardial infarction. The encoded protein binds to integrins to support adhesion and migration of epithelial cells. This protein plays a role in cancer stem cell maintenance and metastasis. Mice lacking this gene exhibit cardiac valve disease, and skeletal and dental defects. Alternative splicing results in multiple transcript variants encoding different isoforms. [provided by RefSeq, Sep 2015]",,POSTN,http://edrn.jpl.nasa.gov/bmdb/biomarkers/view/192,Q15063
BM00929,PPBP,proteomic,Ovary,3,"CTAP-III (officially named PPBP) is a platelet-derived growth factor that belongs to the CXC chemokine family. This growth factor is a potent chemoattractant and activator of neutrophils. It has been shown to stimulate various cellular processes including DNA synthesis, mitosis, glycolysis, intracellular cAMP accumulation, prostaglandin E2 secretion, and sythesis of hyaluronic acid and sulfated glycosaminoglycan. It also stimulates the formation and secretion of plasminogen activator by synovial cells.",,PPBP,http://edrn.jpl.nasa.gov/bmdb/biomarkers/view/70,P02775
BM00930,PPIF,genomic,Prostate,1,"From NCBI Gene: The protein encoded by this gene is a member of the peptidyl-prolyl cis-trans isomerase (PPIase) family. PPIases catalyze the cis-trans isomerization of proline imidic peptide bonds in oligopeptides and accelerate the folding of proteins. This protein is part of the mitochondrial permeability transition pore in the inner mitochondrial membrane. Activation of this pore is thought to be involved in the induction of apoptotic and necrotic cell death. [provided by RefSeq, Jul 2008]",,PPIF,http://edrn.jpl.nasa.gov/bmdb/biomarkers/view/778,P30405
BM00931,PPIL3,proteomic,Breast,2,"From NCBI Gene: This gene encodes a member of the cyclophilin family. Cyclophilins catalyze the cis-trans isomerization of peptidylprolyl imide bonds in oligopeptides. They have been proposed to act either as catalysts or as molecular chaperones in protein-folding events. Alternative splicing results in multiple transcript variants. [provided by RefSeq, Sep 2008]",,PPIL3,http://edrn.jpl.nasa.gov/bmdb/biomarkers/view/1350,Q9H2H8
BM00932,PPL,proteomic,Breast,2,"From NCBI Gene: The protein encoded by this gene is a component of desmosomes and of the epidermal cornified envelope in keratinocytes. The N-terminal domain of this protein interacts with the plasma membrane and its C-terminus interacts with intermediate filaments. Through its rod domain, this protein forms complexes with envoplakin. This protein may serve as a link between the cornified envelope and desmosomes as well as intermediate filaments. AKT1/PKB, a protein kinase mediating a variety of cell growth and survival signaling processes, is reported to interact with this protein, suggesting a possible role for this protein as a localization signal in AKT1-mediated signaling. [provided by RefSeq, Jul 2008]",,PPL,http://edrn.jpl.nasa.gov/bmdb/biomarkers/view/1146,O60437
BM00933,PPP2R1A,proteomic,Ovary,2,"NCBI Gene: This gene encodes a constant regulatory subunit of protein phosphatase 2. Protein phosphatase 2 is one of the four major Ser/Thr phosphatases, and it is implicated in the negative control of cell growth and division. It consists of a common heteromeric core enzyme, which is composed of a catalytic subunit and a constant regulatory subunit, that associates with a variety of regulatory subunits. The constant regulatory subunit A serves as a scaffolding molecule to coordinate the assembly of the catalytic subunit and a variable regulatory B subunit. This gene encodes an alpha isoform of the constant regulatory subunit A. Alternatively spliced transcript variants have been described. [provided by RefSeq, Apr 2010]",,PPP2R1A,http://edrn.jpl.nasa.gov/bmdb/biomarkers/view/1194,P30153
BM00934,PQBP1,genomic,Prostate,1,"From NCBI Gene: This gene encodes a nuclear polyglutamine-binding protein that is involved with transcription activation. The encoded protein contains a WW domain. Mutations in this gene have been found in patients with Renpenning syndrome 1 and other syndromes with X-linked mental retardation. Multiple alternatively spliced transcript variants that encode different protein isoforms have been described for this gene.[provided by RefSeq, Nov 2009]",,PQBP1,http://edrn.jpl.nasa.gov/bmdb/biomarkers/view/779,O60828
BM00935,PRDX2,proteomic,Breast,1,"From NCBI Gene: This gene encodes a member of the peroxiredoxin family of antioxidant enzymes, which reduce hydrogen peroxide and alkyl hydroperoxides. The encoded protein plays an antioxidant protective role in cells, and it may contribute to the antiviral activity of CD8(+) T-cells. The crystal structure of this protein has been resolved to 2.7 angstroms. This protein prevents hemolytic anemia from oxidative stress by stabilizing hemoglobin, thus making this gene a therapeutic target for patients with hemolytic anemia. This protein may have a proliferative effect and play a role in cancer development or progression. Related pseudogenes have been identified on chromosomes 5, 6, 10 and 13. [provided by RefSeq, Mar 2013]",,PRDX2,http://edrn.jpl.nasa.gov/bmdb/biomarkers/view/1551,P32119
BM00936,PRDX4,proteomic,Breast,3,"From NCBI Gene: The protein encoded by this gene is an antioxidant enzyme and belongs to the peroxiredoxin family. The protein is localized to the cytoplasm. Peroxidases of the peroxiredoxin family reduce hydrogen peroxide and alkyl hydroperoxides to water and alcohol with the use of reducing equivalents derived from thiol-containing donor molecules. This protein has been found to play a regulatory role in the activation of the transcription factor NF-kappaB. [provided by RefSeq, Jul 2008]",,PRDX4,http://edrn.jpl.nasa.gov/bmdb/biomarkers/view/1062,Q13162
BM00937,PRDX6,proteomic,Ovary,2,"From NCBI Gene: The protein encoded by this gene is a member of the thiol-specific antioxidant protein family. This protein is a bifunctional enzyme with two distinct active sites. It is involved in redox regulation of the cell; it can reduce H(2)O(2) and short chain organic, fatty acid, and phospholipid hydroperoxides. It may play a role in the regulation of phospholipid turnover as well as in protection against oxidative injury. [provided by RefSeq, Jul 2008]",,PRDX6,http://edrn.jpl.nasa.gov/bmdb/biomarkers/view/213,P30041
BM00938,PRKCI,proteomic,Lung,2,"PRKCI is a member of the protein kinase C (PKC) family of serine/threonine protein kinases.  It is a calcium- and diacylglycerol-independent serine/threonine-protein kinase that plays a general protective role against apoptotic stimuli, is involved in NF-kappa-B activation, cell survival, differentiation and polarity, and contributes to the regulation of microtubule dynamics in the early secretory pathway. Is necessary for BCR-ABL oncogene-mediated resistance to apoptotic drug in leukemia cells, protecting leukemia cells against drug-induced apoptosis.",,PRKCI,http://edrn.jpl.nasa.gov/bmdb/biomarkers/view/479,P41743
BM00939,PRKCQ,proteomic,Breast,2,"From NCBI Gene: Protein kinase C (PKC) is a family of serine- and threonine-specific protein kinases that can be activated by calcium and the second messenger diacylglycerol. PKC family members phosphorylate a wide variety of protein targets and are known to be involved in diverse cellular signaling pathways. PKC family members also serve as major receptors for phorbol esters, a class of tumor promoters. Each member of the PKC family has a specific expression profile and is believed to play a distinct role. The protein encoded by this gene is one of the PKC family members. It is a calcium-independent and phospholipid-dependent protein kinase. This kinase is important for T-cell activation. It is required for the activation of the transcription factors NF-kappaB and AP-1, and may link the T cell receptor (TCR) signaling complex to the activation of the transcription factors. [provided by RefSeq, Jul 2008]",,PRKCQ,http://edrn.jpl.nasa.gov/bmdb/biomarkers/view/1351,Q04759
BM00940,PRKCSH,proteomic,Breast,1,"From NCBI Gene: This gene encodes the beta-subunit of glucosidase II, an N-linked glycan-processing enzyme in the endoplasmic reticulum. The encoded protein is an acidic phosphoprotein known to be a substrate for protein kinase C. Mutations in this gene have been associated with the autosomal dominant polycystic liver disease. Alternative splicing results in multiple transcript variants. [provided by RefSeq, Jan 2014]",,PRKCSH,http://edrn.jpl.nasa.gov/bmdb/biomarkers/view/1552,P14314
BM00941,PRL,proteomic,"Breast, Ovary, Pancreas",3,"There is increasing evidence that prolactin (PRL), a hormone/cytokine, plays a role in breast, prostate, and colorectal cancers via local production or accumulation. Elevated levels of serum PRL in ovarian and endometrial cancers have been reported, indicating a potential role for PRL in endometrial and ovarian carcinogenesis.",,PRL,http://edrn.jpl.nasa.gov/bmdb/biomarkers/view/79,P01236
BM00942,PRMT1,proteomic,Ovary,2,"From NCBI Gene: This gene encodes a member of the protein arginine N-methyltransferase (PRMT) family. Post-translational modification of target proteins by PRMTs plays an important regulatory role in many biological processes, whereby PRMTs methylate arginine residues by transferring methyl groups from S-adenosyl-L-methionine to terminal guanidino nitrogen atoms. The encoded protein is a type I PRMT and is responsible for the majority of cellular arginine methylation activity. Increased expression of this gene may play a role in many types of cancer. Alternatively spliced transcript variants encoding multiple isoforms have been observed for this gene, and a pseudogene of this gene is located on the long arm of chromosome 5. [provided by RefSeq, Dec 2011]",,PRMT1,http://edrn.jpl.nasa.gov/bmdb/biomarkers/view/214,Q99873
BM00943,PRMT5,genomic,Prostate,1,"From NCBI Gene: This gene encodes an enzyme that belongs to the methyltransferase family. The encoded protein catalyzes the transfer of methyl groups to the amino acid arginine, in target proteins that include histones, transcriptional elongation factors and the tumor suppressor p53. This gene plays a role in several cellular processes, including transcriptional regulation, and the assembly of small nuclear ribonucleoproteins. A pseudogene of this gene has been defined on chromosome 4. Alternative splicing results in multiple transcript variants encoding different isoforms. [provided by RefSeq, Sep 2015]",,PRMT5,http://edrn.jpl.nasa.gov/bmdb/biomarkers/view/780,O14744
BM00944,PRNP,proteomic,Breast,1,"From NCBI Gene: he protein encoded by this gene is a membrane glycosylphosphatidylinositol-anchored glycoprotein that tends to aggregate into rod-like structures. The encoded protein contains a highly unstable region of five tandem octapeptide repeats. This gene is found on chromosome 20, approximately 20 kbp upstream of a gene which encodes a biochemically and structurally similar protein to the one encoded by this gene. Mutations in the repeat region as well as elsewhere in this gene have been associated with Creutzfeldt-Jakob disease, fatal familial insomnia, Gerstmann-Straussler disease, Huntington disease-like 1, and kuru. An overlapping open reading frame has been found for this gene that encodes a smaller, structurally unrelated protein, AltPrp. Alternative splicing results in multiple transcript variants. [provided by RefSeq, Nov 2014]",,PRNP,http://edrn.jpl.nasa.gov/bmdb/biomarkers/view/1553,P04156
BM00945,PROC,proteomic,Breast,1,"From NCBI Gene: This gene encodes a vitamin K-dependent plasma glycoprotein. The encoded protein is cleaved to its activated form by the thrombin-thrombomodulin complex. This activated form contains a serine protease domain and functions in degradation of the activated forms of coagulation factors V and VIII. Mutations in this gene have been associated with thrombophilia due to protein C deficiency, neonatal purpura fulminans, and recurrent venous thrombosis.[provided by RefSeq, Dec 2009]",,PROC,http://edrn.jpl.nasa.gov/bmdb/biomarkers/view/1554,P04070
BM00946,PROM1,genomic,Prostate,1,"From NCBI Gene: This gene encodes a pentaspan transmembrane glycoprotein. The protein localizes to membrane protrusions and is often expressed on adult stem cells, where it is thought to function in maintaining stem cell properties by suppressing differentiation. Mutations in this gene have been shown to result in retinitis pigmentosa and Stargardt disease. Expression of this gene is also associated with several types of cancer. This gene is expressed from at least five alternative promoters that are expressed in a tissue-dependent manner. Multiple transcript variants encoding different isoforms have been found for this gene. [provided by RefSeq, Mar 2009]",,PROM1,http://edrn.jpl.nasa.gov/bmdb/biomarkers/view/781,O43490
BM00947,proPSA,proteomic,Prostate,3,"ProPSA (-2), or [-2]proPSA, is a PSA isoform which has a leader peptide (-2) amino acids at its N terminal region and does not interact with ACT or alpha-2-macroglobulin or spermidine and therefore is detected as a separate isoform. ProPSA is produced primarily in the peripheral zone of the prostate gland and therefore is very useful in distinguishing between prostate cancer patients with PSA range of 2-10, from those who have BPH. Percent proPSA is the ratio of proPSA to free PSA.  
In July 2012 the FDA approved an assay measuring levels of [-2]proPSA for monitoring and diagnostic purposes.",,PROPSA,http://edrn.jpl.nasa.gov/bmdb/biomarkers/view/118,
BM00948,PROS1,proteomic,Ovary,2,"From NCBI Gene: This gene encodes a vitamin K-dependent plasma protein that functions as a cofactor for the anticoagulant protease, activated protein C (APC) to inhibit blood coagulation. It is found in plasma in both a free, functionally active form and also in an inactive form complexed with C4b-binding protein. Mutations in this gene result in autosomal dominant hereditary thrombophilia. An inactive pseudogene of this locus is located at an adjacent region on chromosome 3. Alternative splicing results in multiple transcript variants encoding different isoforms that may undergo similar processing to generate mature protein. [provided by RefSeq, Oct 2015]",,PROS1,http://edrn.jpl.nasa.gov/bmdb/biomarkers/view/161,P07225
BM00949,Prostate biomarkers (unspecified set 1),genomic,Prostate,2,"This panel includes a 3.4kb deletion (3.4kbΔ ) in mitochondrial DNA (mtDNA) found in histologically normal prostate biopsy specimens. The second biomarker is increased mtDNA copy number, which leads to highter mtDNA levels.",,,http://edrn.jpl.nasa.gov/bmdb/biomarkers/view/1447,
BM00950,Protein mass location,proteomic,Prostate,2,SELDI instrument synchronization.,,,http://edrn.jpl.nasa.gov/bmdb/biomarkers/view/1265,
BM00951,Proteomic Panel for Lung Cancer,proteomic,Lung,1,An immunoaffinity-mass spectrometry-based quantification approach was used to develop an assay for verifying the expression of potential biomarkers in patient serum samples from lung cancer patients.,,,http://edrn.jpl.nasa.gov/bmdb/biomarkers/view/1076,
BM00952,Proteomics pattern,proteomic,Prostate,2,SELDI-TOF MS-based protein expression profiling to develop a classifier to differentiate patients with a specific disease from normal or control patients.,,,http://edrn.jpl.nasa.gov/bmdb/biomarkers/view/1266,
BM00953,PRPH,genomic,Prostate,1,"From NCBI Gene: This gene encodes a cytoskeletal protein found in neurons of the peripheral nervous system. The encoded protein is a type III intermediate filament protein with homology to other cytoskeletal proteins such as desmin, and is a different protein that the peripherin found in photoreceptors. Mutations in this gene have been associated with susceptibility to amyotrophic lateral sclerosis. [provided by RefSeq, Jul 2008]",,PRPH,http://edrn.jpl.nasa.gov/bmdb/biomarkers/view/782,P23942
BM00954,PRR4,genomic,Prostate,1,"From NCBI Gene: This gene encodes a member of the proline-rich protein family that lacks a conserved repetitive domain. This protein may play a role in protective functions in the eye. Alternative splicing result in multiple transcript variants. Read-through transcription also exists between this gene and the upstream PRH1 (proline-rich protein HaeIII subfamily 1) gene. [provided by RefSeq, Feb 2011]",,PRR4,http://edrn.jpl.nasa.gov/bmdb/biomarkers/view/783,Q96NY8
BM00955,PRRT3,proteomic,Breast,1,From GeneCards: PRRT3 (Proline Rich Transmembrane Protein 3) is a Protein Coding gene. An important paralog of this gene is PERM1.,,PRRT3,http://edrn.jpl.nasa.gov/bmdb/biomarkers/view/1555,Q5FWE3
BM00956,PRTN3,proteomic,Lung,2,"From UniProtKB/Swiss-Prot: Serine protease that degrades elastin, fibronectin, laminin, vitronectin, and collagen types I, III, and IV (in vitro) (PubMed:3198760, PubMed:2033050, PubMed:28240246). By cleaving and activating receptor F2RL1/PAR-2, enhances endothelial cell barrier function and thus vascular integrity during neutrophil transendothelial migration (PubMed:23202369). May play a role in neutrophil transendothelial migration, probably when associated with CD177 (PubMed:22266279).",,PRTN3,http://edrn.jpl.nasa.gov/bmdb/biomarkers/view/1229,P24158
BM00957,PSA,proteomic,"Breast, Prostate",3,"KLK3, also known as PSA, or prostate specific antigen, a member of the kallikrein subgroup of serine proteases, is one of the fifteen kallikrein subfamily members located in a cluster on chromosome 19.  Kallikreins are increasingly thought to be involved in carcinogenesis, and many act as cancer biomarkers.  The product of the KLK3 gene is a protease present in seminal plasma. It is thought to function normally in the liquefaction of seminal coagulum.  KLK3, or PSA, is well known for its role in diagnosing and monitoring prostate cancer.  There are several isoforms of KLK3, generated by alternate splicing and transcript variants.",,KLK3,http://edrn.jpl.nasa.gov/bmdb/biomarkers/view/1051,P03952
BM00958,PSAP,proteomic,Ovary,2,"From NCBI Gene: This gene encodes a highly conserved preproprotein that is proteolytically processed to generate four main cleavage products including saposins A, B, C, and D. Each domain of the precursor protein is approximately 80 amino acid residues long with nearly identical placement of cysteine residues and glycosylation sites. Saposins A-D localize primarily to the lysosomal compartment where they facilitate the catabolism of glycosphingolipids with short oligosaccharide groups. The precursor protein exists both as a secretory protein and as an integral membrane protein and has neurotrophic activities. Mutations in this gene have been associated with Gaucher disease and metachromatic leukodystrophy. Alternative splicing results in multiple transcript variants, at least one of which encodes an isoform that is proteolytically processed. [provided by RefSeq, Feb 2016]",,PSAP,http://edrn.jpl.nasa.gov/bmdb/biomarkers/view/138,Q9NZJ7
BM00959,PSAT1,proteomic,Breast,3,"From NCBI Gene: This gene encodes a member of the class-V pyridoxal-phosphate-dependent aminotransferase family. The encoded protein is a phosphoserine aminotransferase and decreased expression may be associated with schizophrenia. Mutations in this gene are also associated with phosphoserine aminotransferase deficiency. Alternative splicing results in multiple transcript variants. Pseudogenes of this gene have been defined on chromosomes 1, 3, and 8. [provided by RefSeq, Jul 2013]",,PSAT1,http://edrn.jpl.nasa.gov/bmdb/biomarkers/view/1063,Q9Y617
BM00960,PSCA,genomic,Prostate,1,"From NCBI Gene: This gene encodes a glycosylphosphatidylinositol-anchored cell membrane glycoprotein. In addition to being highly expressed in the prostate it is also expressed in the bladder, placenta, colon, kidney, and stomach. This gene is up-regulated in a large proportion of prostate cancers and is also detected in cancers of the bladder and pancreas. This gene includes a polymorphism that results in an upstream start codon in some individuals; this polymorphism is thought to be associated with a risk for certain gastric and bladder cancers. Alternative splicing results in multiple transcript variants. [provided by RefSeq, Feb 2010]",,PSCA,http://edrn.jpl.nasa.gov/bmdb/biomarkers/view/784,O43653
BM00961,PSD3,genomic,Prostate,1,"From NCBI Gene: Predicted to enable guanyl-nucleotide exchange factor activity and phospholipid binding activity. Predicted to be involved in regulation of ARF protein signal transduction and regulation of catalytic activity. Predicted to be located in membrane. Predicted to be active in ruffle membrane. [provided by Alliance of Genome Resources, Nov 2021]",,PSD3,http://edrn.jpl.nasa.gov/bmdb/biomarkers/view/785,Q9NYI0
BM00962,PSMA7,proteomic,Breast,1,"From NCBI Gene: The 26S proteasome is a multicatalytic proteinase complex with a highly ordered structure composed of 2 complexes, a 20S core and a 19S regulator. The 20S core is composed of 4 rings of 28 non-identical subunits; 2 rings are composed of 7 alpha subunits and 2 rings are composed of 7 beta subunits. Proteasomes are distributed throughout eukaryotic cells at a high concentration and cleave peptides in an ATP/ubiquitin-dependent process in a non-lysosomal pathway. This gene encodes a member of the peptidase T1A family that functions as a 20S core alpha subunit. The encoded protein interacts with the hepatitis B virus X protein and plays a role in regulating hepatitis C virus internal ribosome entry site (IRES) activity, an activity essential for viral replication. The encoded protein also plays a role in the cellular stress response by regulating hypoxia-inducible factor-1alpha. A pseudogene of this gene is located on the long arm of chromosome 9. [provided by RefSeq, Jul 2012]",,PSMA7,http://edrn.jpl.nasa.gov/bmdb/biomarkers/view/1556,O14818
BM00963,PSMB1,proteomic,Breast,1,"From NCBI Gene: The proteasome is a multicatalytic proteinase complex with a highly ordered ring-shaped 20S core structure. The core structure is composed of 4 rings of 28 non-identical subunits; 2 rings are composed of 7 alpha subunits and 2 rings are composed of 7 beta subunits. Proteasomes are distributed throughout eukaryotic cells at a high concentration and cleave peptides in an ATP/ubiquitin-dependent process in a non-lysosomal pathway. An essential function of a modified proteasome, the immunoproteasome, is the processing of class I MHC peptides. This gene encodes a member of the proteasome B-type family, also known as the T1B family, that is a 20S core beta subunit. This gene is tightly linked to the TBP (TATA-binding protein) gene in human and in mouse, and is transcribed in the opposite orientation in both species. [provided by RefSeq, Jul 2008]",,PSMB1,http://edrn.jpl.nasa.gov/bmdb/biomarkers/view/1557,P20618
BM00964,PSMB3,proteomic,Breast,1,"From NCBI Gene: The proteasome is a multicatalytic proteinase complex with a highly ordered ring-shaped 20S core structure. The core structure is composed of 4 rings of 28 non-identical subunits; 2 rings are composed of 7 alpha subunits and 2 rings are composed of 7 beta subunits. Proteasomes are distributed throughout eukaryotic cells at a high concentration and cleave peptides in an ATP/ubiquitin-dependent process in a non-lysosomal pathway. An essential function of a modified proteasome, the immunoproteasome, is the processing of class I MHC peptides. This gene encodes a member of the proteasome B-type family, also known as the T1B family, that is a 20S core beta subunit. The 26 S proteasome may be involved in trinucleotide repeat expansion, a phenomenon which is associated with many hereditary neurological diseases. Pseudogenes have been identified on chromosomes 2 and 12. Alternative splicing results in multiple transcript variants [provided by RefSeq, Sep 2013]",,PSMB3,http://edrn.jpl.nasa.gov/bmdb/biomarkers/view/1558,P49720
BM00965,PSME1,proteomic,Breast,1,"From NCBI Gene: The 26S proteasome is a multicatalytic proteinase complex with a highly ordered structure composed of 2 complexes, a 20S core and a 19S regulator. The 20S core is composed of 4 rings of 28 non-identical subunits; 2 rings are composed of 7 alpha subunits and 2 rings are composed of 7 beta subunits. The 19S regulator is composed of a base, which contains 6 ATPase subunits and 2 non-ATPase subunits, and a lid, which contains up to 10 non-ATPase subunits. Proteasomes are distributed throughout eukaryotic cells at a high concentration and cleave peptides in an ATP/ubiquitin-dependent process in a non-lysosomal pathway. An essential function of a modified proteasome, the immunoproteasome, is the processing of class I MHC peptides. The immunoproteasome contains an alternate regulator, referred to as the 11S regulator or PA28, that replaces the 19S regulator. Three subunits (alpha, beta and gamma) of the 11S regulator have been identified. This gene encodes the alpha subunit of the 11S regulator, one of the two 11S subunits that is induced by gamma-interferon. Three alpha and three beta subunits combine to form a heterohexameric ring. Alternative splicing results in multiple transcript variants. [provided by RefSeq, Jul 2013]",,PSME1,http://edrn.jpl.nasa.gov/bmdb/biomarkers/view/1559,Q06323
BM00966,PTCHD1,proteomic,Breast,2,"PTCHD1 is a membrane protein with a patched domain that is similar to Drosophila proteins which act as receptors for the morphogen sonic hedgehog. Deletions in the PTCHD1 gene, which is located on the X
chromosome, are associated with intellectual disability and autism spectrum disorder.",,PTCHD1,http://edrn.jpl.nasa.gov/bmdb/biomarkers/view/938,Q96NR3
BM00967,PTEN,proteomic,"Ovary, Pancreas",2,"From NCBI Gene: This gene was identified as a tumor suppressor that is mutated in a large number of cancers at high frequency. The protein encoded by this gene is a phosphatidylinositol-3,4,5-trisphosphate 3-phosphatase. It contains a tensin like domain as well as a catalytic domain similar to that of the dual specificity protein tyrosine phosphatases. Unlike most of the protein tyrosine phosphatases, this protein preferentially dephosphorylates phosphoinositide substrates. It negatively regulates intracellular levels of phosphatidylinositol-3,4,5-trisphosphate in cells and functions as a tumor suppressor by negatively regulating AKT/PKB signaling pathway. The use of a non-canonical (CUG) upstream initiation site produces a longer isoform that initiates translation with a leucine, and is thought to be preferentially associated with the mitochondrial inner membrane. This longer isoform may help regulate energy metabolism in the mitochondria. A pseudogene of this gene is found on chromosome 9. Alternative splicing and the use of multiple translation start codons results in multiple transcript variants encoding different isoforms. [provided by RefSeq, Feb 2015]",,PTEN,http://edrn.jpl.nasa.gov/bmdb/biomarkers/view/1112,P60484
BM00968,PTGDS,genomic,Prostate,3,"From NCBI Gene: The protein encoded by this gene is a glutathione-independent prostaglandin D synthase that catalyzes the conversion of prostaglandin H2 (PGH2) to postaglandin D2 (PGD2). PGD2 functions as a neuromodulator as well as a trophic factor in the central nervous system. PGD2 is also involved in smooth muscle contraction/relaxation and is a potent inhibitor of platelet aggregation. This gene is preferentially expressed in brain. Studies with transgenic mice overexpressing this gene suggest that this gene may be also involved in the regulation of non-rapid eye movement sleep. [provided by RefSeq, Jul 2008]",,PTGDS,http://edrn.jpl.nasa.gov/bmdb/biomarkers/view/1216,P41222
BM00969,PTGS2,proteomic,Breast,3,"From NCBI Gene: Prostaglandin-endoperoxide synthase (PTGS), also known as cyclooxygenase, is the key enzyme in prostaglandin biosynthesis, and acts both as a dioxygenase and as a peroxidase. There are two isozymes of PTGS: a constitutive PTGS1 and an inducible PTGS2, which differ in their regulation of expression and tissue distribution. This gene encodes the inducible isozyme. It is regulated by specific stimulatory events, suggesting that it is responsible for the prostanoid biosynthesis involved in inflammation and mitogenesis. [provided by RefSeq, Feb 2009]",,PTGS2,http://edrn.jpl.nasa.gov/bmdb/biomarkers/view/1157,P35354
BM00970,PTH2R,proteomic,Ovary,2,"From NCBI Gene: The protein encoded by this gene is a member of the G-protein coupled receptor 2 family. This protein is a receptor for parathyroid hormone (PTH). This receptor is more selective in ligand recognition and has a more specific tissue distribution compared to parathyroid hormone receptor 1 (PTHR1). It is activated only by PTH and not by parathyroid hormone-like hormone (PTHLH) and is particularly abundant in brain and pancreas. Alternative splicing results in multiple transcript variants. [provided by RefSeq, Jan 2013]",,PTH2R,http://edrn.jpl.nasa.gov/bmdb/biomarkers/view/180,P49190
BM00971,PTK7,proteomic,"Breast, Ovary",2,"From NCBI Gene: This gene encodes a member of the receptor protein tyrosine kinase family of proteins that transduce extracellular signals across the cell membrane. The encoded protein lacks detectable catalytic tyrosine kinase activity, is involved in the Wnt signaling pathway and plays a role in multiple cellular processes including polarity and adhesion. Alternatively spliced transcript variants encoding multiple isoforms have been observed for this gene. [provided by RefSeq, Jul 2012]",,PTK7,http://edrn.jpl.nasa.gov/bmdb/biomarkers/view/215,Q13308
BM00972,PTPA,proteomic,Breast,3,"From NCBI Gene: Protein phosphatase 2A is one of the four major Ser/Thr phosphatases and is implicated in the negative control of cell growth and division. Protein phosphatase 2A holoenzymes are heterotrimeric proteins composed of a structural subunit A, a catalytic subunit C, and a regulatory subunit B. The regulatory subunit is encoded by a diverse set of genes that have been grouped into the B/PR55, B'/PR61, and B''/PR72 families. These different regulatory subunits confer distinct enzymatic specificities and intracellular localizations to the holozenzyme. The product of this gene belongs to the B' family. This gene encodes a specific phosphotyrosyl phosphatase activator of the dimeric form of protein phosphatase 2A. Alternative splicing results in multiple transcript variants encoding different isoforms. [provided by RefSeq, Jul 2008]",,PTPA,http://edrn.jpl.nasa.gov/bmdb/biomarkers/view/1061,P18433
BM00973,PTPMT1,proteomic,Breast,2,"PTPMT1 is a lipid phosphatase which dephosphorylates phosphatidylglycerophosphate (PGP) to phosphatidylglycerol (PG). PGP is an essential intermediate in the biosynthetic pathway of cardiolipin, a mitochondrial-specific
    phospholipid regulating the membrane integrity and activities of the organelle.",,PTPMT1,http://edrn.jpl.nasa.gov/bmdb/biomarkers/view/939,Q8WUK0
BM00974,PTPN11,proteomic,Breast,2,"PTPN11 is a member of the protein tyrosine phosphatase (PTP) family.  PTP family members are a group of enzymes that catalyze the removal of phosphate groups from tyrosine residues by the hydrolysis of phosphoric acid monoesters.  The activity of PTPs opposite that of kinases and phosphorylases and therefore PTPs play an integral role in many signal transduction pathways. PTPs are known to be signaling molecules that regulate a variety of cellular processes including cell growth, differentiation, mitotic cycle, and oncogenic transformation. PTPN11 is     widely expressed in most tissues and plays a regulatory role in various cell signaling events that are important for a diversity of cell functions, such as mitogenic activation, metabolic control, transcription regulation, and cell migration.",,PTPN11,http://edrn.jpl.nasa.gov/bmdb/biomarkers/view/940,Q06124
BM00975,PTPN14,proteomic,Breast,2,"From NCBI Gene: The protein encoded by this gene is a member of the protein tyrosine phosphatase (PTP) family. PTPs are known to be signaling molecules that regulate a variety of cellular processes including cell growth, differentiation, mitotic cycle, and oncogenic transformation. This PTP contains an N-terminal noncatalytic domain similar to that of band 4.1 superfamily cytoskeleton-associated proteins, which suggested the membrane or cytoskeleton localization of this protein. It appears to regulate lymphatic development in mammals, and a loss of function mutation has been found in a kindred with a lymphedema-choanal atresia. [provided by RefSeq, Sep 2010]",,PTPN14,http://edrn.jpl.nasa.gov/bmdb/biomarkers/view/1352,Q15678
BM00976,PTPRA,proteomic,Breast,2,"From NCBI Gene: The protein encoded by this gene is a member of the protein tyrosine phosphatase (PTP) family. PTPs are known to be signaling molecules that regulate a variety of cellular processes including cell growth, differentiation, mitotic cycle, and oncogenic transformation. This PTP contains an extracellular domain, a single transmembrane segment and two tandem intracytoplasmic catalytic domains, and thus represents a receptor-type PTP. This PTP has been shown to dephosphorylate and activate Src family tyrosine kinases, and is implicated in the regulation of integrin signaling, cell adhesion and proliferation. Three alternatively spliced variants of this gene, which encode two distinct isoforms, have been reported. [provided by RefSeq, Jul 2008]",,PTPRA,http://edrn.jpl.nasa.gov/bmdb/biomarkers/view/1354,P18433
BM00977,PTPRC,proteomic,Breast,2,"PTPRC is a member of the protein tyrosine phosphatase (PTP) family.  Members of the PTP family are signaling molecules that regulate a variety of cellular processes including cell growth, differentiation, mitosis, and oncogenic transformation. PTPRC is required for T-cell activation through the antigen receptor. PTPRC     contains an extracellular domain, a single transmembrane segment and two tandem intracytoplasmic catalytic domains, and is classified as a receptor type PTP.",,PTPRC,http://edrn.jpl.nasa.gov/bmdb/biomarkers/view/941,P08575
BM00978,PTPRE,proteomic,Breast,2,"PTPRE is a member of the protein tyrosine phosphatase (PTP) family.  Members of the PTP family are signaling molecules that regulate a variety of cellular processes including cell growth, differentiation, mitosis, and oncogenic transformation. The PTPRE gene encodes two isoforms, one of which is a receptor-type PTP, and the other which is not a receptor-type PTP.	Both isoforms act as negative regulators of FceRI-mediated signal transduction leading to cytokine production and degranulation.",,PTPRE,http://edrn.jpl.nasa.gov/bmdb/biomarkers/view/942,P23469
BM00979,PTPRF,genomic,Prostate,1,"From NCBI Gene: The protein encoded by this gene is a member of the protein tyrosine phosphatase (PTP) family. PTPs are known to be signaling molecules that regulate a variety of cellular processes including cell growth, differentiation, mitotic cycle, and oncogenic transformation. This PTP possesses an extracellular region, a single transmembrane region, and two tandem intracytoplasmic catalytic domains, and thus represents a receptor-type PTP. The extracellular region contains three Ig-like domains, and nine non-Ig like domains similar to that of neural-cell adhesion molecule. This PTP was shown to function in the regulation of epithelial cell-cell contacts at adherents junctions, as well as in the control of beta-catenin signaling. An increased expression level of this protein was found in the insulin-responsive tissue of obese, insulin-resistant individuals, and may contribute to the pathogenesis of insulin resistance. Two alternatively spliced transcript variants of this gene, which encode distinct proteins, have been reported. [provided by RefSeq, Jul 2008]",,PTPRF,http://edrn.jpl.nasa.gov/bmdb/biomarkers/view/786,P10586
BM00980,PTPRJ,proteomic,Breast,1,"From NCBI Gene: The protein encoded by this gene is a member of the protein tyrosine phosphatase (PTP) family. PTPs are known to be signaling molecules that regulate a variety of cellular processes, including cell growth, differentiation, mitotic cycle, and oncogenic transformation. This PTP possesses an extracellular region containing five fibronectin type III repeats, a single transmembrane region, and a single intracytoplasmic catalytic domain, and thus represents a receptor-type PTP. This protein is present in all hematopoietic lineages, and was shown to negatively regulate T cell receptor signaling possibly through interfering with the phosphorylation of Phospholipase C Gamma 1 and Linker for Activation of T Cells. This protein can also dephosphorylate the PDGF beta receptor, and may be involved in UV-induced signal transduction. Multiple transcript variants encoding different isoforms have been found for this gene. [provided by RefSeq, Jul 2008]",,PTPRJ,http://edrn.jpl.nasa.gov/bmdb/biomarkers/view/1560,Q12913
BM00981,PTPRN2,genomic,Lung,1,"PTPRN2 is a member of the protein tyrosine phosphatase (PTP) family. These proteins are signaling molecules that regulate a variety of cellular processes including cell growth, differentiation, mitotic cycle, and oncogenic transformation. This PTP is a receptor-type PTP. This PTP and PTPRN are both found to be major autoantigens associated with insulin-dependent diabetes mellitus. Three alternatively spliced transcript variants of this gene, which encode distinct proteins, have been reported.",,PTPRN2,http://edrn.jpl.nasa.gov/bmdb/biomarkers/view/480,Q92932
BM00982,PTPRS,proteomic,Ovary,2,"From NCBI Gene: The protein encoded by this gene is a member of the protein tyrosine phosphatase (PTP) family. PTPs are known to be signaling molecules that regulate a variety of cellular processes including cell growth, differentiation, mitotic cycle, and oncogenic transformation. This PTP contains an extracellular region, a single transmembrane segment and two tandem intracytoplasmic catalytic domains, and thus represents a receptor-type PTP. The extracellular region of this protein is composed of multiple Ig-like and fibronectin type III-like domains. Studies of the similar gene in mice suggested that this PTP may be involved in cell-cell interaction, primary axonogenesis, and axon guidance during embryogenesis. This PTP has been also implicated in the molecular control of adult nerve repair. Four alternatively spliced transcript variants, which encode distinct proteins, have been reported. [provided by RefSeq, Jul 2008]",,PTPRS,http://edrn.jpl.nasa.gov/bmdb/biomarkers/view/216,Q13332
BM00983,PVALB,proteomic,Breast,1,"From NCBI Gene: The protein encoded by this gene is a high affinity calcium ion-binding protein that is structurally and functionally similar to calmodulin and troponin C. The encoded protein is thought to be involved in muscle relaxation. Alternative splicing results in multiple transcript variants. [provided by RefSeq, Oct 2015]",,PVALB,http://edrn.jpl.nasa.gov/bmdb/biomarkers/view/1561,P20472
BM00984,PXN,proteomic,Lung,1,"From NCBI Entrez Gene: This gene encodes a cytoskeletal protein involved in actin-membrane attachment at sites of cell adhesion to the extracellular matrix (focal adhesion). Alternatively spliced transcript variants encoding different isoforms have been described for this gene. These isoforms exhibit different expression pattern, and have different biochemical, as well as physiological properties (PMID:9054445). [provided by RefSeq, Aug 2011]",,PXN,http://edrn.jpl.nasa.gov/bmdb/biomarkers/view/1080,P49023
BM00985,PZP,proteomic,Breast,1,"From NCBI Gene: The protein encoded by this gene is highly expressed in late-pregnancy serum and is similar in structure to alpha-2-macroglobulin. The encoded protein, which acts as a homotetramer, inhibits the activity of all four classes of proteinases. This protein contains cleavage sites for several proteinases. Upon binding of a proteinase, the conformation of this protein changes to trap the proteinase, limiting its activity. This protein appears to be elevated in the sera of presymptomatic Alzheimer's disease patients. [provided by RefSeq, Dec 2016]",,PZP,http://edrn.jpl.nasa.gov/bmdb/biomarkers/view/1562,P20742
BM00986,QDPR,proteomic,Breast,1,"From NCBI Gene: This gene encodes the enzyme dihydropteridine reductase, which catalyzes the NADH-mediated reduction of quinonoid dihydrobiopterin. This enzyme is an essential component of the pterin-dependent aromatic amino acid hydroxylating systems. Mutations in this gene resulting in QDPR deficiency include aberrant splicing, amino acid substitutions, insertions, or premature terminations. Dihydropteridine reductase deficiency presents as atypical phenylketonuria due to insufficient production of biopterin, a cofactor for phenylalanine hydroxylase. [provided by RefSeq, Jul 2008]",,QDPR,http://edrn.jpl.nasa.gov/bmdb/biomarkers/view/1563,P09417
BM00987,QSOX1,proteomic,Ovary,2,"From NCBI Gene: This gene encodes a protein that contains domains of thioredoxin and ERV1, members of two long-standing gene families. The gene expression is induced as fibroblasts begin to exit the proliferative cycle and enter quiescence, suggesting that this gene plays an important role in growth regulation. Two transcript variants encoding two different isoforms have been found for this gene. [provided by RefSeq, Jul 2008]",,QSOX1,http://edrn.jpl.nasa.gov/bmdb/biomarkers/view/139,O00391
BM00988,RAB13,proteomic,Breast,2,"RAB13 is a member of the Rab family of small G proteins and plays a role in regulating membrane trafficking between trans-Golgi network (TGN) and recycling endosomes (RE). RAB13 is thought to participate in polarized transport, in the assembly and/or the activity of tight junctions, which are components of the apical junctional complex (AJC) of epithelial cells.  There are several alternatively spliced transcript variants for this gene, and a pseudogene located on chromosome 12.",,RAB13,http://edrn.jpl.nasa.gov/bmdb/biomarkers/view/943,P51153
BM00989,RAB24,proteomic,Breast,2,RAB24 is a small GTPase of the Rab subfamily of Ras-related proteins that regulate intracellular protein trafficking.  RAB24 may be involved in autophagy-related processes.,,RAB24,http://edrn.jpl.nasa.gov/bmdb/biomarkers/view/944,Q969Q5
BM00990,RAB33B,genomic,Prostate,1,"From NCBI Gene: 
This gene encodes a small GTP-binding protein of the Rab GTPase family, whose members function in vesicle transport during protein secretion and endocytosis. Rab GTPases are active, membrane-associated proteins that recruit effector proteins in the GTP-bound state and inactive cytosolic proteins when in a GDP-bound state. The protein encoded by this gene is ubiquitously expressed and has been implicated in Golgi to endoplasmic reticulum cycling of Golgi enzymes. In addition, this protein regulates Golgi homeostasis and coordinates intra-Golgi retrograde trafficking. Allelic variants in this gene have been associated with Dyggve-Melchior-Clausen syndrome and Smith-McCort dysplasia 2, which are autosomal recessive spondyloepimetaphyseal dysplasias characterized by skeletal abnormalities. [provided by RefSeq, Sep 2016]",,RAB33B,http://edrn.jpl.nasa.gov/bmdb/biomarkers/view/788,Q9H082
BM00991,RAB3B,genomic,Prostate,1,"From NCBI Gene: Enables GDP binding activity; GTPase activity; and myosin V binding activity. Involved in several processes, including positive regulation of dopamine uptake involved in synaptic transmission; regulation of synaptic vesicle cycle; and regulation of vesicle size. Located in perinuclear region of cytoplasm and vesicle. Is active in dopaminergic synapse. Is anchored component of synaptic vesicle membrane. [provided by Alliance of Genome Resources, Apr 2022]",,RAB3B,http://edrn.jpl.nasa.gov/bmdb/biomarkers/view/789,P20337
BM00992,RAB5A,proteomic,Breast,1,"From UniProtKB/Swiss-Prot: The small GTPases Rab are key regulators of intracellular membrane trafficking, from the formation of transport vesicles to their fusion with membranes. Rabs cycle between an inactive GDP-bound form and an active GTP-bound form that is able to recruit to membranes different sets of downstream effectors directly responsible for vesicle formation, movement, tethering and fusion. RAB5A is required for the fusion of plasma membranes and early endosomes. Contributes to the regulation of filopodia extension.",,RAB5A,http://edrn.jpl.nasa.gov/bmdb/biomarkers/view/526,P20339
BM00993,RABEP1,genomic,Prostate,1,"From NCBI Gene: Enables protein domain specific binding activity and protein homodimerization activity. Involved in vesicle-mediated transport. Located in endocytic vesicle and endosome. Part of protein-containing complex. [provided by Alliance of Genome Resources, Nov 2021]",,RABEP1,http://edrn.jpl.nasa.gov/bmdb/biomarkers/view/790,Q15276
BM00994,RAC1,proteomic,"Breast, Lung",3,"From NCBI Gene: The protein encoded by this gene is a GTPase which belongs to the RAS superfamily of small GTP-binding proteins. Members of this superfamily appear to regulate a diverse array of cellular events, including the control of cell growth, cytoskeletal reorganization, and the activation of protein kinases. Two transcript variants encoding different isoforms have been found for this gene. [provided by RefSeq, Mar 2009]",,RAC1,http://edrn.jpl.nasa.gov/bmdb/biomarkers/view/1064,P63000
BM00995,RAC3,proteomic,Breast,1,"From NCBI Gene: The protein encoded by this gene is a GTPase which belongs to the RAS superfamily of small GTP-binding proteins. Members of this superfamily appear to regulate a diverse array of cellular events, including the control of cell growth, cytoskeletal reorganization, and the activation of protein kinases. [provided by RefSeq, Jul 2008]",,RAC3,http://edrn.jpl.nasa.gov/bmdb/biomarkers/view/516,P60763
BM00996,Radiomic signature (CT-images),proteomic,Lung,3,Biomarker for the early detection of lung cancer in the setting of indeterminate pulmonary nodules.,,,http://edrn.jpl.nasa.gov/bmdb/biomarkers/view/1299,
BM00997,Rahman 9 marker MALDI MS panel for Lung Cancer,proteomic,Lung,2,"This panel was derived from the proteomic analysis of bronchial lesions that could predict the diagnosis of lung cancer. Nine matrix-assisted laser desorption ionization mass spectrometry (MALDI MS) mass to charge ratio features were selected to build a prediction model diagnostic of lung cancer.  One signature was  not able to be associated with a particular protein.  The remaining eight signatures are derived from: Thymosin beta-4 (TMSB4X), Macrophage migration inhibitory factor (MIF), Des-ubiquitin (Ubiquitin-Gly-Gly), Ubiquitin, Acyl-coA binding protein (ACBP, also known as DBI), Cystatin A (CSTA),  and Cytochrome c.",,,http://edrn.jpl.nasa.gov/bmdb/biomarkers/view/504,
BM00998,RANTES0.10,proteomic,Breast,2,,,RANTES010,http://edrn.jpl.nasa.gov/bmdb/biomarkers/view/1355,
BM00999,RAP1A,proteomic,Breast,2,"From NCBI Gene: This gene encodes a member of the Ras family of small GTPases. The encoded protein undergoes a change in conformational state and activity, depending on whether it is bound to GTP or GDP. This protein is activated by several types of guanine nucleotide exchange factors (GEFs), and inactivated by two groups of GTPase-activating proteins (GAPs). The activation status of the encoded protein is therefore affected by the balance of intracellular levels of GEFs and GAPs. The encoded protein regulates signaling pathways that affect cell proliferation and adhesion, and may play a role in tumor malignancy. Pseudogenes of this gene have been defined on chromosomes 14 and 17. Alternative splicing results in multiple transcript variants. [provided by RefSeq, May 2014]",,RAP1A,http://edrn.jpl.nasa.gov/bmdb/biomarkers/view/1356,P62834
BM01000,RARB,genomic,Lung,1,"The RARB gene encodes the retinoic acid receptor beta.  It is a member of the thyroid-steroid hormone receptor superfamily of nuclear transcriptional regulators (NRB1 class).  These receptors bind to their targets as heterodimers in response to their ligands, all-trans or 9-cis retinoic acid, and regulate gene expression in various biological processes. This receptor localizes to the cytoplasm and to subnuclear compartments where it binds retinoic acid, the biologically active form of vitamin A which mediates cellular signalling in embryonic morphogenesis, cell growth and differentiation. It is thought that the RARB protein limits growth of many cell types by regulating gene expression. There are three distinct RAR subtypes; RARalpha, RARbeta and RARgamma. RARalpha is present in most tissue types, whereas RARbeta and RARgamma expression is more selective.  Two full length transcript variants have been verified.  A third is possible.",,RARB,http://edrn.jpl.nasa.gov/bmdb/biomarkers/view/481,P10826
BM01001,RARRES1,genomic,Prostate,1,"From NCBI Gene: This gene was identified as a retinoid acid (RA) receptor-responsive gene. It encodes a type 1 membrane protein. The expression of this gene is upregulated by tazarotene as well as by retinoic acid receptors. The expression of this gene is found to be downregulated in prostate cancer, which is caused by the methylation of its promoter and CpG island. Alternatively spliced transcript variant encoding distinct isoforms have been observed. [provided by RefSeq, Jul 2008]",,RARRES1,http://edrn.jpl.nasa.gov/bmdb/biomarkers/view/791,P49788
BM01002,RASGRF2,proteomic,Breast,2,"From NCBI Gene: RAS GTPases cycle between an inactive GDP-bound state and an active GTP-bound state. This gene encodes a calcium-regulated nucleotide exchange factor activating both RAS and RAS-related protein, RAC1, through the exchange of bound GDP for GTP, thereby, coordinating the signaling of distinct mitogen-activated protein kinase pathways. [provided by RefSeq, Oct 2011]",,RASGRF2,http://edrn.jpl.nasa.gov/bmdb/biomarkers/view/1383,O14827
BM01003,RASSF1,genomic,"Breast, Lung, Prostate",2,"From NCBI Gene: This gene encodes a protein similar to the RAS effector proteins. Loss or altered expression of this gene has been associated with the pathogenesis of a variety of cancers, which suggests the tumor suppressor function of this gene. The inactivation of this gene was found to be correlated with the hypermethylation of its CpG-island promoter region. The encoded protein was found to interact with DNA repair protein XPA. The protein was also shown to inhibit the accumulation of cyclin D1, and thus induce cell cycle arrest. Several alternatively spliced transcript variants of this gene encoding distinct isoforms have been reported. [provided by RefSeq, May 2011]",,RASSF1,http://edrn.jpl.nasa.gov/bmdb/biomarkers/view/108,Q9NS23
BM01004,RB1,proteomic,Breast,2,"From NCBI Gene: The protein encoded by this gene is a negative regulator of the cell cycle and was the first tumor suppressor gene found. The encoded protein also stabilizes constitutive heterochromatin to maintain the overall chromatin structure. The active, hypophosphorylated form of the protein binds transcription factor E2F1. Defects in this gene are a cause of childhood cancer retinoblastoma (RB), bladder cancer, and osteogenic sarcoma. [provided by RefSeq, Jul 2008]",,RB1,http://edrn.jpl.nasa.gov/bmdb/biomarkers/view/1357,P06400
BM01005,RBBP4,genomic,Prostate,1,"From NCBI Gene: This gene encodes a ubiquitously expressed nuclear protein which belongs to a highly conserved subfamily of WD-repeat proteins. It is present in protein complexes involved in histone acetylation and chromatin assembly. It is part of the Mi-2 complex which has been implicated in chromatin remodeling and transcriptional repression associated with histone deacetylation. This encoded protein is also part of co-repressor complexes, which is an integral component of transcriptional silencing. It is found among several cellular proteins that bind directly to retinoblastoma protein to regulate cell proliferation. This protein also seems to be involved in transcriptional repression of E2F-responsive genes. Three transcript variants encoding different isoforms have been found for this gene. [provided by RefSeq, Sep 2008]",,RBBP4,http://edrn.jpl.nasa.gov/bmdb/biomarkers/view/792,Q09028
BM01006,RBP4,proteomic,Lung,2,"The RBP4 protein is a member of the lipcalin family.  RBP4 delivers retinol (vitamin A alcohol)  from the liver stores to the peripheral tissues via the blood. In plasma, the RBP-retinol complex interacts with transthyretin which prevents its loss by filtration through the kidney glomeruli. A deficiency of vitamin A blocks secretion of the binding protein posttranslationally and results in defective delivery and supply to the epidermal cells.",,RBP4,http://edrn.jpl.nasa.gov/bmdb/biomarkers/view/482,P02753
BM01007,RBPMS,genomic,Prostate,1,"From NCBI Gene: This gene encodes a member of the RNA recognition motif family of RNA-binding proteins. The RNA recognition motif is between 80-100 amino acids in length and family members contain one to four copies of the motif. The RNA recognition motif consists of two short stretches of conserved sequence, as well as a few highly conserved hydrophobic residues. The encoded protein has a single, putative RNA recognition motif in its N-terminus. Alternative splicing results in multiple transcript variants encoding different isoforms. [provided by RefSeq, Jun 2013]",,RBPMS,http://edrn.jpl.nasa.gov/bmdb/biomarkers/view/793,Q93062
BM01008,RDH11,genomic,Prostate,1,"From NCBI Gene: The protein encoded by this gene is an NADPH-dependent retinal reductase and a short-chain dehydrogenase/reductase. The encoded protein has no steroid dehydrogenase activity. [provided by RefSeq, Nov 2011]",,RDH11,http://edrn.jpl.nasa.gov/bmdb/biomarkers/view/794,Q8TC12
BM01009,RDH16,genomic,Prostate,1,"From NCBI Gene: Enables NAD-retinol dehydrogenase activity; androstan-3-alpha,17-beta-diol dehydrogenase activity; and androsterone dehydrogenase activity. Involved in steroid metabolic process. Located in intracellular membrane-bounded organelle. [provided by Alliance of Genome Resources, Nov 2021]",,RDH16,http://edrn.jpl.nasa.gov/bmdb/biomarkers/view/795,O75452
BM01010,REEP1,genomic,Prostate,1,"From NCBI Gene: This gene encodes a mitochondrial protein that functions to enhance the cell surface expression of odorant receptors. Mutations in this gene cause spastic paraplegia autosomal dominant type 31, a neurodegenerative disorder. Alternative splicing results in multiple transcript variants. [provided by RefSeq, Sep 2009]",,REEP1,http://edrn.jpl.nasa.gov/bmdb/biomarkers/view/796,Q9H902
BM01011,REG1A,proteomic,Pancreas,3,REG1 is a protein that is secreted by the exocrine pancreas. It is associated with islet cell regeneration and diabetogenesis and may be involved in pancreatic lithogenesis.,,REG1A,http://edrn.jpl.nasa.gov/bmdb/biomarkers/view/103,P05451
BM01012,REG1B,proteomic,Pancreas,2,"From NCBI Gene: This gene is a type I subclass member of the Reg gene family. The Reg gene family is a multigene family grouped into four subclasses, types I, II, III and IV based on the primary structures of the encoded proteins. This gene encodes a protein secreted by the exocrine pancreas that is highly similar to the REG1A protein. The related REG1A protein is associated with islet cell regeneration and diabetogenesis, and may be involved in pancreatic lithogenesis. Reg family members REG1A, REGL, PAP and this gene are tandemly clustered on chromosome 2p12 and may have arisen from the same ancestral gene by gene duplication. [provided by RefSeq, Jul 2008]",,REG1B,http://edrn.jpl.nasa.gov/bmdb/biomarkers/view/1239,P48304
BM01013,REG3A,proteomic,Pancreas,3,REG3 is a pancreatic secretory protein that may be involved in cell proliferation or differentiation. It has similarity to the C-type lectin superfamily. The enhanced expression of this gene is observed during pancreatic inflammation and liver carcinogenesis.,,REG3A,http://edrn.jpl.nasa.gov/bmdb/biomarkers/view/102,Q06141
BM01014,REG4,proteomic,Colon,2,From UniProtKB/Swiss-Prot: Calcium-independent lectin displaying mannose-binding specificity and able to maintain carbohydrate recognition activity in an acidic environment. May be involved in inflammatory and metaplastic responses of the gastrointestinal epithelium.,,REG4,http://edrn.jpl.nasa.gov/bmdb/biomarkers/view/1221,Q9BYZ8
BM01015,REL,proteomic,Breast,2,"From NCBI Gene: This gene encodes a protein that belongs to the Rel homology domain/immunoglobulin-like fold, plexin, transcription factor (RHD/IPT) family. Members of this family regulate genes involved in apoptosis, inflammation, the immune response, and oncogenic processes. This proto-oncogene plays a role in the survival and proliferation of B lymphocytes. Mutation or amplification of this gene is associated with B-cell lymphomas, including Hodgkin's lymphoma. Single nucleotide polymorphisms in this gene are associated with susceptibility to ulcerative colitis and rheumatoid arthritis. Alternative splicing results in multiple transcript variants encoding different isoforms. [provided by RefSeq, Apr 2014]",,REL,http://edrn.jpl.nasa.gov/bmdb/biomarkers/view/1358,Q04864
BM01016,REN,proteomic,Lung,2,"From NCBI Gene: This gene encodes renin, an aspartic protease that is secreted by the kidneys. Renin is a part of the renin-angiotensin-aldosterone system involved in regulation of blood pressure, and electrolyte balance. This enzyme catalyzes the first step in the activation pathway of angiotensinogen by cleaving angiotensinogen to form angiotensin I, which is then converted to angiotensin II by angiotensin I converting enzyme. This cascade can result in aldosterone release, narrowing of blood vessels, and increase in blood pressure as angiotension II is a vasoconstrictive peptide. Transcript variants that encode different protein isoforms and that arise from alternative splicing and the use of alternative promoters have been described, but their full-length nature has not been determined. Mutations in this gene have been shown to cause hyperuricemic nephropathy familial juvenile 2, familial hyperproreninemia, and renal tubular dysgenesis. [provided by RefSeq, May 2020]",,REN,http://edrn.jpl.nasa.gov/bmdb/biomarkers/view/1000,P00797
BM01017,RET,genomic,Prostate,1,"From NCBI Gene: This gene encodes a transmembrane receptor and member of the tyrosine protein kinase family of proteins. Binding of ligands such as GDNF (glial cell-line derived neurotrophic factor) and other related proteins to the encoded receptor stimulates receptor dimerization and activation of downstream signaling pathways that play a role in cell differentiation, growth, migration and survival. The encoded receptor is important in development of the nervous system, and the development of organs and tissues derived from the neural crest. This proto-oncogene can undergo oncogenic activation through both cytogenetic rearrangement and activating point mutations. Mutations in this gene are associated with Hirschsprung disease and central hypoventilation syndrome and have been identified in patients with renal agenesis. [provided by RefSeq, Sep 2017]",,RET,http://edrn.jpl.nasa.gov/bmdb/biomarkers/view/797,P07949
BM01018,RETN,proteomic,Breast,2,"From NCBI Gene: This gene belongs to the family defined by the mouse resistin-like genes. The characteristic feature of this family is the C-terminal stretch of 10 cys residues with identical spacing. The mouse homolog of this protein is secreted by adipocytes, and may be the hormone potentially linking obesity to type II diabetes. The encoded protein also has an antimicrobial role in skin, displaying antibacterial activity against both Gram positive and Gram negative bacteria. Alternatively spliced transcript variants encoding the same protein have been found for this gene. [provided by RefSeq, Jul 2020]",,RETN,http://edrn.jpl.nasa.gov/bmdb/biomarkers/view/1180,Q9HD89
BM01019,RGS5,proteomic,Breast,2,"RGS5 is a member of the regulators of G protein signaling (RGS) family, which are signal transduction molecules that are involved in the regulation of heterotrimeric G proteins by acting as GTPase activators.  RGS5 has been found to be involved in tumor angiogenesis and to antagonize the angiogenic effect of VEGF.  Multiple alternatively spliced transcript variants have been found.",,RGS5,http://edrn.jpl.nasa.gov/bmdb/biomarkers/view/946,O15539
BM01020,RHOA,proteomic,Breast,2,"RHOA is a member of the small GTPase superfamily. RHO family GTPases are involved in many basic cellular processes that influence cell proliferation, differentiation, motility, adhesion, survival, or secretion. RHOA regulates a signal transduction pathway linking plasma membrane receptors to the assembly of focal adhesions and actin stress fibers.",,RHOA,http://edrn.jpl.nasa.gov/bmdb/biomarkers/view/947,P61586
BM01021,RHOQ,genomic,Prostate,1,"From NCBI Gene: This gene encodes a member of the Rho family of small GTPases, which cycle between inactive GDP-bound and active GTP-bound states and function as molecular switches in signal transduction cascades. Rho proteins promote reorganization of the actin cytoskeleton and regulate cell shape, attachment, and motility. The encoded protein is an important signalling protein for sarcomere assembly and has been shown to play a significant role in the exocytosis of the solute carrier family 2, facilitated glucose transporter member 4 and other proteins, possibly acting as the signal that turns on the membrane fusion machinery. Three related pseudogene have been identified on chromosomes 2 and 14. [provided by RefSeq, Aug 2011]",,RHOQ,http://edrn.jpl.nasa.gov/bmdb/biomarkers/view/798,P17081
BM01022,RMND5A,proteomic,Ovary,2,"From NCBI Gene: Predicted to enable metal ion binding activity and ubiquitin protein ligase activity. Predicted to contribute to ubiquitin-protein transferase activity. Predicted to be involved in proteasome-mediated ubiquitin-dependent protein catabolic process and protein polyubiquitination. Located in cytoplasm and nucleoplasm. Part of ubiquitin ligase complex. [provided by Alliance of Genome Resources, Apr 2022]",,RMND5A,http://edrn.jpl.nasa.gov/bmdb/biomarkers/view/371,Q9H871
BM01023,RND3 AAb,proteomic,Breast,2,,,RND3-AAB,http://edrn.jpl.nasa.gov/bmdb/biomarkers/view/1359,
BM01024,RNF113A,proteomic,Breast,2,"RNF113A is a member of the RNF family, or RING-type zinc finger proteins.  The RNF proteins are a subset of the larger family of zinc finger proteins. Members of the RNF family have an enzyme activity known as E3 ubiquitin-protein ligase which  targets other proteins to be degraded within cells. RNF113A contains   a C3H1-type zinc finger domain and a C3HC4 Ring-type (Really Interesting New Gene-type) zinc finger domain. The Ring-type zinc finger domain is present in various tumor suppressors, DNA repair genes and cytokine receptor-associated molecules, and is implicated in mediating protein-protein interactions.",,RNF113A,http://edrn.jpl.nasa.gov/bmdb/biomarkers/view/948,O15541
BM01025,RNF208,genomic,Prostate,1,"From NCBI Gene: Enables ubiquitin-protein transferase activity. Involved in protein autoubiquitination. Located in cytosol and nucleoplasm. [provided by Alliance of Genome Resources, Apr 2022]",,RNF208,http://edrn.jpl.nasa.gov/bmdb/biomarkers/view/799,Q9H0X6
BM01026,RNF43,proteomic,Ovary,2,"From NCBI Gene: The protein encoded by this gene is a RING-type E3 ubiquitin ligase and is predicted to contain a transmembrane domain, a protease-associated domain, an ectodomain, and a cytoplasmic RING domain. This protein is thought to negatively regulate Wnt signaling, and expression of this gene results in an increase in ubiquitination of frizzled receptors, an alteration in their subcellular distribution, resulting in reduced surface levels of these receptors. Mutations in this gene have been reported in multiple tumor cells, including colorectal and endometrial cancers. Alternative splicing results in multiple transcript variants encoding different isoforms. [provided by RefSeq, Mar 2015]",,RNF43,http://edrn.jpl.nasa.gov/bmdb/biomarkers/view/1195,Q68DV7
BM01027,RNH1,proteomic,Breast,1,"From NCBI Gene: Placental ribonuclease inhibitor (PRI) is a member of a family of proteinaceous cytoplasmic RNase inhibitors that occur in many tissues and bind to both intracellular and extracellular RNases (summarized by Lee et al., 1988 [PubMed 3219362]). In addition to control of intracellular RNases, the inhibitor may have a role in the regulation of angiogenin (MIM 105850). Ribonuclease inhibitor, of 50,000 Da, binds to ribonucleases and holds them in a latent form. Since neutral and alkaline ribonucleases probably play a critical role in the turnover of RNA in eukaryotic cells, RNH may be essential for control of mRNA turnover; the interaction of eukaryotic cells with ribonuclease may be reversible in vivo.[supplied by OMIM, Jul 2010]",,RNH1,http://edrn.jpl.nasa.gov/bmdb/biomarkers/view/1564,O60930
BM01028,RNPEP,proteomic,Breast,1,"From UniProtKB: Exopeptidase which selectively removes arginine and/or lysine residues from the N-terminus of several peptide substrates including Arg0-Leu-enkephalin, Arg0-Met-enkephalin and Arg(-1)-Lys0-somatostatin-14. Can hydrolyze leukotriene A4 (LTA-4) into leukotriene B4 (LTB-4) (By similarity).",,RNPEP,http://edrn.jpl.nasa.gov/bmdb/biomarkers/view/1565,Q9H4A4
BM01029,ROMA,proteomic,Ovary,3,The Risk of Ovarian Malignancy Algorithm (ROMA) algorithm was approved by the FDA in 2011.  Research demonstrates that examining levels of HE4 and CA125 using the ROMA algorithm shows the highest accuracy in determining ovarian cancer risk in pre- and post-menopausal women who have an ovarian mass present.,,ROMA,http://edrn.jpl.nasa.gov/bmdb/biomarkers/view/966,
BM01030,RPL13,genomic,Prostate,1,"From NCBI Gene: Ribosomes, the organelles that catalyze protein synthesis, consist of a small 40S subunit and a large 60S subunit. Together these subunits are composed of 4 RNA species and approximately 80 structurally distinct proteins. This gene encodes a ribosomal protein that is a component of the 60S subunit. The protein belongs to the L13E family of ribosomal proteins. It is located in the cytoplasm. This gene is expressed at significantly higher levels in benign breast lesions than in breast carcinomas. Alternatively spliced transcript variants encoding distinct isoforms have been found for this gene. As is typical for genes encoding ribosomal proteins, there are multiple processed pseudogenes of this gene dispersed through the genome. [provided by RefSeq, Jul 2011]",,RPL13,http://edrn.jpl.nasa.gov/bmdb/biomarkers/view/800,P26373
BM01031,RPL18,proteomic,Breast,1,"From NCBI Gene: Ribosomes, the organelles that catalyze protein synthesis, consist of a small 40S subunit and a large 60S subunit. Together these subunits are composed of 4 RNA species and approximately 80 structurally distinct proteins. This gene encodes a member of the L18E family of ribosomal proteins that is a component of the 60S subunit. As is typical for genes encoding ribosomal proteins, there are multiple processed pseudogenes of this gene dispersed through the genome. Alternatively spliced transcript variants encoding multiple isoforms have been observed for this gene. [provided by RefSeq, Jul 2012]",,RPL18,http://edrn.jpl.nasa.gov/bmdb/biomarkers/view/1566,Q07020
BM01032,RPL9,proteomic,Breast,1,"From NCBI Gene: Ribosomes, the organelles that catalyze protein synthesis, consist of a small 40S subunit and a large 60S subunit. Together these subunits are composed of 4 RNA species and approximately 80 structurally distinct proteins. This gene encodes a ribosomal protein that is a component of the 60S subunit. The protein belongs to the L6P family of ribosomal proteins. It is located in the cytoplasm. As is typical for genes encoding ribosomal proteins, there are multiple processed pseudogenes of this gene dispersed through the genome. Alternative splicing results in multiple transcript variants. [provided by RefSeq, Feb 2016]",,RPL9,http://edrn.jpl.nasa.gov/bmdb/biomarkers/view/1567,P32969
BM01033,RPRM,genomic,Prostate,1,"From NCBI Gene: Predicted to be involved in regulation of mitotic cell cycle. Predicted to act upstream of or within regulation of cell cycle. Predicted to be integral component of membrane. Predicted to be active in cytoplasm. [provided by Alliance of Genome Resources, Apr 2022]",,RPRM,http://edrn.jpl.nasa.gov/bmdb/biomarkers/view/801,Q9NS64
BM01034,RPS27A,proteomic,Lung,1,"Ubiquitin, one of the most highly conserved proteins, is coded for by a family of genes whose translation products give rise to several different proteins.  There are four genes that code for ubiquitin: UBB, UBC, RPS27A, and UBA52.  Ubiquitin is synthesized as a precursor protein consisting of either polyubiquitin chains or a single ubiquitin moiety fused to an unrelated protein.  UBA52 and RPS27A genes code for a single copy of ubiquitin fused to the ribosomal proteins L40 and S27a, respectively. UBB and UBC genes code for a polyubiquitin precursor with exact head to tail repeats, the number of repeats differ between species and strains.  This gene, RPS27A, encodes a fusion protein consisting of ubiquitin at the N terminus and ribosomal protein S27a at the C terminus. When expressed in yeast, the protein is post-translationally processed, generating free ubiquitin monomer and ribosomal protein S27a. Ribosomal protein S27a is a component of the 40S subunit of the ribosome and belongs to the S27AE family of ribosomal proteins.  Multiple alternatively spliced transcript variants that encode the same proteins have been identified.",,RPS27A,http://edrn.jpl.nasa.gov/bmdb/biomarkers/view/1002,P62979
BM01035,RRAGD,genomic,Prostate,1,"From NCBI Gene: RRAGD is a monomeric guanine nucleotide-binding protein, or G protein. By binding GTP or GDP, small G proteins act as molecular switches in numerous cell processes and signaling pathways.[supplied by OMIM, Apr 2004]",,RRAGD,http://edrn.jpl.nasa.gov/bmdb/biomarkers/view/802,Q9NQL2
BM01036,RRAS2,genomic,Prostate,1,"From NCBI Gene: This gene encodes a member of the R-Ras subfamily of Ras-like small GTPases. The encoded protein associates with the plasma membrane and may function as a signal transducer. This protein may play an important role in activating signal transduction pathways that control cell proliferation. Mutations in this gene are associated with the growth of certain tumors. Pseudogenes of this gene are found on chromosomes 1 and 2. Alternate splicing results in multiple transcript variants. [provided by RefSeq, Apr 2010]",,RRAS2,http://edrn.jpl.nasa.gov/bmdb/biomarkers/view/803,P62070
BM01037,RUNX3,genomic,"Esophagus, Lung",3,"RUNX3 is a member of the runt domain-containing family of transcription factors. A heterodimer of this protein and a beta subunit forms a complex that binds to the core DNA sequence 5'-PYGPYGGT-3' found in a number of enhancers and promoters, and can either activate or suppress transcription. It also interacts with other transcription factors. It functions as a tumor suppressor, and the gene is frequently deleted or transcriptionally silenced in cancer. Multiple transcript variants encoding different isoforms have been found for this gene.",,RUNX3,http://edrn.jpl.nasa.gov/bmdb/biomarkers/view/49,Q13761
BM01038,RXRG,genomic,Prostate,1,"From NCBI Gene: This gene encodes a member of the retinoid X receptor (RXR) family of nuclear receptors which are involved in mediating the antiproliferative effects of retinoic acid (RA). This receptor forms dimers with the retinoic acid, thyroid hormone, and vitamin D receptors, increasing both DNA binding and transcriptional function on their respective response elements. This gene is expressed at significantly lower levels in non-small cell lung cancer cells. Alternatively spliced transcript variants have been described. [provided by RefSeq, Jun 2010]",,RXRG,http://edrn.jpl.nasa.gov/bmdb/biomarkers/view/804,P48443
BM01039,S-Adenosylmethionine,proteomic,Lung,1,"S-adenosylmethionine, also known as AdoMet or SAMe, is a biochemical intermediate involved in methyl group transfers.  S-adenosylmethionine is formed from from adenosine triphosphate (ATP) and methionine, catalyzed by the enzyme methionine adenosyltransferase.  S-adeosylmethionine is sold as a supplement under the common names SAM, SAMe, and SAM-e.  A synthesized form of SAM-e is considered a supplement in the U.S., but SAM-e has been sold as a prescription drug in parts of Europe for decades.  As a supplement, SAMe has been used to treat osteoarthritis, depression, fibromyalgia, and other conditions.  Scientific studies are conflicted on the benefits of SAMe as a supplement.",,,http://edrn.jpl.nasa.gov/bmdb/biomarkers/view/485,P17707
BM01040,S100A4,proteomic,Breast,3,"From NCBI Gene: The protein encoded by this gene is a member of the S100 family of proteins containing 2 EF-hand calcium-binding motifs. S100 proteins are localized in the cytoplasm and/or nucleus of a wide range of cells, and involved in the regulation of a number of cellular processes such as cell cycle progression and differentiation. S100 genes include at least 13 members which are located as a cluster on chromosome 1q21. This protein may function in motility, invasion, and tubulin polymerization. Chromosomal rearrangements and altered expression of this gene have been implicated in tumor metastasis. Multiple alternatively spliced variants, encoding the same protein, have been identified. [provided by RefSeq, Jul 2008]",,S100A4,http://edrn.jpl.nasa.gov/bmdb/biomarkers/view/1065,P26447
BM01041,S100A6,proteomic,Breast,3,"From NCBI Gene: The protein encoded by this gene is a member of the S100 family of proteins containing 2 EF-hand calcium-binding motifs. S100 proteins are localized in the cytoplasm and/or nucleus of a wide range of cells, and involved in the regulation of a number of cellular processes such as cell cycle progression and differentiation. S100 genes include at least 13 members which are located as a cluster on chromosome 1q21. This protein may function in stimulation of Ca2+-dependent insulin release, stimulation of prolactin secretion, and exocytosis. Chromosomal rearrangements and altered expression of this gene have been implicated in melanoma. [provided by RefSeq, Jul 2008]",,S100A6,http://edrn.jpl.nasa.gov/bmdb/biomarkers/view/1066,P06703
BM01042,S100B,genomic,Prostate,1,"From NCBI Gene: The protein encoded by this gene is a member of the S100 family of proteins containing 2 EF-hand calcium-binding motifs. S100 proteins are localized in the cytoplasm and/or nucleus of a wide range of cells, and involved in the regulation of a number of cellular processes such as cell cycle progression and differentiation. S100 genes include at least 13 members which are located as a cluster on chromosome 1q21; however, this gene is located at 21q22.3. This protein may function in Neurite extension, proliferation of melanoma cells, stimulation of Ca2+ fluxes, inhibition of PKC-mediated phosphorylation, astrocytosis and axonal proliferation, and inhibition of microtubule assembly. Chromosomal rearrangements and altered expression of this gene have been implicated in several neurological, neoplastic, and other types of diseases, including Alzheimer's disease, Down's syndrome, epilepsy, amyotrophic lateral sclerosis, melanoma, and type I diabetes. [provided by RefSeq, Jul 2008]",,S100B,http://edrn.jpl.nasa.gov/bmdb/biomarkers/view/805,P04271
BM01043,S100P,genomic,"Breast, Lung, Prostate",1,"From NCBI Gene: The protein encoded by this gene is a member of the S100 family of proteins containing 2 EF-hand calcium-binding motifs. S100 proteins are localized in the cytoplasm and/or nucleus of a wide range of cells, and involved in the regulation of a number of cellular processes such as cell cycle progression and differentiation. S100 genes include at least 13 members which are located as a cluster on chromosome 1q21; however, this gene is located at 4p16. This protein, in addition to binding Ca2+, also binds Zn2+ and Mg2+. This protein may play a role in the etiology of prostate cancer. [provided by RefSeq, Jul 2008]",,S100P,http://edrn.jpl.nasa.gov/bmdb/biomarkers/view/486,P25815
BM01044,SAA1,proteomic,Breast,1,"From NCBI Gene: This gene encodes a member of the serum amyloid A family of apolipoproteins. The encoded preproprotein is proteolytically processed to generate the mature protein. This protein is a major acute phase protein that is highly expressed in response to inflammation and tissue injury. This protein also plays an important role in HDL metabolism and cholesterol homeostasis. High levels of this protein are associated with chronic inflammatory diseases including atherosclerosis, rheumatoid arthritis, Alzheimer's disease and Crohn's disease. This protein may also be a potential biomarker for certain tumors. Finally, antimicrobial activity against S. aureus and E. coli resides in the N-terminal portion of the mature protein. Alternate splicing results in multiple transcript variants that encode the same protein. A pseudogene of this gene is found on chromosome 11. [provided by RefSeq, Jul 2020]",,SAA1,http://edrn.jpl.nasa.gov/bmdb/biomarkers/view/1568,P0DJI8
BM01045,SAA4,proteomic,Breast,1,From UniProtKB/Swiss-Prot: Major acute phase reactant.,,SAA4,http://edrn.jpl.nasa.gov/bmdb/biomarkers/view/1569,P35542
BM01046,SAA@,proteomic,"Breast, Pancreas",3,"SAA@, or serum amyloid A1 cluster, is a gene cluster.",,SAA,http://edrn.jpl.nasa.gov/bmdb/biomarkers/view/1067,
BM01047,SAT1,proteomic,Breast,3,"From NCBI Gene: The protein encoded by this gene belongs to the acetyltransferase family, and is a rate-limiting enzyme in the catabolic pathway of polyamine metabolism. It catalyzes the acetylation of spermidine and spermine, and is involved in the regulation of the intracellular concentration of polyamines and their transport out of cells. Defects in this gene are associated with keratosis follicularis spinulosa decalvans (KFSD). Alternatively spliced transcripts have been found for this gene.[provided by RefSeq, Sep 2009]",,SAT1,http://edrn.jpl.nasa.gov/bmdb/biomarkers/view/1068,Q9H2B4
BM01048,SATL1,proteomic,Breast,3,"SATL1 is a protein coding gene that has been found to be conserved across  Rhesus monkey, dog, cow, mouse, rat, and frog.  SATL1 shows N-acetyltransferase activity.",,SATL1,http://edrn.jpl.nasa.gov/bmdb/biomarkers/view/1069,Q86VE3
BM01049,SC5D,genomic,Prostate,1,"From NCBI Gene: This gene encodes an enzyme of cholesterol biosynthesis. The encoded protein catalyzes the conversion of lathosterol into 7-dehydrocholesterol. Mutations in this gene have been associated with lathosterolosis. Alternatively spliced transcript variants encoding the same protein have been described. [provided by RefSeq, Jul 2008]",,SC5D,http://edrn.jpl.nasa.gov/bmdb/biomarkers/view/806,O75845
BM01050,SCARA3,genomic,Prostate,1,"From NCBI Gene: This gene encodes a macrophage scavenger receptor-like protein. This protein has been shown to deplete reactive oxygen species, and thus play an important role in protecting cells from oxidative stress. The expression of this gene is induced by oxidative stress. Alternatively spliced transcript variants encoding distinct isoforms have been described. [provided by RefSeq, Jul 2008]",,SCARA3,http://edrn.jpl.nasa.gov/bmdb/biomarkers/view/807,Q6AZY7
BM01051,SCCAIC,proteomic,Liver,2,"SCCAIC, squamous cellular carcinoma antigen (SCCA) immunocomplexed with IgM, has been proposed as an alternative marker. Squamous cell carcinoma antigen (SCCA) may act as a protease inhibitor to modulate the host immune response against tumor cells. It is present in the cytoplasm of squamous cells and is also secreted in plasma in some hepatocellular carcinoma, but at low protein level.",,SCCAIC,http://edrn.jpl.nasa.gov/bmdb/biomarkers/view/43,
BM01052,SCD,genomic,Prostate,1,"From NCBI Gene: This gene encodes an enzyme involved in fatty acid biosynthesis, primarily the synthesis of oleic acid. The protein belongs to the fatty acid desaturase family and is an integral membrane protein located in the endoplasmic reticulum. Transcripts of approximately 3.9 and 5.2 kb, differing only by alternative polyadenlyation signals, have been detected. A gene encoding a similar enzyme is located on chromosome 4 and a pseudogene of this gene is located on chromosome 17. [provided by RefSeq, Sep 2015]",,SCD,http://edrn.jpl.nasa.gov/bmdb/biomarkers/view/808,O00767
BM01053,SCGB2A1,proteomic,"Ovary, Prostate",2,"SCGB2A1, also known as MGB2 or mammaglobin B, encodes a small secreted protein from the secretoglobin family, part of the uterglobin superfamily.  SCGB2A1 is normally expressed in the thymus, trachea, kidney, steroid responsive tissues (prostate, testis, uterus, breast and ovary) and salivary gland.",,SCGB2A1,http://edrn.jpl.nasa.gov/bmdb/biomarkers/view/390,O75556
BM01054,SCGB3A1,proteomic,Breast,2,From GeneCards: SCGB3A1 (Secretoglobin Family 3A Member 1) is a Protein Coding gene. Diseases associated with SCGB3A1 include Adenoid Hypertrophy and Breast Cancer. Gene Ontology (GO) annotations related to this gene include cytokine activity. An important paralog of this gene is SCGB3A2.,,SCGB3A1,http://edrn.jpl.nasa.gov/bmdb/biomarkers/view/1141,Q96QR1
BM01055,SCNN1A,proteomic,"Ovary, Prostate",2,"From NCBI Gene: Nonvoltage-gated, amiloride-sensitive, sodium channels control fluid and electrolyte transport across epithelia in many organs. These channels are heteromeric complexes consisting of 3 subunits: alpha, beta, and gamma. This gene encodes the alpha subunit, and mutations in this gene have been associated with pseudohypoaldosteronism type 1 (PHA1), a rare salt wasting disease resulting from target organ unresponsiveness to mineralocorticoids. Alternatively spliced transcript variants encoding different isoforms have been described for this gene. [provided by RefSeq, Apr 2009]",,SCNN1A,http://edrn.jpl.nasa.gov/bmdb/biomarkers/view/174,P37088
BM01056,SDC1,proteomic,"Bladder, Ovary",2,"SDC1 is a transmembrane (type I) heparan sulfate proteoglycan and is a member of the syndecan proteoglycan family.  The SDC1 protein functions as an integral membrane protein and participates in cell proliferation, cell migration and cell-matrix interactions via its receptor for extracellular matrix proteins.",,SDC1,http://edrn.jpl.nasa.gov/bmdb/biomarkers/view/391,P18827
BM01057,SDC4,proteomic,Breast,1,"From NCBI Gene: The protein encoded by this gene is a transmembrane (type I) heparan sulfate proteoglycan that functions as a receptor in intracellular signaling. The encoded protein is found as a homodimer and is a member of the syndecan proteoglycan family. This gene is found on chromosome 20, while a pseudogene has been found on chromosome 22. [provided by RefSeq, Jul 2008]",,SDC4,http://edrn.jpl.nasa.gov/bmdb/biomarkers/view/1570,P31431
BM01058,SEC23B,proteomic,Ovary,2,"SEC23B is a member of the SEC23B/SEC24B family.  SEC23B is a component of the COPII coat, that covers ER-derived vesicles involved in transport from the endoplasmic reticulum to the Golgi apparatus.  By similarity, it has been shown that COPII acts in the cytoplasm to promote the transport of secretory, plasma membrane, and vacuolar proteins from the endoplasmic reticulum to the Golgi complex.",,SEC23B,http://edrn.jpl.nasa.gov/bmdb/biomarkers/view/392,Q15437
BM01059,SECISBP2 AAb,proteomic,Breast,2,,,SECISBP2-AAB,http://edrn.jpl.nasa.gov/bmdb/biomarkers/view/1360,
BM01060,SECTM1,proteomic,Ovary,2,"SECTM1 is a transmembrane and secreted protein with characteristics of a type 1a transmembrane protein. It is found in a perinuclear Golgi-like pattern and thought to be involved in hematopoietic and/or immune system processes.  It may be involved in thymocyte signaling. SECTM1 is detected at the highest levels in peripheral blood leukocytes and breast cancer cell lines, and is found in leukocytes of the myeloid lineage, with the strongest expression observed in granulocytes and no detectable expression in lymphocytes. It is also expressed in thymic epithelial cells and fibroblasts.",,SECTM1,http://edrn.jpl.nasa.gov/bmdb/biomarkers/view/162,Q8WVN6
BM01061,SEL1L3,genomic,Prostate,1,"From NCBI Gene: Located in nucleoplasm. [provided by Alliance of Genome Resources, Nov 2021]",,SEL1L3,http://edrn.jpl.nasa.gov/bmdb/biomarkers/view/810,Q68CR1
BM01062,SELE,proteomic,Breast,2,"From NCBI Gene: The protein encoded by this gene is found in cytokine-stimulated endothelial cells and is thought to be responsible for the accumulation of blood leukocytes at sites of inflammation by mediating the adhesion of cells to the vascular lining. It exhibits structural features such as the presence of lectin- and EGF-like domains followed by short consensus repeat (SCR) domains that contain 6 conserved cysteine residues. These proteins are part of the selectin family of cell adhesion molecules. Adhesion molecules participate in the interaction between leukocytes and the endothelium and appear to be involved in the pathogenesis of atherosclerosis. [provided by RefSeq, Jul 2008]",,SELE,http://edrn.jpl.nasa.gov/bmdb/biomarkers/view/1361,P16581
BM01063,SELENBP1,proteomic,Ovary,2,"SELENBP1 belongs to the selenium-binding protein family. SELENBP1 may be involved in the sensing of reactive xenobiotics in the cytoplasm. It may also be involved in intra-Golgi protein transport. Selenium is an essential nutrient that exhibits potent anticarcinogenic properties, and deficiency of selenium may cause certain neurologic diseases. It has been proposed that the effects of selenium in preventing cancer and neurologic diseases may be mediated by selenium-binding proteins. The exact function of this gene is not known.  SELENBP1 is highly expressed in liver, lung, colon, prostate, kidney and pancreas. In the brain, it present both in neurons and glia (at protein level). It has been shown to be down-regulated in lung adenocarcinoma, colorectal carcinoma and ovarian cancer, and two-fold up-regulated in brain and blood from schizophrenia patients.",,SELENBP1,http://edrn.jpl.nasa.gov/bmdb/biomarkers/view/217,Q13228
BM01064,SELL,proteomic,"Breast, Lung",2,"From NCBI Gene and UniProtKB/Swiss-Prot:  sL-selectin, also known as SELL, is a cell surface adhesion molecule that belongs to a family of adhesion/homing receptors.  SELL mediates the adherence of lymphocytes to endothelial cells of high endothelial venules in peripheral lymph nodes and promotes initial tethering and rolling of leukocytes in endothelia, facilitating their migration into secondary lymphoid organs and inflammation sites.  SELL contains a C-type lectin-like domain, a calcium-binding epidermal growth factor-like domain, and two short complement-like repeats. Alternatively spliced transcript variants have been found for this gene.",,SELL,http://edrn.jpl.nasa.gov/bmdb/biomarkers/view/492,P14151
BM01065,SERINC2,genomic,Prostate,1,"From NCBI Gene: Predicted to be involved in several processes, including phosphatidylserine metabolic process; positive regulation of CDP-diacylglycerol-serine O-phosphatidyltransferase activity; and positive regulation of serine C-palmitoyltransferase activity. Located in extracellular exosome. [provided by Alliance of Genome Resources, Apr 2022]",,SERINC2,http://edrn.jpl.nasa.gov/bmdb/biomarkers/view/1015,Q96SA4
BM01066,SERP1,genomic,Prostate,1,"From NCBI Gene: Predicted to be involved in endoplasmic reticulum unfolded protein response and protein glycosylation. Predicted to act upstream of or within several processes, including multicellular organism aging; positive regulation of organ growth; and positive regulation of peptide hormone secretion. Located in cytoplasmic microtubule. [provided by Alliance of Genome Resources, Nov 2021]",,SERP1,http://edrn.jpl.nasa.gov/bmdb/biomarkers/view/811,Q9Y6X1
BM01067,SERPINA1,proteomic,"Bladder, Liver, Lung",2,"Alpha-1-antitrypsin is secreted and is an extracellular serine protease inhibitor whose targets include elastase, plasmin, thrombin, trypsin, chymotrypsin, and plasminogen activator. Defects in this gene can cause emphysema or liver disease. Elevation of alpha1-AT serum levels have been observed in the course of a large number of malignant diseases. Several transcript variants encoding the same protein have been found for this gene.",,SERPINA1,http://edrn.jpl.nasa.gov/bmdb/biomarkers/view/85,P01009
BM01068,SERPINA10,proteomic,Breast,1,"From NCBI Gene: The protein encoded by this gene belongs to the serpin family. It is predominantly expressed in the liver and secreted in plasma. It inhibits the activity of coagulation factors Xa and XIa in the presence of protein Z, calcium and phospholipid. Mutations in this gene are associated with venous thrombosis. Alternatively spliced transcript variants have been found for this gene.[provided by RefSeq, May 2010]",,SERPINA10,http://edrn.jpl.nasa.gov/bmdb/biomarkers/view/1571,Q9UK55
BM01069,SERPINA12,proteomic,Breast,1,From UniProtKB: Adipokine that modulates insulin action by specifically inhibiting its target protease KLK7 in white adipose tissues.,,SERPINA12,http://edrn.jpl.nasa.gov/bmdb/biomarkers/view/1572,Q8IW75
BM01070,SERPINA3,proteomic,Lung,3,"From NCBI Gene: The protein encoded by this gene is a member of the serpin family of proteins, a group of proteins that inhibit serine proteases. This gene is one in a cluster of serpin genes located on the q arm of chromosome 14. Polymorphisms in this protein appear to be tissue specific and influence protease targeting. Variations in this protein's sequence have been implicated in Alzheimer's disease, and deficiency of this protein has been associated with liver disease. Mutations have been identified in patients with Parkinson disease and chronic obstructive pulmonary disease. [provided by RefSeq, Jun 2020]",,SERPINA3,http://edrn.jpl.nasa.gov/bmdb/biomarkers/view/1273,P01011
BM01071,SERPINA4,proteomic,Breast,1,"From UniProtKB: Inhibits human amidolytic and kininogenase activities of tissue kallikrein. Inhibition is achieved by formation of an equimolar, heat- and SDS-stable complex between the inhibitor and the enzyme, and generation of a small C-terminal fragment of the inhibitor due to cleavage at the reactive site by tissue kallikrein.",,SERPINA4,http://edrn.jpl.nasa.gov/bmdb/biomarkers/view/1573,P29622
BM01072,SERPINA5,proteomic,Breast,1,"From NCBI Gene: The protein encoded by this gene is a member of the serpin family of proteins, a group of proteins that inhibit serine proteases. This gene is one in a cluster of serpin genes located on the q arm of chromosome 14. This family member is a glycoprotein that can inhibit several serine proteases, including protein C and various plasminogen activators and kallikreins, and it thus plays diverse roles in hemostasis and thrombosis in multiple organs. [provided by RefSeq, Aug 2012]",,SERPINA5,http://edrn.jpl.nasa.gov/bmdb/biomarkers/view/1574,P05154
BM01073,SERPINA6,proteomic,Ovary,2,"SERPINA6, an alpha-globulin protein with corticosteroid-binding properties, is the major transport protein for glucorticoids and progestins in the blood of most vertebrates. SERPINA is syntesized in the liver. Defects in SERPINA6 are a cause of corticosteroid-binding globulin deficiency (CBG deficiency). CBG deficiency is an extremely rare hereditary disorder characterized by reduced corticosteroid-binding capacity with normal or low plasma corticosteroid-binding globulin concentration, and normal or low basal cortisol levels associated with hypo/hypertension and muscle fatigue.",,SERPINA6,http://edrn.jpl.nasa.gov/bmdb/biomarkers/view/133,P08185
BM01074,SERPINB3,proteomic,"Breast, Liver, Lung",3,"Squamous cell carcinoma antigen (SCCA) may act as a protease inhibitor to modulate the host immune response against tumor cells.  Present in the cytoplasm of squamous cells, also secreted in plasma in some hepatocellular carcinoma but at low protein level.",,SERPINB3,http://edrn.jpl.nasa.gov/bmdb/biomarkers/view/42,P29508
BM01075,SERPIND1,proteomic,Breast,1,"From NCBI Gene: This gene belongs to the serpin gene superfamily. Serpins play roles in many processes including inflammation, blood clotting, and cancer metastasis. Members of this family have highly conserved secondary structures with a reactive center loop that interacts with the protease active site to inhibit protease activity. This gene encodes a plasma serine protease that functions as a thrombin and chymotrypsin inhibitor. The protein is activated by heparin, dermatan sulfate, and glycosaminoglycans. Allelic variations in this gene are associated with heparin cofactor II deficiency. [provided by RefSeq, Jul 2015]",,SERPIND1,http://edrn.jpl.nasa.gov/bmdb/biomarkers/view/1578,P05546
BM01076,SERPINE1,proteomic,"Bladder, Breast, Ovary",3,"The SERPINE1 protein is a serine proteinase inhibitor (serpin) superfamily.  SERPINE1 is the main inhibitor of tissue plasminogen activator (tPA) and urokinase (uPA), the activators of plasminogen and hence fibrinolysis.  It is found in plasma and platelets and in endothelial, hepatoma and fibrosarcoma cells.  Alternatively spliced transcript variants encoding different isoforms have been found for this gene.",,SERPINE1,http://edrn.jpl.nasa.gov/bmdb/biomarkers/view/968,P05121
BM01077,SERPINF2,proteomic,Breast,1,"From NCBI Gene: This gene encodes a member of the serpin family of serine protease inhibitors. The protein is a major inhibitor of plasmin, which degrades fibrin and various other proteins. Consequently, the proper function of this gene has a major role in regulating the blood clotting pathway. Mutations in this gene result in alpha-2-plasmin inhibitor deficiency, which is characterized by severe hemorrhagic diathesis. Multiple transcript variants encoding different isoforms have been found for this gene. [provided by RefSeq, Sep 2009]",,SERPINF2,http://edrn.jpl.nasa.gov/bmdb/biomarkers/view/1579,P08697
BM01078,SERPINH1,proteomic,Breast,1,"From NCBI Gene: This gene encodes a member of the serpin superfamily of serine proteinase inhibitors. The encoded protein is localized to the endoplasmic reticulum and plays a role in collagen biosynthesis as a collagen-specific molecular chaperone. Autoantibodies to the encoded protein have been found in patients with rheumatoid arthritis. Expression of this gene may be a marker for cancer, and nucleotide polymorphisms in this gene may be associated with preterm birth caused by preterm premature rupture of membranes. Alternatively spliced transcript variants have been observed for this gene, and a pseudogene of this gene is located on the short arm of chromosome 9. [provided by RefSeq, May 2011]",,SERPINH1,http://edrn.jpl.nasa.gov/bmdb/biomarkers/view/535,P50454
BM01079,"Serum based quantitation of CYFRA 21.1, CEA and HE4",proteomic,Lung,3,Biomarker for the early detection of lung cancer in the setting of indeterminate pulmonary nodules.,,,http://edrn.jpl.nasa.gov/bmdb/biomarkers/view/1300,
BM01080,SF3A1,proteomic,Breast,1,"From NCBI Gene: This gene encodes a subunit of the splicing factor 3a protein complex. The splicing factor 3a heterotrimer is a component of the mature U2 small nuclear ribonucleoprotein particle (snRNP). U2 small nuclear ribonucleoproteins play a critical role in spliceosome assembly and pre-mRNA splicing. [provided by RefSeq, Aug 2014]",,SF3A1,http://edrn.jpl.nasa.gov/bmdb/biomarkers/view/518,Q15459
BM01081,SFN,proteomic,Breast,3,"From UniProtKB/Swiss-Prot: 

    Adapter protein implicated in the regulation of a large spectrum of both general and specialized signaling pathways. Binds to a large number of partners, usually by recognition of a phosphoserine or phosphothreonine motif. Binding generally results in the modulation of the activity of the binding partner. When bound to KRT17, regulates protein synthesis and epithelial cell growth by stimulating Akt/mTOR pathway. May also regulate MDM2 autoubiquitination and degradation and thereby activate p53/TP53.  p53-regulated inhibitor of G2/M progression.",,SFN,http://edrn.jpl.nasa.gov/bmdb/biomarkers/view/1070,P31947
BM01082,SFRP1,proteomic,Pancreas,2,"From NCBI Gene: This gene encodes a member of the SFRP family that contains a cysteine-rich domain homologous to the putative Wnt-binding site of Frizzled proteins. Members of this family act as soluble modulators of Wnt signaling; epigenetic silencing of SFRP genes leads to deregulated activation of the Wnt-pathway which is associated with cancer. This gene may also be involved in determining the polarity of photoreceptor cells in the retina. [provided by RefSeq, Sep 2009]",,SFRP1,http://edrn.jpl.nasa.gov/bmdb/biomarkers/view/1120,Q8N474
BM01083,SFTPB,proteomic,Lung,2,"SFTPB, or pulmonary-associated surfactant protein B, is an amphipathic surfactant protein essential for lung function and homeostasis after birth.  Pulmonary surfactant-associated proteins promote alveolar stability by lowering the surface tension at the air-liquid interface in the peripheral air spaces.  These proteins are composed of 90% lipids and 10% proteins, and include plasma proteins and apolipoproteins SPA, SPB, SPC and SPD.  There are several alternatively spliced transcript variants for this gene, all encoding the same protein.",,SFTPB,http://edrn.jpl.nasa.gov/bmdb/biomarkers/view/489,P07988
BM01084,SFTPC,proteomic,Lung,2,"SFTPC, or pulmonary surfactant-associated protein C, is a hydrophobic surfactant protein essential for lung function and homeostasis after birth.  Pulmonary surfactant-associated proteins promote alveolar stability by lowering the surface tension at the air-liquid interface in the peripheral air spaces.  These proteins are composed of 90% lipids and 10% proteins, and include plasma proteins and apolipoproteins SPA, SPB, SPC and SPD.  There are several alternatively spliced transcript variants for this gene, encoding different proteins.",,SFTPC,http://edrn.jpl.nasa.gov/bmdb/biomarkers/view/490,P11686
BM01085,SGCA,genomic,Prostate,1,"From NCBI Gene: This gene encodes a component of the dystrophin-glycoprotein complex (DGC), which is critical to the stability of muscle fiber membranes and to the linking of the actin cytoskeleton to the extracellular matrix. Its expression is thought to be restricted to striated muscle. Mutations in this gene result in type 2D autosomal recessive limb-girdle muscular dystrophy. Multiple transcript variants encoding different isoforms have been found for this gene. [provided by RefSeq, Oct 2008]",,SGCA,http://edrn.jpl.nasa.gov/bmdb/biomarkers/view/814,Q16586
BM01086,Shen 4 marker miRNA panel for lung cancer,genomic,Lung,1,"We initially validated expressions of a set of miRNAs in paired lung tumor tissues and plasma specimens from 28 stage I NSCLC patients by real-time quantitative reverse transcription PCR, and then evaluated diagnostic value of the plasma miRNAs in a cohort of 58 NSCLC patients and 29 healthy individuals. The altered miRNA expressions were reproducibly confirmed in the tumor tissues. The miRNAs were stably present and reliably measurable in plasma. A logistic regression model with the best prediction was defined on the basis of the four genes (miRNA-21, -126, -210, and 486-5p), yielding 86.22% sensitivity and 96.55% specificity in distinguishing NSCLC patients from the healthy controls. (Lab Invest. 2011 Apr;91(4):579-87, PMID:    21116241)",,,http://edrn.jpl.nasa.gov/bmdb/biomarkers/view/555,
BM01087,Showe 29-gene signature for lung cancer,genomic,Lung,1,"A 29-gene peripheral blood gene expression signature that separates patients with non-small cell lung cancer (NSCLC) tumors and patient controls with 86% accuracy (91% sensitivity, 80% specificity).  Subjects were primarily smokers and former smokers.  The 29 genes, minus one that did not match a gene symbol in the naming database: RSF1,  DYRK2,  YY1,  C19orf12,  THEM2,  TRIO,  MYADM,  BAIAP2,  ROGDI,  DNAJB14,  BRE,  TMEM41A,  C9orf64,  FAM110A,  PCNXL2,  REST,  C19orf62,  C13orf27,  ASCC3,  SLC1A5,  PTPLAD1,  MRE11A,  GTPBP10,  SERPINI2,  CREB1,  CCDC53,  USP48,  ZSCAN2",,,http://edrn.jpl.nasa.gov/bmdb/biomarkers/view/553,
BM01088,SHOX2,genomic,Lung,2,"SHOX2 is a member of the homeobox family of genes.  These genes are transcriptional regulators involved in pattern formation in both invertebrate and vertebrate species. The SHOX2 family encodes proteins containing a 60-amino acid residue motif that represents a DNA binding domain.  SHOX2 may be a growth regulator involved in idiopathic short stature, and it is implicated in the short stature phenotype of Turner syndrome patients.  There are several transcript variants as a result of alternative splicing.",,SHOX2,http://edrn.jpl.nasa.gov/bmdb/biomarkers/view/491,O60902
BM01089,sICAM-1,proteomic,Breast,2,"From PMID 15319166: Soluble intercellular adhesion molecule-1 (sICAM-1) represents a circulating form of ICAM-1 that is constitutively expressed or is inducible on the cell surface of different cell lines. It serves as a counter-receptor for the lymphocyte function-associated antigen (LFA-1). Interaction between ICAM-1, present on endothelial cells, and LFA-1 facilitates leukocyte adhesion and migration across the endothelium. ICAM-1 and its circulating form have been implicated in the development of any number of diseases.",,SICAM-1,http://edrn.jpl.nasa.gov/bmdb/biomarkers/view/1177,Q99930
BM01090,SLA,proteomic,Breast,2,"SLA, or Src-like-adaptor, is an adaptor protein involved in negative regulation of T-cell receptor (TCR) signaling and regulation of receptor tyrosine kinase signaling by direct association.     SLA is also involved in the negative regulation of positive selection and mitosis of T-cells.",,SLA,http://edrn.jpl.nasa.gov/bmdb/biomarkers/view/949,Q13239
BM01091,SLAMF8,proteomic,Ovary,2,"SLAMF8 is a membrane protein belonging to the CD2 family of cell surface proteins.  This protein family is characterized by Ig domains. SLAMF8 is expressed in lymph node, spleen, thymus and bone marrow.  SLAMF8 may play a role in B-lineage commitment and/or modulation of signaling through the B-cell receptor.  There are two isoforms of this protein, produced by alternative splicing.",,SLAMF8,http://edrn.jpl.nasa.gov/bmdb/biomarkers/view/359,Q9P0V8
BM01092,SLC11A1,proteomic,Ovary,2,"SLC11A1 is a membrane associated divalent transition metal (iron and manganese) transporter involved in iron metabolism and host resistance to certain pathogens.  SLC11A1 is a member of the solute carrier family 11 (proton-coupled divalent metal ion transporters) family.      Mutations in the SLC11A1 gene are involved in susceptibility to infectious diseases such as tuberculosis and leprosy, and inflammatory diseases such as rheumatoid arthritis and Crohn disease. Several alternatively spliced variants have been identified.",,SLC11A1,http://edrn.jpl.nasa.gov/bmdb/biomarkers/view/386,P49279
BM01093,SLC11A2,genomic,Prostate,1,"From NCBI Gene: This gene encodes a member of the solute carrier family 11 protein family. The product of this gene transports divalent metals and is involved in iron absorption. Mutations in this gene are associated with hypochromic microcytic anemia with iron overload. A related solute carrier family 11 protein gene is located on chromosome 2. Multiple transcript variants encoding different isoforms have been found for this gene.[provided by RefSeq, Apr 2010]",,SLC11A2,http://edrn.jpl.nasa.gov/bmdb/biomarkers/view/815,P49281
BM01094,SLC12A2,genomic,Prostate,1,"solute carrier family 12 (sodium/potassium/chloride transporters), member 2",,SLC12A2,http://edrn.jpl.nasa.gov/bmdb/biomarkers/view/816,P55011
BM01095,SLC22A3,genomic,Prostate,1,"From NCBI Gene: Polyspecific organic cation transporters in the liver, kidney, intestine, and other organs are critical for elimination of many endogenous small organic cations as well as a wide array of drugs and environmental toxins. This gene is one of three similar cation transporter genes located in a cluster on chromosome 6. The encoded protein contains twelve putative transmembrane domains and is a plasma integral membrane protein. [provided by RefSeq, Jul 2008]",,SLC22A3,http://edrn.jpl.nasa.gov/bmdb/biomarkers/view/817,O75751
BM01096,SLC25A16,proteomic,Breast,2,SLC25A16 is a member of the mitochondrial carrier family and contains three tandemly repeated mitochondrial carrier protein domains.  The SLC26A16 protein is found in the inner membrane of the mitochondria where it is necessary     for the accumulation of coenzyme A in the mitochondrial matrix. SLC25A16 also facilitates the rapid transport and exchange of molecules between the cytosol and the mitochondrial matrix space. The SLC25A16 gene is thought to be involved in Graves' disease.,,SLC25A16,http://edrn.jpl.nasa.gov/bmdb/biomarkers/view/950,P16260
BM01097,SLC26A2,genomic,Prostate,1,"From NCBI Gene: The diastrophic dysplasia sulfate transporter is a transmembrane glycoprotein implicated in the pathogenesis of several human chondrodysplasias. It apparently is critical in cartilage for sulfation of proteoglycans and matrix organization. [provided by RefSeq, Jul 2008]",,SLC26A2,http://edrn.jpl.nasa.gov/bmdb/biomarkers/view/818,P50443
BM01098,SLC26A4,genomic,Prostate,1,"From NCBI Gene: Mutations in this gene are associated with Pendred syndrome, the most common form of syndromic deafness, an autosomal-recessive disease. It is highly homologous to the SLC26A3 gene; they have similar genomic structures and this gene is located 3' of the SLC26A3 gene. The encoded protein has homology to sulfate transporters. [provided by RefSeq, Jul 2008]",,SLC26A4,http://edrn.jpl.nasa.gov/bmdb/biomarkers/view/819,O43511
BM01099,SLC2A3,genomic,Prostate,1,"From NCBI Gene: Enables dehydroascorbic acid transmembrane transporter activity; glucose binding activity; and glucose transmembrane transporter activity. Involved in glucose import across plasma membrane and transport across blood-brain barrier. Is integral component of plasma membrane. Biomarker of Alzheimer's disease; acanthosis nigricans; diabetes mellitus; and type 2 diabetes mellitus. [provided by Alliance of Genome Resources, Nov 2021]",,SLC2A3,http://edrn.jpl.nasa.gov/bmdb/biomarkers/view/820,P11169
BM01100,SLC30A6,proteomic,Ovary,2,"SLC30A6 is a zinc-efflux transporter which has been shown by similarity to be involved in distributing the cytoplasmic zinc to the trans-Golgi network (TGN) as well as the vesicular compartment.  SLC30A6, a member of the zinc transporter (ZNT)/SLC30 subfamily of the cation diffusion facilitator family, permits cellular efflux of zinc.",,SLC30A6,http://edrn.jpl.nasa.gov/bmdb/biomarkers/view/393,Q6NXT4
BM01101,SLC33A1,proteomic,Breast,1,"From NCBI Gene: The protein encoded by this gene is required for the formation of O-acetylated (Ac) gangliosides. The encoded protein is predicted to contain 6 to 10 transmembrane domains, and a leucine zipper motif in transmembrane domain III. Defects in this gene have been reported to cause spastic paraplegia autosomal dominant type 42 (SPG42) in one Chinese family, but not in similar patients of European descent. Two transcript variants encoding the same protein have been found for this gene. [provided by RefSeq, Jul 2010]",,SLC33A1,http://edrn.jpl.nasa.gov/bmdb/biomarkers/view/531,O00400
BM01102,SLC34A2,genomic,Prostate,1,"From NCBI Gene: The protein encoded by this gene is a pH-sensitive sodium-dependent phosphate transporter. Phosphate uptake is increased at lower pH. Defects in this gene are a cause of pulmonary alveolar microlithiasis. Three transcript variants encoding two different isoforms have been found for this gene. [provided by RefSeq, May 2010]",,SLC34A2,http://edrn.jpl.nasa.gov/bmdb/biomarkers/view/821,O95436
BM01103,SLC35C2,genomic,Prostate,1,"From NCBI Gene: This gene encodes a member of the triose-phosphate transporter protein family. This gene is regulated by oxygen tension, is induced in hypoxic trophoblast cells, and is overexpressed in ovarian cancer. Alternative splicing results in multiple transcript variants. A pseudogene of this gene has been defined on the X chromosome. [provided by RefSeq, Jul 2013]",,SLC35C2,http://edrn.jpl.nasa.gov/bmdb/biomarkers/view/822,Q9NQQ7
BM01104,SLC38A10,proteomic,Breast,1,From UniProtKB: Putative sodium-dependent amino acid/proton antiporter.,,SLC38A10,http://edrn.jpl.nasa.gov/bmdb/biomarkers/view/1580,Q9HBR0
BM01105,SLC39A6,genomic,Prostate,1,"From NCBI Gene: Zinc is an essential cofactor for hundreds of enzymes. It is involved in protein, nucleic acid, carbohydrate, and lipid metabolism, as well as in the control of gene transcription, growth, development, and differentiation. SLC39A6 belongs to a subfamily of proteins that show structural characteristics of zinc transporters (Taylor and Nicholson, 2003 [PubMed 12659941]).[supplied by OMIM, Mar 2008]",,SLC39A6,http://edrn.jpl.nasa.gov/bmdb/biomarkers/view/823,Q13433
BM01106,SLC3A2,proteomic,Breast,1,"From NCBI Gene: This gene is a member of the solute carrier family and encodes a cell surface, transmembrane protein. The protein exists as the heavy chain of a heterodimer, covalently bound through di-sulfide bonds to one of several possible light chains. The encoded transporter plays a role in regulation of intracellular calcium levels and transports L-type amino acids. Alternatively spliced transcript variants, encoding different isoforms, have been characterized. [provided by RefSeq, Nov 2010]",,SLC3A2,http://edrn.jpl.nasa.gov/bmdb/biomarkers/view/1581,P08195
BM01107,SLC4A1AP,proteomic,Prostate,1,From GeneCards: SLC4A1AP (Solute Carrier Family 4 Member 1 Adaptor Protein) is a protein coding gene.,,SLC4A1AP,http://edrn.jpl.nasa.gov/bmdb/biomarkers/view/1099,Q9BWU0
BM01108,SLC4A4,genomic,Prostate,1,"From NCBI Gene: This gene encodes a sodium bicarbonate cotransporter (NBC) involved in the regulation of bicarbonate secretion and absorption and intracellular pH. Mutations in this gene are associated with proximal renal tubular acidosis. Multiple transcript variants encoding different isoforms have been found for this gene. [provided by RefSeq, Oct 2008]",,SLC4A4,http://edrn.jpl.nasa.gov/bmdb/biomarkers/view/824,Q9Y6R1
BM01109,SLC5A1,genomic,Prostate,1,"From NCBI Gene: This gene encodes a member of the sodium-dependent glucose transporter (SGLT) family. The encoded integral membrane protein is the primary mediator of dietary glucose and galactose uptake from the intestinal lumen. Mutations in this gene have been associated with glucose-galactose malabsorption. Multiple transcript variants encoding different isoforms have been found for this gene. [provided by RefSeq, Jan 2012]",,SLC5A1,http://edrn.jpl.nasa.gov/bmdb/biomarkers/view/825,P13866
BM01110,SLC5A7,genomic,Prostate,1,"From NCBI Gene: This gene encodes a sodium ion- and chloride ion-dependent high-affinity transporter that mediates choline uptake for acetylcholine synthesis in cholinergic neurons. The protein transports choline from the extracellular space into presynaptic terminals for synthesis into acetylcholine. Increased choline uptake results from increased density of this protein in synaptosomal plasma membranes in response to depolarization of cholinergic terminals. Dysfunction of cholinergic signaling has been implicated in various disorders including depression, attention-deficit disorder, and schizophrenia. An allelic variant of this gene is associated with autosomal dominant distal hereditary motor neuronopathy type VIIA. Alternative splicing results in multiple transcript variants. [provided by RefSeq, Jul 2015]",,SLC5A7,http://edrn.jpl.nasa.gov/bmdb/biomarkers/view/826,Q9GZV3
BM01111,SLC6A14,genomic,Prostate,1,"From NCBI Gene: This gene encodes a member of the solute carrier family 6. Members of this family are sodium and chloride dependent neurotransmitter transporters. The encoded protein transports both neutral and cationic amino acids. This protein may also function as a beta-alanine carrier. Mutations in this gene may be associated with X-linked obesity. A pseudogene of this gene is found on chromosome X.[provided by RefSeq, May 2010]",,SLC6A14,http://edrn.jpl.nasa.gov/bmdb/biomarkers/view/827,Q9UN76
BM01112,SLC9A3R2,genomic,Prostate,1,"From NCBI Gene: This gene encodes a member of the NHERF family of PDZ scaffolding proteins. These proteins mediate many cellular processes by binding to and regulating the membrane expression and protein-protein interactions of membrane receptors and transport proteins. The encoded protein plays a role in intestinal sodium absorption by regulating the activity of the sodium/hydrogen exchanger 3, and may also regulate the cystic fibrosis transmembrane regulator (CFTR) ion channel. Alternatively spliced transcript variants encoding multiple isoforms have been observed for this gene. [provided by RefSeq, Nov 2011]",,SLC9A3R2,http://edrn.jpl.nasa.gov/bmdb/biomarkers/view/828,Q15599
BM01113,SLIT2,proteomic,Pancreas,2,"From NCBI Gene: This gene encodes a member of the slit family of secreted glycoproteins, which are ligands for the Robo family of immunoglobulin receptors. Slit proteins play highly conserved roles in axon guidance and neuronal migration and may also have functions during other cell migration processes including leukocyte migration. Members of the slit family are characterized by an N-terminal signal peptide, four leucine-rich repeats, nine epidermal growth factor repeats, and a C-terminal cysteine knot. Proteolytic processing of this protein gives rise to an N-terminal fragment that contains the four leucine-rich repeats and five epidermal growth factor repeats and a C-terminal fragment that contains four epidermal growth factor repeats and the cysteine knot. Both full length and cleaved proteins are secreted extracellularly and can function in axon repulsion as well as other specific processes. Alternative splicing results in multiple transcript variants. [provided by RefSeq, Sep 2015]",,SLIT2,http://edrn.jpl.nasa.gov/bmdb/biomarkers/view/1118,O94813
BM01114,SLK,genomic,Prostate,1,"From NCBI Gene: Enables protein homodimerization activity and protein serine/threonine kinase activity. Involved in several processes, including cytoplasmic microtubule organization; protein autophosphorylation; and regulation of focal adhesion assembly. Located in perinuclear region of cytoplasm. [provided by Alliance of Genome Resources, Nov 2021]",,SLK,http://edrn.jpl.nasa.gov/bmdb/biomarkers/view/829,Q9H2G2
BM01115,SLPI,proteomic,"Breast, Lung, Ovary, Prostate",3,"From NCBI Gene: This gene encodes a secreted inhibitor which protects epithelial tissues from serine proteases. It is found in various secretions including seminal plasma, cervical mucus, and bronchial secretions, and has affinity for trypsin, leukocyte elastase, and cathepsin G. Its inhibitory effect contributes to the immune response by protecting epithelial surfaces from attack by endogenous proteolytic enzymes. This antimicrobial protein has antibacterial, antifungal and antiviral activity. [provided by RefSeq, Nov 2014]",,SLPI,http://edrn.jpl.nasa.gov/bmdb/biomarkers/view/67,P03973
BM01116,SMA4,genomic,Ovary,2,"GUSBP14, also commonly known as SMA4 or SMA3, is a pseudogene.",,SMA4,http://edrn.jpl.nasa.gov/bmdb/biomarkers/view/1006,
BM01117,SMRP,proteomic,"Lung, Ovary",4,"Soluble mesothelin-related protein (SMRP) is related to the mesothelin family of molecules.  It is overexpressed in ovarian cancer, malignant pleural mesothelioma (MPM), and certain other cancers.  One hypothesis for the origin of SMRP is that this mesothelin-like molecule was released from tumor cells into culture supernatants, sera, and malignant effusions from certain tumors.  Another hypothesis is that SMRP is actually a proteolytically cleaved fragment of membrane-bound mesothelin.  Currently SMRP is considered to be an isoform of mesothelin (MSLN).  UniprotKB/SwissProt lists isoform 3 of human mesothelin (identifier Q13421-2) as SMRP.",,SMRP,http://edrn.jpl.nasa.gov/bmdb/biomarkers/view/28,
BM01118,SNRPA1,proteomic,Breast,2,SNRPA1 is a nuclear protein associated with sn-RNP U2. It helps the A' protein to bind stem loop IV of U2 snRNA. SNRPA1 has four LRR (leucine-rich) repeats and one LRRCT domain.,,SNRPA1,http://edrn.jpl.nasa.gov/bmdb/biomarkers/view/951,P09661
BM01119,SNX7,proteomic,Breast,2,"From NCBI Gene: This gene encodes a member of the sorting nexin family. Members of this family contain a phox (PX) domain, which is a phosphoinositide binding domain, and are involved in intracellular trafficking. This protein does not contain a coiled coil region like some family members, and its exact function is unknown. Alternative splicing results in multiple transcript variants. A related pseudogene has been identified on chromosome 11. [provided by RefSeq, Jun 2010]",,SNX7,http://edrn.jpl.nasa.gov/bmdb/biomarkers/view/1362,Q9UNH6
BM01120,SOCS3,genomic,Prostate,1,"From NCBI Gene: This gene encodes a member of the STAT-induced STAT inhibitor (SSI), also known as suppressor of cytokine signaling (SOCS), family. SSI family members are cytokine-inducible negative regulators of cytokine signaling. The expression of this gene is induced by various cytokines, including IL6, IL10, and interferon (IFN)-gamma. The protein encoded by this gene can bind to JAK2 kinase, and inhibit the activity of JAK2 kinase. Studies of the mouse counterpart of this gene suggested the roles of this gene in the negative regulation of fetal liver hematopoiesis, and placental development. [provided by RefSeq, Jul 2008]",,SOCS3,http://edrn.jpl.nasa.gov/bmdb/biomarkers/view/830,O14543
BM01121,SOD1,genomic,Lung,2,"SOD1, superoxide dismutase, is one of two isozymes that destroy free superoxide radicals that are normally produced within the cells and which are toxic to biological systems.  The SOD1 isozyme is a soluble homodimer found in the cytoplasm.  It converts naturally-occuring but harmful superoxide radicals to molecular oxygen and hydrogen peroxide. The other isozyme is a mitochondrial protein. Defects in SOD1 are the cause of amyotrophic lateral sclerosis type 1, a familial form of amyotrophic lateral sclerosis.",,SOD1,http://edrn.jpl.nasa.gov/bmdb/biomarkers/view/493,P00441
BM01122,SOD2,proteomic,Breast,1,"From NCBI Gene: This gene is a member of the iron/manganese superoxide dismutase family. It encodes a mitochondrial protein that forms a homotetramer and binds one manganese ion per subunit. This protein binds to the superoxide byproducts of oxidative phosphorylation and converts them to hydrogen peroxide and diatomic oxygen. Mutations in this gene have been associated with idiopathic cardiomyopathy (IDC), premature aging, sporadic motor neuron disease, and cancer. Alternative splicing of this gene results in multiple transcript variants. A related pseudogene has been identified on chromosome 1. [provided by RefSeq, Apr 2016]",,SOD2,http://edrn.jpl.nasa.gov/bmdb/biomarkers/view/1582,P04179
BM01123,SOD3,proteomic,Ovary,2,"From NCBI Gene: This gene encodes a member of the superoxide dismutase (SOD) protein family. SODs are antioxidant enzymes that catalyze the conversion of superoxide radicals into hydrogen peroxide and oxygen, which may protect the brain, lungs, and other tissues from oxidative stress. Proteolytic processing of the encoded protein results in the formation of two distinct homotetramers that differ in their ability to interact with the extracellular matrix (ECM). Homotetramers consisting of the intact protein, or type C subunit, exhibit high affinity for heparin and are anchored to the ECM. Homotetramers consisting of a proteolytically cleaved form of the protein, or type A subunit, exhibit low affinity for heparin and do not interact with the ECM. A mutation in this gene may be associated with increased heart disease risk. [provided by RefSeq, Oct 2015]",,SOD3,http://edrn.jpl.nasa.gov/bmdb/biomarkers/view/218,P08294
BM01124,Somalogic 12 marker panel for lung cancer,proteomic,Lung,2,"From PMID 21170350: The sensitivity and specificity of our 12-biomarker panel improves upon published protein and gene expression panels.  The 12-protein panel consists of cadherin-1 (CDH1), CD30 ligand (TNFSF8), endostatin, HSP90a, LRIG3, MIP-4 (CCL18), pleiotrophin, PRKCI, RGM-C (HFE2), SCF-sR (KIT), sL-selectin (SELL), and YES. The panel discriminates NSCLC from controls with 91% sensitivity and 84% specificity in cross-validated training and 89% sensitivity and 83% specificity in a separate verification set, with similar performance for early and late stage NSCLC.",,,http://edrn.jpl.nasa.gov/bmdb/biomarkers/view/972,
BM01125,SomaLogic 7 marker panel for lung cancer,proteomic,Lung,3,,,,http://edrn.jpl.nasa.gov/bmdb/biomarkers/view/1271,
BM01126,SOST,proteomic,Breast,3,"From NCBI Gene: Sclerostin is a secreted glycoprotein with a C-terminal cysteine knot-like (CTCK) domain and sequence similarity to the DAN (differential screening-selected gene aberrative in neuroblastoma) family of bone morphogenetic protein (BMP) antagonists. Loss-of-function mutations in this gene are associated with an autosomal-recessive disorder, sclerosteosis, which causes progressive bone overgrowth. A deletion downstream of this gene, which causes reduced sclerostin expression, is associated with a milder form of the disorder called van Buchem disease. [provided by RefSeq, Jul 2008]",,SOST,http://edrn.jpl.nasa.gov/bmdb/biomarkers/view/1071,Q9BQB4
BM01127,SOX10,genomic,Prostate,1,"From NCBI Gene: This gene encodes a member of the SOX (SRY-related HMG-box) family of transcription factors involved in the regulation of embryonic development and in the determination of the cell fate. The encoded protein may act as a transcriptional activator after forming a protein complex with other proteins. This protein acts as a nucleocytoplasmic shuttle protein and is important for neural crest and peripheral nervous system development. Mutations in this gene are associated with Waardenburg-Shah and Waardenburg-Hirschsprung disease. [provided by RefSeq, Jul 2008]",,SOX10,http://edrn.jpl.nasa.gov/bmdb/biomarkers/view/831,P56693
BM01128,SOX17,proteomic,Pancreas,2,"From NCBI Gene: This gene encodes a member of the SOX (SRY-related HMG-box) family of transcription factors involved in the regulation of embryonic development and in the determination of the cell fate. The encoded protein may act as a transcriptional regulator after forming a protein complex with other proteins. [provided by RefSeq, Jul 2008]",,SOX17,http://edrn.jpl.nasa.gov/bmdb/biomarkers/view/1115,Q9H6I2
BM01129,SOX17 methylation loci,proteomic,Lung,3,Biomarker for the early detection of lung cancer in the setting of indeterminate pulmonary nodules.,,,http://edrn.jpl.nasa.gov/bmdb/biomarkers/view/1301,
BM01130,SOX2,proteomic,"Breast, Lung",1,"From NCBI Gene: This intronless gene encodes a member of the SRY-related HMG-box (SOX) family of transcription factors involved in the regulation of embryonic development and in the determination of cell fate. The product of this gene is required for stem-cell maintenance in the central nervous system, and also regulates gene expression in the stomach. Mutations in this gene have been associated with optic nerve hypoplasia and with syndromic microphthalmia, a severe form of structural eye malformation. This gene lies within an intron of another gene called SOX2 overlapping transcript (SOX2OT). [provided by RefSeq, Jul 2008]",,SOX2,http://edrn.jpl.nasa.gov/bmdb/biomarkers/view/506,P48431
BM01131,SPACA9,genomic,Prostate,1,"From NCBI Gene: Predicted to enable calcium-dependent protein binding activity. Located in cytoplasmic microtubule. [provided by Alliance of Genome Resources, Nov 2021]",,SPACA9,http://edrn.jpl.nasa.gov/bmdb/biomarkers/view/587,Q96E40
BM01132,SPARC,proteomic,Prostate,1,"From NCBI Gene: This gene encodes a cysteine-rich acidic matrix-associated protein. The encoded protein is required for the collagen in bone to become calcified but is also involved in extracellular matrix synthesis and promotion of changes to cell shape. The gene product has been associated with tumor suppression but has also been correlated with metastasis based on changes to cell shape which can promote tumor cell invasion. Three transcript variants encoding different isoforms have been found for this gene. [provided by RefSeq, Jun 2015]",,SPARC,http://edrn.jpl.nasa.gov/bmdb/biomarkers/view/1466,P09486
BM01133,SPARC2,proteomic,Breast,3,,,SPARC2,http://edrn.jpl.nasa.gov/bmdb/biomarkers/view/1261,
BM01134,SPARCL1,proteomic,Breast,1,"From NCBI Gene: Predicted to enable calcium ion binding activity; collagen binding activity; and extracellular matrix binding activity. Predicted to be involved in anatomical structure development and regulation of synapse organization. Located in extracellular space. [provided by Alliance of Genome Resources, Apr 2022]",,SPARCL1,http://edrn.jpl.nasa.gov/bmdb/biomarkers/view/1583,Q14515
BM01135,SPDEF AAb,proteomic,Breast,2,,,SPDEF-AAB,http://edrn.jpl.nasa.gov/bmdb/biomarkers/view/1364,
BM01136,SPINK1,genomic,Prostate,1,"SPINK1 is a trypsin inhibitor, which is secreted from pancreatic acinar cells into pancreatic juice.  Its physiological function is to prevent the trypsin-catalyzed premature activation of zymogens within the pancreas.  Mutations in SPINK1 are associated with hereditary pancreatitis and tropical calcific pancreatitis.",,SPINK1,http://edrn.jpl.nasa.gov/bmdb/biomarkers/view/545,P00995
BM01137,SPINT2,proteomic,Ovary,2,"From NCBI Gene: This gene encodes a transmembrane protein with two extracellular Kunitz domains that inhibits a variety of serine proteases. The protein inhibits HGF activator which prevents the formation of active hepatocyte growth factor. This gene is a putative tumor suppressor, and mutations in this gene result in congenital sodium diarrhea. Multiple transcript variants encoding different isoforms have been found for this gene. [provided by RefSeq, Oct 2009]",,SPINT2,http://edrn.jpl.nasa.gov/bmdb/biomarkers/view/171,O43291
BM01138,Spira 80 marker panel plus clinical factors,genomic,Lung,1,This clinicogenomic model incorporates the gene expression pattern of histologcially normal large airway epithelial cells collected at time of bronchoscopy (see 'Spira 80-marker panel for lung cancer') with clinical parameters about lung cancer risk.,,,http://edrn.jpl.nasa.gov/bmdb/biomarkers/view/549,
BM01139,SPON1,proteomic,Ovary,2,"From NCBI Gene: Predicted to be an extracellular matrix structural constituent. Predicted to be involved in cell adhesion. Predicted to act upstream of or within positive regulation of protein binding activity; positive regulation of protein processing; and regulation of amyloid precursor protein catabolic process. Located in extracellular space. Colocalizes with collagen-containing extracellular matrix. [provided by Alliance of Genome Resources, Apr 2022]",,SPON1,http://edrn.jpl.nasa.gov/bmdb/biomarkers/view/219,Q9HCB6
BM01140,SPON2,proteomic,"Colon, Ovary, Prostate",3,"SPON2, also known as spondin-2, is a cell adhesion protein that promotes adhesion and outgrowth of hippocampal embryonic neurons. It binds directly to bacteria and their components and functions as an opsonin for macrophage phagocytosis of bacteria. Spondin-2 is essential in the initiation of the innate immune response and represents a unique pattern-recognition molecule in the extacellular matrix for microbial pathogens. Spondin-2 also binds bacterial lipopolysaccharide.",,SPON2,http://edrn.jpl.nasa.gov/bmdb/biomarkers/view/71,Q9BUD6
BM01141,SPP2,proteomic,Ovary,2,SPP2 is a secreted phosphoprotein that is a member of the cystatin superfamily.  It is detected in liver and plasma.,,SPP2,http://edrn.jpl.nasa.gov/bmdb/biomarkers/view/220,Q13103
BM01142,SQOR,genomic,Prostate,1,"From NCBI Gene: The protein encoded by this gene may function in mitochondria to catalyze the conversion of sulfide to persulfides, thereby decreasing toxic concencrations of sulfide. Alternative splicing results in multiple transcript variants that encode the same protein. [provided by RefSeq, Sep 2012]",,SQOR,http://edrn.jpl.nasa.gov/bmdb/biomarkers/view/832,Q9Y6N5
BM01143,SRD5A3,genomic,Prostate,1,"From NCBI Gene: The protein encoded by this gene belongs to the steroid 5-alpha reductase family, and polyprenol reductase subfamily. It is involved in the production of androgen 5-alpha-dihydrotestosterone (DHT) from testosterone, and maintenance of the androgen-androgen receptor activation pathway. This protein is also necessary for the conversion of polyprenol into dolichol, which is required for the synthesis of dolichol-linked monosaccharides and the oligosaccharide precursor used for N-linked glycosylation of proteins. Mutations in this gene are associated with congenital disorder of glycosylation type Iq. [provided by RefSeq, Mar 2011]",,SRD5A3,http://edrn.jpl.nasa.gov/bmdb/biomarkers/view/833,Q9H8P0
BM01144,SRP54,proteomic,Breast,2,"SRP54, or signal recognition particle 54kDa, contains a 7S RNA molecule of 300 nucleotides and six protein subunits.  SRP54 binds to the signal sequence of presecretory proteins as they emerge from the ribosomes and transfers them to a translocating chain-associating membrane protein.",,SRP54,http://edrn.jpl.nasa.gov/bmdb/biomarkers/view/952,P61011
BM01145,SRP72,genomic,Prostate,1,"From NCBI Gene: This gene encodes the 72 kDa subunit of the signal recognition particle (SRP), a ribonucleoprotein complex that mediates the targeting of secretory proteins to the endoplasmic reticulum (ER). The SRP complex consists of a 7S RNA and 6 protein subunits: SRP9, SRP14, SRP19, SRP54, SRP68, and SRP72, that are bound to the 7S RNA as monomers or heterodimers. SRP has at least 3 distinct functions that can be associated with the protein subunits: signal recognition, translational arrest, and ER membrane targeting by interaction with the docking protein. Mutations in this gene are associated with familial bone marrow failure. Alternatively spliced transcript variants encoding different isoforms have been found for this gene. [provided by RefSeq, Jun 2012]",,SRP72,http://edrn.jpl.nasa.gov/bmdb/biomarkers/view/834,O76094
BM01146,SRSF8,genomic,Prostate,1,"From NCBI Gene: This gene encodes a member of a family of proteins containing a ribonucleoprotein (RNP)-type RNA binding motif and a carboxyl-terminal arginine-serine-rich (RS) domain. The encoded protein functions as a pre-mRNA splicing factor. There is a pseudogene for this gene on chromosome 7. Alternative splicing results in multiple transcript variants. [provided by RefSeq, Jun 2013]",,SRSF8,http://edrn.jpl.nasa.gov/bmdb/biomarkers/view/813,Q9BRL6
BM01147,SSBP1,proteomic,Breast,2,"SSBP1 is a housekeeping gene that is thought to be involved in mitochondrial DNA replication.  SSBP1, or single-stranded DNA-binding protein binds to single stranded DNA.  It is also a subunit of a single-stranded DNA (ssDNA)-binding complex involved in the maintenance of genome stability.",,SSBP1,http://edrn.jpl.nasa.gov/bmdb/biomarkers/view/953,Q04837
BM01148,SST,genomic,Esophagus,3,"The hormone somatostatin (SST) has active 14 aa and 28 aa forms that are produced by alternate cleavage of the single preproprotein encoded by this gene. Somatostatin is expressed throughout the body and inhibits the release of numerous secondary hormones by binding to high-affinity G-protein-coupled somatostatin receptors. This hormone is an important regulator of the endocrine system through its interactions with pituitary growth hormone, thyroid stimulating hormone, and most hormones of the gastrointestinal tract. Somatostatin also affects rates of neurotransmission in the central nervous system and proliferation of both normal and tumorigenic cells. The promoter of somatostatin, a primary inhibitor of gastrin-stimulated gastric acid secretion, is hypermethylated in 80% of human colon cancers. A synthetic analog of SST, known as octreotide or SMS 201-995, is available under the name Sandostatin (Novartis). It is used for the treatment of a variety of disorders including acromegaly and the symptomatic treatment of carcinoid tumors and vasoactive intestinal peptide tumors.",,SST,http://edrn.jpl.nasa.gov/bmdb/biomarkers/view/51,P61278
BM01149,ST13,proteomic,Ovary,2,"From NCBI Gene: The protein encoded by this gene is an adaptor protein that mediates the association of the heat shock proteins HSP70 and HSP90. This protein has been shown to be involved in the assembly process of glucocorticoid receptor, which requires the assistance of multiple molecular chaperones. The expression of this gene is reported to be downregulated in colorectal carcinoma tissue suggesting that it is a candidate tumor suppressor gene. Alternative splicing results in multiple transcript variants encoding different isoforms. [provided by RefSeq, Jun 2013]",,ST13,http://edrn.jpl.nasa.gov/bmdb/biomarkers/view/221,P50502
BM01150,ST14,proteomic,"Ovary, Prostate",2,"From NCBI Gene: The protein encoded by this gene is an epithelial-derived, integral membrane serine protease. This protease forms a complex with the Kunitz-type serine protease inhibitor, HAI-1, and is found to be activated by sphingosine 1-phosphate. This protease has been shown to cleave and activate hepatocyte growth factor/scattering factor, and urokinase plasminogen activator, which suggest the function of this protease as an epithelial membrane activator for other proteases and latent growth factors. The expression of this protease has been associated with breast, colon, prostate, and ovarian tumors, which implicates its role in cancer invasion, and metastasis. [provided by RefSeq, Jul 2008]",,ST14,http://edrn.jpl.nasa.gov/bmdb/biomarkers/view/395,Q9Y5Y6
BM01151,STAT1,genomic,Prostate,1,"From NCBI Gene: The protein encoded by this gene is a member of the STAT protein family. In response to cytokines and growth factors, STAT family members are phosphorylated by the receptor associated kinases, and then form homo- or heterodimers that translocate to the cell nucleus where they act as transcription activators. This protein can be activated by various ligands including interferon-alpha, interferon-gamma, EGF, PDGF and IL6. This protein mediates the expression of a variety of genes, which is thought to be important for cell viability in response to different cell stimuli and pathogens. Two alternatively spliced transcript variants encoding distinct isoforms have been described. [provided by RefSeq, Jul 2008]",,STAT1,http://edrn.jpl.nasa.gov/bmdb/biomarkers/view/836,P42224
BM01152,STAT2,genomic,Prostate,1,"From NCBI Gene: The protein encoded by this gene is a member of the STAT protein family. In response to cytokines and growth factors, STAT family members are phosphorylated by the receptor associated kinases, and then form homo- or heterodimers that translocate to the cell nucleus where they act as transcription activators. In response to interferon (IFN), this protein forms a complex with STAT1 and IFN regulatory factor family protein p48 (ISGF3G), in which this protein acts as a transactivator, but lacks the ability to bind DNA directly. Transcription adaptor P300/CBP (EP300/CREBBP) has been shown to interact specifically with this protein, which is thought to be involved in the process of blocking IFN-alpha response by adenovirus. Multiple transcript variants encoding different isoforms have been found for this gene. [provided by RefSeq, Mar 2010]",,STAT2,http://edrn.jpl.nasa.gov/bmdb/biomarkers/view/837,P52630
BM01153,STAT5(pY694),proteomic,Breast,2,,,STAT5PY694,http://edrn.jpl.nasa.gov/bmdb/biomarkers/view/1365,
BM01154,STAT6,proteomic,Breast,2,STAT6 is a member of the STAT family of transcription factors. STAT family members are phosphorylated by the receptor associated kinases in response to cytokines and growth factors and are involved in signal transduction and activation of transcription.  There are several transcript variants produced by alternative splicing.,,STAT6,http://edrn.jpl.nasa.gov/bmdb/biomarkers/view/954,P42226
BM01155,STBD1,genomic,Prostate,1,"From NCBI Gene: Enables enzyme binding activity and glycogen binding activity. Involved in glycophagy and intracellular transport. Located in T-tubule; endoplasmic reticulum; and perinuclear region of cytoplasm. Is integral component of plasma membrane. [provided by Alliance of Genome Resources, Nov 2021]",,STBD1,http://edrn.jpl.nasa.gov/bmdb/biomarkers/view/838,O95210
BM01156,STEAP4,genomic,Prostate,1,"From NCBI Gene: The protein encoded by this gene belongs to the STEAP (six transmembrane epithelial antigen of prostate) family, and resides in the golgi apparatus. It functions as a metalloreductase that has the ability to reduce both Fe(3+) to Fe(2+) and Cu(2+) to Cu(1+), using NAD(+) as acceptor. Studies in mice and human suggest that this gene maybe involved in adipocyte development and metabolism, and may contribute to the normal biology of the prostate cell, as well as prostate cancer progression. Alternatively spliced transcript variants encoding different isoforms have been found for this gene. [provided by RefSeq, Apr 2011]",,STEAP4,http://edrn.jpl.nasa.gov/bmdb/biomarkers/view/839,Q687X5
BM01157,STK10,genomic,Pancreas,2,"From NCBI Gene: This gene encodes a member of the Ste20 family of serine/threonine protein kinases, and is similar to several known polo-like kinase kinases. The protein can associate with and phosphorylate polo-like kinase 1, and overexpression of a kinase-dead version of the protein interferes with normal cell cycle progression. The kinase can also negatively regulate interleukin 2 expression in T-cells via the mitogen activated protein kinase kinase 1 pathway. [provided by RefSeq, Jul 2008]",,STK10,http://edrn.jpl.nasa.gov/bmdb/biomarkers/view/1207,O94804
BM01158,STK16 0.13,proteomic,Breast,2,,,STK16-013,http://edrn.jpl.nasa.gov/bmdb/biomarkers/view/1366,
BM01159,STK38L,genomic,Prostate,1,"From NCBI Gene: Enables ATP binding activity; magnesium ion binding activity; and protein serine/threonine kinase activity. Involved in intracellular signal transduction. Acts upstream of or within protein phosphorylation. Located in cytosol. [provided by Alliance of Genome Resources, Nov 2021]",,STK38L,http://edrn.jpl.nasa.gov/bmdb/biomarkers/view/840,Q9Y2H1
BM01160,STOM,genomic,"Breast, Prostate",2,"STOM, or stomatin, is an integral membrane protein located in the cell membrane of red blood cells and other cell types, where it is thought to regulate ion channels and transporters. Multiple transcript variants are produced by alternative splicing.",,STOM,http://edrn.jpl.nasa.gov/bmdb/biomarkers/view/841,P27105
BM01161,STOML2,proteomic,Breast,2,"STOML2, also known as SLP-2 or stomatin-like 2, is a mitochondrial protein that is thought to  regulate the biogenesis and the activity of mitochondria, and through this regulation play a role in cell activities such as cell migration, cell proliferation, T-cell activation, calcium homeostasis and cellular response to stress.",,STOML2,http://edrn.jpl.nasa.gov/bmdb/biomarkers/view/956,Q9UJZ1
BM01162,STT3A,genomic,Prostate,1,"From NCBI Gene: The protein encoded by this gene is a catalytic subunit of the N-oligosaccharyltransferase (OST) complex, which functions in the endoplasmic reticulum to transfer glycan chains to asparagine residues of target proteins. A separate complex containing a similar catalytic subunit with an overlapping function also exists. Multiple transcript variants encoding different isoforms have been found for this gene. [provided by RefSeq, Aug 2015]",,STT3A,http://edrn.jpl.nasa.gov/bmdb/biomarkers/view/842,P46977
BM01163,STYXL1,genomic,Prostate,1,"From NCBI Gene: Enables protein phosphatase binding activity; protein phosphatase inhibitor activity; and pseudophosphatase activity. Involved in several processes, including negative regulation of phosphoprotein phosphatase activity; negative regulation of stress granule assembly; and positive regulation of intrinsic apoptotic signaling pathway. Located in mitochondrion. [provided by Alliance of Genome Resources, Nov 2021]",,STYXL1,http://edrn.jpl.nasa.gov/bmdb/biomarkers/view/843,Q9Y6J8
BM01164,SULT2B1,genomic,Prostate,1,"From NCBI Gene: Sulfotransferase enzymes catalyze the sulfate conjugation of many hormones, neurotransmitters, drugs, and xenobiotic compounds. These cytosolic enzymes are different in their tissue distributions and substrate specificities. The gene structure (number and length of exons) is similar among family members. This gene sulfates dehydroepiandrosterone but not 4-nitrophenol, a typical substrate for the phenol and estrogen sulfotransferase subfamilies. Two alternatively spliced variants that encode different isoforms have been described. [provided by RefSeq, Jul 2008]",,SULT2B1,http://edrn.jpl.nasa.gov/bmdb/biomarkers/view/844,O00204
BM01165,SUSD5,genomic,Prostate,1,"From NCBI Gene: Predicted to enable hyaluronic acid binding activity. Predicted to be involved in Notch signaling pathway. Predicted to be integral component of membrane. [provided by Alliance of Genome Resources, Nov 2021]",,SUSD5,http://edrn.jpl.nasa.gov/bmdb/biomarkers/view/845,O60279
BM01166,SVIL,genomic,Prostate,1,"From NCBI Gene: This gene encodes a bipartite protein with distinct amino- and carboxy-terminal domains. The amino-terminus contains nuclear localization signals and the carboxy-terminus contains numerous consecutive sequences with extensive similarity to proteins in the gelsolin family of actin-binding proteins, which cap, nucleate, and/or sever actin filaments. The gene product is tightly associated with both actin filaments and plasma membranes, suggesting a role as a high-affinity link between the actin cytoskeleton and the membrane. The encoded protein appears to aid in both myosin II assembly during cell spreading and disassembly of focal adhesions. Several transcript variants encoding different isoforms of supervillin have been described. [provided by RefSeq, Apr 2016]",,SVIL,http://edrn.jpl.nasa.gov/bmdb/biomarkers/view/846,O95425
BM01167,SW1 (mAb),proteomic,Lung,2,SW1 monoclonal antibody biomarker,,SW1-MAB,http://edrn.jpl.nasa.gov/bmdb/biomarkers/view/1284,
BM01168,SW2 (mAb),proteomic,Lung,2,SW2 monoclonal antibody biomarker,,SW2-MAB,http://edrn.jpl.nasa.gov/bmdb/biomarkers/view/1285,
BM01169,SW3 (mAb),proteomic,Lung,2,SW3 monoclonal antibody biomarker,,SW3-MAB,http://edrn.jpl.nasa.gov/bmdb/biomarkers/view/1286,
BM01170,SW4 (mAb),proteomic,Lung,2,SW4 monoclonal antibody biomarker,,SW4-MAB,http://edrn.jpl.nasa.gov/bmdb/biomarkers/view/1287,
BM01171,SYCN,proteomic,Pancreas,2,From UniProtKB/Swiss-Prot: Functions in exocytosis in pancreatic acinar cells regulating the fusion of zymogen granules with each other. May have a pore-forming activity on membranes and regulate exocytosis in other exocrine tissues (By similarity).,,SYCN,http://edrn.jpl.nasa.gov/bmdb/biomarkers/view/1238,Q0VAF6
BM01172,SYDE1,genomic,Prostate,1,"From NCBI Gene: The protein encoded by this gene is a Rho GTPase-activating protein highly expressed in placenta. The encoded protein is involved in cytoskeletal remodeling and trophoblast cell migration. Decreased expression of this gene has been associated with intrauterine growth restriction (IUGR). [provided by RefSeq, Feb 2017]",,SYDE1,http://edrn.jpl.nasa.gov/bmdb/biomarkers/view/847,Q6ZW31
BM01173,SYNE3,genomic,Prostate,1,"From NCBI Gene: Enables actin filament binding activity and cytoskeleton-nuclear membrane anchor activity. Involved in cytoskeleton organization; establishment of protein localization to membrane; and regulation of cell shape. Located in nuclear membrane. Part of meiotic nuclear membrane microtubule tethering complex. Biomarker of Huntington's disease. [provided by Alliance of Genome Resources, Nov 2021]  
				From UniProtKB/Swiss-Prot: As a component of the LINC (LInker of Nucleoskeleton and Cytoskeleton) complex involved in the connection between the nuclear lamina and the cytoskeleton. The nucleocytoplasmic interactions established by the LINC complex play an important role in the transmission of mechanical forces across the nuclear envelope and in nuclear movement and positioning. Probable anchoring protein which tethers the nucleus to the cytoskeleton by binding PLEC which can associate with the intermediate filament system. Plays a role in the regulation of aortic epithelial cell morphology, and is required for flow-induced centrosome polarization and directional migration in aortic endothelial cells.",,SYNE3,http://edrn.jpl.nasa.gov/bmdb/biomarkers/view/581,Q6ZMZ3
BM01174,SYNGR1,genomic,Prostate,1,"From NCBI Gene: This gene encodes an integral membrane protein associated with presynaptic vesicles in neuronal cells. The exact function of this protein is unclear, but studies of a similar murine protein suggest that it functions in synaptic plasticity without being required for synaptic transmission. The gene product belongs to the synaptogyrin gene family. Three alternatively spliced variants encoding three different isoforms have been identified. [provided by RefSeq, Jul 2008]",,SYNGR1,http://edrn.jpl.nasa.gov/bmdb/biomarkers/view/848,O43759
BM01175,SYNM,proteomic,Breast,2,"From NCBI Gene: The protein encoded by this gene is an intermediate filament (IF) family member. IF proteins are cytoskeletal proteins that confer resistance to mechanical stress and are encoded by a dispersed multigene family. This protein has been found to form a linkage between desmin, which is a subunit of the IF network, and the extracellular matrix, and provides an important structural support in muscle. Two alternatively spliced variants encoding different isoforms have been described for this gene. [provided by RefSeq, Jul 2008]",,SYNM,http://edrn.jpl.nasa.gov/bmdb/biomarkers/view/1148,O15061
BM01176,T7 (25 markers),proteomic,Lung,2,,,T7-25-MARKERS,http://edrn.jpl.nasa.gov/bmdb/biomarkers/view/1423,
BM01177,TAC1,genomic,Esophagus,3,"The tachykinin gene encodes four products of the tachykinin peptide hormone family, substance P and neurokinin A, as well as the related peptides, neuropeptide K and neuropeptide gamma. These active peptides are thought to function as neurotransmitters which interact with nerve receptors and smooth muscle cells. They are known to induce behavioral responses and function as vasodilators and secretagogues, and contract (directly or indirectly) many smooth muscles. Multiple transcript variants encoding different isoforms have been found for this gene.",,TAC1,http://edrn.jpl.nasa.gov/bmdb/biomarkers/view/47,P20366
BM01178,TAC1 methylation loci,proteomic,Lung,3,Biomarker for the early detection of lung cancer in the setting of indeterminate pulmonary nodules.,,,http://edrn.jpl.nasa.gov/bmdb/biomarkers/view/1302,
BM01179,TAF1L,proteomic,Breast,2,"From NCBI Gene: This locus is intronless, and apparently arose in the primate lineage from retrotransposition of the transcript from the multi-exon TAF1 locus on the X chromosome. The gene is expressed in male germ cells, and the product has been shown to function interchangeably with the TAF1 product. [provided by RefSeq, Aug 2015]",,TAF1L,http://edrn.jpl.nasa.gov/bmdb/biomarkers/view/1367,Q8IZX4
BM01180,TAGLN2,proteomic,"Breast, Ovary",2,"From NCBI Gene: The protein encoded by this gene is similar to the protein transgelin, which is one of the earliest markers of differentiated smooth muscle. The specific function of this protein has not yet been determined, although it is thought to be a tumor suppressor. Multiple transcript variants encoding different isoforms have been found for this gene. [provided by RefSeq, Mar 2013]",,TAGLN2,http://edrn.jpl.nasa.gov/bmdb/biomarkers/view/134,P37802
BM01181,Tanaka Circulating Tumor Cells (CTCs),proteomic,Lung,1,Circulating tumor cells (CTC) can be found and quantitatively evaluated with a semiautomated system (CellSearch) in patients with primary lung cancer.  CTC count is a useful diagnostic marker to predict development of distant metastasis.,,,http://edrn.jpl.nasa.gov/bmdb/biomarkers/view/419,
BM01182,TAS2R8 AAb,proteomic,Breast,2,,,TAS2R8-AAB,http://edrn.jpl.nasa.gov/bmdb/biomarkers/view/1368,
BM01183,TBXA2R,genomic,Prostate,1,"From NCBI Gene: This gene encodes a member of the G protein-coupled receptor family. The protein interacts with thromboxane A2 to induce platelet aggregation and regulate hemostasis. A mutation in this gene results in a bleeding disorder. Multiple transcript variants encoding different isoforms have been found for this gene. [provided by RefSeq, Oct 2009]",,TBXA2R,http://edrn.jpl.nasa.gov/bmdb/biomarkers/view/849,P21731
BM01184,TCEAL2,genomic,Prostate,1,"From NCBI Gene: This gene encodes a member of the transcription elongation factor A (SII)-like (TCEAL) gene family. Members of this family contain TFA domains and may function as nuclear phosphoproteins that modulate transcription in a promoter context-dependent manner. Multiple family members are located on the X chromosome. [provided by RefSeq, Jul 2008]",,TCEAL2,http://edrn.jpl.nasa.gov/bmdb/biomarkers/view/850,Q9H3H9
BM01185,TCF21,genomic,"Lung, Prostate",3,"From NCBI Gene: TCF21 encodes a transcription factor of the basic helix-loop-helix family. The TCF21 product is mesoderm specific, and expressed in embryonic epicardium, mesenchyme-derived tissues of lung, gut, gonad, and both mesenchymal and glomerular epithelial cells in the kidney. Two transcript variants encoding the same protein have been found for this gene. [provided by RefSeq, Jul 2008]",,TCF21,http://edrn.jpl.nasa.gov/bmdb/biomarkers/view/109,O43680
BM01186,TEK,proteomic,Breast,3,"From NCBI Gene: This gene encodes a receptor that belongs to the protein tyrosine kinase Tie2 family. The encoded protein possesses a unique extracellular region that contains two immunoglobulin-like domains, three epidermal growth factor (EGF)-like domains and three fibronectin type III repeats. The ligand angiopoietin-1 binds to this receptor and mediates a signaling pathway that functions in embryonic vascular development. Mutations in this gene are associated with inherited venous malformations of the skin and mucous membranes. Alternative splicing results in multiple transcript variants. Additional alternatively spliced transcript variants of this gene have been described, but their full-length nature is not known. [provided by RefSeq, Feb 2014]",,TEK,http://edrn.jpl.nasa.gov/bmdb/biomarkers/view/1072,Q02763
BM01187,Telomerase,proteomic,Pancreas,2,From NCI Thesaurus: A reverse transcriptase responsible for maintaining the telomere length of replicating cells. Telomerase recognizes a telomere-specific GC rich sequence and adds telomeric repeats by using and RNA template.,,TELOMERASE,http://edrn.jpl.nasa.gov/bmdb/biomarkers/view/1440,
BM01188,TESK1 AAb,proteomic,Breast,2,,,TESK1-AAB,http://edrn.jpl.nasa.gov/bmdb/biomarkers/view/1369,
BM01189,TF,proteomic,"Breast, Ovary, Prostate",3,"TF, or transferrin, a glycoprotein with an approximate molecular weight of 76.5 kDa, is thought to have been created as a result of an ancient gene duplication event that led to generation of homologous C and N-terminal domains each of which binds one ion of ferric iron. The function of this protein is to transport iron from the intestine, reticuloendothelial system, and liver parenchymal cells to all proliferating cells in the body. This protein may also have a physiologic role as granulocyte/pollen-binding protein (GPBP) involved in the removal of certain organic matter and allergens from serum.",,TF,http://edrn.jpl.nasa.gov/bmdb/biomarkers/view/73,P02787
BM01190,TFAP2A AAb,proteomic,Breast,2,,,TFAP2A-AAB,http://edrn.jpl.nasa.gov/bmdb/biomarkers/view/1370,
BM01191,TFCP2,proteomic,Breast,1,"From NCBI Gene: This gene encodes a transcription factor that binds the alpha-globin promoter and activates transcription of the alpha-globin gene. The encoded protein regulates erythroid gene expression, plays a role in the transcriptional switch of globin gene promoters, and it activates many other cellular and viral gene promoters. The gene product interacts with certain inflammatory response factors, and polymorphisms of this gene may be involved in the pathogenesis of Alzheimer's disease. [provided by RefSeq, Mar 2010]",,TFCP2,http://edrn.jpl.nasa.gov/bmdb/biomarkers/view/534,Q12800
BM01192,TFE3,genomic,Prostate,1,"From NCBI Gene: This gene encodes a basic helix-loop-helix domain-containing transcription factor that binds MUE3-type E-box sequences in the promoter of genes. The encoded protein promotes the expression of genes downstream of transforming growth factor beta (TGF-beta) signaling. This gene may be involved in chromosomal translocations in renal cell carcinomas and other cancers, resulting in the production of fusion proteins. Translocation partners include PRCC (papillary renal cell carcinoma), NONO (non-POU domain containing, octamer-binding), and ASPSCR1 (alveolar soft part sarcoma chromosome region, candidate 1), among other genes. Alternative splicing results in multiple transcript variants. [provided by RefSeq, Aug 2013]",,TFE3,http://edrn.jpl.nasa.gov/bmdb/biomarkers/view/851,P19532
BM01193,TFF3,genomic,"Breast, Prostate",1,"TFF3 is a member of the trefoil factor family.  The trefoil factors are secreted peptides produced by normal intestinal mucosa, characterized by having at least one copy of the trefoil motif, a 40-amino acid domain that contains three conserved disulfides.",,TFF3,http://edrn.jpl.nasa.gov/bmdb/biomarkers/view/546,Q07654
BM01194,TFPI,proteomic,"Lung, Pancreas",2,"This gene encodes a protease inhibitor that regulates the tissue factor (TF)-dependent pathway of blood coagulation. The coagulation process initiates with the formation of a factor VIIa-TF complex, which proteolytically activates additional proteases (factors IX and X) and ultimately leads to the formation of a fibrin clot. The product of this gene inhibits the activated factor X and VIIa-TF proteases in an autoregulatory loop. The encoded protein is glycosylated and predominantly found in the vascular endothelium and plasma in both free forms and complexed with plasma lipoproteins. Several alternatively spliced transcript variants of this gene have been described, but the full-length nature of some of these variants has not been confirmed. [provided by RefSeq, Jul 2008] (From NCBI Entrez Gene, June 2014)",,TFPI,http://edrn.jpl.nasa.gov/bmdb/biomarkers/view/1077,P10646
BM01195,TFRC,proteomic,Breast,2,"From NCBI Gene: This gene encodes a cell surface receptor necessary for cellular iron uptake by the process of receptor-mediated endocytosis. This receptor is required for erythropoiesis and neurologic development. Multiple alternatively spliced variants have been identified. [provided by RefSeq, Sep 2015]",,TFRC,http://edrn.jpl.nasa.gov/bmdb/biomarkers/view/1363,P02786
BM01196,TGFB1,proteomic,Prostate,1,"From NCBI Gene: This gene encodes a secreted ligand of the TGF-beta (transforming growth factor-beta) superfamily of proteins. Ligands of this family bind various TGF-beta receptors leading to recruitment and activation of SMAD family transcription factors that regulate gene expression. The encoded preproprotein is proteolytically processed to generate a latency-associated peptide (LAP) and a mature peptide, and is found in either a latent form composed of a mature peptide homodimer, a LAP homodimer, and a latent TGF-beta binding protein, or in an active form consisting solely of the mature peptide homodimer. The mature peptide may also form heterodimers with other TGFB family members. This encoded protein regulates cell proliferation, differentiation and growth, and can modulate expression and activation of other growth factors including interferon gamma and tumor necrosis factor alpha. This gene is frequently upregulated in tumor cells, and mutations in this gene result in Camurati-Engelmann disease. [provided by RefSeq, Aug 2016]",,TGFB1,http://edrn.jpl.nasa.gov/bmdb/biomarkers/view/1467,P01137
BM01197,TGFB1I1,genomic,Prostate,1,"From NCBI Gene: This gene encodes a coactivator of the androgen receptor, a transcription factor which is activated by androgen and has a key role in male sexual differentiation. The encoded protein is thought to regulate androgen receptor activity and may have a role to play in the treatment of prostate cancer. Multiple transcript variants encoding different isoforms have been found for this gene. [provided by RefSeq, Sep 2009]",,TGFB1I1,http://edrn.jpl.nasa.gov/bmdb/biomarkers/view/852,O43294
BM01198,TGFBI,proteomic,Breast,1,"From NCBI Gene: This gene encodes an RGD-containing protein that binds to type I, II and IV collagens. The RGD motif is found in many extracellular matrix proteins modulating cell adhesion and serves as a ligand recognition sequence for several integrins. This protein plays a role in cell-collagen interactions and may be involved in endochondrial bone formation in cartilage. The protein is induced by transforming growth factor-beta and acts to inhibit cell adhesion. Mutations in this gene are associated with multiple types of corneal dystrophy. [provided by RefSeq, Jul 2008]",,TGFBI,http://edrn.jpl.nasa.gov/bmdb/biomarkers/view/1584,Q15582
BM01199,TgII,proteomic,Breast,2,,,TGII,http://edrn.jpl.nasa.gov/bmdb/biomarkers/view/1270,
BM01200,TGM4,genomic,Prostate,1,"From NCBI Gene: Predicted to enable protein-glutamine gamma-glutamyltransferase activity. Predicted to be involved in peptide cross-linking. Predicted to act upstream of or within mating plug formation. Located in Golgi apparatus and collagen-containing extracellular matrix. [provided by Alliance of Genome Resources, Nov 2021]",,TGM4,http://edrn.jpl.nasa.gov/bmdb/biomarkers/view/853,P49221
BM01201,THBS1,proteomic,"Breast, Pancreas, Prostate",2,"TSP is an adhesive glycoprotein that mediates cell-to-cell and cell-to-matrix interactions. TSP can bind to fibrinogen, fibronectin, laminin, type V collagen and integrins alpha-V/beta-1. It has been shown to play roles in platelet aggregation, angiogenesis, and tumorigenesis.",,THBS1,http://edrn.jpl.nasa.gov/bmdb/biomarkers/view/54,P07996
BM01202,THOC1,genomic,Bladder,2,"From NCBI Gene: HPR1 is part of the TREX (transcription/export) complex, which includes TEX1 (MIM 606929), THO2 (MIM 300395), ALY (MIM 604171), and UAP56 (MIM 142560).[supplied by OMIM, Nov 2010]",,THOC1,http://edrn.jpl.nasa.gov/bmdb/biomarkers/view/1219,Q96FV9
BM01203,THRA,genomic,Prostate,1,"From NCBI Gene: The protein encoded by this gene is a nuclear hormone receptor for triiodothyronine. It is one of the several receptors for thyroid hormone, and has been shown to mediate the biological activities of thyroid hormone. Knockout studies in mice suggest that the different receptors, while having certain extent of redundancy, may mediate different functions of thyroid hormone. Alternatively spliced transcript variants encoding distinct isoforms have been reported. [provided by RefSeq, Jul 2008]",,THRA,http://edrn.jpl.nasa.gov/bmdb/biomarkers/view/854,P10827
BM01204,THSP,proteomic,Pancreas,3,,,THSP,http://edrn.jpl.nasa.gov/bmdb/biomarkers/view/1443,
BM01205,THY1,genomic,Prostate,2,"From NCBI Gene: This gene encodes a cell surface glycoprotein and member of the immunoglobulin superfamily of proteins. The encoded protein is involved in cell adhesion and cell communication in numerous cell types, but particularly in cells of the immune and nervous systems. The encoded protein is widely used as a marker for hematopoietic stem cells. This gene may function as a tumor suppressor in nasopharyngeal carcinoma. Alternative splicing results in multiple transcript variants. [provided by RefSeq, Jul 2015]",,THY1,http://edrn.jpl.nasa.gov/bmdb/biomarkers/view/1091,P04216
BM01206,TIMP1,proteomic,"Breast, Colon, Lung, Pancreas",3,"The TIMP1 protein encoded by this TIMP gene family are natural inhibitors of the matrix metalloproteinases (MMPs), a group of peptidases involved in degradation of the extracellular matrix. In addition to its inhibitory role against most of the known MMPs, the encoded protein is able to promote cell proliferation in a wide range of cell types, and may also have an anti-apoptotic function. Transcription of the TIMP1 gene is highly inducible in response to many cytokines and hormones. 
Metalloproteinase 1 is a stromal factor with multiple functions. Overexpression reduces pancreatic cancer cell implantation, growth, metastasis, and angiogenesis, while increasing tumor apoptosis, all without altering metallopeptidase 2 production.",,TIMP1,http://edrn.jpl.nasa.gov/bmdb/biomarkers/view/104,P01033
BM01207,TIMP4,proteomic,Pancreas,2,"From NCBI Gene: This gene belongs to the TIMP gene family. The proteins encoded by this gene family are inhibitors of the matrix metalloproteinases, a group of peptidases involved in degradation of the extracellular matrix. The secreted, netrin domain-containing protein encoded by this gene is involved in regulation of platelet aggregation and recruitment and may play role in hormonal regulation and endometrial tissue remodeling. [provided by RefSeq, Jul 2008]",,TIMP4,http://edrn.jpl.nasa.gov/bmdb/biomarkers/view/1242,Q99727
BM01208,TITF1,genomic,Lung,1,"From NCBI Gene: This gene encodes a protein initially identified as a thyroid-specific transcription factor. The encoded protein binds to the thyroglobulin promoter and regulates the expression of thyroid-specific genes but has also been shown to regulate the expression of genes involved in morphogenesis. Mutations and deletions in this gene are associated with benign hereditary chorea, choreoathetosis, congenital hypothyroidism, and neonatal respiratory distress, and may be associated with thyroid cancer. Multiple transcript variants encoding different isoforms have been found for this gene. This gene shares the symbol/alias 'TTF1' with another gene, transcription termination factor 1, which plays a role in ribosomal gene transcription. [provided by RefSeq, Feb 2014]",,TITF1,http://edrn.jpl.nasa.gov/bmdb/biomarkers/view/1262,P43699
BM01209,TKT,proteomic,Breast,1,"From NCBI Gene: This gene encodes a thiamine-dependent enzyme which plays a role in the channeling of excess sugar phosphates to glycolysis in the pentose phosphate pathway. Alternatively spliced transcript variants encoding multiple isoforms have been observed for this gene. [provided by RefSeq, Apr 2012]",,TKT,http://edrn.jpl.nasa.gov/bmdb/biomarkers/view/1585,Q16832
BM01210,TLN1,proteomic,Breast,1,"From NCBI Gene: This gene encodes a cytoskeletal protein that is concentrated in areas of cell-substratum and cell-cell contacts. The encoded protein plays a significant role in the assembly of actin filaments and in spreading and migration of various cell types, including fibroblasts and osteoclasts. It codistributes with integrins in the cell surface membrane in order to assist in the attachment of adherent cells to extracellular matrices and of lymphocytes to other cells. The N-terminus of this protein contains elements for localization to cell-extracellular matrix junctions. The C-terminus contains binding sites for proteins such as beta-1-integrin, actin, and vinculin. [provided by RefSeq, Feb 2009]",,TLN1,http://edrn.jpl.nasa.gov/bmdb/biomarkers/view/1586,Q9Y490
BM01211,TLR2,proteomic,Breast,2,"TLR2, or toll-like receptor 2, is a member of the Toll-like receptor (TLR) family which plays a fundamental role in pathogen recognition and activation of innate immunity. TLR2 is involved in the innate immune response to bacterial lipoproteins and other microbial cell wall components.  TLR2 also plays a role in NF-kappa-B activation, cytokine secretion and the inflammatory response.",,TLR2,http://edrn.jpl.nasa.gov/bmdb/biomarkers/view/957,O60603
BM01212,TMBIM6,genomic,Prostate,1,"From NCBI Gene: Enables endoribonuclease inhibitor activity and ubiquitin protein ligase binding activity. Involved in several processes, including negative regulation of RNA metabolic process; negative regulation of intrinsic apoptotic signaling pathway; and response to L-glutamate. Acts upstream of or within negative regulation of calcium ion transport into cytosol. Located in endoplasmic reticulum membrane and mitochondrial membrane. Biomarker of cervical squamous cell carcinoma and prostate carcinoma. [provided by Alliance of Genome Resources, Nov 2021]",,TMBIM6,http://edrn.jpl.nasa.gov/bmdb/biomarkers/view/855,P55061
BM01213,TMEFF2,genomic,Esophagus,3,"HPP1 (also called TMEFF2) may be a survival factor for hippocampal and mesencephalic neurons. The shedded form (generated by proteolytic shedding) up-regulates cancer cell proliferation, probably by promoting ERK1/2 phosphorylation. HPP1 is down-regulated in tumor cell lines in response to a high level of methylation in the 5' region. The CpG island methylation correlates with HPP1 silencing in tumor cell lines.",,TMEFF2,http://edrn.jpl.nasa.gov/bmdb/biomarkers/view/50,Q9UIK5
BM01214,TMEM132A,proteomic,Breast,1,"From NCBI Gene: This gene encodes a protein that is highly similar to the rat Grp78-binding protein (GBP). Alternatively spliced transcript variants encoding different isoforms have been described. [provided by RefSeq, Jul 2008]",,TMEM132A,http://edrn.jpl.nasa.gov/bmdb/biomarkers/view/1587,Q24JP5
BM01215,TMEM251,genomic,Prostate,1,"From NCBI Gene: Predicted to be integral component of membrane. [provided by Alliance of Genome Resources, Nov 2021]",,TMEM251,http://edrn.jpl.nasa.gov/bmdb/biomarkers/view/580,Q8N6I4
BM01216,TMEM30B,genomic,Prostate,1,"From NCBI Gene: Enables aminophospholipid flippase activity. Involved in aminophospholipid transport and positive regulation of protein exit from endoplasmic reticulum. Predicted to be integral component of membrane. Predicted to be active in Golgi apparatus; endoplasmic reticulum; and plasma membrane. [provided by Alliance of Genome Resources, Nov 2021]",,TMEM30B,http://edrn.jpl.nasa.gov/bmdb/biomarkers/view/856,Q3MIR4
BM01217,TMPRSS2,genomic,Prostate,3,TMPRSS2 is a member of the serine protease family.  Serine proteases are known to be involved in many physiological and pathological processes. This gene was demonstrated to be up-regulated by androgenic hormones in prostate cancer cells and down-regulated in androgen-independent prostate cancer tissue.,,TMPRSS2,http://edrn.jpl.nasa.gov/bmdb/biomarkers/view/969,O15393
BM01218,TMPRSS2:ERG,genomic,Prostate,3,"TMPRSS2:ERG gene fusions are a common genetic event in prostate cancer.  These fusions are specific for prostate cancer and have also been observed in precursor lesions.  Since TMPRSS2:ERG fusions are not seen in every prostate cancer, their utility is in assays combined with other biomarkers, such as PCA3.",,,http://edrn.jpl.nasa.gov/bmdb/biomarkers/view/543,
BM01219,TMSB15A,genomic,Prostate,1,"From NCBI Gene: Predicted to enable actin monomer binding activity. Involved in positive regulation of cell migration. Predicted to be located in cytoskeleton. Predicted to be active in cytoplasm. [provided by Alliance of Genome Resources, Nov 2021]",,TMSB15A,http://edrn.jpl.nasa.gov/bmdb/biomarkers/view/857,P0CG34
BM01220,TMSB4X,proteomic,Lung,2,"TMSB4X, or thymosin beta-4, belongs to the thymosin beta family.  It is an actin sequestering protein which plays an important role in the regulation of actin polymerization.  TMSB4X binds to and sequesters actin monomers (G actin) and therefore inhibits actin polymerization.  It is also involved in cell proliferation, migration, and differentiation. This gene escapes X inactivation and has a homolog on chromosome Y.",,TMSB4X,http://edrn.jpl.nasa.gov/bmdb/biomarkers/view/495,P62328
BM01221,TNC/TFPI,genomic,Pancreas,2,,,,http://edrn.jpl.nasa.gov/bmdb/biomarkers/view/1437,
BM01222,TNF,proteomic,"Breast, Lung, Ovary",3,"TNF (tumor necrosis factor) is a cytokine involved in many biological processes including cell proliferation, differentiation, apoptosis, lipid metabolism, and coagulation.  TNF belongs to the TNF superfamily.  It is mainly secreted by macrophages and can induce cell death of certain tumor cell lines.  TNF binds to its receptors TNFRSF1A/TNFR1 and TNFRSF1B/TNFBR, through which it functions.  It is involved in cellular responses to stimuli such as cytokines and stress and plays a key role in regulating the immune response to infection.   This cytokine is a pyrogen, causing fever by direct action or by stimulation of interleukin-1 secretion and is implicated in the induction of cachexia.   TNF has been implicated in a variety of diseases, including autoimmune diseases, insulin resistance, and cancer. Knockout studies in mice also suggest this cytokine has a  neuroprotective function.  TNF is cleaved into two chains, tumor necrosis factor, membrane form and tumor necrosis factor, soluble form.",,TNF,http://edrn.jpl.nasa.gov/bmdb/biomarkers/view/240,P01375
BM01223,TNFAIP1,proteomic,Ovary,2,"From NCBI Gene: This gene was identified as a gene whose expression can be induced by the tumor necrosis factor alpha (TNF) in umbilical vein endothelial cells. Studies of a similar gene in mouse suggest that the expression of this gene is developmentally regulated in a tissue-specific manner. [provided by RefSeq, Jul 2008]",,TNFAIP1,http://edrn.jpl.nasa.gov/bmdb/biomarkers/view/396,Q13829
BM01224,TNFAIP6,proteomic,Ovary,2,"From NCBI Gene: The protein encoded by this gene is a secretory protein that contains a hyaluronan-binding domain, and thus is a member of the hyaluronan-binding protein family. The hyaluronan-binding domain is known to be involved in extracellular matrix stability and cell migration. This protein has been shown to form a stable complex with inter-alpha-inhibitor (I alpha I), and thus enhance the serine protease inhibitory activity of I alpha I, which is important in the protease network associated with inflammation. This gene can be induced by proinflammatory cytokines such as tumor necrosis factor alpha and interleukin-1. Enhanced levels of this protein are found in the synovial fluid of patients with osteoarthritis and rheumatoid arthritis.[provided by RefSeq, Dec 2010]",,TNFAIP6,http://edrn.jpl.nasa.gov/bmdb/biomarkers/view/397,P98066
BM01225,TNFRSF10B,proteomic,Colon,2,"From NCBI Gene: The protein encoded by this gene is a member of the TNF-receptor superfamily, and contains an intracellular death domain. This receptor can be activated by tumor necrosis factor-related apoptosis inducing ligand (TNFSF10/TRAIL/APO-2L), and transduces an apoptosis signal. Studies with FADD-deficient mice suggested that FADD, a death domain containing adaptor protein, is required for the apoptosis mediated by this protein. Two transcript variants encoding different isoforms and one non-coding transcript have been found for this gene. [provided by RefSeq, Mar 2009]",,TNFRSF10B,http://edrn.jpl.nasa.gov/bmdb/biomarkers/view/1220,O14763
BM01226,TNFRSF11B,proteomic,"Breast, Pancreas",3,"From NCBI Gene: The protein encoded by this gene is a member of the TNF-receptor superfamily. This protein is an osteoblast-secreted decoy receptor that functions as a negative regulator of bone resorption. This protein specifically binds to its ligand, osteoprotegerin ligand, both of which are key extracellular regulators of osteoclast development. Studies of the mouse counterpart also suggest that this protein and its ligand play a role in lymph-node organogenesis and vascular calcification. Alternatively spliced transcript variants of this gene have been reported, but their full length nature has not been determined. [provided by RefSeq, Jul 2008]",,TNFRSF11B,http://edrn.jpl.nasa.gov/bmdb/biomarkers/view/1073,O00300
BM01227,TNFRSF1A,proteomic,"Breast, Ovary",3,"TNFRSF1A, one of the major receptors for the TNF-alpha, is a member of the TNF-receptor superfamily.  This protein activates NF-kappaB, mediates apoptosis, and functions as a regulator of inflammation.  TNFRSF1A has been shown to interact with adaptor proteins TRADD and TRAF2 and antiapoptotic protein BCL2-associated athanogene 4 (BAG4/SODD).  TNFRSF1A is involved in activating at least two distinct signaling cascades, apoptosis and NF-kappa-B signaling.",,TNFRSF1A,http://edrn.jpl.nasa.gov/bmdb/biomarkers/view/967,P19438
BM01228,TNFRSF1B,proteomic,"Breast, Ovary",3,"TNFRSF1B, also known as TNFr2, a single-pass type I member of the TNF-receptor superfamily, forms a heterocomplex with TNF-receptor 1 that mediates the recruitment of two anti-apoptotic proteins, c-IAP1 and c-IAP2, which possess E3 ubiquitin ligase activity. Although the function of IAPs in TNF-receptor signalling is unknown, c-IAP1 is thought to potentiate TNF-induced apoptosis by the ubiquitination and degradation of TNF-receptor-associated factor 2, which mediates anti-apoptotic signals. Knockout studies in mice also suggest that TNFr2 plays a role in protecting neurons from apoptosis by stimulating antioxidative pathways.",,TNFRSF1B,http://edrn.jpl.nasa.gov/bmdb/biomarkers/view/232,P20333
BM01229,TNFRSF21,proteomic,Ovary,2,"From NCBI Gene: This gene encodes a member of the tumor necrosis factor receptor superfamily. The encoded protein activates nuclear factor kappa-B and mitogen-activated protein kinase 8 (also called c-Jun N-terminal kinase 1), and induces cell apoptosis. Through its death domain, the encoded receptor interacts with tumor necrosis factor receptor type 1-associated death domain (TRADD) protein, which is known to mediate signal transduction of tumor necrosis factor receptors. Knockout studies in mice suggest that this gene plays a role in T-helper cell activation, and may be involved in inflammation and immune regulation. [provided by RefSeq, Jul 2013]",,TNFRSF21,http://edrn.jpl.nasa.gov/bmdb/biomarkers/view/189,O75509
BM01230,TNFRSF25,genomic,Lung,2,The TNFRSF25 gene product is a member of the TNF-receptor superfamily.  TNFRSF25 protein is a receptor for TNFSF12/APO3L/TWEAK.  It mediates activation of NF-kappa-B and induces apoptosis.  TNFRSF25 may also play a role in regulating lymphocyte homeostatsis.  There are many alternatively spliced transcript variants encoding different isoforms of this protein.,,TNFRSF25,http://edrn.jpl.nasa.gov/bmdb/biomarkers/view/496,Q93038
BM01231,TNFRSF6B,proteomic,"Colon, Ovary",2,"DcR3 belongs to the tumor necrosis factor receptor superfamily and is postulated to play a regulatory role in suppressing FasL- and LIGHT-mediated cell death. It acts as a decoy receptor that competes with death receptors for ligand binding. Overexpression of this gene has been noted in gastrointestinal tract tumors, and it is located in a gene-rich cluster on chromosome 20, with other potentially tumor-related genes.",,TNFRSF6B,http://edrn.jpl.nasa.gov/bmdb/biomarkers/view/98,O95407
BM01232,TNFSF10,genomic,Prostate,1,"From NCBI Gene: The protein encoded by this gene is a cytokine that belongs to the tumor necrosis factor (TNF) ligand family. This protein preferentially induces apoptosis in transformed and tumor cells, but does not appear to kill normal cells although it is expressed at a significant level in most normal tissues. This protein binds to several members of TNF receptor superfamily including TNFRSF10A/TRAILR1, TNFRSF10B/TRAILR2, TNFRSF10C/TRAILR3, TNFRSF10D/TRAILR4, and possibly also to TNFRSF11B/OPG. The activity of this protein may be modulated by binding to the decoy receptors TNFRSF10C/TRAILR3, TNFRSF10D/TRAILR4, and TNFRSF11B/OPG that cannot induce apoptosis. The binding of this protein to its receptors has been shown to trigger the activation of MAPK8/JNK, caspase 8, and caspase 3. Alternatively spliced transcript variants encoding different isoforms have been found for this gene. [provided by RefSeq, Jul 2010]",,TNFSF10,http://edrn.jpl.nasa.gov/bmdb/biomarkers/view/858,P50591
BM01233,TNFSF12,genomic,Prostate,1,"From NCBI Gene: The protein encoded by this gene is a cytokine that belongs to the tumor necrosis factor (TNF) ligand family. This protein is a ligand for the FN14/TWEAKR receptor. This cytokine has overlapping signaling functions with TNF, but displays a much wider tissue distribution. This cytokine, which exists in both membrane-bound and secreted forms, can induce apoptosis via multiple pathways of cell death in a cell type-specific manner. This cytokine is also found to promote proliferation and migration of endothelial cells, and thus acts as a regulator of angiogenesis. Alternative splicing results in multiple transcript variants. Some transcripts skip the last exon of this gene and continue into the second exon of the neighboring TNFSF13 gene; such read-through transcripts are contained in GeneID 407977, TNFSF12-TNFSF13. [provided by RefSeq, Oct 2010]",,TNFSF12,http://edrn.jpl.nasa.gov/bmdb/biomarkers/view/859,O43508
BM01234,TNFSF8,proteomic,Lung,2,"TNFSF8, also known as CD30 ligand, is a cytokine belonging to the tumor necrosis factor (TNF) ligand family.  TNFSF8 binds to TNFRSF8/CD30, a cell surface antigen and a marker for Hodgkin lymphoma and related hematologic malignancies.  TNFSF8 has been shown to induce proliferation of T-cells.  It also enhances cell proliferation of some lymphoma cell lines, and induces cell death and reduces cell proliferation of other lymphoma cell lines.  There are two different isoforms encoded by two transcript variants.",,TNFSF8,http://edrn.jpl.nasa.gov/bmdb/biomarkers/view/413,P32971
BM01235,TNS1,genomic,Prostate,1,"From NCBI Gene: The protein encoded by this gene localizes to focal adhesions, regions of the plasma membrane where the cell attaches to the extracellular matrix. This protein crosslinks actin filaments and contains a Src homology 2 (SH2) domain, which is often found in molecules involved in signal transduction. This protein is a substrate of calpain II. Alternative splicing results in multiple transcript variants encoding different isoforms. [provided by RefSeq, Apr 2015]",,TNS1,http://edrn.jpl.nasa.gov/bmdb/biomarkers/view/860,Q9HBL0
BM01236,TOM1L1,genomic,Prostate,1,"From NCBI Gene: Enables clathrin binding activity and protein kinase binding activity. Involved in negative regulation of mitotic nuclear division; positive regulation of protein phosphorylation; and signal transduction. Located in cytosol and endosome. [provided by Alliance of Genome Resources, Nov 2021]",,TOM1L1,http://edrn.jpl.nasa.gov/bmdb/biomarkers/view/861,O75674
BM01237,TOP2A,proteomic,Colon,2,"From NCBI Gene: This gene encodes a DNA topoisomerase, an enzyme that controls and alters the topologic states of DNA during transcription. This nuclear enzyme is involved in processes such as chromosome condensation, chromatid separation, and the relief of torsional stress that occurs during DNA transcription and replication. It catalyzes the transient breaking and rejoining of two strands of duplex DNA which allows the strands to pass through one another, thus altering the topology of DNA. Two forms of this enzyme exist as likely products of a gene duplication event. The gene encoding this form, alpha, is localized to chromosome 17 and the beta gene is localized to chromosome 3. The gene encoding this enzyme functions as the target for several anticancer agents and a variety of mutations in this gene have been associated with the development of drug resistance. Reduced activity of this enzyme may also play a role in ataxia-telangiectasia. [provided by RefSeq, Jul 2010]",,TOP2A,http://edrn.jpl.nasa.gov/bmdb/biomarkers/view/1202,P11388
BM01238,TOX4,genomic,Prostate,1,"From NCBI Gene: Predicted to enable chromatin DNA binding activity. Predicted to be involved in regulation of transcription by RNA polymerase II. Located in chromatin. Part of PTW/PP1 phosphatase complex. Colocalizes with chromosome, telomeric region. [provided by Alliance of Genome Resources, Nov 2021]",,TOX4,http://edrn.jpl.nasa.gov/bmdb/biomarkers/view/862,O94842
BM01239,TP53,proteomic,"Breast, Colon, Lung, Ovary, Pancreas, Prostate",2,"From NCBI Gene: This gene encodes a tumor suppressor protein containing transcriptional activation, DNA binding, and oligomerization domains. The encoded protein responds to diverse cellular stresses to regulate expression of target genes, thereby inducing cell cycle arrest, apoptosis, senescence, DNA repair, or changes in metabolism. Mutations in this gene are associated with a variety of human cancers, including hereditary cancers such as Li-Fraumeni syndrome. Alternative splicing of this gene and the use of alternate promoters result in multiple transcript variants and isoforms. Additional isoforms have also been shown to result from the use of alternate translation initiation codons from identical transcript variants (PMIDs: 12032546, 20937277). [provided by RefSeq, Dec 2016]",,TP53,http://edrn.jpl.nasa.gov/bmdb/biomarkers/view/471,P04637
BM01240,TP53 AAb,proteomic,Breast,2,,,TP53-AAB,http://edrn.jpl.nasa.gov/bmdb/biomarkers/view/1371,
BM01241,TP63,genomic,"Lung, Prostate",1,TP63 is a member of the p53 family of transcription factors.  It acts as a sequence specific DNA binding transcriptional activator or repressor. Many transcripts encoding different proteins have been reported but the biological validity and the full-length nature of these variants have not been determined.  The isoforms contain a varying set of transactivation and auto-regulating transactivation inhibiting domains thus showing an isoform specific activity.  TP63 may be required in conjunction with TP73/p73 for initiation of p53/TP53 dependent apoptosis in response to genotoxic insults and the presence of activated oncogenes. It is involved in Notch signaling by probably inducing JAG1 and JAG2. Plays a role in the regulation of epithelial morphogenesis.,,TP63,http://edrn.jpl.nasa.gov/bmdb/biomarkers/view/497,Q9H3D4
BM01242,TPD52,genomic,Prostate,1,"From NCBI Gene: Enables calcium ion binding activity and protein homodimerization activity. Involved in B cell differentiation. Located in endoplasmic reticulum and perinuclear region of cytoplasm. [provided by Alliance of Genome Resources, Nov 2021]",,TPD52,http://edrn.jpl.nasa.gov/bmdb/biomarkers/view/863,P55327
BM01243,TPD52L1,genomic,Prostate,1,"From NCBI Gene: This gene encodes a member of a family of proteins that contain coiled-coil domains and may form hetero- or homomers. The encoded protein is involved in cell proliferation and calcium signaling. It also interacts with the mitogen-activated protein kinase kinase kinase 5 (MAP3K5/ASK1) and positively regulates MAP3K5-induced apoptosis. Multiple alternatively spliced transcript variants have been observed. [provided by RefSeq, Jan 2016]",,TPD52L1,http://edrn.jpl.nasa.gov/bmdb/biomarkers/view/864,Q16890
BM01244,TPK1,proteomic,Breast,1,"From NCBI Gene: The protein encoded by this gene functions as a homodimer and catalyzes the conversion of thiamine to thiamine pyrophosphate, a cofactor for some enzymes of the glycolytic and energy production pathways. Defects in this gene are a cause of thiamine metabolism dysfunction syndrome-5. [provided by RefSeq, Apr 2017]",,TPK1,http://edrn.jpl.nasa.gov/bmdb/biomarkers/view/1588,Q9H3S4
BM01245,TRADD,genomic,Prostate,1,"From NCBI Gene: The protein encoded by this gene is a death domain containing adaptor molecule that interacts with TNFRSF1A/TNFR1 and mediates programmed cell death signaling and NF-kappaB activation. This protein binds adaptor protein TRAF2, reduces the recruitment of inhibitor-of-apoptosis proteins (IAPs) by TRAF2, and thus suppresses TRAF2 mediated apoptosis. This protein can also interact with receptor TNFRSF6/FAS and adaptor protein FADD/MORT1, and is involved in the Fas-induced cell death pathway. [provided by RefSeq, Jul 2008]",,TRADD,http://edrn.jpl.nasa.gov/bmdb/biomarkers/view/865,Q15628
BM01246,TRAF3IP2,genomic,Prostate,1,"From NCBI Gene: This gene encodes a protein involved in regulating responses to cytokines by members of the Rel/NF-kappaB transcription factor family. These factors play a central role in innate immunity in response to pathogens, inflammatory signals and stress. This gene product interacts with TRAF proteins (tumor necrosis factor receptor-associated factors) and either I-kappaB kinase or MAP kinase to activate either NF-kappaB or Jun kinase. Several alternative transcripts encoding different isoforms have been identified. Another transcript, which does not encode a protein and is transcribed in the opposite orientation, has been identified. Overexpression of this transcript has been shown to reduce expression of at least one of the protein encoding transcripts, suggesting it has a regulatory role in the expression of this gene. [provided by RefSeq, Aug 2009]",,TRAF3IP2,http://edrn.jpl.nasa.gov/bmdb/biomarkers/view/866,O43734
BM01247,TRAF4,proteomic,Breast,2,"TRAF4 is a member of the TNF receptor associated factor (TRAF) family. Members of the TRAF family are the major signal transducers for the TNF receptor (TNFR) superfamily and the interleukin-1 receptor/Toll-like receptor superfamily.  TRAF4 is involved in the activation of NF-kappa-B and JNK, and in the regulation of cell survival and apoptosis.",,TRAF4,http://edrn.jpl.nasa.gov/bmdb/biomarkers/view/958,Q9BUZ4
BM01248,TRAM1,genomic,Prostate,1,"From NCBI Gene: This gene encodes a multi-pass membrane protein that is part of the mammalian endoplasmic reticulum. The encoded protein influences glycosylation and facilitates the translocation of secretory proteins across the endoplasmic reticulum membrane by regulating which domains of the nascent polypeptide chain are visible to the cytosol during a translocational pause. [provided by RefSeq, Oct 2009]",,TRAM1,http://edrn.jpl.nasa.gov/bmdb/biomarkers/view/867,Q15629
BM01249,TRGV9,genomic,Prostate,1,"From NCBI Gene: Predicted to be involved in adaptive immune response and innate immune response. Predicted to be part of T cell receptor complex. Predicted to be active in external side of plasma membrane. [provided by Alliance of Genome Resources, Apr 2022]",,TRGV9,http://edrn.jpl.nasa.gov/bmdb/biomarkers/view/1599,Q99603
BM01250,TRIM22,genomic,Prostate,1,"From NCBI Gene: The protein encoded by this gene is a member of the tripartite motif (TRIM) family. The TRIM motif includes three zinc-binding domains, a RING, a B-box type 1 and a B-box type 2, and a coiled-coil region. This protein localizes to the cytoplasm and its expression is induced by interferon. The protein down-regulates transcription from the HIV-1 LTR promoter region, suggesting that function of this protein may be to mediate interferon's antiviral effects. Alternative splicing results in multiple transcript variants. [provided by RefSeq, Dec 2010]",,TRIM22,http://edrn.jpl.nasa.gov/bmdb/biomarkers/view/868,Q8IYM9
BM01251,TRIM27,genomic,Prostate,1,"From NCBI Gene: This gene encodes a member of the tripartite motif (TRIM) family. The TRIM motif includes three zinc-binding domains, a RING, a B-box type 1 and a B-box type 2, and a coiled-coil region. This protein localizes to the nuclear matrix. It interacts with the enhancer of polycomb protein and represses gene transcription. It is also thought to be involved in the differentiation of male germ cells. Fusion of the N-terminus of this protein with the truncated C-terminus of the RET gene product has been shown to result in production of the ret transforming protein. [provided by RefSeq, Jul 2008]",,TRIM27,http://edrn.jpl.nasa.gov/bmdb/biomarkers/view/869,P14373
BM01252,TRIM32,proteomic,Breast,1,"From NCBI Gene: The protein encoded by this gene is a member of the tripartite motif (TRIM) family. The TRIM motif includes three zinc-binding domains, a RING, a B-box type 1 and a B-box type 2, and a coiled-coil region. The protein localizes to cytoplasmic bodies. The protein has also been localized to the nucleus, where it interacts with the activation domain of the HIV-1 Tat protein. The Tat protein activates transcription of HIV-1 genes. [provided by RefSeq, Jul 2008]",,TRIM32,http://edrn.jpl.nasa.gov/bmdb/biomarkers/view/532,Q13049
BM01253,TRMT11,genomic,Prostate,1,"From NCBI Gene: Predicted to enable tRNA (guanine-N2-)-methyltransferase activity. Predicted to be involved in tRNA methylation. Predicted to be active in cytoplasm. [provided by Alliance of Genome Resources, Nov 2021]",,TRMT11,http://edrn.jpl.nasa.gov/bmdb/biomarkers/view/870,Q7Z4G4
BM01254,TRPC3,genomic,Prostate,1,"From NCBI Gene: The protein encoded by this gene is a membrane protein that can form a non-selective channel permeable to calcium and other cations. The encoded protein appears to be induced to form channels by a receptor tyrosine kinase-activated phosphatidylinositol second messenger system and also by depletion of intracellular calcium stores. Two transcript variants encoding different isoforms have been found for this gene. [provided by RefSeq, Oct 2011]",,TRPC3,http://edrn.jpl.nasa.gov/bmdb/biomarkers/view/871,Q13507
BM01255,Tryptic peptide ApoA1,proteomic,Pancreas,2,"Tryptic peptides are created when a protein is digested with trypsin, which cleaves downstream to every K (lysine) or R (arginine), except when followed by P (proline).",,,http://edrn.jpl.nasa.gov/bmdb/biomarkers/view/1416,
BM01256,Tryptic peptide APoA2,proteomic,Pancreas,2,"Tryptic peptides are created when a protein is digested with trypsin, which cleaves downstream to every K (lysine) or R (arginine), except when followed by P (proline).",,,http://edrn.jpl.nasa.gov/bmdb/biomarkers/view/1415,
BM01257,Tryptic peptide IT1H3,proteomic,Pancreas,2,"Tryptic peptides are created when a protein is digested with trypsin, which cleaves downstream to every K (lysine) or R (arginine), except when followed by P (proline).",,,http://edrn.jpl.nasa.gov/bmdb/biomarkers/view/1241,
BM01258,TSHB,proteomic,Ovary,3,"TSH, a secreted protein belonging to the glycoprotein hormones subunit beta family, is essential for the control of thyroid structure and metabolism. The four human glycoprotein hormones - chorionic gonadotropin (CG), luteinizing hormone (LH), follicle stimulating hormone (FSH), and thyroid stimulating hormone (TSH)- are dimers consisting of alpha and beta subunits that are associated noncovalently. The alpha subunits of these hormones are identical, however, their beta chains are unique and confer biological specificity. Congenital hypothyroidism is caused by mutation in the TSH gene.",,TSHB,http://edrn.jpl.nasa.gov/bmdb/biomarkers/view/231,P01222
BM01259,TSPAN13,genomic,Prostate,1,"From NCBI Gene: The protein encoded by this gene is a member of the transmembrane 4 superfamily, also known as the tetraspanin family. Most of these members are cell-surface proteins that are characterized by the presence of four hydrophobic domains. The proteins mediate signal transduction events that play a role in the regulation of cell development, activation, growth and motility. [provided by RefSeq, Jul 2008]",,TSPAN13,http://edrn.jpl.nasa.gov/bmdb/biomarkers/view/872,O95857
BM01260,TSPAN2,genomic,Prostate,1,"From NCBI Gene: The protein encoded by this gene is a member of the transmembrane 4 superfamily, also known as the tetraspanin family. Most of these members are cell-surface proteins that are characterized by the presence of four hydrophobic domains. The proteins mediate signal transduction events that play a role in the regulation of cell development, activation, growth and motility. Alternative splicing results in multiple transcript variants encoding different isoforms. [provided by RefSeq, Apr 2015]",,TSPAN2,http://edrn.jpl.nasa.gov/bmdb/biomarkers/view/873,O60636
BM01261,TSPAN6,genomic,Prostate,1,"From NCBI Gene: The protein encoded by this gene is a member of the transmembrane 4 superfamily, also known as the tetraspanin family. Most of these members are cell-surface proteins that are characterized by the presence of four hydrophobic domains. The proteins mediate signal transduction events that play a role in the regulation of cell development, activation, growth and motility. The protein encoded by this gene is a cell surface glycoprotein and is highly similar in sequence to the transmembrane 4 superfamily member 2 protein. It functions as a negative regulator of retinoic acid-inducible gene I-like receptor-mediated immune signaling via its interaction with the mitochondrial antiviral signaling-centered signalosome. This gene uses alternative polyadenylation sites, and multiple transcript variants result from alternative splicing. [provided by RefSeq, Jul 2013]",,TSPAN6,http://edrn.jpl.nasa.gov/bmdb/biomarkers/view/874,O43657
BM01262,TSPAN8,genomic,Prostate,1,"From NCBI Gene: The protein encoded by this gene is a member of the transmembrane 4 superfamily, also known as the tetraspanin family. Most of these members are cell-surface proteins that are characterized by the presence of four hydrophobic domains. The proteins mediate signal transduction events that play a role in the regulation of cell development, activation, growth and motility. This encoded protein is a cell surface glycoprotein that is known to complex with integrins. This gene is expressed in different carcinomas. The use of alternate polyadenylation sites has been found for this gene. [provided by RefSeq, Jul 2008]",,TSPAN8,http://edrn.jpl.nasa.gov/bmdb/biomarkers/view/875,P19075
BM01263,TSPO,proteomic,Breast,2,TSPO is a conserved protein found at the outer mitochondrial membrane.  TSPO     interacts with some benzodiazepines and isoquinoline carboxamides and has different affinities than its endogenous counterpart. TSPO is also involved in the transport of porphyrins and heme.,,TSPO,http://edrn.jpl.nasa.gov/bmdb/biomarkers/view/959,P30536
BM01264,TSSK3,proteomic,Breast,2,TSSK3 is a testis-specific kinase that is thought to be involved in either germ cell differentiation or mature sperm function.,,TSSK3,http://edrn.jpl.nasa.gov/bmdb/biomarkers/view/960,Q96PN8
BM01265,TSSK4,proteomic,Ovary,2,"From NCBI Gene: This gene encodes a member of the testis-specific serine/threonine kinase family. The encoded protein is thought to be involved in spermatogenesis via stimulation of the CREB/CRE responsive pathway through phosphorylation of the cAMP responsive element binding protein transcription factor. Alternative splicing results in multiple transcript variants.[provided by RefSeq, May 2010]",,TSSK4,http://edrn.jpl.nasa.gov/bmdb/biomarkers/view/222,Q6SA08
BM01266,TTR,proteomic,"Breast, Ovary",3,"Transthyretin, one of the three prealbumins including alpha-1-antitrypsin, transthyretin and orosomucoid, is a carrier protein that transports thyroid hormones in the plasma and cerebrospinal fluid, and also transports retinol (vitamin A) in the plasma. TT consists of a tetramer of identical subunits. More than 80 different mutations in this gene have been reported; most mutations are related to amyloid deposition, affecting predominantly peripheral nerve and/or the heart, and a small portion of the gene mutations is non-amyloidogenic. The diseases caused by mutations include amyloidotic polyneuropathy, euthyroid hyperthyroxinaemia, amyloidotic vitreous opacities, cardiomyopathy, oculoleptomeningeal amyloidosis, meningocerebrovascular amyloidosis, and carpal tunnel syndrome.",,TTR,http://edrn.jpl.nasa.gov/bmdb/biomarkers/view/72,P02766
BM01267,TUBA1A,genomic,Prostate,1,"From NCBI Gene: Microtubules of the eukaryotic cytoskeleton perform essential and diverse functions and are composed of a heterodimer of alpha and beta tubulins. The genes encoding these microtubule constituents belong to the tubulin superfamily, which is composed of six distinct families. Genes from the alpha, beta and gamma tubulin families are found in all eukaryotes. The alpha and beta tubulins represent the major components of microtubules, while gamma tubulin plays a critical role in the nucleation of microtubule assembly. There are multiple alpha and beta tubulin genes, which are highly conserved among species. This gene encodes alpha tubulin and is highly similar to the mouse and rat Tuba1 genes. Northern blot studies have shown that the gene expression is predominantly found in morphologically differentiated neurologic cells. This gene is one of three alpha-tubulin genes in a cluster on chromosome 12q. Mutations in this gene cause lissencephaly type 3 (LIS3) - a neurological condition characterized by microcephaly, intellectual disability, and early-onset epilepsy caused by defective neuronal migration. Alternative splicing results in multiple transcript variants encoding distinct isoforms. [provided by RefSeq, Jul 2017]",,TUBA1A,http://edrn.jpl.nasa.gov/bmdb/biomarkers/view/876,Q71U36
BM01268,TUBB2B,genomic,Prostate,1,"From NCBI Gene: The protein encoded by this gene is a beta isoform of tubulin, which binds GTP and is a major component of microtubules. This gene is highly similar to TUBB2A and TUBB2C. Defects in this gene are a cause of asymmetric polymicrogyria. [provided by RefSeq, Mar 2010]",,TUBB2B,http://edrn.jpl.nasa.gov/bmdb/biomarkers/view/877,Q9BVA1
BM01269,TUBB6,genomic,Prostate,1,"From NCBI Gene: Predicted to enable GTP binding activity. Predicted to be a structural constituent of cytoskeleton. Predicted to be involved in microtubule cytoskeleton organization and mitotic cell cycle. Located in microtubule. [provided by Alliance of Genome Resources, Nov 2021]",,TUBB6,http://edrn.jpl.nasa.gov/bmdb/biomarkers/view/878,Q9BUF5
BM01270,TXN,proteomic,Breast,1,"From NCBI Gene: The protein encoded by this gene acts as a homodimer and is involved in many redox reactions. The encoded protein is active in the reversible S-nitrosylation of cysteines in certain proteins, which is part of the response to intracellular nitric oxide. This protein is found in the cytoplasm. Two transcript variants encoding different isoforms have been found for this gene. [provided by RefSeq, Oct 2011]",,TXN,http://edrn.jpl.nasa.gov/bmdb/biomarkers/view/1589,P10599
BM01271,UBA52,proteomic,Lung,1,"Ubiquitin, one of the most highly conserved proteins, is coded for by a family of genes whose translation products give rise to several different proteins.  There are four genes that code for ubiquitin: UBB, UBC, RPS27A, and UBA52.  Ubiquitin is synthesized as a precursor protein consisting of either polyubiquitin chains or a single ubiquitin moiety fused to an unrelated protein.  UBA52 and RPS27A genes code for a single copy of ubiquitin fused to the ribosomal proteins L40 and S27a, respectively. UBB and UBC genes code for a polyubiquitin precursor with exact head to tail repeats, the number of repeats differ between species and strains.  This gene, UBA52, encodes a fusion protein consisting of ubiquitin at the N terminus and ribosomal protein L40 at the C terminus, a C-terminal extension protein (CEP). Multiple processed pseudogenes derived from this gene are present in the genome.",,UBA52,http://edrn.jpl.nasa.gov/bmdb/biomarkers/view/1001,P62987
BM01272,UBAP1,proteomic,Breast,1,"From NCBI Gene: This gene is a member of the UBA domain family, whose members include proteins having connections to ubiquitin and the ubiquitination pathway. The ubiquitin associated domain is thought to be a non-covalent ubiquitin binding domain consisting of a compact three helix bundle. This particular protein originates from a gene locus in a refined region on chromosome 9 undergoing loss of heterozygosity in nasopharyngeal carcinoma (NPC). Taking into account its cytogenetic location, this UBA domain family member is being studies as a putative target for mutation in nasopharyngeal carcinomas. Multiple alternatively spliced transcript variants encoding different isoforms have been found for this gene. [provided by RefSeq, Jan 2010]",,UBAP1,http://edrn.jpl.nasa.gov/bmdb/biomarkers/view/527,Q9NZ09
BM01273,UBB,proteomic,Lung,1,"Ubiquitin, one of the most highly conserved proteins, is coded for by a family of genes whose translation products give rise to several different proteins.  There are four genes that code for ubiquitin: UBB, UBC, RPS27A, and UBA52.  Ubiquitin is synthesized as a precursor protein consisting of either polyubiquitin chains or a single ubiquitin moiety fused to an unrelated protein. This gene consists of three direct repeats of the ubiquitin coding sequence with no spacer sequence. Consequently, the protein is expressed as a polyubiquitin precursor with a final amino acid after the last repeat.  Polyubiquitin chains, when attached to a target protein, have different functions depending on the Lys residue of the ubiquitin that is linked: Lys-6-linked may be involved in DNA repair; Lys-11-linked is involved in ERAD (endoplasmic reticulum-associated degradation) and in cell-cycle regulation; Lys-29-linked is involved in lysosomal degradation; Lys-33-linked is involved in kinase modification; Lys-48-linked is involved in protein degradation via the proteasome; Lys-63-linked is involved in endocytosis, DNA-damage responses as well as in signaling processes leading to activation of the transcription factor NF-kappa-B. Linear polymer chains formed via attachment by the initiator Met lead to cell signaling. Ubiquitin is usually conjugated to Lys residues of target proteins, however, in rare cases, conjugation to Cys or Ser residues has been observed. When polyubiquitin is free (unanchored-polyubiquitin), it also has distinct roles, such as in activation of protein kinases, and in signaling.",,UBB,http://edrn.jpl.nasa.gov/bmdb/biomarkers/view/1003,P0CG47
BM01274,UBC,proteomic,Lung,1,"Ubiquitin, one of the most highly conserved proteins, is coded for by a family of genes whose translation products give rise to several different proteins.  There are four genes that code for ubiquitin: UBB, UBC, RPS27A, and UBA52.  Ubiquitin is synthesized as a precursor protein consisting of either polyubiquitin chains or a single ubiquitin moiety fused to an unrelated protein. This gene codes for a polyubiquitin precursor.  Polyubiquitin chains, when attached to a target protein, have different functions depending on the Lys residue of the ubiquitin that is linked: Lys-6-linked may be involved in DNA repair; Lys-11-linked is involved in ERAD (endoplasmic reticulum-associated degradation) and in cell-cycle regulation; Lys-29-linked is involved in lysosomal degradation; Lys-33-linked is involved in kinase modification; Lys-48-linked is involved in protein degradation via the proteasome; Lys-63-linked is involved in endocytosis, DNA-damage responses as well as in signaling processes leading to activation of the transcription factor NF-kappa-B. Linear polymer chains formed via attachment by the initiator Met lead to cell signaling. Ubiquitin is usually conjugated to Lys residues of target proteins, however, in rare cases, conjugation to Cys or Ser residues has been observed. When polyubiquitin is free (unanchored-polyubiquitin), it also has distinct roles, such as in activation of protein kinases, and in signaling.",,UBC,http://edrn.jpl.nasa.gov/bmdb/biomarkers/view/1004,P0CG48
BM01275,UBE2D2,genomic,Prostate,1,"From NCBI Gene: Regulated degradation of misfolded, damaged or short-lived proteins in eukaryotes occurs via the ubiquitin (Ub)-proteasome system (UPS). An integral part of the UPS system is the ubiquitination of target proteins and covalent linkage of Ub-containing proteins to form polymeric chains, marking them as targets for 26S proteasome-mediated degradation. Ubiquitination of proteins is mediated by a cascade of enzymes which includes E1 (ubiquitin activating), E2 (ubiquitin conjugating), and E3 (ubiquitin ligases) enzymes. This gene encodes a member of the E2 enzyme family. Substrates of this enzyme include the tumor suppressor protein p53 and peroxisomal biogenesis factor 5 (PEX5). Alternative splicing results in multiple transcript variants of this gene. [provided by RefSeq, May 2013]",,UBE2D2,http://edrn.jpl.nasa.gov/bmdb/biomarkers/view/879,P62837
BM01276,UBE2J1,genomic,Prostate,1,"From NCBI Gene: The modification of proteins with ubiquitin is an important cellular mechanism for targeting abnormal or short-lived proteins for degradation. Ubiquitination involves at least three classes of enzymes: ubiquitin-activating enzymes, or E1s, ubiquitin-conjugating enzymes, or E2s, and ubiquitin-protein ligases, or E3s. This gene encodes a member of the E2 ubiquitin-conjugating enzyme family. This enzyme is located in the membrane of the endoplasmic reticulum (ER) and may contribute to quality control ER-associated degradation by the ubiquitin-proteasome system. [provided by RefSeq, Jul 2008]",,UBE2J1,http://edrn.jpl.nasa.gov/bmdb/biomarkers/view/880,Q9Y385
BM01277,UBE2N,proteomic,Lung,2,"From NCBI Gene: The modification of proteins with ubiquitin is an important cellular mechanism for targeting abnormal or short-lived proteins for degradation. Ubiquitination involves at least three classes of enzymes: ubiquitin-activating enzymes, or E1s, ubiquitin-conjugating enzymes, or E2s, and ubiquitin-protein ligases, or E3s. This gene encodes a member of the E2 ubiquitin-conjugating enzyme family. Studies in mouse suggest that this protein plays a role in DNA postreplication repair. [provided by RefSeq, Jul 2008]",,UBE2N,http://edrn.jpl.nasa.gov/bmdb/biomarkers/view/1232,P61088
BM01278,Ubiquitin,proteomic,Lung,1,"The ubiquitin protein was named due to its ubiquitous presence in the human body.  This small protein, comprised of 76 amino acids, is coded for by a family of genes whose translation products are fusion proteins.  The four genes that are known to code for ubiquitin are UBB, UBC, UBA52, and RPS27A.  Ubiquitin molecules are often bound to other proteins as a marker for degradation.   From NCBI Gene: Ubiquitin, a highly conserved protein that has a major role in targeting cellular proteins for degradation by the 26S proteosome, is synthesized as a precursor protein consisting of either polyubiquitin chains or a single ubiquitin fused to an unrelated protein. This gene encodes a fusion protein consisting of ubiquitin at the N terminus and ribosomal protein S27a at the C terminus. When expressed in yeast, the protein is post-translationally processed, generating free ubiquitin monomer and ribosomal protein S27a. Ribosomal protein S27a is a component of the 40S subunit of the ribosome and belongs to the S27AE family of ribosomal proteins. It contains C4-type zinc finger domains and is located in the cytoplasm. Pseudogenes derived from this gene are present in the genome. As with ribosomal protein S27a, ribosomal protein L40 is also synthesized as a fusion protein with ubiquitin; similarly, ribosomal protein S30 is synthesized as a fusion protein with the ubiquitin-like protein fubi. Multiple alternatively spliced transcript variants that encode the same proteins have been identified.[provided by RefSeq, Sep 2008]",,UBIQUITIN,http://edrn.jpl.nasa.gov/bmdb/biomarkers/view/1089,
BM01279,Ubiquitin+1,proteomic,Lung,1,,,UBIQUITIN1,http://edrn.jpl.nasa.gov/bmdb/biomarkers/view/1282,
BM01280,UBQLN1,proteomic,Lung,3,"The ubiquilin gene encodes an ubiquitin-like protein (ubiquilin) that shares a high degree of similarity with related products in yeast, rat and frog. Ubiquilins contain an N-terminal ubiquitin-like domain and a C-terminal ubiquitin-associated domain. They physically associate with both proteasomes and ubiquitin ligases, and are thought to functionally link the ubiquitination machinery to the proteasome to affect in vivo protein degradation. This ubiquilin has also been shown to modulate accumulation of presenilin proteins, and it is found in lesions associated with Alzheimer's and Parkinson's disease.",,UBQLN1,http://edrn.jpl.nasa.gov/bmdb/biomarkers/view/115,Q9UMX0
BM01281,UCHL1,proteomic,Lung,3,"PGP9.5, also called Ubiquitin-protein hydrolase (UCHL1), is a member of a gene family whose products hydrolyze small C-terminal adducts of ubiquitin to generate the ubiquitin monomer. Expression of UCHL1 is highly specific to neurons and to cells of the diffuse neuroendocrine system and their tumors. This enzyme is a thiol protease that recognizes and hydrolyzes a peptide bond at the C-terminal glycine of ubiquitin. Oxidation of Met-1, Met-6, Met-12, Met-124 and Met-179 to methionine sulfoxide, and oxidation of Cys-220 to cysteine sulfonic acid have been observed in brains from Alzheimer disease (AD) and Parkinson disease (PD) patients. PGP9.5 has been proposed as a marker with a potential role in carcinogenesis.",,UCHL1,http://edrn.jpl.nasa.gov/bmdb/biomarkers/view/38,P09936
BM01282,UPP1,proteomic,Breast,2,"UPP1, or uridine phosphorylase 1, is a pyrimidine nucleoside phosphorylase.  UPP1, in the presence of orthophosphate, catalyzes the reversible phosphorylytic cleavage of uridine and deoxyuridine to uracil and ribose- or deoxyribose-1-phosphate. Pyrimidine nucleoside phosphorylases can add ribose or deoxyribose to pyrimidine bases to form nucleosides that can be incorporated into RNA or DNA.",,UPP1,http://edrn.jpl.nasa.gov/bmdb/biomarkers/view/961,Q16831
BM01283,VAMP4,genomic,Prostate,1,"From NCBI Gene: Synaptobrevins/VAMPs, syntaxins, and the 25-kD synaptosomal-associated protein SNAP25 are the main components of a protein complex involved in the docking and/or fusion of synaptic vesicles with the presynaptic membrane. The protein encoded by this gene is a member of the vesicle-associated membrane protein (VAMP)/synaptobrevin family. This protein may play a role in trans-Golgi network-to-endosome transport. [provided by RefSeq, Jul 2008]",,VAMP4,http://edrn.jpl.nasa.gov/bmdb/biomarkers/view/881,O75379
BM01284,VAMP8,genomic,Prostate,1,"From NCBI Gene: This gene encodes an integral membrane protein that belongs to the synaptobrevin/vesicle-associated membrane protein subfamily of soluble N-ethylmaleimide-sensitive factor attachment protein receptors (SNAREs). The encoded protein is involved in the fusion of synaptic vesicles with the presynaptic membrane.[provided by RefSeq, Jun 2010]",,VAMP8,http://edrn.jpl.nasa.gov/bmdb/biomarkers/view/882,Q9BV40
BM01285,VCAM1,proteomic,"Breast, Ovary, Pancreas",3,"VCAM1, a single-pass type I membrane protein belonging to the Ig superfamily, is a cell surface sialoglycoprotein expressed by cytokine-activated endothelium. It mediates leukocyte-endothelial cell adhesion and signal transduction.  VCAM1 interacts with the beta-1 integrin VLA4 on leukocytes, and mediates both adhesion and signal transduction. The VCAM1/VLA4 interaction may play a pathophysiologic role both in immune responses and in leukocyte emigration to sites of inflammation. VCAM1 may play a role in the development of artherosclerosis and rheumatoid arthritis. VCAM1 is expressed on inflamed vascular endothelium, as well as on macrophage-like and dendritic cell types in both normal and inflammed tissue.",,VCAM1,http://edrn.jpl.nasa.gov/bmdb/biomarkers/view/88,P19320
BM01286,VCAN,proteomic,Ovary,2,"From NCBI Gene: This gene is a member of the aggrecan/versican proteoglycan family. The protein encoded is a large chondroitin sulfate proteoglycan and is a major component of the extracellular matrix. This protein is involved in cell adhesion, proliferation, proliferation, migration and angiogenesis and plays a central role in tissue morphogenesis and maintenance. Mutations in this gene are the cause of Wagner syndrome type 1. Multiple transcript variants encoding different isoforms have been found for this gene. [provided by RefSeq, Aug 2009]",,VCAN,http://edrn.jpl.nasa.gov/bmdb/biomarkers/view/190,
BM01287,VEGF0.08,proteomic,Breast,2,,,VEGF008,http://edrn.jpl.nasa.gov/bmdb/biomarkers/view/1372,
BM01288,VEGFA,proteomic,"Bladder, Breast, Lung",2,"Vascular endothelial growth factor (VEGFA or VEGF) is a growth factor and signaling protein involved in the regulation of angiogenesis,  vasculogenesis, and endothelial cell grown.  It induces endothelial cell proliferation, promotes cell migration, inhibits apoptosis and induces permeabilization of blood vessels. Three VEGFR isoforms have been identified in humans; VEGFR-1 (Flt-1), VEGFR-2 (KDR/Flk-1) and VEGFR-3 (Flt-4). VEGFR-2 mediates the majority of cellular responses to VEGF. VEGFR-1 is thought to modulate VEGFR-2 signaling or to act as a dummy/decoy receptor to sequester VEGF away from VEGFR-2.",,VEGFA,http://edrn.jpl.nasa.gov/bmdb/biomarkers/view/498,P15692
BM01289,VEGFC,proteomic,Breast,3,"From NCBI Gene: The protein encoded by this gene is a member of the platelet-derived growth factor/vascular endothelial growth factor (PDGF/VEGF) family. The encoded protein promotes angiogenesis and endothelial cell growth, and can also affect the permeability of blood vessels. The proprotein is further cleaved into a fully processed form that can bind and activate VEGFR-2 and VEGFR-3 receptors. [provided by RefSeq, Apr 2014]",,VEGFC,http://edrn.jpl.nasa.gov/bmdb/biomarkers/view/1074,P49767
BM01290,VEGFD,proteomic,Breast,3,"From NCBI Gene: The protein encoded by this gene is a member of the platelet-derived growth factor/vascular endothelial growth factor (PDGF/VEGF) family and is active in angiogenesis, lymphangiogenesis, and endothelial cell growth. This secreted protein undergoes a complex proteolytic maturation, generating multiple processed forms which bind and activate VEGFR-2 and VEGFR-3 receptors. This protein is structurally and functionally similar to vascular endothelial growth factor C. Read-through transcription has been observed between this locus and the upstream PIR (GeneID 8544) locus. [provided by RefSeq, Feb 2011]",,VEGFD,http://edrn.jpl.nasa.gov/bmdb/biomarkers/view/1034,O43915
BM01291,VHL,proteomic,Pancreas,2,"From NCBI: Von Hippel-Lindau syndrome (VHL) is a dominantly inherited familial cancer syndrome predisposing to a variety of malignant and benign tumors. A germline mutation of this gene is the basis of familial inheritance of VHL syndrome. The protein encoded by this gene is a component of the protein complex that includes elongin B, elongin C, and cullin-2, and possesses ubiquitin ligase E3 activity. This protein is involved in the ubiquitination and degradation of hypoxia-inducible-factor (HIF), which is a transcription factor that plays a central role in the regulation of gene expression by oxygen. RNA polymerase II subunit POLR2G/RPB7 is also reported to be a target of this protein. Alternatively spliced transcript variants encoding distinct isoforms have been observed. [provided by RefSeq, Jul 2008]",,VHL,http://edrn.jpl.nasa.gov/bmdb/biomarkers/view/1109,P40337
BM01292,VPS35,proteomic,Breast,1,"From NCBI Gene: This gene belongs to a group of vacuolar protein sorting (VPS) genes. The encoded protein is a component of a large multimeric complex, termed the retromer complex, involved in retrograde transport of proteins from endosomes to the trans-Golgi network. The close structural similarity between the yeast and human proteins that make up this complex suggests a similarity in function. Expression studies in yeast and mammalian cells indicate that this protein interacts directly with VPS35, which serves as the core of the retromer complex. [provided by RefSeq, Jul 2008]",,VPS35,http://edrn.jpl.nasa.gov/bmdb/biomarkers/view/1577,Q96QK1
BM01293,VTA1,proteomic,Ovary,2,"VTA1 (C6ORF55) is involved in activities of the multivesicular body, an endosomal compartment involved in sorting membrane proteins for degradation in lysosomes.  VTA1 is thought to be a cofactor of VPS4A/B. VTA1 is involved in HIV-1 budding. It has been shown by similarity to be involved in the sorting and down-regulation of EGFR.",,VTA1,http://edrn.jpl.nasa.gov/bmdb/biomarkers/view/361,Q9NP79
BM01294,VTCN1,proteomic,Ovary,3,"Highly glycosylated sialomucin; expressed on immune cells.  Negatively regulates T-cell-mediated immune response by inhibiting T-cell activation, proliferation, cytokine production and development of cytotoxicity. When expressed on the cell surface of tumor macrophages, plays an important role, together with regulatory T-cells (Treg), in the suppression of tumor-associated antigen-specific T-cell immunity. Involved in promoting epithelial cell transformation. Overexpressed in breast, ovarian, endometrial, renal cell (RCC) and non-small-cell lung cancers (NSCLC).  Belongs to the B7 family of costimulatory proteins.",,VTCN1,http://edrn.jpl.nasa.gov/bmdb/biomarkers/view/23,Q7Z7D3
BM01295,VTN,proteomic,Breast,2,"From NCBI Gene: The protein encoded by this gene is a member of the pexin family. It is found in serum and tissues and promotes cell adhesion and spreading, inhibits the membrane-damaging effect of the terminal cytolytic complement pathway, and binds to several serpin serine protease inhibitors. It is a secreted protein and exists in either a single chain form or a clipped, two chain form held together by a disulfide bond. [provided by RefSeq, Jul 2008]",,VTN,http://edrn.jpl.nasa.gov/bmdb/biomarkers/view/1149,P04004
BM01296,VWA5A,genomic,Prostate,1,"From NCBI Gene: Located in nucleoplasm. [provided by Alliance of Genome Resources, Nov 2021]
From UniprotKB/SwissProt: May play a role in tumorigenesis as a tumor suppressor. Altered expression of this protein and disruption of the molecular pathway it is involved in, may contribute directly to or modify tumorigenesis.",,VWA5A,http://edrn.jpl.nasa.gov/bmdb/biomarkers/view/883,O00534
BM01297,VWF,proteomic,Ovary,2,"Important in the maintenance of hemostasis, VWF, a secreted protein found in extracellular space, promotes adhesion of platelets to the sites of vascular injury by forming a molecular bridge between sub-endothelial collagen matrix and platelet-surface receptor complex GPIb-IX-V. It also acts as a chaperone for coagulation factor VIII, delivering it to the site of injury, stabilizing its heterodimeric structure and protecting it from premature clearance from plasma. Defects in VWF are the cause of von Willebrand disease, a group of hemorrhagic disorders in which the von Willebrand factor is either quantitatively or qualitatively abnormal resulting in altered platelet function.",,VWF,http://edrn.jpl.nasa.gov/bmdb/biomarkers/view/147,
BM01298,WARS1,proteomic,Breast,1,"From NCBI Gene: Aminoacyl-tRNA synthetases catalyze the aminoacylation of tRNA by their cognate amino acid. Because of their central role in linking amino acids with nucleotide triplets contained in tRNAs, aminoacyl-tRNA synthetases are thought to be among the first proteins that appeared in evolution. Two forms of tryptophanyl-tRNA synthetase exist, a cytoplasmic form, named WARS, and a mitochondrial form, named WARS2. Tryptophanyl-tRNA synthetase (WARS) catalyzes the aminoacylation of tRNA(trp) with tryptophan and is induced by interferon. Tryptophanyl-tRNA synthetase belongs to the class I tRNA synthetase family. Four transcript variants encoding two different isoforms have been found for this gene. [provided by RefSeq, Jul 2008]",,WARS1,http://edrn.jpl.nasa.gov/bmdb/biomarkers/view/1576,P23381
BM01299,WBP4,genomic,Prostate,1,"From NCBI Gene: This gene encodes WW domain-containing binding protein 4. The WW domain represents a small and compact globular structure that interacts with proline-rich ligands. This encoded protein is a general spliceosomal protein that may play a role in cross-intron bridging of U1 and U2 snRNPs in the spliceosomal complex A. [provided by RefSeq, Jul 2008]",,WBP4,http://edrn.jpl.nasa.gov/bmdb/biomarkers/view/884,O75554
BM01300,WDR1,proteomic,Breast,1,"From NCBI Gene: This gene encodes a protein containing 9 WD repeats. WD repeats are approximately 30- to 40-amino acid domains containing several conserved residues, mostly including a trp-asp at the C-terminal end. WD domains are involved in protein-protein interactions. The encoded protein may help induce the disassembly of actin filaments. Two transcript variants encoding different isoforms have been found for this gene. [provided by RefSeq, Jul 2008]",,WDR1,http://edrn.jpl.nasa.gov/bmdb/biomarkers/view/1575,O75083
BM01301,WIPI1,genomic,Prostate,1,"From NCBI Gene: This gene encodes a WD40 repeat protein. Members of the WD40 repeat family are key components of many essential biologic functions. They regulate the assembly of multiprotein complexes by presenting a beta-propeller platform for simultaneous and reversible protein-protein interactions. Members of the WIPI subfamily of WD40 repeat proteins have a 7-bladed propeller structure and contain a conserved motif for interaction with phospholipids. Alternative splicing results in multiple transcript variants. [provided by RefSeq, Mar 2016]",,WIPI1,http://edrn.jpl.nasa.gov/bmdb/biomarkers/view/885,Q5MNZ9
BM01302,WNT10A,proteomic,Ovary,2,"From NCBI Gene: The WNT gene family consists of structurally related genes which encode secreted signaling proteins. These proteins have been implicated in oncogenesis and in several developmental processes, including regulation of cell fate and patterning during embryogenesis. This gene is a member of the WNT gene family. It is strongly expressed in the cell lines of promyelocytic leukemia and Burkitt's lymphoma. In addition, it and another family member, the WNT6 gene, are strongly coexpressed in colorectal cancer cell lines. The gene overexpression may play key roles in carcinogenesis through activation of the WNT-beta-catenin-TCF signaling pathway. This gene and the WNT6 gene are clustered in the chromosome 2q35 region. [provided by RefSeq, Jul 2008]",,WNT10A,http://edrn.jpl.nasa.gov/bmdb/biomarkers/view/181,Q9GZT5
BM01303,WNT5A,proteomic,Breast,2,"From NCBI Gene: The WNT gene family consists of structurally related genes which encode secreted signaling proteins. These proteins have been implicated in oncogenesis and in several developmental processes, including regulation of cell fate and patterning during embryogenesis. This gene encodes a member of the WNT family that signals through both the canonical and non-canonical WNT pathways. This protein is a ligand for the seven transmembrane receptor frizzled-5 and the tyrosine kinase orphan receptor 2. This protein plays an essential role in regulating developmental pathways during embryogenesis. This protein may also play a role in oncogenesis. Mutations in this gene are the cause of autosomal dominant Robinow syndrome. Alternate splicing results in multiple transcript variants. [provided by RefSeq, Jan 2012]",,WNT5A,http://edrn.jpl.nasa.gov/bmdb/biomarkers/view/1373,P41221
BM01304,Wu 6 marker phage peptide panel for Lung Cancer,proteomic,Lung,2,"The six-phage peptide detector stands out as a promising diagnostic biomarker for NSCLC.  The peptide panel could be used to diagnose non-small cell lung cancer and to differentiate between non-small cell lung cancer and chronic obstructive pulmonary diseases.  One of the six phage peptides shows 100% homology to olfactomedin 1. (Clin Cancer Res. 2010 Jul 15;16(14):3760-8. doi: 10.1158/1078-0432.CCR-10-0193)  The other five peptides were homologous to proteins in a blastp search, but the homology was not high enough to positively identify the peptides.",,,http://edrn.jpl.nasa.gov/bmdb/biomarkers/view/507,
BM01305,WWC1,proteomic,Ovary,2,"From NCBI Gene: The protein encoded by this gene is a cytoplasmic phosphoprotein that interacts with PRKC-zeta and dynein light chain-1. Alleles of this gene have been found that enhance memory in some individuals. Three transcript variants encoding different isoforms have been found for this gene. [provided by RefSeq, Mar 2010]",,WWC1,http://edrn.jpl.nasa.gov/bmdb/biomarkers/view/383,Q8IX03
BM01306,XBP1,proteomic,Breast,2,"XBP1 is a transcription factor involved in hepatocyte growth, differentiation of plasma cells, immunoglobulin secretion, and the unfolded protein response (UPR). XBP1 regulates MHC class II genes by binding to a promoter element referred to as an X box.  XBP1 also plays a role in activating unfolded protein response (UPR) target genes via direct binding to the UPR element (UPRE) during endoplasmic reticulum stress.  There is an XBP1 pseudogene on chromosome 5.",,XBP1,http://edrn.jpl.nasa.gov/bmdb/biomarkers/view/962,P17861
BM01307,XPOT,proteomic,Breast,2,"XPOT, or exportin-T, belongs to the RAN-GTPase exportin family.  This protein facilitates export of tRNA from the nucleus to the cytoplasm. XPOT shuttles between the nucleus and the cytoplasm, transporting the aminoacylated tRNAs out of the nucleus, and returning back for another round.",,XPOT,http://edrn.jpl.nasa.gov/bmdb/biomarkers/view/963,O43592
BM01308,XRCC1,genomic,Lung,2,"XRCC1, or X-ray repair complementing defective repair in Chinese hamster cells 1, corrects defective DNA strand-break repair and sister chromatid exchange following treatment with ionizing radiation and alkylating agents.  XRCC1 interacts with polynucleotide kinase (PNK), DNA polymerase-beta (POLB) and DNA ligase III (LIG3) to participate in the base excision repair pathway.  It may be involved in DNA processing during meiogenesis and recombination in germ cells. A rare microsatellite polymorphism in this gene is associated with cancer in patients of varying radiosensitivity.",,XRCC1,http://edrn.jpl.nasa.gov/bmdb/biomarkers/view/500,P18887
BM01309,XRCC4,proteomic,Breast,2,"From NCBI Gene: The protein encoded by this gene functions together with DNA ligase IV and the DNA-dependent protein kinase in the repair of DNA double-strand breaks. This protein plays a role in both non-homologous end joining and the completion of V(D)J recombination. Mutations in this gene can cause short stature, microcephaly, and endocrine dysfunction (SSMED). Alternate transcript variants such as NM_022406 are unlikely to be expressed in some individuals due to a polymorphism (rs1805377) in the last splice acceptor site. [provided by RefSeq, Oct 2019]",,XRCC4,http://edrn.jpl.nasa.gov/bmdb/biomarkers/view/1461,Q13426
BM01310,XRCC5,proteomic,Lung,1,"From NCBI Entrez Gene: The protein encoded by this gene is the 80-kilodalton subunit of the Ku heterodimer protein which is also known as ATP-dependant DNA helicase II or DNA repair protein XRCC5. Ku is the DNA-binding component of the DNA-dependent protein kinase, and it functions together with the DNA ligase IV-XRCC4 complex in the repair of DNA double-strand break by non-homologous end joining and the completion of V(D)J recombination events. This gene functionally complements Chinese hamster xrs-6, a mutant defective in DNA double-strand break repair and in ability to undergo V(D)J recombination. A rare microsatellite polymorphism in this gene is associated with cancer in patients of varying radiosensitivity. [provided by RefSeq, Jul 2008]",,XRCC5,http://edrn.jpl.nasa.gov/bmdb/biomarkers/view/1082,P13010
BM01311,YEATS4,proteomic,Breast,2,"YEATS4 has high sequence similarity to human MLLT1, and yeast and human MLLT3 proteins, both transcription factors, and is therefore hypothesized to be a transcription factor itself.  YEATS4 is thought to be required for RNA transcription. YEATS4 is also a component of the NuA4 histone acetyltransferase (HAT) complex.",,YEATS4,http://edrn.jpl.nasa.gov/bmdb/biomarkers/view/964,O95619
BM01312,YES,proteomic,Lung,2,"YES1, also known as YES, is a non-receptor protein tyrosine kinase that is involved in the regulation of cell growth and survival, apoptosis, cell-cell adhesion, cytoskeleton remodeling, and differentiation.  It is the cellular homolog of the Yamaguchi sarcoma virus oncogene and belongs to the src family of proteins.  YES1 is involved in many phosphorylation reactions, including a role in cell cycle progression by phosphorylating the cyclin-dependent kinase 4/CDK4 thus regulating the G1 phase. Also involved in G2/M progression and cytokinesis.",,YES1,http://edrn.jpl.nasa.gov/bmdb/biomarkers/view/501,P07947
BM01313,Yildiz MALDI MS signature for lung cancer,proteomic,Lung,1,"A serum proteomic signature of seven features identified by MALDI MS has been identified.  The serum signature was associated with the diagnosis of lung cancer independently of gender, smoking status, smoking pack-years, and C-reactive protein levels.",,,http://edrn.jpl.nasa.gov/bmdb/biomarkers/view/451,
BM01314,YWHAB,proteomic,Breast,2,"From NCBI Gene: This gene encodes a protein belonging to the 14-3-3 family of proteins, members of which mediate signal transduction by binding to phosphoserine-containing proteins. This highly conserved protein family is found in both plants and mammals. The encoded protein has been shown to interact with RAF1 and CDC25 phosphatases, suggesting that it may play a role in linking mitogenic signaling and the cell cycle machinery. Two transcript variants, which encode the same protein, have been identified for this gene. [provided by RefSeq, Jul 2008]",,YWHAB,http://edrn.jpl.nasa.gov/bmdb/biomarkers/view/1398,P31946
BM01315,YWHAE,genomic,Prostate,1,"From NCBI Gene: This gene product belongs to the 14-3-3 family of proteins which mediate signal transduction by binding to phosphoserine-containing proteins. This highly conserved protein family is found in both plants and mammals, and this protein is 100% identical to the mouse ortholog. It interacts with CDC25 phosphatases, RAF1 and IRS1 proteins, suggesting its role in diverse biochemical activities related to signal transduction, such as cell division and regulation of insulin sensitivity. It has also been implicated in the pathogenesis of small cell lung cancer. Two transcript variants, one protein-coding and the other non-protein-coding, have been found for this gene. [provided by RefSeq, Aug 2008]",,YWHAE,http://edrn.jpl.nasa.gov/bmdb/biomarkers/view/886,P62258
BM01316,ZFP36L1,proteomic,Breast,2,"ZFP36L1 is a member of the TIS11 family of early response genes, which are induced by various agonists such as the phorbol ester TPA and the polypeptide mitogen EGF.  The ZFP36L1 gene is well conserved across species and has a promoter that contains motifs seen in other early-response genes. ZFP36L1 contains a putative zinc finger domain with a repeating cys-his motif. ZFP36L1 is believed to be a nuclear transcription factor most likely functioning in regulating the response to growth factors. Different isoforms encoded by alternatively spliced transcript variants have been isolated.",,ZFP36L1,http://edrn.jpl.nasa.gov/bmdb/biomarkers/view/965,Q07352
BM01317,Zhong 5 antibody panel for Lung Cancer,proteomic,Lung,2,"A potential autoantibody profile was developed to screen for non-small cell lung cancer.  212 immunogenic phage-expressed proteins were statistically ranked for their individual reactivity with 23 stage I cancer patient and 23 risk-matched control samples.  Measurements of the five most predictive antibody markers in 46 cases and controls were combined.  While the identity of these phage-expressed proteins is not critical for use in a diagnostic assay, the identities were determined through a nucleotide search of GenBank.  Markers are: paxillin, SEC 15L2, BAC clone RP11-499F19, XRCC5, and MALAT1.",,,http://edrn.jpl.nasa.gov/bmdb/biomarkers/view/505,
BM01318,Zhong TAA signature,proteomic,Lung,2,"The TAA signature is a diagnostic array of five markers capable of distinguishing patients with non-small cell lung cancer (NSCLC) from normal control subjects.  The diagnostic array was developed by enriching and screening phage-expressed tumor-associated proteins, and using these in a fluorescent protein microarray to identify and measure multiple non-small cell lung cancer-associated antibodies and show how simultaneous measurements can be combined into a single diagnostic assay. Although the identity of the phage-expressed proteins is not critical for use in a diagnostic assay, the sequences were compared with the GenBank database to obtain possible identity.  The five proteins in the final diagnostic array are GAGE7, BAC clone RP11-499F19, SEC15L2, PMS2P7 (PMS2L15), and EEF1A.",,,http://edrn.jpl.nasa.gov/bmdb/biomarkers/view/494,
BM01319,ZMYM6,proteomic,Breast,1,ZMYM6 is an MYM zinc finger protein.  Zinc fingers are DNA binding proteins located in the cell nucleus.,,ZMYM6,http://edrn.jpl.nasa.gov/bmdb/biomarkers/view/530,O95789
BM01320,ZNF117,genomic,Prostate,1,"From NCBI Gene: This gene encodes a protein containing multiple C2H2-type zinc finger motifs. Readthrough transcription occurs between this gene and the upstream endogenous retrovirus group 3 member 1 (ERV3-1) locus, and may result in additional transcript variants encoding the zinc finger protein. [provided by RefSeq, Jan 2017]",,ZNF117,http://edrn.jpl.nasa.gov/bmdb/biomarkers/view/887,Q03924
BM01321,ZNF219,genomic,Prostate,1,"From NCBI Gene: This gene is a member of the Kruppel-like zinc finger gene family. The encoded protein functions as a transcriptional repressor of the high mobility group nucleosome binding domain 1 protein, which is associated with transcriptionally active chromatin. [provided by RefSeq, Apr 2017]",,ZNF219,http://edrn.jpl.nasa.gov/bmdb/biomarkers/view/888,Q9P2Y4
BM01322,ZNF263,genomic,Prostate,1,"From NCBI Gene: Enables DNA-binding transcription repressor activity, RNA polymerase II-specific and transcription cis-regulatory region binding activity. Involved in negative regulation of transcription by RNA polymerase II and positive regulation of transcription by RNA polymerase II. Located in nucleus. [provided by Alliance of Genome Resources, Nov 2021]",,ZNF263,http://edrn.jpl.nasa.gov/bmdb/biomarkers/view/889,O14978
BM01323,ZNF292,genomic,Prostate,1,"From NCBI Gene: This gene encodes a growth hormone-dependent, zinc finger transcription factor that functions as a tumor suppressor. Naturally occurring mutations in this gene are associated with gastric cancer, colorectal cancer, and chronic lymphocytic leukemia. [provided by RefSeq, May 2017]",,ZNF292,http://edrn.jpl.nasa.gov/bmdb/biomarkers/view/890,
BM01324,ZNF510,proteomic,Breast,1,"From NCBI Gene: This gene encodes a krueppel C2H2-type zinc-finger protein family member. The encoded protein is expressed in several cancer cell types and may be a biomarker for early diagnosis of these cancers.  [provided by RefSeq, Sep 2015]",,ZNF510,http://edrn.jpl.nasa.gov/bmdb/biomarkers/view/536,Q9Y2H8
